<?xml version="1.0"?>
<gpx xmlns="http://www.topografix.com/GPX/1/1" xmlns:xsi="http://www.w3.org/2001/XMLSchema-instance" version="1.1" creator="AllTrails.com" xsi:schemaLocation="http://www.topografix.com/GPX/1/1 http://www.topografix.com/GPX/1/1/gpx.xsd">
  <metadata>
    <name><![CDATA[Afternoon hike at San Francisco Crosstown Trail]]></name>
    <desc><![CDATA[]]></desc>
    <link href="http://www.alltrails.com">
      <text>AllTrails, LLC</text>
    </link>
    <bounds minlat="37.73388" minlon="-122.51223" maxlat="37.79106" maxlon="-122.42678"/>
  </metadata>
  <trk>
    <name><![CDATA[Afternoon hike at San Francisco Crosstown Trail]]></name>
    <src>AllTrails</src>
    <trkseg>
      <trkpt lat="37.73668" lon="-122.42678">
        <ele>70.34</ele>
        <time>2025-01-10T18:45:29Z</time>
      </trkpt>
      <trkpt lat="37.73664" lon="-122.42678">
        <ele>68.07</ele>
        <time>2025-01-10T18:45:30Z</time>
      </trkpt>
      <trkpt lat="37.73662" lon="-122.42681">
        <ele>68.49</ele>
        <time>2025-01-10T18:45:33Z</time>
      </trkpt>
      <trkpt lat="37.73661" lon="-122.42685">
        <ele>70.44</ele>
        <time>2025-01-10T18:45:35Z</time>
      </trkpt>
      <trkpt lat="37.7366" lon="-122.4269">
        <ele>72.14</ele>
        <time>2025-01-10T18:45:37Z</time>
      </trkpt>
      <trkpt lat="37.73658" lon="-122.42693">
        <ele>73.26</ele>
        <time>2025-01-10T18:45:39Z</time>
      </trkpt>
      <trkpt lat="37.73657" lon="-122.42698">
        <ele>73.87</ele>
        <time>2025-01-10T18:45:42Z</time>
      </trkpt>
      <trkpt lat="37.73654" lon="-122.42701">
        <ele>73.31</ele>
        <time>2025-01-10T18:45:45Z</time>
      </trkpt>
      <trkpt lat="37.73651" lon="-122.42704">
        <ele>73.33</ele>
        <time>2025-01-10T18:45:47Z</time>
      </trkpt>
      <trkpt lat="37.73649" lon="-122.42707">
        <ele>73.42</ele>
        <time>2025-01-10T18:45:49Z</time>
      </trkpt>
      <trkpt lat="37.73647" lon="-122.4271">
        <ele>73.15</ele>
        <time>2025-01-10T18:45:51Z</time>
      </trkpt>
      <trkpt lat="37.73645" lon="-122.42713">
        <ele>72.98</ele>
        <time>2025-01-10T18:45:53Z</time>
      </trkpt>
      <trkpt lat="37.73644" lon="-122.42717">
        <ele>73.24</ele>
        <time>2025-01-10T18:45:55Z</time>
      </trkpt>
      <trkpt lat="37.73643" lon="-122.42721">
        <ele>73.78</ele>
        <time>2025-01-10T18:45:57Z</time>
      </trkpt>
      <trkpt lat="37.73641" lon="-122.42723">
        <ele>74.0</ele>
        <time>2025-01-10T18:45:59Z</time>
      </trkpt>
      <trkpt lat="37.73638" lon="-122.42725">
        <ele>73.8</ele>
        <time>2025-01-10T18:46:01Z</time>
      </trkpt>
      <trkpt lat="37.73635" lon="-122.42728">
        <ele>73.53</ele>
        <time>2025-01-10T18:46:03Z</time>
      </trkpt>
      <trkpt lat="37.73632" lon="-122.4273">
        <ele>73.64</ele>
        <time>2025-01-10T18:46:05Z</time>
      </trkpt>
      <trkpt lat="37.7363" lon="-122.42733">
        <ele>74.01</ele>
        <time>2025-01-10T18:46:07Z</time>
      </trkpt>
      <trkpt lat="37.73627" lon="-122.42736">
        <ele>72.99</ele>
        <time>2025-01-10T18:46:09Z</time>
      </trkpt>
      <trkpt lat="37.73625" lon="-122.42739">
        <ele>73.03</ele>
        <time>2025-01-10T18:46:11Z</time>
      </trkpt>
      <trkpt lat="37.73623" lon="-122.42741">
        <ele>73.3</ele>
        <time>2025-01-10T18:46:13Z</time>
      </trkpt>
      <trkpt lat="37.7362" lon="-122.42743">
        <ele>73.0</ele>
        <time>2025-01-10T18:46:15Z</time>
      </trkpt>
      <trkpt lat="37.73618" lon="-122.42746">
        <ele>72.36</ele>
        <time>2025-01-10T18:46:17Z</time>
      </trkpt>
      <trkpt lat="37.73616" lon="-122.42749">
        <ele>72.27</ele>
        <time>2025-01-10T18:46:19Z</time>
      </trkpt>
      <trkpt lat="37.73614" lon="-122.42752">
        <ele>72.23</ele>
        <time>2025-01-10T18:46:21Z</time>
      </trkpt>
      <trkpt lat="37.73611" lon="-122.42755">
        <ele>72.02</ele>
        <time>2025-01-10T18:46:23Z</time>
      </trkpt>
      <trkpt lat="37.73609" lon="-122.42758">
        <ele>71.89</ele>
        <time>2025-01-10T18:46:25Z</time>
      </trkpt>
      <trkpt lat="37.73607" lon="-122.42761">
        <ele>72.02</ele>
        <time>2025-01-10T18:46:27Z</time>
      </trkpt>
      <trkpt lat="37.73605" lon="-122.42763">
        <ele>71.96</ele>
        <time>2025-01-10T18:46:29Z</time>
      </trkpt>
      <trkpt lat="37.73603" lon="-122.42767">
        <ele>72.67</ele>
        <time>2025-01-10T18:46:31Z</time>
      </trkpt>
      <trkpt lat="37.73601" lon="-122.4277">
        <ele>72.58</ele>
        <time>2025-01-10T18:46:33Z</time>
      </trkpt>
      <trkpt lat="37.73599" lon="-122.42773">
        <ele>71.91</ele>
        <time>2025-01-10T18:46:35Z</time>
      </trkpt>
      <trkpt lat="37.73597" lon="-122.42776">
        <ele>71.65</ele>
        <time>2025-01-10T18:46:37Z</time>
      </trkpt>
      <trkpt lat="37.73595" lon="-122.42779">
        <ele>71.62</ele>
        <time>2025-01-10T18:46:39Z</time>
      </trkpt>
      <trkpt lat="37.73594" lon="-122.42781">
        <ele>71.6</ele>
        <time>2025-01-10T18:46:41Z</time>
      </trkpt>
      <trkpt lat="37.73591" lon="-122.42784">
        <ele>71.05</ele>
        <time>2025-01-10T18:46:43Z</time>
      </trkpt>
      <trkpt lat="37.73589" lon="-122.42787">
        <ele>71.21</ele>
        <time>2025-01-10T18:46:45Z</time>
      </trkpt>
      <trkpt lat="37.73587" lon="-122.42789">
        <ele>71.13</ele>
        <time>2025-01-10T18:46:47Z</time>
      </trkpt>
      <trkpt lat="37.73584" lon="-122.42791">
        <ele>70.97</ele>
        <time>2025-01-10T18:46:49Z</time>
      </trkpt>
      <trkpt lat="37.73581" lon="-122.42793">
        <ele>69.67</ele>
        <time>2025-01-10T18:46:51Z</time>
      </trkpt>
      <trkpt lat="37.73579" lon="-122.42796">
        <ele>69.54</ele>
        <time>2025-01-10T18:46:53Z</time>
      </trkpt>
      <trkpt lat="37.73577" lon="-122.428">
        <ele>69.4</ele>
        <time>2025-01-10T18:46:55Z</time>
      </trkpt>
      <trkpt lat="37.73574" lon="-122.42802">
        <ele>68.8</ele>
        <time>2025-01-10T18:46:57Z</time>
      </trkpt>
      <trkpt lat="37.73572" lon="-122.42805">
        <ele>68.46</ele>
        <time>2025-01-10T18:46:59Z</time>
      </trkpt>
      <trkpt lat="37.7357" lon="-122.42808">
        <ele>67.94</ele>
        <time>2025-01-10T18:47:01Z</time>
      </trkpt>
      <trkpt lat="37.73568" lon="-122.4281">
        <ele>67.64</ele>
        <time>2025-01-10T18:47:03Z</time>
      </trkpt>
      <trkpt lat="37.73566" lon="-122.42813">
        <ele>68.27</ele>
        <time>2025-01-10T18:47:05Z</time>
      </trkpt>
      <trkpt lat="37.73564" lon="-122.42816">
        <ele>68.35</ele>
        <time>2025-01-10T18:47:07Z</time>
      </trkpt>
      <trkpt lat="37.73561" lon="-122.42818">
        <ele>66.41</ele>
        <time>2025-01-10T18:47:10Z</time>
      </trkpt>
      <trkpt lat="37.73558" lon="-122.42819">
        <ele>64.78</ele>
        <time>2025-01-10T18:47:12Z</time>
      </trkpt>
      <trkpt lat="37.73555" lon="-122.42821">
        <ele>64.02</ele>
        <time>2025-01-10T18:47:14Z</time>
      </trkpt>
      <trkpt lat="37.73554" lon="-122.42824">
        <ele>64.79</ele>
        <time>2025-01-10T18:47:16Z</time>
      </trkpt>
      <trkpt lat="37.73552" lon="-122.42828">
        <ele>64.49</ele>
        <time>2025-01-10T18:47:18Z</time>
      </trkpt>
      <trkpt lat="37.7355" lon="-122.42831">
        <ele>64.19</ele>
        <time>2025-01-10T18:47:20Z</time>
      </trkpt>
      <trkpt lat="37.73547" lon="-122.42834">
        <ele>63.52</ele>
        <time>2025-01-10T18:47:22Z</time>
      </trkpt>
      <trkpt lat="37.73545" lon="-122.42837">
        <ele>63.18</ele>
        <time>2025-01-10T18:47:24Z</time>
      </trkpt>
      <trkpt lat="37.73542" lon="-122.42839">
        <ele>62.08</ele>
        <time>2025-01-10T18:47:26Z</time>
      </trkpt>
      <trkpt lat="37.7354" lon="-122.42842">
        <ele>61.52</ele>
        <time>2025-01-10T18:47:28Z</time>
      </trkpt>
      <trkpt lat="37.73538" lon="-122.42844">
        <ele>60.81</ele>
        <time>2025-01-10T18:47:30Z</time>
      </trkpt>
      <trkpt lat="37.73535" lon="-122.42847">
        <ele>60.52</ele>
        <time>2025-01-10T18:47:32Z</time>
      </trkpt>
      <trkpt lat="37.73534" lon="-122.42851">
        <ele>60.89</ele>
        <time>2025-01-10T18:47:34Z</time>
      </trkpt>
      <trkpt lat="37.73531" lon="-122.42854">
        <ele>60.43</ele>
        <time>2025-01-10T18:47:36Z</time>
      </trkpt>
      <trkpt lat="37.73529" lon="-122.42857">
        <ele>60.43</ele>
        <time>2025-01-10T18:47:38Z</time>
      </trkpt>
      <trkpt lat="37.73527" lon="-122.42859">
        <ele>60.41</ele>
        <time>2025-01-10T18:47:40Z</time>
      </trkpt>
      <trkpt lat="37.73524" lon="-122.42862">
        <ele>60.24</ele>
        <time>2025-01-10T18:47:42Z</time>
      </trkpt>
      <trkpt lat="37.73522" lon="-122.42865">
        <ele>59.91</ele>
        <time>2025-01-10T18:47:44Z</time>
      </trkpt>
      <trkpt lat="37.7352" lon="-122.42868">
        <ele>59.44</ele>
        <time>2025-01-10T18:47:46Z</time>
      </trkpt>
      <trkpt lat="37.73519" lon="-122.42871">
        <ele>59.22</ele>
        <time>2025-01-10T18:47:51Z</time>
      </trkpt>
      <trkpt lat="37.73522" lon="-122.42874">
        <ele>60.37</ele>
        <time>2025-01-10T18:47:54Z</time>
      </trkpt>
      <trkpt lat="37.73524" lon="-122.42877">
        <ele>61.07</ele>
        <time>2025-01-10T18:47:57Z</time>
      </trkpt>
      <trkpt lat="37.73525" lon="-122.42881">
        <ele>61.55</ele>
        <time>2025-01-10T18:48:01Z</time>
      </trkpt>
      <trkpt lat="37.73525" lon="-122.42884">
        <ele>61.87</ele>
        <time>2025-01-10T18:48:02Z</time>
      </trkpt>
      <trkpt lat="37.73529" lon="-122.42885">
        <ele>62.71</ele>
        <time>2025-01-10T18:48:04Z</time>
      </trkpt>
      <trkpt lat="37.73532" lon="-122.42886">
        <ele>63.14</ele>
        <time>2025-01-10T18:48:06Z</time>
      </trkpt>
      <trkpt lat="37.73535" lon="-122.42887">
        <ele>63.58</ele>
        <time>2025-01-10T18:48:08Z</time>
      </trkpt>
      <trkpt lat="37.73538" lon="-122.42889">
        <ele>64.36</ele>
        <time>2025-01-10T18:48:11Z</time>
      </trkpt>
      <trkpt lat="37.73541" lon="-122.4289">
        <ele>65.66</ele>
        <time>2025-01-10T18:48:14Z</time>
      </trkpt>
      <trkpt lat="37.73545" lon="-122.4289">
        <ele>66.85</ele>
        <time>2025-01-10T18:48:18Z</time>
      </trkpt>
      <trkpt lat="37.73547" lon="-122.42893">
        <ele>67.97</ele>
        <time>2025-01-10T18:48:22Z</time>
      </trkpt>
      <trkpt lat="37.73547" lon="-122.42897">
        <ele>68.77</ele>
        <time>2025-01-10T18:48:24Z</time>
      </trkpt>
      <trkpt lat="37.73545" lon="-122.42902">
        <ele>68.5</ele>
        <time>2025-01-10T18:48:26Z</time>
      </trkpt>
      <trkpt lat="37.73543" lon="-122.42906">
        <ele>68.1</ele>
        <time>2025-01-10T18:48:28Z</time>
      </trkpt>
      <trkpt lat="37.73541" lon="-122.42909">
        <ele>68.0</ele>
        <time>2025-01-10T18:48:30Z</time>
      </trkpt>
      <trkpt lat="37.73539" lon="-122.42912">
        <ele>68.0</ele>
        <time>2025-01-10T18:48:32Z</time>
      </trkpt>
      <trkpt lat="37.73537" lon="-122.42916">
        <ele>67.99</ele>
        <time>2025-01-10T18:48:34Z</time>
      </trkpt>
      <trkpt lat="37.73535" lon="-122.42919">
        <ele>67.62</ele>
        <time>2025-01-10T18:48:36Z</time>
      </trkpt>
      <trkpt lat="37.73533" lon="-122.42922">
        <ele>67.38</ele>
        <time>2025-01-10T18:48:38Z</time>
      </trkpt>
      <trkpt lat="37.73532" lon="-122.42926">
        <ele>67.45</ele>
        <time>2025-01-10T18:48:40Z</time>
      </trkpt>
      <trkpt lat="37.7353" lon="-122.42929">
        <ele>67.16</ele>
        <time>2025-01-10T18:48:42Z</time>
      </trkpt>
      <trkpt lat="37.73527" lon="-122.42932">
        <ele>66.86</ele>
        <time>2025-01-10T18:48:44Z</time>
      </trkpt>
      <trkpt lat="37.73525" lon="-122.42936">
        <ele>66.7</ele>
        <time>2025-01-10T18:48:46Z</time>
      </trkpt>
      <trkpt lat="37.73524" lon="-122.4294">
        <ele>66.59</ele>
        <time>2025-01-10T18:48:48Z</time>
      </trkpt>
      <trkpt lat="37.73522" lon="-122.42943">
        <ele>66.38</ele>
        <time>2025-01-10T18:48:50Z</time>
      </trkpt>
      <trkpt lat="37.73521" lon="-122.42947">
        <ele>66.19</ele>
        <time>2025-01-10T18:48:52Z</time>
      </trkpt>
      <trkpt lat="37.7352" lon="-122.42952">
        <ele>66.03</ele>
        <time>2025-01-10T18:48:54Z</time>
      </trkpt>
      <trkpt lat="37.73518" lon="-122.42955">
        <ele>65.99</ele>
        <time>2025-01-10T18:48:56Z</time>
      </trkpt>
      <trkpt lat="37.73516" lon="-122.42958">
        <ele>65.87</ele>
        <time>2025-01-10T18:48:58Z</time>
      </trkpt>
      <trkpt lat="37.73514" lon="-122.42961">
        <ele>65.62</ele>
        <time>2025-01-10T18:49:00Z</time>
      </trkpt>
      <trkpt lat="37.73511" lon="-122.42964">
        <ele>65.28</ele>
        <time>2025-01-10T18:49:02Z</time>
      </trkpt>
      <trkpt lat="37.73509" lon="-122.42966">
        <ele>65.3</ele>
        <time>2025-01-10T18:49:04Z</time>
      </trkpt>
      <trkpt lat="37.73506" lon="-122.42969">
        <ele>65.3</ele>
        <time>2025-01-10T18:49:07Z</time>
      </trkpt>
      <trkpt lat="37.73504" lon="-122.42972">
        <ele>65.41</ele>
        <time>2025-01-10T18:49:09Z</time>
      </trkpt>
      <trkpt lat="37.735" lon="-122.42973">
        <ele>65.0</ele>
        <time>2025-01-10T18:49:11Z</time>
      </trkpt>
      <trkpt lat="37.73497" lon="-122.42975">
        <ele>64.77</ele>
        <time>2025-01-10T18:49:13Z</time>
      </trkpt>
      <trkpt lat="37.73495" lon="-122.42977">
        <ele>64.74</ele>
        <time>2025-01-10T18:49:15Z</time>
      </trkpt>
      <trkpt lat="37.73493" lon="-122.42981">
        <ele>64.96</ele>
        <time>2025-01-10T18:49:17Z</time>
      </trkpt>
      <trkpt lat="37.73491" lon="-122.42985">
        <ele>65.0</ele>
        <time>2025-01-10T18:49:19Z</time>
      </trkpt>
      <trkpt lat="37.73489" lon="-122.42987">
        <ele>64.74</ele>
        <time>2025-01-10T18:49:21Z</time>
      </trkpt>
      <trkpt lat="37.73487" lon="-122.4299">
        <ele>64.56</ele>
        <time>2025-01-10T18:49:23Z</time>
      </trkpt>
      <trkpt lat="37.73484" lon="-122.42992">
        <ele>64.37</ele>
        <time>2025-01-10T18:49:25Z</time>
      </trkpt>
      <trkpt lat="37.73481" lon="-122.42992">
        <ele>64.04</ele>
        <time>2025-01-10T18:49:27Z</time>
      </trkpt>
      <trkpt lat="37.73478" lon="-122.42993">
        <ele>63.58</ele>
        <time>2025-01-10T18:49:29Z</time>
      </trkpt>
      <trkpt lat="37.73474" lon="-122.42993">
        <ele>62.83</ele>
        <time>2025-01-10T18:49:31Z</time>
      </trkpt>
      <trkpt lat="37.73471" lon="-122.42994">
        <ele>62.53</ele>
        <time>2025-01-10T18:49:33Z</time>
      </trkpt>
      <trkpt lat="37.73468" lon="-122.42994">
        <ele>62.09</ele>
        <time>2025-01-10T18:49:35Z</time>
      </trkpt>
      <trkpt lat="37.73465" lon="-122.42995">
        <ele>61.78</ele>
        <time>2025-01-10T18:49:37Z</time>
      </trkpt>
      <trkpt lat="37.73462" lon="-122.42997">
        <ele>61.4</ele>
        <time>2025-01-10T18:49:39Z</time>
      </trkpt>
      <trkpt lat="37.7346" lon="-122.42999">
        <ele>60.97</ele>
        <time>2025-01-10T18:49:41Z</time>
      </trkpt>
      <trkpt lat="37.73458" lon="-122.43002">
        <ele>60.82</ele>
        <time>2025-01-10T18:49:43Z</time>
      </trkpt>
      <trkpt lat="37.73456" lon="-122.43005">
        <ele>60.82</ele>
        <time>2025-01-10T18:49:45Z</time>
      </trkpt>
      <trkpt lat="37.73454" lon="-122.43009">
        <ele>61.04</ele>
        <time>2025-01-10T18:49:47Z</time>
      </trkpt>
      <trkpt lat="37.73453" lon="-122.43012">
        <ele>61.12</ele>
        <time>2025-01-10T18:49:49Z</time>
      </trkpt>
      <trkpt lat="37.73452" lon="-122.43016">
        <ele>61.23</ele>
        <time>2025-01-10T18:49:51Z</time>
      </trkpt>
      <trkpt lat="37.7345" lon="-122.4302">
        <ele>61.12</ele>
        <time>2025-01-10T18:49:53Z</time>
      </trkpt>
      <trkpt lat="37.73447" lon="-122.43022">
        <ele>60.58</ele>
        <time>2025-01-10T18:49:55Z</time>
      </trkpt>
      <trkpt lat="37.73446" lon="-122.43026">
        <ele>61.12</ele>
        <time>2025-01-10T18:49:57Z</time>
      </trkpt>
      <trkpt lat="37.73444" lon="-122.43029">
        <ele>61.2</ele>
        <time>2025-01-10T18:49:59Z</time>
      </trkpt>
      <trkpt lat="37.73443" lon="-122.43032">
        <ele>61.54</ele>
        <time>2025-01-10T18:50:01Z</time>
      </trkpt>
      <trkpt lat="37.73442" lon="-122.43036">
        <ele>61.81</ele>
        <time>2025-01-10T18:50:03Z</time>
      </trkpt>
      <trkpt lat="37.7344" lon="-122.43039">
        <ele>61.39</ele>
        <time>2025-01-10T18:50:05Z</time>
      </trkpt>
      <trkpt lat="37.73438" lon="-122.43042">
        <ele>61.13</ele>
        <time>2025-01-10T18:50:07Z</time>
      </trkpt>
      <trkpt lat="37.73437" lon="-122.43046">
        <ele>61.53</ele>
        <time>2025-01-10T18:50:09Z</time>
      </trkpt>
      <trkpt lat="37.73437" lon="-122.4305">
        <ele>61.67</ele>
        <time>2025-01-10T18:50:11Z</time>
      </trkpt>
      <trkpt lat="37.73435" lon="-122.43054">
        <ele>60.98</ele>
        <time>2025-01-10T18:50:13Z</time>
      </trkpt>
      <trkpt lat="37.73432" lon="-122.43057">
        <ele>61.02</ele>
        <time>2025-01-10T18:50:15Z</time>
      </trkpt>
      <trkpt lat="37.7343" lon="-122.4306">
        <ele>61.34</ele>
        <time>2025-01-10T18:50:17Z</time>
      </trkpt>
      <trkpt lat="37.73428" lon="-122.43063">
        <ele>61.39</ele>
        <time>2025-01-10T18:50:19Z</time>
      </trkpt>
      <trkpt lat="37.73427" lon="-122.43067">
        <ele>61.58</ele>
        <time>2025-01-10T18:50:21Z</time>
      </trkpt>
      <trkpt lat="37.73426" lon="-122.43071">
        <ele>61.69</ele>
        <time>2025-01-10T18:50:23Z</time>
      </trkpt>
      <trkpt lat="37.73426" lon="-122.43076">
        <ele>62.44</ele>
        <time>2025-01-10T18:50:26Z</time>
      </trkpt>
      <trkpt lat="37.73425" lon="-122.4308">
        <ele>63.02</ele>
        <time>2025-01-10T18:50:29Z</time>
      </trkpt>
      <trkpt lat="37.73425" lon="-122.43084">
        <ele>63.78</ele>
        <time>2025-01-10T18:50:32Z</time>
      </trkpt>
      <trkpt lat="37.73423" lon="-122.43088">
        <ele>63.72</ele>
        <time>2025-01-10T18:50:35Z</time>
      </trkpt>
      <trkpt lat="37.73421" lon="-122.43092">
        <ele>63.84</ele>
        <time>2025-01-10T18:50:37Z</time>
      </trkpt>
      <trkpt lat="37.7342" lon="-122.43095">
        <ele>63.89</ele>
        <time>2025-01-10T18:50:39Z</time>
      </trkpt>
      <trkpt lat="37.73418" lon="-122.43099">
        <ele>63.88</ele>
        <time>2025-01-10T18:50:41Z</time>
      </trkpt>
      <trkpt lat="37.73416" lon="-122.43102">
        <ele>63.72</ele>
        <time>2025-01-10T18:50:43Z</time>
      </trkpt>
      <trkpt lat="37.73413" lon="-122.43107">
        <ele>63.08</ele>
        <time>2025-01-10T18:50:45Z</time>
      </trkpt>
      <trkpt lat="37.7341" lon="-122.4311">
        <ele>63.02</ele>
        <time>2025-01-10T18:50:47Z</time>
      </trkpt>
      <trkpt lat="37.73407" lon="-122.43113">
        <ele>62.87</ele>
        <time>2025-01-10T18:50:49Z</time>
      </trkpt>
      <trkpt lat="37.73404" lon="-122.43115">
        <ele>61.9</ele>
        <time>2025-01-10T18:50:51Z</time>
      </trkpt>
      <trkpt lat="37.73403" lon="-122.43119">
        <ele>61.57</ele>
        <time>2025-01-10T18:50:53Z</time>
      </trkpt>
      <trkpt lat="37.73401" lon="-122.43123">
        <ele>61.03</ele>
        <time>2025-01-10T18:50:55Z</time>
      </trkpt>
      <trkpt lat="37.73398" lon="-122.43126">
        <ele>60.6</ele>
        <time>2025-01-10T18:50:57Z</time>
      </trkpt>
      <trkpt lat="37.73396" lon="-122.43129">
        <ele>60.72</ele>
        <time>2025-01-10T18:50:59Z</time>
      </trkpt>
      <trkpt lat="37.73395" lon="-122.43133">
        <ele>60.66</ele>
        <time>2025-01-10T18:51:01Z</time>
      </trkpt>
      <trkpt lat="37.73393" lon="-122.43136">
        <ele>60.44</ele>
        <time>2025-01-10T18:51:03Z</time>
      </trkpt>
      <trkpt lat="37.73391" lon="-122.43139">
        <ele>60.23</ele>
        <time>2025-01-10T18:51:05Z</time>
      </trkpt>
      <trkpt lat="37.73389" lon="-122.43143">
        <ele>60.01</ele>
        <time>2025-01-10T18:51:08Z</time>
      </trkpt>
      <trkpt lat="37.73389" lon="-122.43147">
        <ele>60.01</ele>
        <time>2025-01-10T18:51:10Z</time>
      </trkpt>
      <trkpt lat="37.73388" lon="-122.4315">
        <ele>60.0</ele>
        <time>2025-01-10T18:51:12Z</time>
      </trkpt>
      <trkpt lat="37.73388" lon="-122.43154">
        <ele>60.0</ele>
        <time>2025-01-10T18:51:14Z</time>
      </trkpt>
      <trkpt lat="37.73388" lon="-122.43158">
        <ele>60.0</ele>
        <time>2025-01-10T18:51:16Z</time>
      </trkpt>
      <trkpt lat="37.73388" lon="-122.43162">
        <ele>60.0</ele>
        <time>2025-01-10T18:51:18Z</time>
      </trkpt>
      <trkpt lat="37.73388" lon="-122.43166">
        <ele>60.0</ele>
        <time>2025-01-10T18:51:20Z</time>
      </trkpt>
      <trkpt lat="37.73388" lon="-122.4317">
        <ele>59.97</ele>
        <time>2025-01-10T18:51:22Z</time>
      </trkpt>
      <trkpt lat="37.73389" lon="-122.43174">
        <ele>60.0</ele>
        <time>2025-01-10T18:51:24Z</time>
      </trkpt>
      <trkpt lat="37.73389" lon="-122.43177">
        <ele>60.0</ele>
        <time>2025-01-10T18:51:26Z</time>
      </trkpt>
      <trkpt lat="37.7339" lon="-122.43181">
        <ele>60.07</ele>
        <time>2025-01-10T18:51:28Z</time>
      </trkpt>
      <trkpt lat="37.73391" lon="-122.43184">
        <ele>60.2</ele>
        <time>2025-01-10T18:51:30Z</time>
      </trkpt>
      <trkpt lat="37.73391" lon="-122.43188">
        <ele>59.92</ele>
        <time>2025-01-10T18:51:32Z</time>
      </trkpt>
      <trkpt lat="37.73392" lon="-122.43192">
        <ele>59.6</ele>
        <time>2025-01-10T18:51:34Z</time>
      </trkpt>
      <trkpt lat="37.73392" lon="-122.43195">
        <ele>59.32</ele>
        <time>2025-01-10T18:51:36Z</time>
      </trkpt>
      <trkpt lat="37.73393" lon="-122.43199">
        <ele>59.23</ele>
        <time>2025-01-10T18:51:38Z</time>
      </trkpt>
      <trkpt lat="37.73393" lon="-122.43203">
        <ele>59.03</ele>
        <time>2025-01-10T18:51:40Z</time>
      </trkpt>
      <trkpt lat="37.73393" lon="-122.43208">
        <ele>58.54</ele>
        <time>2025-01-10T18:51:43Z</time>
      </trkpt>
      <trkpt lat="37.73392" lon="-122.43212">
        <ele>58.1</ele>
        <time>2025-01-10T18:51:45Z</time>
      </trkpt>
      <trkpt lat="37.73392" lon="-122.43216">
        <ele>57.67</ele>
        <time>2025-01-10T18:51:47Z</time>
      </trkpt>
      <trkpt lat="37.73392" lon="-122.4322">
        <ele>57.24</ele>
        <time>2025-01-10T18:51:49Z</time>
      </trkpt>
      <trkpt lat="37.73392" lon="-122.43224">
        <ele>56.94</ele>
        <time>2025-01-10T18:51:51Z</time>
      </trkpt>
      <trkpt lat="37.73393" lon="-122.43229">
        <ele>56.67</ele>
        <time>2025-01-10T18:51:53Z</time>
      </trkpt>
      <trkpt lat="37.73394" lon="-122.43233">
        <ele>56.37</ele>
        <time>2025-01-10T18:51:55Z</time>
      </trkpt>
      <trkpt lat="37.73396" lon="-122.43237">
        <ele>56.09</ele>
        <time>2025-01-10T18:51:57Z</time>
      </trkpt>
      <trkpt lat="37.73397" lon="-122.43242">
        <ele>55.86</ele>
        <time>2025-01-10T18:51:59Z</time>
      </trkpt>
      <trkpt lat="37.73399" lon="-122.43246">
        <ele>55.47</ele>
        <time>2025-01-10T18:52:01Z</time>
      </trkpt>
      <trkpt lat="37.734" lon="-122.4325">
        <ele>55.0</ele>
        <time>2025-01-10T18:52:03Z</time>
      </trkpt>
      <trkpt lat="37.73402" lon="-122.43254">
        <ele>54.57</ele>
        <time>2025-01-10T18:52:05Z</time>
      </trkpt>
      <trkpt lat="37.73402" lon="-122.43258">
        <ele>54.14</ele>
        <time>2025-01-10T18:52:07Z</time>
      </trkpt>
      <trkpt lat="37.73403" lon="-122.43262">
        <ele>54.0</ele>
        <time>2025-01-10T18:52:09Z</time>
      </trkpt>
      <trkpt lat="37.73403" lon="-122.43266">
        <ele>54.0</ele>
        <time>2025-01-10T18:52:11Z</time>
      </trkpt>
      <trkpt lat="37.73402" lon="-122.43271">
        <ele>53.89</ele>
        <time>2025-01-10T18:52:13Z</time>
      </trkpt>
      <trkpt lat="37.73402" lon="-122.43276">
        <ele>53.66</ele>
        <time>2025-01-10T18:52:15Z</time>
      </trkpt>
      <trkpt lat="37.73402" lon="-122.4328">
        <ele>53.44</ele>
        <time>2025-01-10T18:52:17Z</time>
      </trkpt>
      <trkpt lat="37.73403" lon="-122.43284">
        <ele>53.16</ele>
        <time>2025-01-10T18:52:19Z</time>
      </trkpt>
      <trkpt lat="37.73405" lon="-122.43288">
        <ele>53.0</ele>
        <time>2025-01-10T18:52:21Z</time>
      </trkpt>
      <trkpt lat="37.73405" lon="-122.43292">
        <ele>53.0</ele>
        <time>2025-01-10T18:52:23Z</time>
      </trkpt>
      <trkpt lat="37.73407" lon="-122.43297">
        <ele>53.0</ele>
        <time>2025-01-10T18:52:26Z</time>
      </trkpt>
      <trkpt lat="37.73407" lon="-122.43301">
        <ele>53.0</ele>
        <time>2025-01-10T18:52:28Z</time>
      </trkpt>
      <trkpt lat="37.73407" lon="-122.43304">
        <ele>53.0</ele>
        <time>2025-01-10T18:52:30Z</time>
      </trkpt>
      <trkpt lat="37.73406" lon="-122.43308">
        <ele>53.0</ele>
        <time>2025-01-10T18:52:32Z</time>
      </trkpt>
      <trkpt lat="37.73406" lon="-122.43312">
        <ele>53.0</ele>
        <time>2025-01-10T18:52:34Z</time>
      </trkpt>
      <trkpt lat="37.73407" lon="-122.43318">
        <ele>53.0</ele>
        <time>2025-01-10T18:52:37Z</time>
      </trkpt>
      <trkpt lat="37.73409" lon="-122.43322">
        <ele>53.0</ele>
        <time>2025-01-10T18:52:39Z</time>
      </trkpt>
      <trkpt lat="37.7341" lon="-122.43327">
        <ele>53.0</ele>
        <time>2025-01-10T18:52:41Z</time>
      </trkpt>
      <trkpt lat="37.7341" lon="-122.43331">
        <ele>53.0</ele>
        <time>2025-01-10T18:52:43Z</time>
      </trkpt>
      <trkpt lat="37.73411" lon="-122.43335">
        <ele>53.0</ele>
        <time>2025-01-10T18:52:45Z</time>
      </trkpt>
      <trkpt lat="37.73413" lon="-122.43339">
        <ele>53.0</ele>
        <time>2025-01-10T18:52:47Z</time>
      </trkpt>
      <trkpt lat="37.73414" lon="-122.43343">
        <ele>53.0</ele>
        <time>2025-01-10T18:52:50Z</time>
      </trkpt>
      <trkpt lat="37.73416" lon="-122.43348">
        <ele>53.0</ele>
        <time>2025-01-10T18:52:53Z</time>
      </trkpt>
      <trkpt lat="37.73418" lon="-122.43352">
        <ele>53.0</ele>
        <time>2025-01-10T18:52:56Z</time>
      </trkpt>
      <trkpt lat="37.73418" lon="-122.43357">
        <ele>53.0</ele>
        <time>2025-01-10T18:52:59Z</time>
      </trkpt>
      <trkpt lat="37.73418" lon="-122.43362">
        <ele>53.0</ele>
        <time>2025-01-10T18:53:01Z</time>
      </trkpt>
      <trkpt lat="37.73418" lon="-122.43366">
        <ele>53.0</ele>
        <time>2025-01-10T18:53:03Z</time>
      </trkpt>
      <trkpt lat="37.73419" lon="-122.4337">
        <ele>53.0</ele>
        <time>2025-01-10T18:53:05Z</time>
      </trkpt>
      <trkpt lat="37.73419" lon="-122.43374">
        <ele>53.0</ele>
        <time>2025-01-10T18:53:07Z</time>
      </trkpt>
      <trkpt lat="37.73418" lon="-122.43378">
        <ele>53.0</ele>
        <time>2025-01-10T18:53:09Z</time>
      </trkpt>
      <trkpt lat="37.73418" lon="-122.43383">
        <ele>53.0</ele>
        <time>2025-01-10T18:53:11Z</time>
      </trkpt>
      <trkpt lat="37.73418" lon="-122.43387">
        <ele>53.0</ele>
        <time>2025-01-10T18:53:13Z</time>
      </trkpt>
      <trkpt lat="37.73419" lon="-122.43391">
        <ele>53.0</ele>
        <time>2025-01-10T18:53:16Z</time>
      </trkpt>
      <trkpt lat="37.73415" lon="-122.43389">
        <ele>53.0</ele>
        <time>2025-01-10T18:53:28Z</time>
      </trkpt>
      <trkpt lat="37.73412" lon="-122.43391">
        <ele>53.0</ele>
        <time>2025-01-10T18:53:31Z</time>
      </trkpt>
      <trkpt lat="37.7341" lon="-122.43394">
        <ele>53.0</ele>
        <time>2025-01-10T18:53:34Z</time>
      </trkpt>
      <trkpt lat="37.73407" lon="-122.43397">
        <ele>53.04</ele>
        <time>2025-01-10T18:53:37Z</time>
      </trkpt>
      <trkpt lat="37.73405" lon="-122.43399">
        <ele>53.33</ele>
        <time>2025-01-10T18:53:40Z</time>
      </trkpt>
      <trkpt lat="37.73402" lon="-122.43401">
        <ele>53.71</ele>
        <time>2025-01-10T18:53:43Z</time>
      </trkpt>
      <trkpt lat="37.73399" lon="-122.43402">
        <ele>53.95</ele>
        <time>2025-01-10T18:53:46Z</time>
      </trkpt>
      <trkpt lat="37.73395" lon="-122.43403">
        <ele>54.0</ele>
        <time>2025-01-10T18:53:49Z</time>
      </trkpt>
      <trkpt lat="37.73392" lon="-122.43403">
        <ele>54.0</ele>
        <time>2025-01-10T18:53:52Z</time>
      </trkpt>
      <trkpt lat="37.73389" lon="-122.43403">
        <ele>54.0</ele>
        <time>2025-01-10T18:53:55Z</time>
      </trkpt>
      <trkpt lat="37.73389" lon="-122.43407">
        <ele>54.0</ele>
        <time>2025-01-10T18:54:11Z</time>
      </trkpt>
      <trkpt lat="37.73389" lon="-122.43411">
        <ele>54.0</ele>
        <time>2025-01-10T18:54:14Z</time>
      </trkpt>
      <trkpt lat="37.7339" lon="-122.43416">
        <ele>54.0</ele>
        <time>2025-01-10T18:54:16Z</time>
      </trkpt>
      <trkpt lat="37.73391" lon="-122.4342">
        <ele>54.0</ele>
        <time>2025-01-10T18:54:18Z</time>
      </trkpt>
      <trkpt lat="37.73392" lon="-122.43423">
        <ele>54.0</ele>
        <time>2025-01-10T18:54:20Z</time>
      </trkpt>
      <trkpt lat="37.73394" lon="-122.43427">
        <ele>54.0</ele>
        <time>2025-01-10T18:54:22Z</time>
      </trkpt>
      <trkpt lat="37.73395" lon="-122.43431">
        <ele>54.0</ele>
        <time>2025-01-10T18:54:24Z</time>
      </trkpt>
      <trkpt lat="37.73396" lon="-122.43434">
        <ele>54.0</ele>
        <time>2025-01-10T18:54:26Z</time>
      </trkpt>
      <trkpt lat="37.73397" lon="-122.43438">
        <ele>54.0</ele>
        <time>2025-01-10T18:54:28Z</time>
      </trkpt>
      <trkpt lat="37.73398" lon="-122.43441">
        <ele>54.0</ele>
        <time>2025-01-10T18:54:30Z</time>
      </trkpt>
      <trkpt lat="37.73399" lon="-122.43444">
        <ele>54.0</ele>
        <time>2025-01-10T18:54:32Z</time>
      </trkpt>
      <trkpt lat="37.734" lon="-122.43448">
        <ele>54.0</ele>
        <time>2025-01-10T18:54:34Z</time>
      </trkpt>
      <trkpt lat="37.734" lon="-122.43452">
        <ele>54.0</ele>
        <time>2025-01-10T18:54:36Z</time>
      </trkpt>
      <trkpt lat="37.734" lon="-122.43455">
        <ele>54.0</ele>
        <time>2025-01-10T18:54:38Z</time>
      </trkpt>
      <trkpt lat="37.73402" lon="-122.4346">
        <ele>54.0</ele>
        <time>2025-01-10T18:54:41Z</time>
      </trkpt>
      <trkpt lat="37.73403" lon="-122.43464">
        <ele>54.0</ele>
        <time>2025-01-10T18:54:43Z</time>
      </trkpt>
      <trkpt lat="37.73404" lon="-122.43467">
        <ele>54.0</ele>
        <time>2025-01-10T18:54:45Z</time>
      </trkpt>
      <trkpt lat="37.73405" lon="-122.4347">
        <ele>54.0</ele>
        <time>2025-01-10T18:54:47Z</time>
      </trkpt>
      <trkpt lat="37.73407" lon="-122.43473">
        <ele>54.0</ele>
        <time>2025-01-10T18:54:49Z</time>
      </trkpt>
      <trkpt lat="37.73408" lon="-122.43477">
        <ele>54.0</ele>
        <time>2025-01-10T18:54:51Z</time>
      </trkpt>
      <trkpt lat="37.73409" lon="-122.4348">
        <ele>54.0</ele>
        <time>2025-01-10T18:54:53Z</time>
      </trkpt>
      <trkpt lat="37.7341" lon="-122.43483">
        <ele>54.16</ele>
        <time>2025-01-10T18:54:55Z</time>
      </trkpt>
      <trkpt lat="37.73411" lon="-122.43486">
        <ele>54.49</ele>
        <time>2025-01-10T18:54:57Z</time>
      </trkpt>
      <trkpt lat="37.7341" lon="-122.4349">
        <ele>54.92</ele>
        <time>2025-01-10T18:54:59Z</time>
      </trkpt>
      <trkpt lat="37.73409" lon="-122.43494">
        <ele>55.0</ele>
        <time>2025-01-10T18:55:01Z</time>
      </trkpt>
      <trkpt lat="37.73409" lon="-122.43497">
        <ele>55.0</ele>
        <time>2025-01-10T18:55:03Z</time>
      </trkpt>
      <trkpt lat="37.73409" lon="-122.43502">
        <ele>55.0</ele>
        <time>2025-01-10T18:55:06Z</time>
      </trkpt>
      <trkpt lat="37.73409" lon="-122.43507">
        <ele>55.0</ele>
        <time>2025-01-10T18:55:09Z</time>
      </trkpt>
      <trkpt lat="37.73409" lon="-122.43512">
        <ele>55.3</ele>
        <time>2025-01-10T18:55:12Z</time>
      </trkpt>
      <trkpt lat="37.7341" lon="-122.43515">
        <ele>55.62</ele>
        <time>2025-01-10T18:55:15Z</time>
      </trkpt>
      <trkpt lat="37.7341" lon="-122.4352">
        <ele>55.96</ele>
        <time>2025-01-10T18:55:18Z</time>
      </trkpt>
      <trkpt lat="37.7341" lon="-122.43524">
        <ele>55.83</ele>
        <time>2025-01-10T18:55:20Z</time>
      </trkpt>
      <trkpt lat="37.7341" lon="-122.43528">
        <ele>55.74</ele>
        <time>2025-01-10T18:55:23Z</time>
      </trkpt>
      <trkpt lat="37.7341" lon="-122.43533">
        <ele>56.28</ele>
        <time>2025-01-10T18:55:26Z</time>
      </trkpt>
      <trkpt lat="37.73412" lon="-122.43538">
        <ele>56.61</ele>
        <time>2025-01-10T18:55:29Z</time>
      </trkpt>
      <trkpt lat="37.73413" lon="-122.43543">
        <ele>57.17</ele>
        <time>2025-01-10T18:55:32Z</time>
      </trkpt>
      <trkpt lat="37.73414" lon="-122.43546">
        <ele>57.67</ele>
        <time>2025-01-10T18:55:34Z</time>
      </trkpt>
      <trkpt lat="37.73415" lon="-122.43551">
        <ele>57.91</ele>
        <time>2025-01-10T18:55:37Z</time>
      </trkpt>
      <trkpt lat="37.73415" lon="-122.43556">
        <ele>58.06</ele>
        <time>2025-01-10T18:55:40Z</time>
      </trkpt>
      <trkpt lat="37.73416" lon="-122.43559">
        <ele>58.4</ele>
        <time>2025-01-10T18:55:43Z</time>
      </trkpt>
      <trkpt lat="37.73416" lon="-122.43563">
        <ele>58.86</ele>
        <time>2025-01-10T18:55:46Z</time>
      </trkpt>
      <trkpt lat="37.73417" lon="-122.43567">
        <ele>58.96</ele>
        <time>2025-01-10T18:55:49Z</time>
      </trkpt>
      <trkpt lat="37.73417" lon="-122.43572">
        <ele>58.96</ele>
        <time>2025-01-10T18:55:52Z</time>
      </trkpt>
      <trkpt lat="37.73417" lon="-122.43576">
        <ele>59.17</ele>
        <time>2025-01-10T18:55:55Z</time>
      </trkpt>
      <trkpt lat="37.73418" lon="-122.43579">
        <ele>59.39</ele>
        <time>2025-01-10T18:55:57Z</time>
      </trkpt>
      <trkpt lat="37.73419" lon="-122.43584">
        <ele>59.8</ele>
        <time>2025-01-10T18:56:00Z</time>
      </trkpt>
      <trkpt lat="37.73418" lon="-122.43587">
        <ele>60.19</ele>
        <time>2025-01-10T18:56:02Z</time>
      </trkpt>
      <trkpt lat="37.73417" lon="-122.43591">
        <ele>60.76</ele>
        <time>2025-01-10T18:56:05Z</time>
      </trkpt>
      <trkpt lat="37.73416" lon="-122.43595">
        <ele>60.92</ele>
        <time>2025-01-10T18:56:08Z</time>
      </trkpt>
      <trkpt lat="37.73416" lon="-122.43599">
        <ele>60.55</ele>
        <time>2025-01-10T18:56:10Z</time>
      </trkpt>
      <trkpt lat="37.73416" lon="-122.43602">
        <ele>60.3</ele>
        <time>2025-01-10T18:56:12Z</time>
      </trkpt>
      <trkpt lat="37.73417" lon="-122.43606">
        <ele>60.38</ele>
        <time>2025-01-10T18:56:15Z</time>
      </trkpt>
      <trkpt lat="37.73419" lon="-122.4361">
        <ele>60.18</ele>
        <time>2025-01-10T18:56:18Z</time>
      </trkpt>
      <trkpt lat="37.7342" lon="-122.43613">
        <ele>60.12</ele>
        <time>2025-01-10T18:56:20Z</time>
      </trkpt>
      <trkpt lat="37.73421" lon="-122.43619">
        <ele>60.45</ele>
        <time>2025-01-10T18:56:23Z</time>
      </trkpt>
      <trkpt lat="37.73421" lon="-122.43622">
        <ele>60.69</ele>
        <time>2025-01-10T18:56:25Z</time>
      </trkpt>
      <trkpt lat="37.73421" lon="-122.43626">
        <ele>60.92</ele>
        <time>2025-01-10T18:56:27Z</time>
      </trkpt>
      <trkpt lat="37.73422" lon="-122.4363">
        <ele>60.74</ele>
        <time>2025-01-10T18:56:29Z</time>
      </trkpt>
      <trkpt lat="37.73424" lon="-122.43634">
        <ele>60.3</ele>
        <time>2025-01-10T18:56:31Z</time>
      </trkpt>
      <trkpt lat="37.73426" lon="-122.43637">
        <ele>59.79</ele>
        <time>2025-01-10T18:56:33Z</time>
      </trkpt>
      <trkpt lat="37.73427" lon="-122.43641">
        <ele>60.09</ele>
        <time>2025-01-10T18:56:35Z</time>
      </trkpt>
      <trkpt lat="37.73429" lon="-122.43644">
        <ele>60.04</ele>
        <time>2025-01-10T18:56:37Z</time>
      </trkpt>
      <trkpt lat="37.73431" lon="-122.43647">
        <ele>59.85</ele>
        <time>2025-01-10T18:56:39Z</time>
      </trkpt>
      <trkpt lat="37.73432" lon="-122.4365">
        <ele>59.96</ele>
        <time>2025-01-10T18:56:41Z</time>
      </trkpt>
      <trkpt lat="37.73434" lon="-122.43652">
        <ele>59.73</ele>
        <time>2025-01-10T18:56:43Z</time>
      </trkpt>
      <trkpt lat="37.73436" lon="-122.43656">
        <ele>59.69</ele>
        <time>2025-01-10T18:56:45Z</time>
      </trkpt>
      <trkpt lat="37.73437" lon="-122.43659">
        <ele>59.64</ele>
        <time>2025-01-10T18:56:47Z</time>
      </trkpt>
      <trkpt lat="37.73439" lon="-122.43662">
        <ele>59.38</ele>
        <time>2025-01-10T18:56:49Z</time>
      </trkpt>
      <trkpt lat="37.73439" lon="-122.43666">
        <ele>59.56</ele>
        <time>2025-01-10T18:56:53Z</time>
      </trkpt>
      <trkpt lat="37.73439" lon="-122.43669">
        <ele>59.84</ele>
        <time>2025-01-10T18:56:55Z</time>
      </trkpt>
      <trkpt lat="37.73438" lon="-122.43674">
        <ele>60.49</ele>
        <time>2025-01-10T18:56:57Z</time>
      </trkpt>
      <trkpt lat="37.73438" lon="-122.43678">
        <ele>60.85</ele>
        <time>2025-01-10T18:56:59Z</time>
      </trkpt>
      <trkpt lat="37.73438" lon="-122.43681">
        <ele>61.08</ele>
        <time>2025-01-10T18:57:01Z</time>
      </trkpt>
      <trkpt lat="37.7344" lon="-122.43685">
        <ele>60.95</ele>
        <time>2025-01-10T18:57:03Z</time>
      </trkpt>
      <trkpt lat="37.73442" lon="-122.4369">
        <ele>60.67</ele>
        <time>2025-01-10T18:57:06Z</time>
      </trkpt>
      <trkpt lat="37.73442" lon="-122.43695">
        <ele>60.81</ele>
        <time>2025-01-10T18:57:09Z</time>
      </trkpt>
      <trkpt lat="37.73442" lon="-122.437">
        <ele>60.95</ele>
        <time>2025-01-10T18:57:12Z</time>
      </trkpt>
      <trkpt lat="37.73443" lon="-122.43705">
        <ele>60.76</ele>
        <time>2025-01-10T18:57:15Z</time>
      </trkpt>
      <trkpt lat="37.73445" lon="-122.43709">
        <ele>60.54</ele>
        <time>2025-01-10T18:57:18Z</time>
      </trkpt>
      <trkpt lat="37.73447" lon="-122.43711">
        <ele>60.57</ele>
        <time>2025-01-10T18:57:20Z</time>
      </trkpt>
      <trkpt lat="37.73448" lon="-122.43715">
        <ele>60.75</ele>
        <time>2025-01-10T18:57:22Z</time>
      </trkpt>
      <trkpt lat="37.73449" lon="-122.43718">
        <ele>60.78</ele>
        <time>2025-01-10T18:57:24Z</time>
      </trkpt>
      <trkpt lat="37.73451" lon="-122.43721">
        <ele>60.55</ele>
        <time>2025-01-10T18:57:26Z</time>
      </trkpt>
      <trkpt lat="37.73452" lon="-122.43724">
        <ele>60.4</ele>
        <time>2025-01-10T18:57:28Z</time>
      </trkpt>
      <trkpt lat="37.73454" lon="-122.43727">
        <ele>60.02</ele>
        <time>2025-01-10T18:57:30Z</time>
      </trkpt>
      <trkpt lat="37.73455" lon="-122.4373">
        <ele>60.02</ele>
        <time>2025-01-10T18:57:32Z</time>
      </trkpt>
      <trkpt lat="37.73457" lon="-122.43735">
        <ele>60.0</ele>
        <time>2025-01-10T18:57:35Z</time>
      </trkpt>
      <trkpt lat="37.73459" lon="-122.43739">
        <ele>60.0</ele>
        <time>2025-01-10T18:57:38Z</time>
      </trkpt>
      <trkpt lat="37.7346" lon="-122.43742">
        <ele>60.0</ele>
        <time>2025-01-10T18:57:40Z</time>
      </trkpt>
      <trkpt lat="37.73462" lon="-122.43745">
        <ele>60.0</ele>
        <time>2025-01-10T18:57:42Z</time>
      </trkpt>
      <trkpt lat="37.73463" lon="-122.43749">
        <ele>60.0</ele>
        <time>2025-01-10T18:57:44Z</time>
      </trkpt>
      <trkpt lat="37.73463" lon="-122.43752">
        <ele>60.0</ele>
        <time>2025-01-10T18:57:46Z</time>
      </trkpt>
      <trkpt lat="37.73465" lon="-122.43755">
        <ele>60.22</ele>
        <time>2025-01-10T18:57:48Z</time>
      </trkpt>
      <trkpt lat="37.73466" lon="-122.43759">
        <ele>60.33</ele>
        <time>2025-01-10T18:57:50Z</time>
      </trkpt>
      <trkpt lat="37.73467" lon="-122.43762">
        <ele>60.44</ele>
        <time>2025-01-10T18:57:52Z</time>
      </trkpt>
      <trkpt lat="37.73468" lon="-122.43766">
        <ele>60.54</ele>
        <time>2025-01-10T18:57:54Z</time>
      </trkpt>
      <trkpt lat="37.73469" lon="-122.43769">
        <ele>60.65</ele>
        <time>2025-01-10T18:57:56Z</time>
      </trkpt>
      <trkpt lat="37.7347" lon="-122.43773">
        <ele>60.76</ele>
        <time>2025-01-10T18:57:58Z</time>
      </trkpt>
      <trkpt lat="37.73471" lon="-122.43776">
        <ele>60.87</ele>
        <time>2025-01-10T18:58:00Z</time>
      </trkpt>
      <trkpt lat="37.73472" lon="-122.43779">
        <ele>60.85</ele>
        <time>2025-01-10T18:58:02Z</time>
      </trkpt>
      <trkpt lat="37.73473" lon="-122.43782">
        <ele>60.63</ele>
        <time>2025-01-10T18:58:04Z</time>
      </trkpt>
      <trkpt lat="37.73474" lon="-122.43786">
        <ele>60.3</ele>
        <time>2025-01-10T18:58:06Z</time>
      </trkpt>
      <trkpt lat="37.73474" lon="-122.4379">
        <ele>60.19</ele>
        <time>2025-01-10T18:58:08Z</time>
      </trkpt>
      <trkpt lat="37.73475" lon="-122.43795">
        <ele>60.3</ele>
        <time>2025-01-10T18:58:11Z</time>
      </trkpt>
      <trkpt lat="37.73475" lon="-122.43798">
        <ele>60.3</ele>
        <time>2025-01-10T18:58:13Z</time>
      </trkpt>
      <trkpt lat="37.73476" lon="-122.43803">
        <ele>60.41</ele>
        <time>2025-01-10T18:58:16Z</time>
      </trkpt>
      <trkpt lat="37.73477" lon="-122.43808">
        <ele>60.78</ele>
        <time>2025-01-10T18:58:19Z</time>
      </trkpt>
      <trkpt lat="37.73477" lon="-122.43813">
        <ele>61.32</ele>
        <time>2025-01-10T18:58:22Z</time>
      </trkpt>
      <trkpt lat="37.73479" lon="-122.43818">
        <ele>61.82</ele>
        <time>2025-01-10T18:58:25Z</time>
      </trkpt>
      <trkpt lat="37.7348" lon="-122.43821">
        <ele>61.95</ele>
        <time>2025-01-10T18:58:28Z</time>
      </trkpt>
      <trkpt lat="37.73481" lon="-122.43826">
        <ele>62.0</ele>
        <time>2025-01-10T18:58:31Z</time>
      </trkpt>
      <trkpt lat="37.73481" lon="-122.4383">
        <ele>62.0</ele>
        <time>2025-01-10T18:58:33Z</time>
      </trkpt>
      <trkpt lat="37.73482" lon="-122.43834">
        <ele>62.0</ele>
        <time>2025-01-10T18:58:35Z</time>
      </trkpt>
      <trkpt lat="37.73484" lon="-122.43837">
        <ele>62.0</ele>
        <time>2025-01-10T18:58:38Z</time>
      </trkpt>
      <trkpt lat="37.73487" lon="-122.4384">
        <ele>62.0</ele>
        <time>2025-01-10T18:58:42Z</time>
      </trkpt>
      <trkpt lat="37.73489" lon="-122.43841">
        <ele>62.0</ele>
        <time>2025-01-10T18:58:45Z</time>
      </trkpt>
      <trkpt lat="37.73492" lon="-122.43844">
        <ele>62.0</ele>
        <time>2025-01-10T18:58:49Z</time>
      </trkpt>
      <trkpt lat="37.73495" lon="-122.43846">
        <ele>62.0</ele>
        <time>2025-01-10T18:58:53Z</time>
      </trkpt>
      <trkpt lat="37.73499" lon="-122.43847">
        <ele>62.0</ele>
        <time>2025-01-10T18:58:56Z</time>
      </trkpt>
      <trkpt lat="37.73503" lon="-122.43849">
        <ele>62.32</ele>
        <time>2025-01-10T18:58:59Z</time>
      </trkpt>
      <trkpt lat="37.73507" lon="-122.43851">
        <ele>62.76</ele>
        <time>2025-01-10T18:59:02Z</time>
      </trkpt>
      <trkpt lat="37.7351" lon="-122.43854">
        <ele>63.08</ele>
        <time>2025-01-10T18:59:05Z</time>
      </trkpt>
      <trkpt lat="37.73512" lon="-122.43857">
        <ele>63.3</ele>
        <time>2025-01-10T18:59:08Z</time>
      </trkpt>
      <trkpt lat="37.73515" lon="-122.43861">
        <ele>63.62</ele>
        <time>2025-01-10T18:59:11Z</time>
      </trkpt>
      <trkpt lat="37.73518" lon="-122.43863">
        <ele>63.75</ele>
        <time>2025-01-10T18:59:14Z</time>
      </trkpt>
      <trkpt lat="37.7352" lon="-122.43867">
        <ele>63.63</ele>
        <time>2025-01-10T18:59:17Z</time>
      </trkpt>
      <trkpt lat="37.73523" lon="-122.4387">
        <ele>63.99</ele>
        <time>2025-01-10T18:59:20Z</time>
      </trkpt>
      <trkpt lat="37.73526" lon="-122.43874">
        <ele>64.37</ele>
        <time>2025-01-10T18:59:23Z</time>
      </trkpt>
      <trkpt lat="37.73528" lon="-122.43876">
        <ele>64.42</ele>
        <time>2025-01-10T18:59:25Z</time>
      </trkpt>
      <trkpt lat="37.73531" lon="-122.4388">
        <ele>64.37</ele>
        <time>2025-01-10T18:59:28Z</time>
      </trkpt>
      <trkpt lat="37.73532" lon="-122.43883">
        <ele>64.65</ele>
        <time>2025-01-10T18:59:30Z</time>
      </trkpt>
      <trkpt lat="37.73534" lon="-122.43886">
        <ele>64.9</ele>
        <time>2025-01-10T18:59:32Z</time>
      </trkpt>
      <trkpt lat="37.73536" lon="-122.43888">
        <ele>64.99</ele>
        <time>2025-01-10T18:59:34Z</time>
      </trkpt>
      <trkpt lat="37.73538" lon="-122.43892">
        <ele>65.1</ele>
        <time>2025-01-10T18:59:36Z</time>
      </trkpt>
      <trkpt lat="37.7354" lon="-122.43895">
        <ele>65.32</ele>
        <time>2025-01-10T18:59:38Z</time>
      </trkpt>
      <trkpt lat="37.73543" lon="-122.43897">
        <ele>65.64</ele>
        <time>2025-01-10T18:59:40Z</time>
      </trkpt>
      <trkpt lat="37.73545" lon="-122.439">
        <ele>65.89</ele>
        <time>2025-01-10T18:59:42Z</time>
      </trkpt>
      <trkpt lat="37.73547" lon="-122.43903">
        <ele>66.08</ele>
        <time>2025-01-10T18:59:44Z</time>
      </trkpt>
      <trkpt lat="37.73548" lon="-122.43907">
        <ele>66.18</ele>
        <time>2025-01-10T18:59:46Z</time>
      </trkpt>
      <trkpt lat="37.73548" lon="-122.4391">
        <ele>66.18</ele>
        <time>2025-01-10T18:59:48Z</time>
      </trkpt>
      <trkpt lat="37.73549" lon="-122.43914">
        <ele>66.29</ele>
        <time>2025-01-10T18:59:50Z</time>
      </trkpt>
      <trkpt lat="37.7355" lon="-122.43917">
        <ele>66.42</ele>
        <time>2025-01-10T18:59:52Z</time>
      </trkpt>
      <trkpt lat="37.7355" lon="-122.43922">
        <ele>66.75</ele>
        <time>2025-01-10T18:59:55Z</time>
      </trkpt>
      <trkpt lat="37.73551" lon="-122.43926">
        <ele>67.0</ele>
        <time>2025-01-10T18:59:57Z</time>
      </trkpt>
      <trkpt lat="37.73552" lon="-122.4393">
        <ele>67.0</ele>
        <time>2025-01-10T18:59:59Z</time>
      </trkpt>
      <trkpt lat="37.73553" lon="-122.43933">
        <ele>67.0</ele>
        <time>2025-01-10T19:00:01Z</time>
      </trkpt>
      <trkpt lat="37.73554" lon="-122.43936">
        <ele>67.09</ele>
        <time>2025-01-10T19:00:03Z</time>
      </trkpt>
      <trkpt lat="37.73555" lon="-122.43941">
        <ele>67.63</ele>
        <time>2025-01-10T19:00:06Z</time>
      </trkpt>
      <trkpt lat="37.73556" lon="-122.43945">
        <ele>68.0</ele>
        <time>2025-01-10T19:00:09Z</time>
      </trkpt>
      <trkpt lat="37.73557" lon="-122.43949">
        <ele>68.0</ele>
        <time>2025-01-10T19:00:12Z</time>
      </trkpt>
      <trkpt lat="37.73558" lon="-122.43954">
        <ele>68.03</ele>
        <time>2025-01-10T19:00:15Z</time>
      </trkpt>
      <trkpt lat="37.73559" lon="-122.43958">
        <ele>68.46</ele>
        <time>2025-01-10T19:00:18Z</time>
      </trkpt>
      <trkpt lat="37.7356" lon="-122.43962">
        <ele>68.9</ele>
        <time>2025-01-10T19:00:21Z</time>
      </trkpt>
      <trkpt lat="37.73561" lon="-122.43966">
        <ele>69.0</ele>
        <time>2025-01-10T19:00:24Z</time>
      </trkpt>
      <trkpt lat="37.73562" lon="-122.4397">
        <ele>69.0</ele>
        <time>2025-01-10T19:00:27Z</time>
      </trkpt>
      <trkpt lat="37.73566" lon="-122.4397">
        <ele>69.1</ele>
        <time>2025-01-10T19:00:31Z</time>
      </trkpt>
      <trkpt lat="37.73569" lon="-122.4397">
        <ele>69.34</ele>
        <time>2025-01-10T19:00:34Z</time>
      </trkpt>
      <trkpt lat="37.73573" lon="-122.43971">
        <ele>69.77</ele>
        <time>2025-01-10T19:00:37Z</time>
      </trkpt>
      <trkpt lat="37.73575" lon="-122.43971">
        <ele>69.88</ele>
        <time>2025-01-10T19:00:39Z</time>
      </trkpt>
      <trkpt lat="37.73578" lon="-122.43971">
        <ele>69.92</ele>
        <time>2025-01-10T19:00:41Z</time>
      </trkpt>
      <trkpt lat="37.73581" lon="-122.43971">
        <ele>69.97</ele>
        <time>2025-01-10T19:00:43Z</time>
      </trkpt>
      <trkpt lat="37.73584" lon="-122.43973">
        <ele>69.92</ele>
        <time>2025-01-10T19:00:46Z</time>
      </trkpt>
      <trkpt lat="37.73586" lon="-122.43977">
        <ele>69.63</ele>
        <time>2025-01-10T19:00:49Z</time>
      </trkpt>
      <trkpt lat="37.73589" lon="-122.43979">
        <ele>69.72</ele>
        <time>2025-01-10T19:00:52Z</time>
      </trkpt>
      <trkpt lat="37.73593" lon="-122.4398">
        <ele>70.0</ele>
        <time>2025-01-10T19:00:56Z</time>
      </trkpt>
      <trkpt lat="37.73596" lon="-122.43978">
        <ele>70.0</ele>
        <time>2025-01-10T19:00:58Z</time>
      </trkpt>
      <trkpt lat="37.73598" lon="-122.43977">
        <ele>70.0</ele>
        <time>2025-01-10T19:01:00Z</time>
      </trkpt>
      <trkpt lat="37.73602" lon="-122.43978">
        <ele>70.02</ele>
        <time>2025-01-10T19:01:03Z</time>
      </trkpt>
      <trkpt lat="37.73606" lon="-122.43978">
        <ele>70.45</ele>
        <time>2025-01-10T19:01:06Z</time>
      </trkpt>
      <trkpt lat="37.73609" lon="-122.43977">
        <ele>70.77</ele>
        <time>2025-01-10T19:01:08Z</time>
      </trkpt>
      <trkpt lat="37.73612" lon="-122.43976">
        <ele>71.1</ele>
        <time>2025-01-10T19:01:11Z</time>
      </trkpt>
      <trkpt lat="37.73616" lon="-122.43978">
        <ele>71.53</ele>
        <time>2025-01-10T19:01:14Z</time>
      </trkpt>
      <trkpt lat="37.73619" lon="-122.43981">
        <ele>71.85</ele>
        <time>2025-01-10T19:01:17Z</time>
      </trkpt>
      <trkpt lat="37.73621" lon="-122.43984">
        <ele>72.07</ele>
        <time>2025-01-10T19:01:20Z</time>
      </trkpt>
      <trkpt lat="37.73624" lon="-122.43987">
        <ele>72.39</ele>
        <time>2025-01-10T19:01:23Z</time>
      </trkpt>
      <trkpt lat="37.73626" lon="-122.4399">
        <ele>72.61</ele>
        <time>2025-01-10T19:01:25Z</time>
      </trkpt>
      <trkpt lat="37.73627" lon="-122.43994">
        <ele>72.72</ele>
        <time>2025-01-10T19:01:27Z</time>
      </trkpt>
      <trkpt lat="37.73628" lon="-122.43997">
        <ele>72.82</ele>
        <time>2025-01-10T19:01:29Z</time>
      </trkpt>
      <trkpt lat="37.7363" lon="-122.44001">
        <ele>72.9</ele>
        <time>2025-01-10T19:01:31Z</time>
      </trkpt>
      <trkpt lat="37.73631" lon="-122.44004">
        <ele>72.63</ele>
        <time>2025-01-10T19:01:33Z</time>
      </trkpt>
      <trkpt lat="37.73632" lon="-122.44008">
        <ele>72.36</ele>
        <time>2025-01-10T19:01:35Z</time>
      </trkpt>
      <trkpt lat="37.73633" lon="-122.44011">
        <ele>72.36</ele>
        <time>2025-01-10T19:01:37Z</time>
      </trkpt>
      <trkpt lat="37.73635" lon="-122.44015">
        <ele>72.58</ele>
        <time>2025-01-10T19:01:39Z</time>
      </trkpt>
      <trkpt lat="37.73636" lon="-122.44018">
        <ele>72.69</ele>
        <time>2025-01-10T19:01:41Z</time>
      </trkpt>
      <trkpt lat="37.73637" lon="-122.44021">
        <ele>72.58</ele>
        <time>2025-01-10T19:01:43Z</time>
      </trkpt>
      <trkpt lat="37.73639" lon="-122.44024">
        <ele>72.43</ele>
        <time>2025-01-10T19:01:45Z</time>
      </trkpt>
      <trkpt lat="37.73641" lon="-122.44027">
        <ele>72.52</ele>
        <time>2025-01-10T19:01:47Z</time>
      </trkpt>
      <trkpt lat="37.73642" lon="-122.4403">
        <ele>72.59</ele>
        <time>2025-01-10T19:01:49Z</time>
      </trkpt>
      <trkpt lat="37.73644" lon="-122.44032">
        <ele>72.85</ele>
        <time>2025-01-10T19:01:51Z</time>
      </trkpt>
      <trkpt lat="37.73646" lon="-122.44035">
        <ele>72.94</ele>
        <time>2025-01-10T19:01:53Z</time>
      </trkpt>
      <trkpt lat="37.73648" lon="-122.44038">
        <ele>72.99</ele>
        <time>2025-01-10T19:01:55Z</time>
      </trkpt>
      <trkpt lat="37.73649" lon="-122.4404">
        <ele>73.09</ele>
        <time>2025-01-10T19:01:57Z</time>
      </trkpt>
      <trkpt lat="37.73651" lon="-122.44043">
        <ele>73.31</ele>
        <time>2025-01-10T19:01:59Z</time>
      </trkpt>
      <trkpt lat="37.73653" lon="-122.44046">
        <ele>73.52</ele>
        <time>2025-01-10T19:02:01Z</time>
      </trkpt>
      <trkpt lat="37.73654" lon="-122.4405">
        <ele>73.63</ele>
        <time>2025-01-10T19:02:03Z</time>
      </trkpt>
      <trkpt lat="37.73655" lon="-122.44053">
        <ele>73.74</ele>
        <time>2025-01-10T19:02:05Z</time>
      </trkpt>
      <trkpt lat="37.73657" lon="-122.44057">
        <ele>73.96</ele>
        <time>2025-01-10T19:02:08Z</time>
      </trkpt>
      <trkpt lat="37.7366" lon="-122.44061">
        <ele>74.0</ele>
        <time>2025-01-10T19:02:11Z</time>
      </trkpt>
      <trkpt lat="37.73662" lon="-122.44065">
        <ele>74.01</ele>
        <time>2025-01-10T19:02:14Z</time>
      </trkpt>
      <trkpt lat="37.73665" lon="-122.44068">
        <ele>74.28</ele>
        <time>2025-01-10T19:02:17Z</time>
      </trkpt>
      <trkpt lat="37.73668" lon="-122.4407">
        <ele>74.62</ele>
        <time>2025-01-10T19:02:19Z</time>
      </trkpt>
      <trkpt lat="37.7367" lon="-122.44073">
        <ele>74.93</ele>
        <time>2025-01-10T19:02:21Z</time>
      </trkpt>
      <trkpt lat="37.73672" lon="-122.44076">
        <ele>75.0</ele>
        <time>2025-01-10T19:02:23Z</time>
      </trkpt>
      <trkpt lat="37.73673" lon="-122.44079">
        <ele>75.0</ele>
        <time>2025-01-10T19:02:25Z</time>
      </trkpt>
      <trkpt lat="37.73675" lon="-122.44082">
        <ele>75.0</ele>
        <time>2025-01-10T19:02:27Z</time>
      </trkpt>
      <trkpt lat="37.73676" lon="-122.44085">
        <ele>75.0</ele>
        <time>2025-01-10T19:02:29Z</time>
      </trkpt>
      <trkpt lat="37.73678" lon="-122.44089">
        <ele>75.0</ele>
        <time>2025-01-10T19:02:31Z</time>
      </trkpt>
      <trkpt lat="37.7368" lon="-122.44092">
        <ele>75.0</ele>
        <time>2025-01-10T19:02:33Z</time>
      </trkpt>
      <trkpt lat="37.73681" lon="-122.44095">
        <ele>75.0</ele>
        <time>2025-01-10T19:02:35Z</time>
      </trkpt>
      <trkpt lat="37.73684" lon="-122.44099">
        <ele>75.0</ele>
        <time>2025-01-10T19:02:38Z</time>
      </trkpt>
      <trkpt lat="37.73686" lon="-122.44101">
        <ele>75.09</ele>
        <time>2025-01-10T19:02:41Z</time>
      </trkpt>
      <trkpt lat="37.73689" lon="-122.44102">
        <ele>75.41</ele>
        <time>2025-01-10T19:02:44Z</time>
      </trkpt>
      <trkpt lat="37.73693" lon="-122.44103">
        <ele>75.74</ele>
        <time>2025-01-10T19:02:47Z</time>
      </trkpt>
      <trkpt lat="37.73697" lon="-122.44105">
        <ele>75.66</ele>
        <time>2025-01-10T19:02:50Z</time>
      </trkpt>
      <trkpt lat="37.737" lon="-122.44107">
        <ele>75.44</ele>
        <time>2025-01-10T19:02:53Z</time>
      </trkpt>
      <trkpt lat="37.73703" lon="-122.44107">
        <ele>75.44</ele>
        <time>2025-01-10T19:03:16Z</time>
      </trkpt>
      <trkpt lat="37.73706" lon="-122.44108">
        <ele>75.5</ele>
        <time>2025-01-10T19:03:19Z</time>
      </trkpt>
      <trkpt lat="37.73709" lon="-122.44109">
        <ele>75.67</ele>
        <time>2025-01-10T19:03:21Z</time>
      </trkpt>
      <trkpt lat="37.73713" lon="-122.44109">
        <ele>76.0</ele>
        <time>2025-01-10T19:03:24Z</time>
      </trkpt>
      <trkpt lat="37.73717" lon="-122.44109">
        <ele>76.0</ele>
        <time>2025-01-10T19:03:27Z</time>
      </trkpt>
      <trkpt lat="37.7372" lon="-122.44109">
        <ele>76.0</ele>
        <time>2025-01-10T19:03:29Z</time>
      </trkpt>
      <trkpt lat="37.73723" lon="-122.44108">
        <ele>76.0</ele>
        <time>2025-01-10T19:03:32Z</time>
      </trkpt>
      <trkpt lat="37.73727" lon="-122.44108">
        <ele>76.0</ele>
        <time>2025-01-10T19:03:35Z</time>
      </trkpt>
      <trkpt lat="37.7373" lon="-122.44108">
        <ele>76.0</ele>
        <time>2025-01-10T19:03:37Z</time>
      </trkpt>
      <trkpt lat="37.73733" lon="-122.44108">
        <ele>76.0</ele>
        <time>2025-01-10T19:03:39Z</time>
      </trkpt>
      <trkpt lat="37.73737" lon="-122.44107">
        <ele>76.0</ele>
        <time>2025-01-10T19:03:42Z</time>
      </trkpt>
      <trkpt lat="37.73741" lon="-122.44106">
        <ele>76.0</ele>
        <time>2025-01-10T19:03:45Z</time>
      </trkpt>
      <trkpt lat="37.73744" lon="-122.44103">
        <ele>76.0</ele>
        <time>2025-01-10T19:03:48Z</time>
      </trkpt>
      <trkpt lat="37.73747" lon="-122.44101">
        <ele>76.06</ele>
        <time>2025-01-10T19:03:50Z</time>
      </trkpt>
      <trkpt lat="37.7375" lon="-122.44101">
        <ele>76.09</ele>
        <time>2025-01-10T19:03:52Z</time>
      </trkpt>
      <trkpt lat="37.73754" lon="-122.441">
        <ele>76.55</ele>
        <time>2025-01-10T19:03:55Z</time>
      </trkpt>
      <trkpt lat="37.73757" lon="-122.44098">
        <ele>76.86</ele>
        <time>2025-01-10T19:03:58Z</time>
      </trkpt>
      <trkpt lat="37.7376" lon="-122.44095">
        <ele>77.0</ele>
        <time>2025-01-10T19:04:01Z</time>
      </trkpt>
      <trkpt lat="37.73763" lon="-122.44094">
        <ele>77.0</ele>
        <time>2025-01-10T19:04:04Z</time>
      </trkpt>
      <trkpt lat="37.73766" lon="-122.44092">
        <ele>77.05</ele>
        <time>2025-01-10T19:04:07Z</time>
      </trkpt>
      <trkpt lat="37.73768" lon="-122.44089">
        <ele>77.37</ele>
        <time>2025-01-10T19:04:10Z</time>
      </trkpt>
      <trkpt lat="37.73772" lon="-122.44087">
        <ele>77.83</ele>
        <time>2025-01-10T19:04:13Z</time>
      </trkpt>
      <trkpt lat="37.73776" lon="-122.44086">
        <ele>78.29</ele>
        <time>2025-01-10T19:04:16Z</time>
      </trkpt>
      <trkpt lat="37.7378" lon="-122.44085">
        <ele>78.88</ele>
        <time>2025-01-10T19:04:19Z</time>
      </trkpt>
      <trkpt lat="37.73782" lon="-122.44085">
        <ele>79.1</ele>
        <time>2025-01-10T19:04:21Z</time>
      </trkpt>
      <trkpt lat="37.73785" lon="-122.44085">
        <ele>79.42</ele>
        <time>2025-01-10T19:04:23Z</time>
      </trkpt>
      <trkpt lat="37.73789" lon="-122.44084">
        <ele>79.86</ele>
        <time>2025-01-10T19:04:26Z</time>
      </trkpt>
      <trkpt lat="37.73793" lon="-122.44083">
        <ele>80.06</ele>
        <time>2025-01-10T19:04:29Z</time>
      </trkpt>
      <trkpt lat="37.73795" lon="-122.44082">
        <ele>80.27</ele>
        <time>2025-01-10T19:04:31Z</time>
      </trkpt>
      <trkpt lat="37.73798" lon="-122.44081">
        <ele>80.73</ele>
        <time>2025-01-10T19:04:33Z</time>
      </trkpt>
      <trkpt lat="37.73801" lon="-122.4408">
        <ele>81.41</ele>
        <time>2025-01-10T19:04:35Z</time>
      </trkpt>
      <trkpt lat="37.73804" lon="-122.44079">
        <ele>82.16</ele>
        <time>2025-01-10T19:04:38Z</time>
      </trkpt>
      <trkpt lat="37.73807" lon="-122.44079">
        <ele>82.48</ele>
        <time>2025-01-10T19:04:40Z</time>
      </trkpt>
      <trkpt lat="37.7381" lon="-122.4408">
        <ele>82.25</ele>
        <time>2025-01-10T19:04:42Z</time>
      </trkpt>
      <trkpt lat="37.73813" lon="-122.44081">
        <ele>81.96</ele>
        <time>2025-01-10T19:04:44Z</time>
      </trkpt>
      <trkpt lat="37.73815" lon="-122.44082">
        <ele>81.6</ele>
        <time>2025-01-10T19:04:46Z</time>
      </trkpt>
      <trkpt lat="37.73819" lon="-122.44082">
        <ele>82.09</ele>
        <time>2025-01-10T19:04:49Z</time>
      </trkpt>
      <trkpt lat="37.73822" lon="-122.44083">
        <ele>81.95</ele>
        <time>2025-01-10T19:04:51Z</time>
      </trkpt>
      <trkpt lat="37.73825" lon="-122.44083">
        <ele>82.28</ele>
        <time>2025-01-10T19:04:53Z</time>
      </trkpt>
      <trkpt lat="37.73828" lon="-122.44084">
        <ele>82.32</ele>
        <time>2025-01-10T19:04:55Z</time>
      </trkpt>
      <trkpt lat="37.73831" lon="-122.44085">
        <ele>82.43</ele>
        <time>2025-01-10T19:04:57Z</time>
      </trkpt>
      <trkpt lat="37.73834" lon="-122.44086">
        <ele>82.48</ele>
        <time>2025-01-10T19:04:59Z</time>
      </trkpt>
      <trkpt lat="37.73837" lon="-122.44087">
        <ele>82.45</ele>
        <time>2025-01-10T19:05:01Z</time>
      </trkpt>
      <trkpt lat="37.7384" lon="-122.44087">
        <ele>82.64</ele>
        <time>2025-01-10T19:05:03Z</time>
      </trkpt>
      <trkpt lat="37.73843" lon="-122.44088">
        <ele>82.53</ele>
        <time>2025-01-10T19:05:05Z</time>
      </trkpt>
      <trkpt lat="37.73846" lon="-122.44089">
        <ele>82.53</ele>
        <time>2025-01-10T19:05:07Z</time>
      </trkpt>
      <trkpt lat="37.73849" lon="-122.44089">
        <ele>82.86</ele>
        <time>2025-01-10T19:05:09Z</time>
      </trkpt>
      <trkpt lat="37.73852" lon="-122.44089">
        <ele>83.16</ele>
        <time>2025-01-10T19:05:11Z</time>
      </trkpt>
      <trkpt lat="37.73855" lon="-122.4409">
        <ele>82.84</ele>
        <time>2025-01-10T19:05:13Z</time>
      </trkpt>
      <trkpt lat="37.73858" lon="-122.4409">
        <ele>82.84</ele>
        <time>2025-01-10T19:05:15Z</time>
      </trkpt>
      <trkpt lat="37.73862" lon="-122.4409">
        <ele>82.87</ele>
        <time>2025-01-10T19:05:18Z</time>
      </trkpt>
      <trkpt lat="37.73865" lon="-122.4409">
        <ele>82.96</ele>
        <time>2025-01-10T19:05:20Z</time>
      </trkpt>
      <trkpt lat="37.73867" lon="-122.4409">
        <ele>83.02</ele>
        <time>2025-01-10T19:05:22Z</time>
      </trkpt>
      <trkpt lat="37.7387" lon="-122.4409">
        <ele>83.11</ele>
        <time>2025-01-10T19:05:24Z</time>
      </trkpt>
      <trkpt lat="37.73874" lon="-122.44091">
        <ele>83.08</ele>
        <time>2025-01-10T19:05:27Z</time>
      </trkpt>
      <trkpt lat="37.73877" lon="-122.44092">
        <ele>82.97</ele>
        <time>2025-01-10T19:05:29Z</time>
      </trkpt>
      <trkpt lat="37.73881" lon="-122.44092">
        <ele>83.4</ele>
        <time>2025-01-10T19:05:32Z</time>
      </trkpt>
      <trkpt lat="37.73885" lon="-122.44092">
        <ele>83.84</ele>
        <time>2025-01-10T19:05:35Z</time>
      </trkpt>
      <trkpt lat="37.73888" lon="-122.44093">
        <ele>83.86</ele>
        <time>2025-01-10T19:05:38Z</time>
      </trkpt>
      <trkpt lat="37.73892" lon="-122.44093">
        <ele>84.6</ele>
        <time>2025-01-10T19:05:41Z</time>
      </trkpt>
      <trkpt lat="37.73895" lon="-122.44094">
        <ele>84.97</ele>
        <time>2025-01-10T19:05:44Z</time>
      </trkpt>
      <trkpt lat="37.73899" lon="-122.44095">
        <ele>85.31</ele>
        <time>2025-01-10T19:05:47Z</time>
      </trkpt>
      <trkpt lat="37.73902" lon="-122.44096">
        <ele>85.31</ele>
        <time>2025-01-10T19:05:50Z</time>
      </trkpt>
      <trkpt lat="37.73905" lon="-122.44097">
        <ele>85.31</ele>
        <time>2025-01-10T19:05:52Z</time>
      </trkpt>
      <trkpt lat="37.73909" lon="-122.44098">
        <ele>85.35</ele>
        <time>2025-01-10T19:05:55Z</time>
      </trkpt>
      <trkpt lat="37.73912" lon="-122.44099">
        <ele>85.27</ele>
        <time>2025-01-10T19:05:58Z</time>
      </trkpt>
      <trkpt lat="37.73915" lon="-122.44099">
        <ele>85.49</ele>
        <time>2025-01-10T19:06:00Z</time>
      </trkpt>
      <trkpt lat="37.73918" lon="-122.441">
        <ele>85.54</ele>
        <time>2025-01-10T19:06:02Z</time>
      </trkpt>
      <trkpt lat="37.73921" lon="-122.441">
        <ele>85.87</ele>
        <time>2025-01-10T19:06:04Z</time>
      </trkpt>
      <trkpt lat="37.73923" lon="-122.44101">
        <ele>85.87</ele>
        <time>2025-01-10T19:06:06Z</time>
      </trkpt>
      <trkpt lat="37.73926" lon="-122.44102">
        <ele>85.99</ele>
        <time>2025-01-10T19:06:08Z</time>
      </trkpt>
      <trkpt lat="37.73929" lon="-122.44103">
        <ele>86.17</ele>
        <time>2025-01-10T19:06:10Z</time>
      </trkpt>
      <trkpt lat="37.73932" lon="-122.44103">
        <ele>86.45</ele>
        <time>2025-01-10T19:06:12Z</time>
      </trkpt>
      <trkpt lat="37.73935" lon="-122.44104">
        <ele>86.52</ele>
        <time>2025-01-10T19:06:14Z</time>
      </trkpt>
      <trkpt lat="37.73938" lon="-122.44104">
        <ele>87.07</ele>
        <time>2025-01-10T19:06:16Z</time>
      </trkpt>
      <trkpt lat="37.73941" lon="-122.44105">
        <ele>87.36</ele>
        <time>2025-01-10T19:06:18Z</time>
      </trkpt>
      <trkpt lat="37.73944" lon="-122.44105">
        <ele>87.9</ele>
        <time>2025-01-10T19:06:20Z</time>
      </trkpt>
      <trkpt lat="37.73947" lon="-122.44107">
        <ele>87.76</ele>
        <time>2025-01-10T19:06:22Z</time>
      </trkpt>
      <trkpt lat="37.7395" lon="-122.44108">
        <ele>88.01</ele>
        <time>2025-01-10T19:06:24Z</time>
      </trkpt>
      <trkpt lat="37.73953" lon="-122.44109">
        <ele>88.32</ele>
        <time>2025-01-10T19:06:26Z</time>
      </trkpt>
      <trkpt lat="37.73955" lon="-122.4411">
        <ele>88.4</ele>
        <time>2025-01-10T19:06:28Z</time>
      </trkpt>
      <trkpt lat="37.73958" lon="-122.44111">
        <ele>88.49</ele>
        <time>2025-01-10T19:06:30Z</time>
      </trkpt>
      <trkpt lat="37.73961" lon="-122.44113">
        <ele>88.38</ele>
        <time>2025-01-10T19:06:32Z</time>
      </trkpt>
      <trkpt lat="37.73964" lon="-122.44114">
        <ele>88.49</ele>
        <time>2025-01-10T19:06:34Z</time>
      </trkpt>
      <trkpt lat="37.73967" lon="-122.44115">
        <ele>88.6</ele>
        <time>2025-01-10T19:06:36Z</time>
      </trkpt>
      <trkpt lat="37.7397" lon="-122.44116">
        <ele>88.7</ele>
        <time>2025-01-10T19:06:38Z</time>
      </trkpt>
      <trkpt lat="37.73973" lon="-122.44118">
        <ele>88.62</ele>
        <time>2025-01-10T19:06:40Z</time>
      </trkpt>
      <trkpt lat="37.73976" lon="-122.44119">
        <ele>88.76</ele>
        <time>2025-01-10T19:06:42Z</time>
      </trkpt>
      <trkpt lat="37.73978" lon="-122.4412">
        <ele>88.73</ele>
        <time>2025-01-10T19:06:44Z</time>
      </trkpt>
      <trkpt lat="37.73981" lon="-122.44121">
        <ele>88.88</ele>
        <time>2025-01-10T19:06:46Z</time>
      </trkpt>
      <trkpt lat="37.73984" lon="-122.44122">
        <ele>89.27</ele>
        <time>2025-01-10T19:06:48Z</time>
      </trkpt>
      <trkpt lat="37.73986" lon="-122.44123">
        <ele>89.41</ele>
        <time>2025-01-10T19:06:50Z</time>
      </trkpt>
      <trkpt lat="37.73989" lon="-122.44124">
        <ele>89.6</ele>
        <time>2025-01-10T19:06:52Z</time>
      </trkpt>
      <trkpt lat="37.73993" lon="-122.44125">
        <ele>89.99</ele>
        <time>2025-01-10T19:06:55Z</time>
      </trkpt>
      <trkpt lat="37.73996" lon="-122.44126">
        <ele>90.31</ele>
        <time>2025-01-10T19:06:57Z</time>
      </trkpt>
      <trkpt lat="37.73999" lon="-122.44128">
        <ele>90.31</ele>
        <time>2025-01-10T19:06:59Z</time>
      </trkpt>
      <trkpt lat="37.74001" lon="-122.44129">
        <ele>90.32</ele>
        <time>2025-01-10T19:07:01Z</time>
      </trkpt>
      <trkpt lat="37.74004" lon="-122.44131">
        <ele>90.22</ele>
        <time>2025-01-10T19:07:03Z</time>
      </trkpt>
      <trkpt lat="37.74006" lon="-122.44132">
        <ele>90.23</ele>
        <time>2025-01-10T19:07:05Z</time>
      </trkpt>
      <trkpt lat="37.7401" lon="-122.44134">
        <ele>90.14</ele>
        <time>2025-01-10T19:07:08Z</time>
      </trkpt>
      <trkpt lat="37.74013" lon="-122.44135">
        <ele>90.24</ele>
        <time>2025-01-10T19:07:10Z</time>
      </trkpt>
      <trkpt lat="37.74015" lon="-122.44136">
        <ele>90.24</ele>
        <time>2025-01-10T19:07:12Z</time>
      </trkpt>
      <trkpt lat="37.74018" lon="-122.44138">
        <ele>90.14</ele>
        <time>2025-01-10T19:07:14Z</time>
      </trkpt>
      <trkpt lat="37.74021" lon="-122.44139">
        <ele>90.53</ele>
        <time>2025-01-10T19:07:16Z</time>
      </trkpt>
      <trkpt lat="37.74023" lon="-122.44141">
        <ele>90.75</ele>
        <time>2025-01-10T19:07:18Z</time>
      </trkpt>
      <trkpt lat="37.74026" lon="-122.44142">
        <ele>91.07</ele>
        <time>2025-01-10T19:07:20Z</time>
      </trkpt>
      <trkpt lat="37.74029" lon="-122.44144">
        <ele>91.09</ele>
        <time>2025-01-10T19:07:22Z</time>
      </trkpt>
      <trkpt lat="37.74031" lon="-122.44145">
        <ele>91.15</ele>
        <time>2025-01-10T19:07:24Z</time>
      </trkpt>
      <trkpt lat="37.74034" lon="-122.44146">
        <ele>91.29</ele>
        <time>2025-01-10T19:07:26Z</time>
      </trkpt>
      <trkpt lat="37.74037" lon="-122.44148">
        <ele>91.04</ele>
        <time>2025-01-10T19:07:28Z</time>
      </trkpt>
      <trkpt lat="37.7404" lon="-122.44149">
        <ele>91.29</ele>
        <time>2025-01-10T19:07:30Z</time>
      </trkpt>
      <trkpt lat="37.74044" lon="-122.4415">
        <ele>91.6</ele>
        <time>2025-01-10T19:07:33Z</time>
      </trkpt>
      <trkpt lat="37.74047" lon="-122.44151">
        <ele>91.85</ele>
        <time>2025-01-10T19:07:35Z</time>
      </trkpt>
      <trkpt lat="37.74049" lon="-122.44153">
        <ele>91.89</ele>
        <time>2025-01-10T19:07:37Z</time>
      </trkpt>
      <trkpt lat="37.74052" lon="-122.44154">
        <ele>92.05</ele>
        <time>2025-01-10T19:07:39Z</time>
      </trkpt>
      <trkpt lat="37.74055" lon="-122.44155">
        <ele>91.99</ele>
        <time>2025-01-10T19:07:41Z</time>
      </trkpt>
      <trkpt lat="37.74058" lon="-122.44155">
        <ele>92.5</ele>
        <time>2025-01-10T19:07:43Z</time>
      </trkpt>
      <trkpt lat="37.74061" lon="-122.44156">
        <ele>92.69</ele>
        <time>2025-01-10T19:07:45Z</time>
      </trkpt>
      <trkpt lat="37.74064" lon="-122.44157">
        <ele>92.96</ele>
        <time>2025-01-10T19:07:47Z</time>
      </trkpt>
      <trkpt lat="37.74066" lon="-122.44158">
        <ele>93.18</ele>
        <time>2025-01-10T19:07:49Z</time>
      </trkpt>
      <trkpt lat="37.74069" lon="-122.4416">
        <ele>93.37</ele>
        <time>2025-01-10T19:07:51Z</time>
      </trkpt>
      <trkpt lat="37.74072" lon="-122.44162">
        <ele>93.29</ele>
        <time>2025-01-10T19:07:53Z</time>
      </trkpt>
      <trkpt lat="37.74074" lon="-122.44164">
        <ele>92.86</ele>
        <time>2025-01-10T19:07:55Z</time>
      </trkpt>
      <trkpt lat="37.74077" lon="-122.44166">
        <ele>92.83</ele>
        <time>2025-01-10T19:07:57Z</time>
      </trkpt>
      <trkpt lat="37.74079" lon="-122.44169">
        <ele>92.8</ele>
        <time>2025-01-10T19:07:59Z</time>
      </trkpt>
      <trkpt lat="37.74082" lon="-122.4417">
        <ele>93.1</ele>
        <time>2025-01-10T19:08:01Z</time>
      </trkpt>
      <trkpt lat="37.74085" lon="-122.44172">
        <ele>93.39</ele>
        <time>2025-01-10T19:08:03Z</time>
      </trkpt>
      <trkpt lat="37.74088" lon="-122.44173">
        <ele>94.14</ele>
        <time>2025-01-10T19:08:05Z</time>
      </trkpt>
      <trkpt lat="37.74091" lon="-122.44176">
        <ele>94.47</ele>
        <time>2025-01-10T19:08:07Z</time>
      </trkpt>
      <trkpt lat="37.74093" lon="-122.44179">
        <ele>94.45</ele>
        <time>2025-01-10T19:08:09Z</time>
      </trkpt>
      <trkpt lat="37.74095" lon="-122.44182">
        <ele>94.3</ele>
        <time>2025-01-10T19:08:11Z</time>
      </trkpt>
      <trkpt lat="37.74097" lon="-122.44186">
        <ele>93.82</ele>
        <time>2025-01-10T19:08:13Z</time>
      </trkpt>
      <trkpt lat="37.74099" lon="-122.44188">
        <ele>93.87</ele>
        <time>2025-01-10T19:08:15Z</time>
      </trkpt>
      <trkpt lat="37.74103" lon="-122.4419">
        <ele>94.39</ele>
        <time>2025-01-10T19:08:18Z</time>
      </trkpt>
      <trkpt lat="37.74106" lon="-122.4419">
        <ele>95.52</ele>
        <time>2025-01-10T19:08:20Z</time>
      </trkpt>
      <trkpt lat="37.74109" lon="-122.44193">
        <ele>95.75</ele>
        <time>2025-01-10T19:08:23Z</time>
      </trkpt>
      <trkpt lat="37.74111" lon="-122.44195">
        <ele>95.84</ele>
        <time>2025-01-10T19:08:25Z</time>
      </trkpt>
      <trkpt lat="37.74113" lon="-122.44199">
        <ele>95.73</ele>
        <time>2025-01-10T19:08:27Z</time>
      </trkpt>
      <trkpt lat="37.74115" lon="-122.44201">
        <ele>95.97</ele>
        <time>2025-01-10T19:08:29Z</time>
      </trkpt>
      <trkpt lat="37.74117" lon="-122.44204">
        <ele>95.86</ele>
        <time>2025-01-10T19:08:31Z</time>
      </trkpt>
      <trkpt lat="37.7412" lon="-122.44207">
        <ele>96.18</ele>
        <time>2025-01-10T19:08:34Z</time>
      </trkpt>
      <trkpt lat="37.74122" lon="-122.44209">
        <ele>96.28</ele>
        <time>2025-01-10T19:08:36Z</time>
      </trkpt>
      <trkpt lat="37.74124" lon="-122.44212">
        <ele>96.03</ele>
        <time>2025-01-10T19:08:39Z</time>
      </trkpt>
      <trkpt lat="37.74126" lon="-122.44216">
        <ele>95.89</ele>
        <time>2025-01-10T19:08:42Z</time>
      </trkpt>
      <trkpt lat="37.74128" lon="-122.44221">
        <ele>95.78</ele>
        <time>2025-01-10T19:08:45Z</time>
      </trkpt>
      <trkpt lat="37.74129" lon="-122.44224">
        <ele>95.69</ele>
        <time>2025-01-10T19:08:47Z</time>
      </trkpt>
      <trkpt lat="37.74131" lon="-122.44229">
        <ele>95.35</ele>
        <time>2025-01-10T19:08:50Z</time>
      </trkpt>
      <trkpt lat="37.74131" lon="-122.44232">
        <ele>94.95</ele>
        <time>2025-01-10T19:08:52Z</time>
      </trkpt>
      <trkpt lat="37.74132" lon="-122.44236">
        <ele>94.64</ele>
        <time>2025-01-10T19:08:54Z</time>
      </trkpt>
      <trkpt lat="37.74132" lon="-122.4424">
        <ele>94.32</ele>
        <time>2025-01-10T19:08:56Z</time>
      </trkpt>
      <trkpt lat="37.74131" lon="-122.44244">
        <ele>94.5</ele>
        <time>2025-01-10T19:08:58Z</time>
      </trkpt>
      <trkpt lat="37.7413" lon="-122.44248">
        <ele>94.82</ele>
        <time>2025-01-10T19:09:00Z</time>
      </trkpt>
      <trkpt lat="37.74129" lon="-122.44251">
        <ele>95.04</ele>
        <time>2025-01-10T19:09:02Z</time>
      </trkpt>
      <trkpt lat="37.74129" lon="-122.44255">
        <ele>95.47</ele>
        <time>2025-01-10T19:09:04Z</time>
      </trkpt>
      <trkpt lat="37.7413" lon="-122.44258">
        <ele>95.87</ele>
        <time>2025-01-10T19:09:07Z</time>
      </trkpt>
      <trkpt lat="37.74132" lon="-122.44262">
        <ele>95.78</ele>
        <time>2025-01-10T19:09:10Z</time>
      </trkpt>
      <trkpt lat="37.74134" lon="-122.44263">
        <ele>95.79</ele>
        <time>2025-01-10T19:09:13Z</time>
      </trkpt>
      <trkpt lat="37.74137" lon="-122.44266">
        <ele>95.85</ele>
        <time>2025-01-10T19:09:16Z</time>
      </trkpt>
      <trkpt lat="37.7414" lon="-122.44268">
        <ele>95.99</ele>
        <time>2025-01-10T19:09:19Z</time>
      </trkpt>
      <trkpt lat="37.74142" lon="-122.4427">
        <ele>96.0</ele>
        <time>2025-01-10T19:09:22Z</time>
      </trkpt>
      <trkpt lat="37.74145" lon="-122.44273">
        <ele>96.0</ele>
        <time>2025-01-10T19:09:25Z</time>
      </trkpt>
      <trkpt lat="37.74149" lon="-122.44275">
        <ele>96.06</ele>
        <time>2025-01-10T19:09:27Z</time>
      </trkpt>
      <trkpt lat="37.74152" lon="-122.44277">
        <ele>96.38</ele>
        <time>2025-01-10T19:09:29Z</time>
      </trkpt>
      <trkpt lat="37.74155" lon="-122.44279">
        <ele>96.64</ele>
        <time>2025-01-10T19:09:31Z</time>
      </trkpt>
      <trkpt lat="37.74157" lon="-122.44282">
        <ele>96.52</ele>
        <time>2025-01-10T19:09:33Z</time>
      </trkpt>
      <trkpt lat="37.74159" lon="-122.44285">
        <ele>96.18</ele>
        <time>2025-01-10T19:09:36Z</time>
      </trkpt>
      <trkpt lat="37.74161" lon="-122.44289">
        <ele>96.21</ele>
        <time>2025-01-10T19:09:39Z</time>
      </trkpt>
      <trkpt lat="37.74163" lon="-122.44293">
        <ele>96.64</ele>
        <time>2025-01-10T19:09:41Z</time>
      </trkpt>
      <trkpt lat="37.74164" lon="-122.44297">
        <ele>97.04</ele>
        <time>2025-01-10T19:09:44Z</time>
      </trkpt>
      <trkpt lat="37.74165" lon="-122.44302">
        <ele>97.22</ele>
        <time>2025-01-10T19:09:47Z</time>
      </trkpt>
      <trkpt lat="37.74166" lon="-122.44306">
        <ele>97.2</ele>
        <time>2025-01-10T19:09:50Z</time>
      </trkpt>
      <trkpt lat="37.74167" lon="-122.4431">
        <ele>97.48</ele>
        <time>2025-01-10T19:09:53Z</time>
      </trkpt>
      <trkpt lat="37.74169" lon="-122.44314">
        <ele>97.91</ele>
        <time>2025-01-10T19:09:56Z</time>
      </trkpt>
      <trkpt lat="37.74169" lon="-122.44319">
        <ele>98.34</ele>
        <time>2025-01-10T19:09:59Z</time>
      </trkpt>
      <trkpt lat="37.74169" lon="-122.44323">
        <ele>98.66</ele>
        <time>2025-01-10T19:10:02Z</time>
      </trkpt>
      <trkpt lat="37.7417" lon="-122.44327">
        <ele>98.84</ele>
        <time>2025-01-10T19:10:04Z</time>
      </trkpt>
      <trkpt lat="37.74171" lon="-122.44331">
        <ele>98.93</ele>
        <time>2025-01-10T19:10:07Z</time>
      </trkpt>
      <trkpt lat="37.74171" lon="-122.44335">
        <ele>99.24</ele>
        <time>2025-01-10T19:10:10Z</time>
      </trkpt>
      <trkpt lat="37.74171" lon="-122.44339">
        <ele>99.68</ele>
        <time>2025-01-10T19:10:13Z</time>
      </trkpt>
      <trkpt lat="37.74172" lon="-122.44344">
        <ele>100.06</ele>
        <time>2025-01-10T19:10:16Z</time>
      </trkpt>
      <trkpt lat="37.74172" lon="-122.44348">
        <ele>100.68</ele>
        <time>2025-01-10T19:10:19Z</time>
      </trkpt>
      <trkpt lat="37.74174" lon="-122.44353">
        <ele>100.65</ele>
        <time>2025-01-10T19:10:22Z</time>
      </trkpt>
      <trkpt lat="37.74175" lon="-122.44357">
        <ele>100.36</ele>
        <time>2025-01-10T19:10:24Z</time>
      </trkpt>
      <trkpt lat="37.74176" lon="-122.44361">
        <ele>100.0</ele>
        <time>2025-01-10T19:10:26Z</time>
      </trkpt>
      <trkpt lat="37.74177" lon="-122.44365">
        <ele>100.05</ele>
        <time>2025-01-10T19:10:28Z</time>
      </trkpt>
      <trkpt lat="37.74176" lon="-122.44369">
        <ele>100.01</ele>
        <time>2025-01-10T19:10:30Z</time>
      </trkpt>
      <trkpt lat="37.74176" lon="-122.44374">
        <ele>100.4</ele>
        <time>2025-01-10T19:10:33Z</time>
      </trkpt>
      <trkpt lat="37.74177" lon="-122.44379">
        <ele>100.94</ele>
        <time>2025-01-10T19:10:36Z</time>
      </trkpt>
      <trkpt lat="37.74178" lon="-122.44383">
        <ele>101.36</ele>
        <time>2025-01-10T19:10:39Z</time>
      </trkpt>
      <trkpt lat="37.74181" lon="-122.44386">
        <ele>101.69</ele>
        <time>2025-01-10T19:10:42Z</time>
      </trkpt>
      <trkpt lat="37.74183" lon="-122.4439">
        <ele>102.06</ele>
        <time>2025-01-10T19:10:45Z</time>
      </trkpt>
      <trkpt lat="37.74185" lon="-122.44394">
        <ele>102.02</ele>
        <time>2025-01-10T19:10:48Z</time>
      </trkpt>
      <trkpt lat="37.74188" lon="-122.44396">
        <ele>102.45</ele>
        <time>2025-01-10T19:10:51Z</time>
      </trkpt>
      <trkpt lat="37.7419" lon="-122.444">
        <ele>102.52</ele>
        <time>2025-01-10T19:10:54Z</time>
      </trkpt>
      <trkpt lat="37.74191" lon="-122.44404">
        <ele>102.63</ele>
        <time>2025-01-10T19:10:57Z</time>
      </trkpt>
      <trkpt lat="37.74191" lon="-122.44409">
        <ele>102.65</ele>
        <time>2025-01-10T19:11:00Z</time>
      </trkpt>
      <trkpt lat="37.74192" lon="-122.44413">
        <ele>102.61</ele>
        <time>2025-01-10T19:11:02Z</time>
      </trkpt>
      <trkpt lat="37.74194" lon="-122.44415">
        <ele>102.25</ele>
        <time>2025-01-10T19:11:05Z</time>
      </trkpt>
      <trkpt lat="37.74197" lon="-122.44416">
        <ele>102.6</ele>
        <time>2025-01-10T19:11:09Z</time>
      </trkpt>
      <trkpt lat="37.742" lon="-122.44414">
        <ele>103.32</ele>
        <time>2025-01-10T19:11:13Z</time>
      </trkpt>
      <trkpt lat="37.74201" lon="-122.44411">
        <ele>103.59</ele>
        <time>2025-01-10T19:11:19Z</time>
      </trkpt>
      <trkpt lat="37.742" lon="-122.44407">
        <ele>103.68</ele>
        <time>2025-01-10T19:11:21Z</time>
      </trkpt>
      <trkpt lat="37.74204" lon="-122.44408">
        <ele>104.15</ele>
        <time>2025-01-10T19:11:33Z</time>
      </trkpt>
      <trkpt lat="37.74206" lon="-122.4441">
        <ele>105.03</ele>
        <time>2025-01-10T19:11:36Z</time>
      </trkpt>
      <trkpt lat="37.74209" lon="-122.44413">
        <ele>105.82</ele>
        <time>2025-01-10T19:11:40Z</time>
      </trkpt>
      <trkpt lat="37.74211" lon="-122.44416">
        <ele>105.75</ele>
        <time>2025-01-10T19:11:43Z</time>
      </trkpt>
      <trkpt lat="37.74214" lon="-122.44419">
        <ele>106.64</ele>
        <time>2025-01-10T19:11:46Z</time>
      </trkpt>
      <trkpt lat="37.74216" lon="-122.44421">
        <ele>107.47</ele>
        <time>2025-01-10T19:11:48Z</time>
      </trkpt>
      <trkpt lat="37.74219" lon="-122.44423">
        <ele>108.4</ele>
        <time>2025-01-10T19:11:51Z</time>
      </trkpt>
      <trkpt lat="37.74221" lon="-122.44425">
        <ele>108.81</ele>
        <time>2025-01-10T19:11:54Z</time>
      </trkpt>
      <trkpt lat="37.74223" lon="-122.44429">
        <ele>108.31</ele>
        <time>2025-01-10T19:11:57Z</time>
      </trkpt>
      <trkpt lat="37.74224" lon="-122.44432">
        <ele>107.86</ele>
        <time>2025-01-10T19:12:00Z</time>
      </trkpt>
      <trkpt lat="37.74225" lon="-122.44436">
        <ele>107.45</ele>
        <time>2025-01-10T19:12:03Z</time>
      </trkpt>
      <trkpt lat="37.74226" lon="-122.4444">
        <ele>107.62</ele>
        <time>2025-01-10T19:12:06Z</time>
      </trkpt>
      <trkpt lat="37.74228" lon="-122.44445">
        <ele>107.84</ele>
        <time>2025-01-10T19:12:09Z</time>
      </trkpt>
      <trkpt lat="37.74231" lon="-122.44447">
        <ele>108.35</ele>
        <time>2025-01-10T19:12:14Z</time>
      </trkpt>
      <trkpt lat="37.74233" lon="-122.4445">
        <ele>108.46</ele>
        <time>2025-01-10T19:12:16Z</time>
      </trkpt>
      <trkpt lat="37.74235" lon="-122.44453">
        <ele>108.67</ele>
        <time>2025-01-10T19:12:18Z</time>
      </trkpt>
      <trkpt lat="37.74236" lon="-122.44458">
        <ele>108.74</ele>
        <time>2025-01-10T19:12:21Z</time>
      </trkpt>
      <trkpt lat="37.74239" lon="-122.44461">
        <ele>109.12</ele>
        <time>2025-01-10T19:12:24Z</time>
      </trkpt>
      <trkpt lat="37.74242" lon="-122.44464">
        <ele>109.65</ele>
        <time>2025-01-10T19:12:27Z</time>
      </trkpt>
      <trkpt lat="37.74244" lon="-122.44467">
        <ele>110.45</ele>
        <time>2025-01-10T19:12:29Z</time>
      </trkpt>
      <trkpt lat="37.74245" lon="-122.44471">
        <ele>110.5</ele>
        <time>2025-01-10T19:12:32Z</time>
      </trkpt>
      <trkpt lat="37.74247" lon="-122.44475">
        <ele>110.62</ele>
        <time>2025-01-10T19:12:35Z</time>
      </trkpt>
      <trkpt lat="37.7425" lon="-122.44478">
        <ele>110.75</ele>
        <time>2025-01-10T19:12:38Z</time>
      </trkpt>
      <trkpt lat="37.74251" lon="-122.44481">
        <ele>110.64</ele>
        <time>2025-01-10T19:12:40Z</time>
      </trkpt>
      <trkpt lat="37.74253" lon="-122.44484">
        <ele>111.72</ele>
        <time>2025-01-10T19:12:42Z</time>
      </trkpt>
      <trkpt lat="37.74254" lon="-122.44487">
        <ele>112.24</ele>
        <time>2025-01-10T19:12:44Z</time>
      </trkpt>
      <trkpt lat="37.74256" lon="-122.44491">
        <ele>112.88</ele>
        <time>2025-01-10T19:12:47Z</time>
      </trkpt>
      <trkpt lat="37.74257" lon="-122.44495">
        <ele>111.99</ele>
        <time>2025-01-10T19:12:49Z</time>
      </trkpt>
      <trkpt lat="37.74258" lon="-122.44498">
        <ele>110.99</ele>
        <time>2025-01-10T19:12:51Z</time>
      </trkpt>
      <trkpt lat="37.7426" lon="-122.44502">
        <ele>110.65</ele>
        <time>2025-01-10T19:12:53Z</time>
      </trkpt>
      <trkpt lat="37.74261" lon="-122.44505">
        <ele>111.29</ele>
        <time>2025-01-10T19:12:55Z</time>
      </trkpt>
      <trkpt lat="37.74263" lon="-122.44508">
        <ele>112.24</ele>
        <time>2025-01-10T19:12:58Z</time>
      </trkpt>
      <trkpt lat="37.74265" lon="-122.44511">
        <ele>112.89</ele>
        <time>2025-01-10T19:13:01Z</time>
      </trkpt>
      <trkpt lat="37.74266" lon="-122.44516">
        <ele>112.45</ele>
        <time>2025-01-10T19:13:05Z</time>
      </trkpt>
      <trkpt lat="37.74268" lon="-122.44519">
        <ele>112.05</ele>
        <time>2025-01-10T19:13:09Z</time>
      </trkpt>
      <trkpt lat="37.74271" lon="-122.44522">
        <ele>113.31</ele>
        <time>2025-01-10T19:13:13Z</time>
      </trkpt>
      <trkpt lat="37.74275" lon="-122.44523">
        <ele>114.63</ele>
        <time>2025-01-10T19:13:15Z</time>
      </trkpt>
      <trkpt lat="37.74277" lon="-122.44526">
        <ele>114.43</ele>
        <time>2025-01-10T19:13:18Z</time>
      </trkpt>
      <trkpt lat="37.74279" lon="-122.4453">
        <ele>114.46</ele>
        <time>2025-01-10T19:13:21Z</time>
      </trkpt>
      <trkpt lat="37.74281" lon="-122.44533">
        <ele>115.0</ele>
        <time>2025-01-10T19:13:25Z</time>
      </trkpt>
      <trkpt lat="37.74284" lon="-122.44534">
        <ele>115.78</ele>
        <time>2025-01-10T19:13:28Z</time>
      </trkpt>
      <trkpt lat="37.74286" lon="-122.44537">
        <ele>115.78</ele>
        <time>2025-01-10T19:13:30Z</time>
      </trkpt>
      <trkpt lat="37.74289" lon="-122.4454">
        <ele>116.25</ele>
        <time>2025-01-10T19:13:33Z</time>
      </trkpt>
      <trkpt lat="37.74291" lon="-122.44544">
        <ele>116.21</ele>
        <time>2025-01-10T19:13:36Z</time>
      </trkpt>
      <trkpt lat="37.74294" lon="-122.44547">
        <ele>116.5</ele>
        <time>2025-01-10T19:13:39Z</time>
      </trkpt>
      <trkpt lat="37.74297" lon="-122.44549">
        <ele>117.21</ele>
        <time>2025-01-10T19:13:42Z</time>
      </trkpt>
      <trkpt lat="37.743" lon="-122.44551">
        <ele>118.0</ele>
        <time>2025-01-10T19:13:45Z</time>
      </trkpt>
      <trkpt lat="37.74303" lon="-122.44552">
        <ele>118.73</ele>
        <time>2025-01-10T19:13:48Z</time>
      </trkpt>
      <trkpt lat="37.74305" lon="-122.44555">
        <ele>118.94</ele>
        <time>2025-01-10T19:13:51Z</time>
      </trkpt>
      <trkpt lat="37.74302" lon="-122.44552">
        <ele>118.47</ele>
        <time>2025-01-10T19:14:02Z</time>
      </trkpt>
      <trkpt lat="37.74301" lon="-122.44547">
        <ele>118.49</ele>
        <time>2025-01-10T19:14:05Z</time>
      </trkpt>
      <trkpt lat="37.74299" lon="-122.44544">
        <ele>118.3</ele>
        <time>2025-01-10T19:14:08Z</time>
      </trkpt>
      <trkpt lat="37.74299" lon="-122.44539">
        <ele>119.22</ele>
        <time>2025-01-10T19:14:11Z</time>
      </trkpt>
      <trkpt lat="37.74299" lon="-122.44534">
        <ele>120.01</ele>
        <time>2025-01-10T19:14:14Z</time>
      </trkpt>
      <trkpt lat="37.74303" lon="-122.44534">
        <ele>121.01</ele>
        <time>2025-01-10T19:14:18Z</time>
      </trkpt>
      <trkpt lat="37.74305" lon="-122.44536">
        <ele>121.1</ele>
        <time>2025-01-10T19:14:20Z</time>
      </trkpt>
      <trkpt lat="37.74307" lon="-122.44539">
        <ele>121.26</ele>
        <time>2025-01-10T19:14:23Z</time>
      </trkpt>
      <trkpt lat="37.7431" lon="-122.44542">
        <ele>121.9</ele>
        <time>2025-01-10T19:14:26Z</time>
      </trkpt>
      <trkpt lat="37.74313" lon="-122.44545">
        <ele>122.55</ele>
        <time>2025-01-10T19:14:29Z</time>
      </trkpt>
      <trkpt lat="37.74315" lon="-122.44548">
        <ele>122.88</ele>
        <time>2025-01-10T19:14:34Z</time>
      </trkpt>
      <trkpt lat="37.74318" lon="-122.4455">
        <ele>123.63</ele>
        <time>2025-01-10T19:14:37Z</time>
      </trkpt>
      <trkpt lat="37.7432" lon="-122.44553">
        <ele>123.96</ele>
        <time>2025-01-10T19:14:40Z</time>
      </trkpt>
      <trkpt lat="37.74323" lon="-122.44556">
        <ele>124.57</ele>
        <time>2025-01-10T19:14:43Z</time>
      </trkpt>
      <trkpt lat="37.74325" lon="-122.44559">
        <ele>124.59</ele>
        <time>2025-01-10T19:14:46Z</time>
      </trkpt>
      <trkpt lat="37.74328" lon="-122.44562">
        <ele>125.18</ele>
        <time>2025-01-10T19:14:49Z</time>
      </trkpt>
      <trkpt lat="37.74331" lon="-122.44565">
        <ele>125.96</ele>
        <time>2025-01-10T19:14:52Z</time>
      </trkpt>
      <trkpt lat="37.74334" lon="-122.44568">
        <ele>126.53</ele>
        <time>2025-01-10T19:14:55Z</time>
      </trkpt>
      <trkpt lat="37.74337" lon="-122.44571">
        <ele>126.85</ele>
        <time>2025-01-10T19:14:58Z</time>
      </trkpt>
      <trkpt lat="37.7434" lon="-122.44574">
        <ele>127.18</ele>
        <time>2025-01-10T19:15:01Z</time>
      </trkpt>
      <trkpt lat="37.74343" lon="-122.44577">
        <ele>127.83</ele>
        <time>2025-01-10T19:15:04Z</time>
      </trkpt>
      <trkpt lat="37.74346" lon="-122.4458">
        <ele>128.36</ele>
        <time>2025-01-10T19:15:07Z</time>
      </trkpt>
      <trkpt lat="37.74349" lon="-122.44583">
        <ele>128.47</ele>
        <time>2025-01-10T19:15:10Z</time>
      </trkpt>
      <trkpt lat="37.74351" lon="-122.44585">
        <ele>128.44</ele>
        <time>2025-01-10T19:15:13Z</time>
      </trkpt>
      <trkpt lat="37.74354" lon="-122.44587">
        <ele>129.04</ele>
        <time>2025-01-10T19:15:16Z</time>
      </trkpt>
      <trkpt lat="37.74357" lon="-122.44589">
        <ele>129.66</ele>
        <time>2025-01-10T19:15:19Z</time>
      </trkpt>
      <trkpt lat="37.74361" lon="-122.44589">
        <ele>131.12</ele>
        <time>2025-01-10T19:15:22Z</time>
      </trkpt>
      <trkpt lat="37.74364" lon="-122.44591">
        <ele>130.88</ele>
        <time>2025-01-10T19:15:25Z</time>
      </trkpt>
      <trkpt lat="37.74367" lon="-122.44592">
        <ele>130.87</ele>
        <time>2025-01-10T19:15:28Z</time>
      </trkpt>
      <trkpt lat="37.7437" lon="-122.44594">
        <ele>130.8</ele>
        <time>2025-01-10T19:15:30Z</time>
      </trkpt>
      <trkpt lat="37.74372" lon="-122.44595">
        <ele>131.05</ele>
        <time>2025-01-10T19:15:33Z</time>
      </trkpt>
      <trkpt lat="37.74375" lon="-122.44595">
        <ele>131.61</ele>
        <time>2025-01-10T19:15:42Z</time>
      </trkpt>
      <trkpt lat="37.74378" lon="-122.44594">
        <ele>132.37</ele>
        <time>2025-01-10T19:15:46Z</time>
      </trkpt>
      <trkpt lat="37.74377" lon="-122.44597">
        <ele>131.62</ele>
        <time>2025-01-10T19:15:52Z</time>
      </trkpt>
      <trkpt lat="37.74377" lon="-122.44602">
        <ele>130.68</ele>
        <time>2025-01-10T19:15:56Z</time>
      </trkpt>
      <trkpt lat="37.74378" lon="-122.44605">
        <ele>130.14</ele>
        <time>2025-01-10T19:15:58Z</time>
      </trkpt>
      <trkpt lat="37.7438" lon="-122.4461">
        <ele>129.28</ele>
        <time>2025-01-10T19:16:01Z</time>
      </trkpt>
      <trkpt lat="37.74383" lon="-122.44611">
        <ele>129.39</ele>
        <time>2025-01-10T19:16:03Z</time>
      </trkpt>
      <trkpt lat="37.74386" lon="-122.44614">
        <ele>129.16</ele>
        <time>2025-01-10T19:16:05Z</time>
      </trkpt>
      <trkpt lat="37.74388" lon="-122.44616">
        <ele>128.9</ele>
        <time>2025-01-10T19:16:07Z</time>
      </trkpt>
      <trkpt lat="37.7439" lon="-122.4462">
        <ele>128.32</ele>
        <time>2025-01-10T19:16:10Z</time>
      </trkpt>
      <trkpt lat="37.74392" lon="-122.44624">
        <ele>128.8</ele>
        <time>2025-01-10T19:16:13Z</time>
      </trkpt>
      <trkpt lat="37.74395" lon="-122.44627">
        <ele>129.09</ele>
        <time>2025-01-10T19:16:16Z</time>
      </trkpt>
      <trkpt lat="37.74397" lon="-122.44631">
        <ele>129.33</ele>
        <time>2025-01-10T19:16:19Z</time>
      </trkpt>
      <trkpt lat="37.74399" lon="-122.44635">
        <ele>130.21</ele>
        <time>2025-01-10T19:16:22Z</time>
      </trkpt>
      <trkpt lat="37.744" lon="-122.44638">
        <ele>130.99</ele>
        <time>2025-01-10T19:16:26Z</time>
      </trkpt>
      <trkpt lat="37.74403" lon="-122.4464">
        <ele>131.71</ele>
        <time>2025-01-10T19:16:32Z</time>
      </trkpt>
      <trkpt lat="37.74407" lon="-122.44641">
        <ele>132.4</ele>
        <time>2025-01-10T19:16:38Z</time>
      </trkpt>
      <trkpt lat="37.74409" lon="-122.44642">
        <ele>132.67</ele>
        <time>2025-01-10T19:16:41Z</time>
      </trkpt>
      <trkpt lat="37.74412" lon="-122.44644">
        <ele>133.1</ele>
        <time>2025-01-10T19:16:44Z</time>
      </trkpt>
      <trkpt lat="37.74415" lon="-122.44645">
        <ele>133.32</ele>
        <time>2025-01-10T19:16:47Z</time>
      </trkpt>
      <trkpt lat="37.74418" lon="-122.44647">
        <ele>133.91</ele>
        <time>2025-01-10T19:16:50Z</time>
      </trkpt>
      <trkpt lat="37.74421" lon="-122.44649">
        <ele>134.57</ele>
        <time>2025-01-10T19:16:53Z</time>
      </trkpt>
      <trkpt lat="37.74424" lon="-122.44651">
        <ele>134.92</ele>
        <time>2025-01-10T19:16:57Z</time>
      </trkpt>
      <trkpt lat="37.74426" lon="-122.44654">
        <ele>135.01</ele>
        <time>2025-01-10T19:17:00Z</time>
      </trkpt>
      <trkpt lat="37.74429" lon="-122.44656">
        <ele>135.28</ele>
        <time>2025-01-10T19:17:03Z</time>
      </trkpt>
      <trkpt lat="37.74432" lon="-122.44657">
        <ele>135.63</ele>
        <time>2025-01-10T19:17:06Z</time>
      </trkpt>
      <trkpt lat="37.74434" lon="-122.44659">
        <ele>136.41</ele>
        <time>2025-01-10T19:17:09Z</time>
      </trkpt>
      <trkpt lat="37.74437" lon="-122.4466">
        <ele>136.73</ele>
        <time>2025-01-10T19:17:12Z</time>
      </trkpt>
      <trkpt lat="37.7444" lon="-122.4466">
        <ele>136.55</ele>
        <time>2025-01-10T19:17:15Z</time>
      </trkpt>
      <trkpt lat="37.74444" lon="-122.44661">
        <ele>136.43</ele>
        <time>2025-01-10T19:17:18Z</time>
      </trkpt>
      <trkpt lat="37.74448" lon="-122.44661">
        <ele>136.62</ele>
        <time>2025-01-10T19:17:21Z</time>
      </trkpt>
      <trkpt lat="37.74451" lon="-122.44662">
        <ele>136.85</ele>
        <time>2025-01-10T19:17:24Z</time>
      </trkpt>
      <trkpt lat="37.74454" lon="-122.44662">
        <ele>137.08</ele>
        <time>2025-01-10T19:17:28Z</time>
      </trkpt>
      <trkpt lat="37.74458" lon="-122.44663">
        <ele>138.21</ele>
        <time>2025-01-10T19:17:31Z</time>
      </trkpt>
      <trkpt lat="37.74461" lon="-122.44663">
        <ele>139.05</ele>
        <time>2025-01-10T19:17:33Z</time>
      </trkpt>
      <trkpt lat="37.74464" lon="-122.44664">
        <ele>139.71</ele>
        <time>2025-01-10T19:17:36Z</time>
      </trkpt>
      <trkpt lat="37.74468" lon="-122.44665">
        <ele>139.82</ele>
        <time>2025-01-10T19:17:39Z</time>
      </trkpt>
      <trkpt lat="37.74471" lon="-122.44666">
        <ele>139.93</ele>
        <time>2025-01-10T19:17:42Z</time>
      </trkpt>
      <trkpt lat="37.74475" lon="-122.44668">
        <ele>140.05</ele>
        <time>2025-01-10T19:17:45Z</time>
      </trkpt>
      <trkpt lat="37.74477" lon="-122.44669">
        <ele>139.98</ele>
        <time>2025-01-10T19:17:47Z</time>
      </trkpt>
      <trkpt lat="37.74481" lon="-122.44672">
        <ele>139.69</ele>
        <time>2025-01-10T19:17:50Z</time>
      </trkpt>
      <trkpt lat="37.74483" lon="-122.44673">
        <ele>139.68</ele>
        <time>2025-01-10T19:17:52Z</time>
      </trkpt>
      <trkpt lat="37.74486" lon="-122.44675">
        <ele>139.9</ele>
        <time>2025-01-10T19:17:54Z</time>
      </trkpt>
      <trkpt lat="37.74489" lon="-122.44676">
        <ele>140.02</ele>
        <time>2025-01-10T19:17:57Z</time>
      </trkpt>
      <trkpt lat="37.74492" lon="-122.44678">
        <ele>140.55</ele>
        <time>2025-01-10T19:18:00Z</time>
      </trkpt>
      <trkpt lat="37.74495" lon="-122.44681">
        <ele>141.3</ele>
        <time>2025-01-10T19:18:03Z</time>
      </trkpt>
      <trkpt lat="37.74497" lon="-122.44684">
        <ele>141.83</ele>
        <time>2025-01-10T19:18:05Z</time>
      </trkpt>
      <trkpt lat="37.74499" lon="-122.44685">
        <ele>141.98</ele>
        <time>2025-01-10T19:18:07Z</time>
      </trkpt>
      <trkpt lat="37.74502" lon="-122.44687">
        <ele>142.74</ele>
        <time>2025-01-10T19:18:10Z</time>
      </trkpt>
      <trkpt lat="37.74506" lon="-122.44688">
        <ele>143.51</ele>
        <time>2025-01-10T19:18:13Z</time>
      </trkpt>
      <trkpt lat="37.74508" lon="-122.4469">
        <ele>143.87</ele>
        <time>2025-01-10T19:18:16Z</time>
      </trkpt>
      <trkpt lat="37.74511" lon="-122.44691">
        <ele>144.24</ele>
        <time>2025-01-10T19:18:20Z</time>
      </trkpt>
      <trkpt lat="37.74515" lon="-122.44691">
        <ele>144.78</ele>
        <time>2025-01-10T19:18:24Z</time>
      </trkpt>
      <trkpt lat="37.74518" lon="-122.44692">
        <ele>145.39</ele>
        <time>2025-01-10T19:18:27Z</time>
      </trkpt>
      <trkpt lat="37.74521" lon="-122.44695">
        <ele>146.06</ele>
        <time>2025-01-10T19:18:30Z</time>
      </trkpt>
      <trkpt lat="37.74523" lon="-122.44697">
        <ele>146.28</ele>
        <time>2025-01-10T19:18:33Z</time>
      </trkpt>
      <trkpt lat="37.74526" lon="-122.447">
        <ele>146.6</ele>
        <time>2025-01-10T19:18:36Z</time>
      </trkpt>
      <trkpt lat="37.74528" lon="-122.44703">
        <ele>146.93</ele>
        <time>2025-01-10T19:18:39Z</time>
      </trkpt>
      <trkpt lat="37.74529" lon="-122.44706">
        <ele>147.46</ele>
        <time>2025-01-10T19:18:41Z</time>
      </trkpt>
      <trkpt lat="37.74531" lon="-122.4471">
        <ele>148.12</ele>
        <time>2025-01-10T19:18:44Z</time>
      </trkpt>
      <trkpt lat="37.74533" lon="-122.44712">
        <ele>148.29</ele>
        <time>2025-01-10T19:18:47Z</time>
      </trkpt>
      <trkpt lat="37.74536" lon="-122.44714">
        <ele>148.31</ele>
        <time>2025-01-10T19:18:50Z</time>
      </trkpt>
      <trkpt lat="37.74539" lon="-122.44716">
        <ele>148.73</ele>
        <time>2025-01-10T19:18:54Z</time>
      </trkpt>
      <trkpt lat="37.74542" lon="-122.44718">
        <ele>149.38</ele>
        <time>2025-01-10T19:18:57Z</time>
      </trkpt>
      <trkpt lat="37.74545" lon="-122.4472">
        <ele>150.17</ele>
        <time>2025-01-10T19:19:00Z</time>
      </trkpt>
      <trkpt lat="37.74548" lon="-122.44723">
        <ele>150.58</ele>
        <time>2025-01-10T19:19:03Z</time>
      </trkpt>
      <trkpt lat="37.7455" lon="-122.44726">
        <ele>150.12</ele>
        <time>2025-01-10T19:19:06Z</time>
      </trkpt>
      <trkpt lat="37.74553" lon="-122.44729">
        <ele>149.88</ele>
        <time>2025-01-10T19:19:09Z</time>
      </trkpt>
      <trkpt lat="37.74555" lon="-122.44732">
        <ele>150.11</ele>
        <time>2025-01-10T19:19:12Z</time>
      </trkpt>
      <trkpt lat="37.74556" lon="-122.44735">
        <ele>150.73</ele>
        <time>2025-01-10T19:19:15Z</time>
      </trkpt>
      <trkpt lat="37.74557" lon="-122.44738">
        <ele>151.36</ele>
        <time>2025-01-10T19:19:18Z</time>
      </trkpt>
      <trkpt lat="37.74558" lon="-122.44742">
        <ele>152.34</ele>
        <time>2025-01-10T19:19:21Z</time>
      </trkpt>
      <trkpt lat="37.74557" lon="-122.44747">
        <ele>153.56</ele>
        <time>2025-01-10T19:19:24Z</time>
      </trkpt>
      <trkpt lat="37.74556" lon="-122.4475">
        <ele>154.1</ele>
        <time>2025-01-10T19:19:26Z</time>
      </trkpt>
      <trkpt lat="37.74555" lon="-122.44754">
        <ele>154.17</ele>
        <time>2025-01-10T19:19:29Z</time>
      </trkpt>
      <trkpt lat="37.74555" lon="-122.44759">
        <ele>154.67</ele>
        <time>2025-01-10T19:19:32Z</time>
      </trkpt>
      <trkpt lat="37.74555" lon="-122.44762">
        <ele>154.7</ele>
        <time>2025-01-10T19:19:37Z</time>
      </trkpt>
      <trkpt lat="37.74558" lon="-122.44761">
        <ele>155.58</ele>
        <time>2025-01-10T19:19:47Z</time>
      </trkpt>
      <trkpt lat="37.7456" lon="-122.44759">
        <ele>155.93</ele>
        <time>2025-01-10T19:19:50Z</time>
      </trkpt>
      <trkpt lat="37.74562" lon="-122.44755">
        <ele>155.93</ele>
        <time>2025-01-10T19:19:53Z</time>
      </trkpt>
      <trkpt lat="37.74564" lon="-122.44752">
        <ele>156.04</ele>
        <time>2025-01-10T19:19:57Z</time>
      </trkpt>
      <trkpt lat="37.74567" lon="-122.44752">
        <ele>156.6</ele>
        <time>2025-01-10T19:20:03Z</time>
      </trkpt>
      <trkpt lat="37.74568" lon="-122.44757">
        <ele>157.88</ele>
        <time>2025-01-10T19:20:07Z</time>
      </trkpt>
      <trkpt lat="37.74568" lon="-122.44762">
        <ele>158.77</ele>
        <time>2025-01-10T19:20:10Z</time>
      </trkpt>
      <trkpt lat="37.74568" lon="-122.44766">
        <ele>159.35</ele>
        <time>2025-01-10T19:20:14Z</time>
      </trkpt>
      <trkpt lat="37.74568" lon="-122.4477">
        <ele>159.82</ele>
        <time>2025-01-10T19:20:17Z</time>
      </trkpt>
      <trkpt lat="37.74569" lon="-122.44774">
        <ele>160.58</ele>
        <time>2025-01-10T19:20:20Z</time>
      </trkpt>
      <trkpt lat="37.74571" lon="-122.44776">
        <ele>161.61</ele>
        <time>2025-01-10T19:20:25Z</time>
      </trkpt>
      <trkpt lat="37.74574" lon="-122.44773">
        <ele>162.96</ele>
        <time>2025-01-10T19:20:30Z</time>
      </trkpt>
      <trkpt lat="37.74575" lon="-122.44769">
        <ele>163.4</ele>
        <time>2025-01-10T19:20:33Z</time>
      </trkpt>
      <trkpt lat="37.74577" lon="-122.44766">
        <ele>163.55</ele>
        <time>2025-01-10T19:20:37Z</time>
      </trkpt>
      <trkpt lat="37.74579" lon="-122.44763">
        <ele>163.3</ele>
        <time>2025-01-10T19:20:41Z</time>
      </trkpt>
      <trkpt lat="37.74582" lon="-122.44761">
        <ele>163.41</ele>
        <time>2025-01-10T19:20:45Z</time>
      </trkpt>
      <trkpt lat="37.74585" lon="-122.44759">
        <ele>163.65</ele>
        <time>2025-01-10T19:20:48Z</time>
      </trkpt>
      <trkpt lat="37.74588" lon="-122.44758">
        <ele>164.75</ele>
        <time>2025-01-10T19:20:51Z</time>
      </trkpt>
      <trkpt lat="37.7459" lon="-122.44756">
        <ele>165.33</ele>
        <time>2025-01-10T19:20:54Z</time>
      </trkpt>
      <trkpt lat="37.74594" lon="-122.44756">
        <ele>166.7</ele>
        <time>2025-01-10T19:20:57Z</time>
      </trkpt>
      <trkpt lat="37.74598" lon="-122.44757">
        <ele>166.9</ele>
        <time>2025-01-10T19:21:00Z</time>
      </trkpt>
      <trkpt lat="37.74601" lon="-122.44759">
        <ele>167.0</ele>
        <time>2025-01-10T19:21:03Z</time>
      </trkpt>
      <trkpt lat="37.74603" lon="-122.44761">
        <ele>167.12</ele>
        <time>2025-01-10T19:21:06Z</time>
      </trkpt>
      <trkpt lat="37.74606" lon="-122.44763">
        <ele>167.45</ele>
        <time>2025-01-10T19:21:09Z</time>
      </trkpt>
      <trkpt lat="37.74612" lon="-122.44763">
        <ele>168.0</ele>
        <time>2025-01-10T19:21:12Z</time>
      </trkpt>
      <trkpt lat="37.74615" lon="-122.44762">
        <ele>168.0</ele>
        <time>2025-01-10T19:21:16Z</time>
      </trkpt>
      <trkpt lat="37.74618" lon="-122.44763">
        <ele>168.0</ele>
        <time>2025-01-10T19:21:20Z</time>
      </trkpt>
      <trkpt lat="37.7462" lon="-122.44765">
        <ele>168.0</ele>
        <time>2025-01-10T19:21:22Z</time>
      </trkpt>
      <trkpt lat="37.74623" lon="-122.44766">
        <ele>168.0</ele>
        <time>2025-01-10T19:21:24Z</time>
      </trkpt>
      <trkpt lat="37.74626" lon="-122.44768">
        <ele>168.0</ele>
        <time>2025-01-10T19:21:27Z</time>
      </trkpt>
      <trkpt lat="37.74628" lon="-122.44771">
        <ele>168.22</ele>
        <time>2025-01-10T19:21:29Z</time>
      </trkpt>
      <trkpt lat="37.7463" lon="-122.44774">
        <ele>168.61</ele>
        <time>2025-01-10T19:21:31Z</time>
      </trkpt>
      <trkpt lat="37.74632" lon="-122.44777">
        <ele>168.94</ele>
        <time>2025-01-10T19:21:34Z</time>
      </trkpt>
      <trkpt lat="37.74633" lon="-122.44781">
        <ele>169.0</ele>
        <time>2025-01-10T19:21:37Z</time>
      </trkpt>
      <trkpt lat="37.74633" lon="-122.44785">
        <ele>169.0</ele>
        <time>2025-01-10T19:21:40Z</time>
      </trkpt>
      <trkpt lat="37.74636" lon="-122.44782">
        <ele>169.0</ele>
        <time>2025-01-10T19:21:59Z</time>
      </trkpt>
      <trkpt lat="37.74641" lon="-122.44784">
        <ele>169.0</ele>
        <time>2025-01-10T19:22:34Z</time>
      </trkpt>
      <trkpt lat="37.74645" lon="-122.44787">
        <ele>169.0</ele>
        <time>2025-01-10T19:22:38Z</time>
      </trkpt>
      <trkpt lat="37.74649" lon="-122.44789">
        <ele>169.0</ele>
        <time>2025-01-10T19:22:41Z</time>
      </trkpt>
      <trkpt lat="37.74653" lon="-122.44792">
        <ele>169.0</ele>
        <time>2025-01-10T19:22:44Z</time>
      </trkpt>
      <trkpt lat="37.74657" lon="-122.44794">
        <ele>169.0</ele>
        <time>2025-01-10T19:22:47Z</time>
      </trkpt>
      <trkpt lat="37.7466" lon="-122.44795">
        <ele>169.0</ele>
        <time>2025-01-10T19:22:49Z</time>
      </trkpt>
      <trkpt lat="37.74663" lon="-122.44795">
        <ele>169.0</ele>
        <time>2025-01-10T19:22:51Z</time>
      </trkpt>
      <trkpt lat="37.74667" lon="-122.44796">
        <ele>169.0</ele>
        <time>2025-01-10T19:22:54Z</time>
      </trkpt>
      <trkpt lat="37.74671" lon="-122.44797">
        <ele>169.08</ele>
        <time>2025-01-10T19:22:57Z</time>
      </trkpt>
      <trkpt lat="37.74674" lon="-122.44798">
        <ele>169.18</ele>
        <time>2025-01-10T19:23:00Z</time>
      </trkpt>
      <trkpt lat="37.74678" lon="-122.448">
        <ele>169.53</ele>
        <time>2025-01-10T19:23:03Z</time>
      </trkpt>
      <trkpt lat="37.74681" lon="-122.44801">
        <ele>169.78</ele>
        <time>2025-01-10T19:23:06Z</time>
      </trkpt>
      <trkpt lat="37.74685" lon="-122.44801">
        <ele>169.99</ele>
        <time>2025-01-10T19:23:09Z</time>
      </trkpt>
      <trkpt lat="37.74688" lon="-122.44803">
        <ele>170.0</ele>
        <time>2025-01-10T19:23:12Z</time>
      </trkpt>
      <trkpt lat="37.74686" lon="-122.44806">
        <ele>170.0</ele>
        <time>2025-01-10T19:23:18Z</time>
      </trkpt>
      <trkpt lat="37.74685" lon="-122.4481">
        <ele>170.0</ele>
        <time>2025-01-10T19:23:20Z</time>
      </trkpt>
      <trkpt lat="37.74683" lon="-122.44813">
        <ele>170.0</ele>
        <time>2025-01-10T19:23:22Z</time>
      </trkpt>
      <trkpt lat="37.74681" lon="-122.44816">
        <ele>170.13</ele>
        <time>2025-01-10T19:23:24Z</time>
      </trkpt>
      <trkpt lat="37.74679" lon="-122.44819">
        <ele>170.45</ele>
        <time>2025-01-10T19:23:26Z</time>
      </trkpt>
      <trkpt lat="37.74677" lon="-122.44823">
        <ele>170.88</ele>
        <time>2025-01-10T19:23:28Z</time>
      </trkpt>
      <trkpt lat="37.74675" lon="-122.44826">
        <ele>171.0</ele>
        <time>2025-01-10T19:23:31Z</time>
      </trkpt>
      <trkpt lat="37.74673" lon="-122.4483">
        <ele>171.0</ele>
        <time>2025-01-10T19:23:34Z</time>
      </trkpt>
      <trkpt lat="37.74672" lon="-122.44834">
        <ele>171.03</ele>
        <time>2025-01-10T19:23:37Z</time>
      </trkpt>
      <trkpt lat="37.74671" lon="-122.44838">
        <ele>171.27</ele>
        <time>2025-01-10T19:23:40Z</time>
      </trkpt>
      <trkpt lat="37.7467" lon="-122.44841">
        <ele>171.53</ele>
        <time>2025-01-10T19:23:42Z</time>
      </trkpt>
      <trkpt lat="37.74669" lon="-122.44846">
        <ele>171.84</ele>
        <time>2025-01-10T19:23:45Z</time>
      </trkpt>
      <trkpt lat="37.74669" lon="-122.44849">
        <ele>171.92</ele>
        <time>2025-01-10T19:23:47Z</time>
      </trkpt>
      <trkpt lat="37.74667" lon="-122.44853">
        <ele>172.01</ele>
        <time>2025-01-10T19:23:50Z</time>
      </trkpt>
      <trkpt lat="37.74666" lon="-122.44857">
        <ele>172.0</ele>
        <time>2025-01-10T19:23:52Z</time>
      </trkpt>
      <trkpt lat="37.74665" lon="-122.44861">
        <ele>172.0</ele>
        <time>2025-01-10T19:23:55Z</time>
      </trkpt>
      <trkpt lat="37.74663" lon="-122.44864">
        <ele>172.12</ele>
        <time>2025-01-10T19:23:58Z</time>
      </trkpt>
      <trkpt lat="37.7466" lon="-122.44868">
        <ele>172.54</ele>
        <time>2025-01-10T19:24:01Z</time>
      </trkpt>
      <trkpt lat="37.74659" lon="-122.44871">
        <ele>172.85</ele>
        <time>2025-01-10T19:24:04Z</time>
      </trkpt>
      <trkpt lat="37.74659" lon="-122.44875">
        <ele>173.0</ele>
        <time>2025-01-10T19:24:08Z</time>
      </trkpt>
      <trkpt lat="37.7466" lon="-122.44879">
        <ele>173.24</ele>
        <time>2025-01-10T19:24:12Z</time>
      </trkpt>
      <trkpt lat="37.7466" lon="-122.44882">
        <ele>173.86</ele>
        <time>2025-01-10T19:24:16Z</time>
      </trkpt>
      <trkpt lat="37.74661" lon="-122.44885">
        <ele>174.77</ele>
        <time>2025-01-10T19:24:21Z</time>
      </trkpt>
      <trkpt lat="37.74662" lon="-122.44889">
        <ele>176.05</ele>
        <time>2025-01-10T19:24:24Z</time>
      </trkpt>
      <trkpt lat="37.74662" lon="-122.44893">
        <ele>178.21</ele>
        <time>2025-01-10T19:24:27Z</time>
      </trkpt>
      <trkpt lat="37.7466" lon="-122.44895">
        <ele>178.86</ele>
        <time>2025-01-10T19:24:40Z</time>
      </trkpt>
      <trkpt lat="37.7466" lon="-122.44899">
        <ele>180.84</ele>
        <time>2025-01-10T19:24:48Z</time>
      </trkpt>
      <trkpt lat="37.74661" lon="-122.44903">
        <ele>182.35</ele>
        <time>2025-01-10T19:24:53Z</time>
      </trkpt>
      <trkpt lat="37.74663" lon="-122.44905">
        <ele>183.43</ele>
        <time>2025-01-10T19:24:58Z</time>
      </trkpt>
      <trkpt lat="37.74665" lon="-122.44908">
        <ele>184.77</ele>
        <time>2025-01-10T19:25:03Z</time>
      </trkpt>
      <trkpt lat="37.74666" lon="-122.44911">
        <ele>185.63</ele>
        <time>2025-01-10T19:25:07Z</time>
      </trkpt>
      <trkpt lat="37.74668" lon="-122.44913">
        <ele>186.58</ele>
        <time>2025-01-10T19:25:16Z</time>
      </trkpt>
      <trkpt lat="37.74671" lon="-122.44915">
        <ele>187.96</ele>
        <time>2025-01-10T19:25:19Z</time>
      </trkpt>
      <trkpt lat="37.74674" lon="-122.44917">
        <ele>189.42</ele>
        <time>2025-01-10T19:25:22Z</time>
      </trkpt>
      <trkpt lat="37.74675" lon="-122.44921">
        <ele>190.21</ele>
        <time>2025-01-10T19:25:26Z</time>
      </trkpt>
      <trkpt lat="37.74677" lon="-122.44924">
        <ele>190.93</ele>
        <time>2025-01-10T19:25:29Z</time>
      </trkpt>
      <trkpt lat="37.74678" lon="-122.44928">
        <ele>191.17</ele>
        <time>2025-01-10T19:25:32Z</time>
      </trkpt>
      <trkpt lat="37.7468" lon="-122.44932">
        <ele>191.15</ele>
        <time>2025-01-10T19:25:35Z</time>
      </trkpt>
      <trkpt lat="37.7468" lon="-122.44936">
        <ele>190.99</ele>
        <time>2025-01-10T19:25:37Z</time>
      </trkpt>
      <trkpt lat="37.7468" lon="-122.4494">
        <ele>190.94</ele>
        <time>2025-01-10T19:25:39Z</time>
      </trkpt>
      <trkpt lat="37.7468" lon="-122.44944">
        <ele>190.89</ele>
        <time>2025-01-10T19:25:41Z</time>
      </trkpt>
      <trkpt lat="37.7468" lon="-122.44949">
        <ele>190.6</ele>
        <time>2025-01-10T19:25:44Z</time>
      </trkpt>
      <trkpt lat="37.74679" lon="-122.44954">
        <ele>189.97</ele>
        <time>2025-01-10T19:25:47Z</time>
      </trkpt>
      <trkpt lat="37.74678" lon="-122.44958">
        <ele>189.46</ele>
        <time>2025-01-10T19:25:49Z</time>
      </trkpt>
      <trkpt lat="37.74676" lon="-122.44961">
        <ele>189.01</ele>
        <time>2025-01-10T19:25:51Z</time>
      </trkpt>
      <trkpt lat="37.74674" lon="-122.44964">
        <ele>189.07</ele>
        <time>2025-01-10T19:25:53Z</time>
      </trkpt>
      <trkpt lat="37.74673" lon="-122.44969">
        <ele>189.24</ele>
        <time>2025-01-10T19:25:56Z</time>
      </trkpt>
      <trkpt lat="37.74673" lon="-122.44972">
        <ele>189.36</ele>
        <time>2025-01-10T19:25:58Z</time>
      </trkpt>
      <trkpt lat="37.74676" lon="-122.44976">
        <ele>190.82</ele>
        <time>2025-01-10T19:26:01Z</time>
      </trkpt>
      <trkpt lat="37.74678" lon="-122.44979">
        <ele>191.52</ele>
        <time>2025-01-10T19:26:03Z</time>
      </trkpt>
      <trkpt lat="37.74681" lon="-122.44981">
        <ele>191.92</ele>
        <time>2025-01-10T19:26:06Z</time>
      </trkpt>
      <trkpt lat="37.74684" lon="-122.44984">
        <ele>192.03</ele>
        <time>2025-01-10T19:26:09Z</time>
      </trkpt>
      <trkpt lat="37.74686" lon="-122.44987">
        <ele>192.09</ele>
        <time>2025-01-10T19:26:12Z</time>
      </trkpt>
      <trkpt lat="37.74687" lon="-122.44991">
        <ele>192.22</ele>
        <time>2025-01-10T19:26:15Z</time>
      </trkpt>
      <trkpt lat="37.74688" lon="-122.44996">
        <ele>192.7</ele>
        <time>2025-01-10T19:26:18Z</time>
      </trkpt>
      <trkpt lat="37.74689" lon="-122.45">
        <ele>193.0</ele>
        <time>2025-01-10T19:26:21Z</time>
      </trkpt>
      <trkpt lat="37.74689" lon="-122.45005">
        <ele>193.54</ele>
        <time>2025-01-10T19:26:24Z</time>
      </trkpt>
      <trkpt lat="37.74689" lon="-122.45008">
        <ele>193.86</ele>
        <time>2025-01-10T19:26:27Z</time>
      </trkpt>
      <trkpt lat="37.74689" lon="-122.45013">
        <ele>194.81</ele>
        <time>2025-01-10T19:26:31Z</time>
      </trkpt>
      <trkpt lat="37.74689" lon="-122.45017">
        <ele>195.67</ele>
        <time>2025-01-10T19:26:34Z</time>
      </trkpt>
      <trkpt lat="37.7469" lon="-122.45021">
        <ele>196.27</ele>
        <time>2025-01-10T19:26:37Z</time>
      </trkpt>
      <trkpt lat="37.7469" lon="-122.45025">
        <ele>196.7</ele>
        <time>2025-01-10T19:26:40Z</time>
      </trkpt>
      <trkpt lat="37.7469" lon="-122.4503">
        <ele>197.24</ele>
        <time>2025-01-10T19:26:43Z</time>
      </trkpt>
      <trkpt lat="37.74689" lon="-122.45034">
        <ele>197.67</ele>
        <time>2025-01-10T19:26:46Z</time>
      </trkpt>
      <trkpt lat="37.74689" lon="-122.45039">
        <ele>198.42</ele>
        <time>2025-01-10T19:26:49Z</time>
      </trkpt>
      <trkpt lat="37.74689" lon="-122.45043">
        <ele>199.29</ele>
        <time>2025-01-10T19:26:52Z</time>
      </trkpt>
      <trkpt lat="37.74689" lon="-122.45047">
        <ele>200.08</ele>
        <time>2025-01-10T19:26:55Z</time>
      </trkpt>
      <trkpt lat="37.74687" lon="-122.4505">
        <ele>200.4</ele>
        <time>2025-01-10T19:26:58Z</time>
      </trkpt>
      <trkpt lat="37.74686" lon="-122.45054">
        <ele>200.83</ele>
        <time>2025-01-10T19:27:01Z</time>
      </trkpt>
      <trkpt lat="37.74686" lon="-122.45058">
        <ele>201.29</ele>
        <time>2025-01-10T19:27:04Z</time>
      </trkpt>
      <trkpt lat="37.74687" lon="-122.45062">
        <ele>201.83</ele>
        <time>2025-01-10T19:27:07Z</time>
      </trkpt>
      <trkpt lat="37.74687" lon="-122.45066">
        <ele>202.43</ele>
        <time>2025-01-10T19:27:10Z</time>
      </trkpt>
      <trkpt lat="37.74689" lon="-122.4507">
        <ele>203.3</ele>
        <time>2025-01-10T19:27:13Z</time>
      </trkpt>
      <trkpt lat="37.74689" lon="-122.45073">
        <ele>203.82</ele>
        <time>2025-01-10T19:27:16Z</time>
      </trkpt>
      <trkpt lat="37.74689" lon="-122.45078">
        <ele>204.42</ele>
        <time>2025-01-10T19:27:19Z</time>
      </trkpt>
      <trkpt lat="37.74691" lon="-122.45081">
        <ele>204.75</ele>
        <time>2025-01-10T19:27:22Z</time>
      </trkpt>
      <trkpt lat="37.74694" lon="-122.45084">
        <ele>205.07</ele>
        <time>2025-01-10T19:27:25Z</time>
      </trkpt>
      <trkpt lat="37.74696" lon="-122.45087">
        <ele>205.56</ele>
        <time>2025-01-10T19:27:28Z</time>
      </trkpt>
      <trkpt lat="37.74698" lon="-122.45089">
        <ele>206.0</ele>
        <time>2025-01-10T19:27:31Z</time>
      </trkpt>
      <trkpt lat="37.747" lon="-122.45092">
        <ele>206.54</ele>
        <time>2025-01-10T19:27:34Z</time>
      </trkpt>
      <trkpt lat="37.74703" lon="-122.45095">
        <ele>207.18</ele>
        <time>2025-01-10T19:27:37Z</time>
      </trkpt>
      <trkpt lat="37.74706" lon="-122.45097">
        <ele>207.85</ele>
        <time>2025-01-10T19:27:40Z</time>
      </trkpt>
      <trkpt lat="37.74708" lon="-122.45099">
        <ele>208.3</ele>
        <time>2025-01-10T19:27:43Z</time>
      </trkpt>
      <trkpt lat="37.74711" lon="-122.45101">
        <ele>208.77</ele>
        <time>2025-01-10T19:27:46Z</time>
      </trkpt>
      <trkpt lat="37.74713" lon="-122.45103">
        <ele>209.26</ele>
        <time>2025-01-10T19:27:49Z</time>
      </trkpt>
      <trkpt lat="37.74716" lon="-122.45106">
        <ele>210.41</ele>
        <time>2025-01-10T19:27:52Z</time>
      </trkpt>
      <trkpt lat="37.74719" lon="-122.45109">
        <ele>211.34</ele>
        <time>2025-01-10T19:27:55Z</time>
      </trkpt>
      <trkpt lat="37.74721" lon="-122.45112">
        <ele>211.86</ele>
        <time>2025-01-10T19:27:58Z</time>
      </trkpt>
      <trkpt lat="37.74724" lon="-122.45114">
        <ele>212.25</ele>
        <time>2025-01-10T19:28:02Z</time>
      </trkpt>
      <trkpt lat="37.74726" lon="-122.45117">
        <ele>212.67</ele>
        <time>2025-01-10T19:28:05Z</time>
      </trkpt>
      <trkpt lat="37.74729" lon="-122.45119">
        <ele>213.36</ele>
        <time>2025-01-10T19:28:08Z</time>
      </trkpt>
      <trkpt lat="37.74731" lon="-122.45122">
        <ele>213.89</ele>
        <time>2025-01-10T19:28:11Z</time>
      </trkpt>
      <trkpt lat="37.74733" lon="-122.45125">
        <ele>214.08</ele>
        <time>2025-01-10T19:28:14Z</time>
      </trkpt>
      <trkpt lat="37.74736" lon="-122.45128">
        <ele>214.4</ele>
        <time>2025-01-10T19:28:17Z</time>
      </trkpt>
      <trkpt lat="37.74739" lon="-122.45131">
        <ele>214.76</ele>
        <time>2025-01-10T19:28:20Z</time>
      </trkpt>
      <trkpt lat="37.74742" lon="-122.45133">
        <ele>215.0</ele>
        <time>2025-01-10T19:28:23Z</time>
      </trkpt>
      <trkpt lat="37.74745" lon="-122.45137">
        <ele>215.0</ele>
        <time>2025-01-10T19:28:26Z</time>
      </trkpt>
      <trkpt lat="37.74747" lon="-122.4514">
        <ele>215.0</ele>
        <time>2025-01-10T19:28:29Z</time>
      </trkpt>
      <trkpt lat="37.7475" lon="-122.45144">
        <ele>215.55</ele>
        <time>2025-01-10T19:28:32Z</time>
      </trkpt>
      <trkpt lat="37.74752" lon="-122.45147">
        <ele>215.9</ele>
        <time>2025-01-10T19:28:35Z</time>
      </trkpt>
      <trkpt lat="37.74755" lon="-122.4515">
        <ele>215.82</ele>
        <time>2025-01-10T19:28:38Z</time>
      </trkpt>
      <trkpt lat="37.74759" lon="-122.45152">
        <ele>215.98</ele>
        <time>2025-01-10T19:28:41Z</time>
      </trkpt>
      <trkpt lat="37.74762" lon="-122.45154">
        <ele>216.0</ele>
        <time>2025-01-10T19:28:44Z</time>
      </trkpt>
      <trkpt lat="37.74761" lon="-122.4516">
        <ele>215.27</ele>
        <time>2025-01-10T19:30:07Z</time>
      </trkpt>
      <trkpt lat="37.74762" lon="-122.45166">
        <ele>213.77</ele>
        <time>2025-01-10T19:30:12Z</time>
      </trkpt>
      <trkpt lat="37.74764" lon="-122.45171">
        <ele>213.09</ele>
        <time>2025-01-10T19:30:16Z</time>
      </trkpt>
      <trkpt lat="37.74766" lon="-122.45175">
        <ele>212.66</ele>
        <time>2025-01-10T19:30:22Z</time>
      </trkpt>
      <trkpt lat="37.74767" lon="-122.45178">
        <ele>212.26</ele>
        <time>2025-01-10T19:30:26Z</time>
      </trkpt>
      <trkpt lat="37.7477" lon="-122.45181">
        <ele>212.06</ele>
        <time>2025-01-10T19:30:29Z</time>
      </trkpt>
      <trkpt lat="37.74772" lon="-122.45185">
        <ele>211.42</ele>
        <time>2025-01-10T19:30:32Z</time>
      </trkpt>
      <trkpt lat="37.74773" lon="-122.45189">
        <ele>210.66</ele>
        <time>2025-01-10T19:30:36Z</time>
      </trkpt>
      <trkpt lat="37.74775" lon="-122.45191">
        <ele>210.44</ele>
        <time>2025-01-10T19:30:39Z</time>
      </trkpt>
      <trkpt lat="37.74777" lon="-122.45194">
        <ele>210.01</ele>
        <time>2025-01-10T19:30:42Z</time>
      </trkpt>
      <trkpt lat="37.74779" lon="-122.45197">
        <ele>209.45</ele>
        <time>2025-01-10T19:30:47Z</time>
      </trkpt>
      <trkpt lat="37.74781" lon="-122.45201">
        <ele>208.58</ele>
        <time>2025-01-10T19:30:50Z</time>
      </trkpt>
      <trkpt lat="37.74784" lon="-122.45204">
        <ele>207.94</ele>
        <time>2025-01-10T19:30:52Z</time>
      </trkpt>
      <trkpt lat="37.74786" lon="-122.45206">
        <ele>207.67</ele>
        <time>2025-01-10T19:30:54Z</time>
      </trkpt>
      <trkpt lat="37.74787" lon="-122.45209">
        <ele>207.42</ele>
        <time>2025-01-10T19:30:56Z</time>
      </trkpt>
      <trkpt lat="37.74789" lon="-122.45212">
        <ele>207.29</ele>
        <time>2025-01-10T19:30:58Z</time>
      </trkpt>
      <trkpt lat="37.7479" lon="-122.45215">
        <ele>206.66</ele>
        <time>2025-01-10T19:31:00Z</time>
      </trkpt>
      <trkpt lat="37.74792" lon="-122.45218">
        <ele>205.9</ele>
        <time>2025-01-10T19:31:02Z</time>
      </trkpt>
      <trkpt lat="37.74794" lon="-122.45221">
        <ele>205.15</ele>
        <time>2025-01-10T19:31:04Z</time>
      </trkpt>
      <trkpt lat="37.74796" lon="-122.45224">
        <ele>204.56</ele>
        <time>2025-01-10T19:31:06Z</time>
      </trkpt>
      <trkpt lat="37.74798" lon="-122.45226">
        <ele>204.48</ele>
        <time>2025-01-10T19:31:08Z</time>
      </trkpt>
      <trkpt lat="37.748" lon="-122.45229">
        <ele>204.04</ele>
        <time>2025-01-10T19:31:10Z</time>
      </trkpt>
      <trkpt lat="37.74802" lon="-122.45232">
        <ele>203.48</ele>
        <time>2025-01-10T19:31:12Z</time>
      </trkpt>
      <trkpt lat="37.74804" lon="-122.45235">
        <ele>203.01</ele>
        <time>2025-01-10T19:31:14Z</time>
      </trkpt>
      <trkpt lat="37.74806" lon="-122.45238">
        <ele>202.63</ele>
        <time>2025-01-10T19:31:16Z</time>
      </trkpt>
      <trkpt lat="37.74807" lon="-122.45241">
        <ele>202.12</ele>
        <time>2025-01-10T19:31:18Z</time>
      </trkpt>
      <trkpt lat="37.74807" lon="-122.45244">
        <ele>201.75</ele>
        <time>2025-01-10T19:31:20Z</time>
      </trkpt>
      <trkpt lat="37.74809" lon="-122.45248">
        <ele>201.3</ele>
        <time>2025-01-10T19:31:22Z</time>
      </trkpt>
      <trkpt lat="37.74811" lon="-122.45252">
        <ele>200.7</ele>
        <time>2025-01-10T19:31:25Z</time>
      </trkpt>
      <trkpt lat="37.74814" lon="-122.45255">
        <ele>200.41</ele>
        <time>2025-01-10T19:31:28Z</time>
      </trkpt>
      <trkpt lat="37.74816" lon="-122.45258">
        <ele>200.03</ele>
        <time>2025-01-10T19:31:31Z</time>
      </trkpt>
      <trkpt lat="37.74819" lon="-122.45259">
        <ele>199.59</ele>
        <time>2025-01-10T19:31:34Z</time>
      </trkpt>
      <trkpt lat="37.74822" lon="-122.45261">
        <ele>198.99</ele>
        <time>2025-01-10T19:31:38Z</time>
      </trkpt>
      <trkpt lat="37.74822" lon="-122.45265">
        <ele>198.47</ele>
        <time>2025-01-10T19:31:42Z</time>
      </trkpt>
      <trkpt lat="37.74823" lon="-122.45269">
        <ele>197.95</ele>
        <time>2025-01-10T19:31:46Z</time>
      </trkpt>
      <trkpt lat="37.74824" lon="-122.45272">
        <ele>197.62</ele>
        <time>2025-01-10T19:31:49Z</time>
      </trkpt>
      <trkpt lat="37.74825" lon="-122.45276">
        <ele>197.19</ele>
        <time>2025-01-10T19:31:52Z</time>
      </trkpt>
      <trkpt lat="37.74824" lon="-122.4528">
        <ele>196.76</ele>
        <time>2025-01-10T19:31:55Z</time>
      </trkpt>
      <trkpt lat="37.74824" lon="-122.45285">
        <ele>196.22</ele>
        <time>2025-01-10T19:31:58Z</time>
      </trkpt>
      <trkpt lat="37.74824" lon="-122.45288">
        <ele>195.9</ele>
        <time>2025-01-10T19:32:02Z</time>
      </trkpt>
      <trkpt lat="37.74827" lon="-122.45291">
        <ele>195.57</ele>
        <time>2025-01-10T19:32:06Z</time>
      </trkpt>
      <trkpt lat="37.74829" lon="-122.45294">
        <ele>195.25</ele>
        <time>2025-01-10T19:32:10Z</time>
      </trkpt>
      <trkpt lat="37.74829" lon="-122.45298">
        <ele>194.82</ele>
        <time>2025-01-10T19:32:13Z</time>
      </trkpt>
      <trkpt lat="37.74829" lon="-122.45302">
        <ele>194.38</ele>
        <time>2025-01-10T19:32:16Z</time>
      </trkpt>
      <trkpt lat="37.74831" lon="-122.45299">
        <ele>194.71</ele>
        <time>2025-01-10T19:32:29Z</time>
      </trkpt>
      <trkpt lat="37.74833" lon="-122.45296">
        <ele>195.03</ele>
        <time>2025-01-10T19:32:32Z</time>
      </trkpt>
      <trkpt lat="37.74835" lon="-122.45293">
        <ele>195.18</ele>
        <time>2025-01-10T19:32:35Z</time>
      </trkpt>
      <trkpt lat="37.74838" lon="-122.4529">
        <ele>195.18</ele>
        <time>2025-01-10T19:32:38Z</time>
      </trkpt>
      <trkpt lat="37.74841" lon="-122.45287">
        <ele>195.17</ele>
        <time>2025-01-10T19:32:41Z</time>
      </trkpt>
      <trkpt lat="37.74843" lon="-122.45284">
        <ele>194.88</ele>
        <time>2025-01-10T19:32:43Z</time>
      </trkpt>
      <trkpt lat="37.74846" lon="-122.45284">
        <ele>194.02</ele>
        <time>2025-01-10T19:32:45Z</time>
      </trkpt>
      <trkpt lat="37.74848" lon="-122.45287">
        <ele>193.25</ele>
        <time>2025-01-10T19:32:48Z</time>
      </trkpt>
      <trkpt lat="37.74848" lon="-122.45291">
        <ele>192.82</ele>
        <time>2025-01-10T19:32:50Z</time>
      </trkpt>
      <trkpt lat="37.74848" lon="-122.45295">
        <ele>192.39</ele>
        <time>2025-01-10T19:32:52Z</time>
      </trkpt>
      <trkpt lat="37.74848" lon="-122.45299">
        <ele>192.13</ele>
        <time>2025-01-10T19:32:54Z</time>
      </trkpt>
      <trkpt lat="37.74848" lon="-122.45303">
        <ele>191.95</ele>
        <time>2025-01-10T19:32:56Z</time>
      </trkpt>
      <trkpt lat="37.74849" lon="-122.45307">
        <ele>191.51</ele>
        <time>2025-01-10T19:32:58Z</time>
      </trkpt>
      <trkpt lat="37.7485" lon="-122.4531">
        <ele>191.02</ele>
        <time>2025-01-10T19:33:00Z</time>
      </trkpt>
      <trkpt lat="37.7485" lon="-122.45315">
        <ele>190.6</ele>
        <time>2025-01-10T19:33:03Z</time>
      </trkpt>
      <trkpt lat="37.74849" lon="-122.45319">
        <ele>190.92</ele>
        <time>2025-01-10T19:33:05Z</time>
      </trkpt>
      <trkpt lat="37.74847" lon="-122.45322">
        <ele>191.57</ele>
        <time>2025-01-10T19:33:08Z</time>
      </trkpt>
      <trkpt lat="37.74845" lon="-122.45325">
        <ele>192.15</ele>
        <time>2025-01-10T19:33:11Z</time>
      </trkpt>
      <trkpt lat="37.74845" lon="-122.45329">
        <ele>191.83</ele>
        <time>2025-01-10T19:33:15Z</time>
      </trkpt>
      <trkpt lat="37.74846" lon="-122.45333">
        <ele>191.29</ele>
        <time>2025-01-10T19:33:18Z</time>
      </trkpt>
      <trkpt lat="37.74846" lon="-122.45337">
        <ele>191.26</ele>
        <time>2025-01-10T19:33:21Z</time>
      </trkpt>
      <trkpt lat="37.74845" lon="-122.45342">
        <ele>191.48</ele>
        <time>2025-01-10T19:33:24Z</time>
      </trkpt>
      <trkpt lat="37.74844" lon="-122.45346">
        <ele>191.64</ele>
        <time>2025-01-10T19:33:26Z</time>
      </trkpt>
      <trkpt lat="37.74843" lon="-122.45349">
        <ele>191.88</ele>
        <time>2025-01-10T19:33:28Z</time>
      </trkpt>
      <trkpt lat="37.74841" lon="-122.45353">
        <ele>192.05</ele>
        <time>2025-01-10T19:33:31Z</time>
      </trkpt>
      <trkpt lat="37.74841" lon="-122.45357">
        <ele>191.62</ele>
        <time>2025-01-10T19:33:33Z</time>
      </trkpt>
      <trkpt lat="37.7484" lon="-122.45361">
        <ele>191.29</ele>
        <time>2025-01-10T19:33:36Z</time>
      </trkpt>
      <trkpt lat="37.74838" lon="-122.45364">
        <ele>191.18</ele>
        <time>2025-01-10T19:33:38Z</time>
      </trkpt>
      <trkpt lat="37.74836" lon="-122.45367">
        <ele>191.08</ele>
        <time>2025-01-10T19:33:40Z</time>
      </trkpt>
      <trkpt lat="37.74834" lon="-122.45371">
        <ele>190.8</ele>
        <time>2025-01-10T19:33:43Z</time>
      </trkpt>
      <trkpt lat="37.74834" lon="-122.45375">
        <ele>189.96</ele>
        <time>2025-01-10T19:33:47Z</time>
      </trkpt>
      <trkpt lat="37.74833" lon="-122.45378">
        <ele>189.35</ele>
        <time>2025-01-10T19:33:52Z</time>
      </trkpt>
      <trkpt lat="37.74833" lon="-122.45384">
        <ele>188.06</ele>
        <time>2025-01-10T19:34:07Z</time>
      </trkpt>
      <trkpt lat="37.74832" lon="-122.45388">
        <ele>187.19</ele>
        <time>2025-01-10T19:34:12Z</time>
      </trkpt>
      <trkpt lat="37.74832" lon="-122.45392">
        <ele>186.66</ele>
        <time>2025-01-10T19:34:16Z</time>
      </trkpt>
      <trkpt lat="37.74832" lon="-122.45396">
        <ele>186.23</ele>
        <time>2025-01-10T19:34:21Z</time>
      </trkpt>
      <trkpt lat="37.74831" lon="-122.45401">
        <ele>185.61</ele>
        <time>2025-01-10T19:34:25Z</time>
      </trkpt>
      <trkpt lat="37.7483" lon="-122.45404">
        <ele>185.14</ele>
        <time>2025-01-10T19:34:27Z</time>
      </trkpt>
      <trkpt lat="37.7483" lon="-122.45409">
        <ele>184.3</ele>
        <time>2025-01-10T19:34:30Z</time>
      </trkpt>
      <trkpt lat="37.74829" lon="-122.45413">
        <ele>183.32</ele>
        <time>2025-01-10T19:34:34Z</time>
      </trkpt>
      <trkpt lat="37.74825" lon="-122.45415">
        <ele>182.46</ele>
        <time>2025-01-10T19:34:37Z</time>
      </trkpt>
      <trkpt lat="37.74822" lon="-122.45416">
        <ele>182.14</ele>
        <time>2025-01-10T19:34:40Z</time>
      </trkpt>
      <trkpt lat="37.74822" lon="-122.4542">
        <ele>181.2</ele>
        <time>2025-01-10T19:34:45Z</time>
      </trkpt>
      <trkpt lat="37.74825" lon="-122.45421">
        <ele>181.12</ele>
        <time>2025-01-10T19:34:47Z</time>
      </trkpt>
      <trkpt lat="37.7483" lon="-122.45422">
        <ele>181.12</ele>
        <time>2025-01-10T19:34:49Z</time>
      </trkpt>
      <trkpt lat="37.74835" lon="-122.45423">
        <ele>180.89</ele>
        <time>2025-01-10T19:34:51Z</time>
      </trkpt>
      <trkpt lat="37.7484" lon="-122.45423">
        <ele>180.72</ele>
        <time>2025-01-10T19:34:53Z</time>
      </trkpt>
      <trkpt lat="37.74844" lon="-122.45423">
        <ele>180.63</ele>
        <time>2025-01-10T19:34:55Z</time>
      </trkpt>
      <trkpt lat="37.74848" lon="-122.45424">
        <ele>180.42</ele>
        <time>2025-01-10T19:34:57Z</time>
      </trkpt>
      <trkpt lat="37.74851" lon="-122.45425">
        <ele>180.2</ele>
        <time>2025-01-10T19:34:59Z</time>
      </trkpt>
      <trkpt lat="37.74854" lon="-122.45426">
        <ele>179.75</ele>
        <time>2025-01-10T19:35:01Z</time>
      </trkpt>
      <trkpt lat="37.74857" lon="-122.45428">
        <ele>179.12</ele>
        <time>2025-01-10T19:35:03Z</time>
      </trkpt>
      <trkpt lat="37.7486" lon="-122.4543">
        <ele>178.63</ele>
        <time>2025-01-10T19:35:05Z</time>
      </trkpt>
      <trkpt lat="37.74861" lon="-122.45436">
        <ele>177.91</ele>
        <time>2025-01-10T19:35:08Z</time>
      </trkpt>
      <trkpt lat="37.7486" lon="-122.4544">
        <ele>177.54</ele>
        <time>2025-01-10T19:35:10Z</time>
      </trkpt>
      <trkpt lat="37.74859" lon="-122.45443">
        <ele>177.35</ele>
        <time>2025-01-10T19:35:12Z</time>
      </trkpt>
      <trkpt lat="37.74858" lon="-122.45446">
        <ele>177.28</ele>
        <time>2025-01-10T19:35:14Z</time>
      </trkpt>
      <trkpt lat="37.74858" lon="-122.4545">
        <ele>177.13</ele>
        <time>2025-01-10T19:35:16Z</time>
      </trkpt>
      <trkpt lat="37.74858" lon="-122.45455">
        <ele>177.0</ele>
        <time>2025-01-10T19:35:19Z</time>
      </trkpt>
      <trkpt lat="37.74857" lon="-122.45458">
        <ele>177.0</ele>
        <time>2025-01-10T19:35:21Z</time>
      </trkpt>
      <trkpt lat="37.74856" lon="-122.45463">
        <ele>177.0</ele>
        <time>2025-01-10T19:35:24Z</time>
      </trkpt>
      <trkpt lat="37.74855" lon="-122.45467">
        <ele>177.0</ele>
        <time>2025-01-10T19:35:28Z</time>
      </trkpt>
      <trkpt lat="37.74857" lon="-122.4547">
        <ele>177.0</ele>
        <time>2025-01-10T19:35:31Z</time>
      </trkpt>
      <trkpt lat="37.74861" lon="-122.45472">
        <ele>177.0</ele>
        <time>2025-01-10T19:35:34Z</time>
      </trkpt>
      <trkpt lat="37.74864" lon="-122.45472">
        <ele>176.7</ele>
        <time>2025-01-10T19:35:36Z</time>
      </trkpt>
      <trkpt lat="37.74868" lon="-122.45475">
        <ele>176.18</ele>
        <time>2025-01-10T19:35:39Z</time>
      </trkpt>
      <trkpt lat="37.7487" lon="-122.45477">
        <ele>176.02</ele>
        <time>2025-01-10T19:35:42Z</time>
      </trkpt>
      <trkpt lat="37.74872" lon="-122.45481">
        <ele>175.81</ele>
        <time>2025-01-10T19:35:45Z</time>
      </trkpt>
      <trkpt lat="37.74875" lon="-122.45484">
        <ele>175.36</ele>
        <time>2025-01-10T19:35:48Z</time>
      </trkpt>
      <trkpt lat="37.74878" lon="-122.45485">
        <ele>175.11</ele>
        <time>2025-01-10T19:35:50Z</time>
      </trkpt>
      <trkpt lat="37.74882" lon="-122.45485">
        <ele>173.98</ele>
        <time>2025-01-10T19:35:53Z</time>
      </trkpt>
      <trkpt lat="37.74884" lon="-122.45484">
        <ele>173.11</ele>
        <time>2025-01-10T19:35:57Z</time>
      </trkpt>
      <trkpt lat="37.74884" lon="-122.4548">
        <ele>173.03</ele>
        <time>2025-01-10T19:36:00Z</time>
      </trkpt>
      <trkpt lat="37.74883" lon="-122.45476">
        <ele>173.17</ele>
        <time>2025-01-10T19:36:02Z</time>
      </trkpt>
      <trkpt lat="37.74881" lon="-122.45472">
        <ele>173.56</ele>
        <time>2025-01-10T19:36:04Z</time>
      </trkpt>
      <trkpt lat="37.74879" lon="-122.4547">
        <ele>174.15</ele>
        <time>2025-01-10T19:36:06Z</time>
      </trkpt>
      <trkpt lat="37.74882" lon="-122.4547">
        <ele>173.23</ele>
        <time>2025-01-10T19:36:14Z</time>
      </trkpt>
      <trkpt lat="37.74884" lon="-122.45473">
        <ele>172.63</ele>
        <time>2025-01-10T19:36:16Z</time>
      </trkpt>
      <trkpt lat="37.74886" lon="-122.45476">
        <ele>172.06</ele>
        <time>2025-01-10T19:36:18Z</time>
      </trkpt>
      <trkpt lat="37.74888" lon="-122.4548">
        <ele>171.37</ele>
        <time>2025-01-10T19:36:20Z</time>
      </trkpt>
      <trkpt lat="37.74889" lon="-122.45483">
        <ele>170.95</ele>
        <time>2025-01-10T19:36:22Z</time>
      </trkpt>
      <trkpt lat="37.74891" lon="-122.45486">
        <ele>170.09</ele>
        <time>2025-01-10T19:36:24Z</time>
      </trkpt>
      <trkpt lat="37.74892" lon="-122.45488">
        <ele>169.66</ele>
        <time>2025-01-10T19:36:26Z</time>
      </trkpt>
      <trkpt lat="37.74894" lon="-122.45491">
        <ele>168.78</ele>
        <time>2025-01-10T19:36:28Z</time>
      </trkpt>
      <trkpt lat="37.74896" lon="-122.45494">
        <ele>167.66</ele>
        <time>2025-01-10T19:36:31Z</time>
      </trkpt>
      <trkpt lat="37.74894" lon="-122.45498">
        <ele>168.36</ele>
        <time>2025-01-10T19:36:34Z</time>
      </trkpt>
      <trkpt lat="37.74892" lon="-122.455">
        <ele>169.32</ele>
        <time>2025-01-10T19:36:37Z</time>
      </trkpt>
      <trkpt lat="37.7489" lon="-122.45504">
        <ele>170.07</ele>
        <time>2025-01-10T19:36:51Z</time>
      </trkpt>
      <trkpt lat="37.7489" lon="-122.45509">
        <ele>169.66</ele>
        <time>2025-01-10T19:36:54Z</time>
      </trkpt>
      <trkpt lat="37.7489" lon="-122.45513">
        <ele>169.64</ele>
        <time>2025-01-10T19:36:56Z</time>
      </trkpt>
      <trkpt lat="37.74894" lon="-122.45517">
        <ele>168.34</ele>
        <time>2025-01-10T19:36:59Z</time>
      </trkpt>
      <trkpt lat="37.74897" lon="-122.45519">
        <ele>167.37</ele>
        <time>2025-01-10T19:37:02Z</time>
      </trkpt>
      <trkpt lat="37.749" lon="-122.45519">
        <ele>166.42</ele>
        <time>2025-01-10T19:37:05Z</time>
      </trkpt>
      <trkpt lat="37.74903" lon="-122.45519">
        <ele>165.48</ele>
        <time>2025-01-10T19:37:07Z</time>
      </trkpt>
      <trkpt lat="37.74906" lon="-122.45519">
        <ele>164.54</ele>
        <time>2025-01-10T19:37:09Z</time>
      </trkpt>
      <trkpt lat="37.74908" lon="-122.45521">
        <ele>164.41</ele>
        <time>2025-01-10T19:37:11Z</time>
      </trkpt>
      <trkpt lat="37.74911" lon="-122.45524">
        <ele>164.41</ele>
        <time>2025-01-10T19:37:13Z</time>
      </trkpt>
      <trkpt lat="37.74914" lon="-122.45525">
        <ele>163.98</ele>
        <time>2025-01-10T19:37:16Z</time>
      </trkpt>
      <trkpt lat="37.74913" lon="-122.4552">
        <ele>163.11</ele>
        <time>2025-01-10T19:37:20Z</time>
      </trkpt>
      <trkpt lat="37.7491" lon="-122.45518">
        <ele>163.42</ele>
        <time>2025-01-10T19:37:22Z</time>
      </trkpt>
      <trkpt lat="37.74908" lon="-122.45516">
        <ele>163.85</ele>
        <time>2025-01-10T19:37:24Z</time>
      </trkpt>
      <trkpt lat="37.74908" lon="-122.45512">
        <ele>163.83</ele>
        <time>2025-01-10T19:37:27Z</time>
      </trkpt>
      <trkpt lat="37.74912" lon="-122.45511">
        <ele>162.61</ele>
        <time>2025-01-10T19:37:30Z</time>
      </trkpt>
      <trkpt lat="37.74915" lon="-122.45511">
        <ele>161.69</ele>
        <time>2025-01-10T19:37:32Z</time>
      </trkpt>
      <trkpt lat="37.74918" lon="-122.45512">
        <ele>160.91</ele>
        <time>2025-01-10T19:37:34Z</time>
      </trkpt>
      <trkpt lat="37.74921" lon="-122.45514">
        <ele>160.35</ele>
        <time>2025-01-10T19:37:36Z</time>
      </trkpt>
      <trkpt lat="37.74923" lon="-122.45518">
        <ele>160.54</ele>
        <time>2025-01-10T19:37:38Z</time>
      </trkpt>
      <trkpt lat="37.74924" lon="-122.45522">
        <ele>160.57</ele>
        <time>2025-01-10T19:37:40Z</time>
      </trkpt>
      <trkpt lat="37.74926" lon="-122.45526">
        <ele>159.97</ele>
        <time>2025-01-10T19:37:42Z</time>
      </trkpt>
      <trkpt lat="37.74926" lon="-122.45529">
        <ele>159.98</ele>
        <time>2025-01-10T19:37:44Z</time>
      </trkpt>
      <trkpt lat="37.74927" lon="-122.45533">
        <ele>159.65</ele>
        <time>2025-01-10T19:37:46Z</time>
      </trkpt>
      <trkpt lat="37.74926" lon="-122.45537">
        <ele>159.98</ele>
        <time>2025-01-10T19:37:48Z</time>
      </trkpt>
      <trkpt lat="37.74925" lon="-122.4554">
        <ele>160.21</ele>
        <time>2025-01-10T19:37:50Z</time>
      </trkpt>
      <trkpt lat="37.74925" lon="-122.45544">
        <ele>159.82</ele>
        <time>2025-01-10T19:37:52Z</time>
      </trkpt>
      <trkpt lat="37.74927" lon="-122.45541">
        <ele>159.22</ele>
        <time>2025-01-10T19:37:58Z</time>
      </trkpt>
      <trkpt lat="37.74928" lon="-122.45537">
        <ele>159.33</ele>
        <time>2025-01-10T19:38:01Z</time>
      </trkpt>
      <trkpt lat="37.74929" lon="-122.45532">
        <ele>159.0</ele>
        <time>2025-01-10T19:38:04Z</time>
      </trkpt>
      <trkpt lat="37.7493" lon="-122.45527">
        <ele>158.64</ele>
        <time>2025-01-10T19:38:07Z</time>
      </trkpt>
      <trkpt lat="37.7493" lon="-122.45521">
        <ele>158.36</ele>
        <time>2025-01-10T19:38:10Z</time>
      </trkpt>
      <trkpt lat="37.7493" lon="-122.45518">
        <ele>158.15</ele>
        <time>2025-01-10T19:38:12Z</time>
      </trkpt>
      <trkpt lat="37.74929" lon="-122.45514">
        <ele>157.86</ele>
        <time>2025-01-10T19:38:14Z</time>
      </trkpt>
      <trkpt lat="37.74929" lon="-122.45511">
        <ele>157.32</ele>
        <time>2025-01-10T19:38:16Z</time>
      </trkpt>
      <trkpt lat="37.74928" lon="-122.45507">
        <ele>157.33</ele>
        <time>2025-01-10T19:38:19Z</time>
      </trkpt>
      <trkpt lat="37.74927" lon="-122.45502">
        <ele>157.65</ele>
        <time>2025-01-10T19:38:22Z</time>
      </trkpt>
      <trkpt lat="37.74926" lon="-122.45497">
        <ele>157.98</ele>
        <time>2025-01-10T19:38:25Z</time>
      </trkpt>
      <trkpt lat="37.74928" lon="-122.45494">
        <ele>157.33</ele>
        <time>2025-01-10T19:38:27Z</time>
      </trkpt>
      <trkpt lat="37.74929" lon="-122.4549">
        <ele>157.08</ele>
        <time>2025-01-10T19:38:29Z</time>
      </trkpt>
      <trkpt lat="37.7493" lon="-122.45487">
        <ele>157.08</ele>
        <time>2025-01-10T19:38:31Z</time>
      </trkpt>
      <trkpt lat="37.74931" lon="-122.45484">
        <ele>157.08</ele>
        <time>2025-01-10T19:38:33Z</time>
      </trkpt>
      <trkpt lat="37.74932" lon="-122.45479">
        <ele>157.21</ele>
        <time>2025-01-10T19:38:36Z</time>
      </trkpt>
      <trkpt lat="37.74936" lon="-122.45478">
        <ele>156.11</ele>
        <time>2025-01-10T19:38:39Z</time>
      </trkpt>
      <trkpt lat="37.74939" lon="-122.45481">
        <ele>154.82</ele>
        <time>2025-01-10T19:38:41Z</time>
      </trkpt>
      <trkpt lat="37.7494" lon="-122.45485">
        <ele>154.26</ele>
        <time>2025-01-10T19:38:43Z</time>
      </trkpt>
      <trkpt lat="37.7494" lon="-122.45489">
        <ele>154.05</ele>
        <time>2025-01-10T19:38:45Z</time>
      </trkpt>
      <trkpt lat="37.7494" lon="-122.45492">
        <ele>153.96</ele>
        <time>2025-01-10T19:38:47Z</time>
      </trkpt>
      <trkpt lat="37.7494" lon="-122.45496">
        <ele>153.96</ele>
        <time>2025-01-10T19:38:49Z</time>
      </trkpt>
      <trkpt lat="37.74941" lon="-122.455">
        <ele>153.74</ele>
        <time>2025-01-10T19:38:51Z</time>
      </trkpt>
      <trkpt lat="37.74944" lon="-122.45501">
        <ele>153.1</ele>
        <time>2025-01-10T19:38:54Z</time>
      </trkpt>
      <trkpt lat="37.74946" lon="-122.45499">
        <ele>152.66</ele>
        <time>2025-01-10T19:38:57Z</time>
      </trkpt>
      <trkpt lat="37.74947" lon="-122.45495">
        <ele>152.45</ele>
        <time>2025-01-10T19:38:59Z</time>
      </trkpt>
      <trkpt lat="37.74948" lon="-122.45491">
        <ele>152.23</ele>
        <time>2025-01-10T19:39:01Z</time>
      </trkpt>
      <trkpt lat="37.7495" lon="-122.45488">
        <ele>151.8</ele>
        <time>2025-01-10T19:39:03Z</time>
      </trkpt>
      <trkpt lat="37.74951" lon="-122.45485">
        <ele>151.58</ele>
        <time>2025-01-10T19:39:05Z</time>
      </trkpt>
      <trkpt lat="37.74953" lon="-122.45482">
        <ele>151.15</ele>
        <time>2025-01-10T19:39:07Z</time>
      </trkpt>
      <trkpt lat="37.74957" lon="-122.4548">
        <ele>150.59</ele>
        <time>2025-01-10T19:39:10Z</time>
      </trkpt>
      <trkpt lat="37.7496" lon="-122.45481">
        <ele>150.28</ele>
        <time>2025-01-10T19:39:12Z</time>
      </trkpt>
      <trkpt lat="37.74963" lon="-122.45484">
        <ele>150.0</ele>
        <time>2025-01-10T19:39:14Z</time>
      </trkpt>
      <trkpt lat="37.74966" lon="-122.45486">
        <ele>149.67</ele>
        <time>2025-01-10T19:39:16Z</time>
      </trkpt>
      <trkpt lat="37.74968" lon="-122.45488">
        <ele>149.46</ele>
        <time>2025-01-10T19:39:18Z</time>
      </trkpt>
      <trkpt lat="37.74972" lon="-122.45488">
        <ele>149.02</ele>
        <time>2025-01-10T19:39:21Z</time>
      </trkpt>
      <trkpt lat="37.74975" lon="-122.45487">
        <ele>149.06</ele>
        <time>2025-01-10T19:39:24Z</time>
      </trkpt>
      <trkpt lat="37.74979" lon="-122.45485">
        <ele>148.82</ele>
        <time>2025-01-10T19:39:27Z</time>
      </trkpt>
      <trkpt lat="37.74982" lon="-122.45483">
        <ele>148.37</ele>
        <time>2025-01-10T19:39:30Z</time>
      </trkpt>
      <trkpt lat="37.74985" lon="-122.45483">
        <ele>148.65</ele>
        <time>2025-01-10T19:39:33Z</time>
      </trkpt>
      <trkpt lat="37.74987" lon="-122.45481">
        <ele>148.53</ele>
        <time>2025-01-10T19:39:36Z</time>
      </trkpt>
      <trkpt lat="37.74988" lon="-122.45477">
        <ele>148.02</ele>
        <time>2025-01-10T19:39:38Z</time>
      </trkpt>
      <trkpt lat="37.74991" lon="-122.45475">
        <ele>147.55</ele>
        <time>2025-01-10T19:39:42Z</time>
      </trkpt>
      <trkpt lat="37.74994" lon="-122.45474">
        <ele>146.75</ele>
        <time>2025-01-10T19:39:44Z</time>
      </trkpt>
      <trkpt lat="37.74997" lon="-122.45473">
        <ele>145.87</ele>
        <time>2025-01-10T19:39:46Z</time>
      </trkpt>
      <trkpt lat="37.75001" lon="-122.45472">
        <ele>144.94</ele>
        <time>2025-01-10T19:39:48Z</time>
      </trkpt>
      <trkpt lat="37.75004" lon="-122.45472">
        <ele>144.62</ele>
        <time>2025-01-10T19:39:50Z</time>
      </trkpt>
      <trkpt lat="37.75008" lon="-122.45472">
        <ele>144.18</ele>
        <time>2025-01-10T19:39:53Z</time>
      </trkpt>
      <trkpt lat="37.75011" lon="-122.45474">
        <ele>144.32</ele>
        <time>2025-01-10T19:39:57Z</time>
      </trkpt>
      <trkpt lat="37.75014" lon="-122.45476">
        <ele>144.19</ele>
        <time>2025-01-10T19:40:00Z</time>
      </trkpt>
      <trkpt lat="37.75018" lon="-122.45478">
        <ele>143.43</ele>
        <time>2025-01-10T19:40:03Z</time>
      </trkpt>
      <trkpt lat="37.75021" lon="-122.45478">
        <ele>142.54</ele>
        <time>2025-01-10T19:40:05Z</time>
      </trkpt>
      <trkpt lat="37.75024" lon="-122.45478">
        <ele>141.69</ele>
        <time>2025-01-10T19:40:08Z</time>
      </trkpt>
      <trkpt lat="37.75027" lon="-122.45478">
        <ele>140.84</ele>
        <time>2025-01-10T19:40:11Z</time>
      </trkpt>
      <trkpt lat="37.75031" lon="-122.45479">
        <ele>140.64</ele>
        <time>2025-01-10T19:40:14Z</time>
      </trkpt>
      <trkpt lat="37.75035" lon="-122.45481">
        <ele>140.91</ele>
        <time>2025-01-10T19:40:17Z</time>
      </trkpt>
      <trkpt lat="37.75038" lon="-122.45482">
        <ele>141.07</ele>
        <time>2025-01-10T19:40:19Z</time>
      </trkpt>
      <trkpt lat="37.75042" lon="-122.45484">
        <ele>141.14</ele>
        <time>2025-01-10T19:40:21Z</time>
      </trkpt>
      <trkpt lat="37.75045" lon="-122.45488">
        <ele>142.19</ele>
        <time>2025-01-10T19:40:24Z</time>
      </trkpt>
      <trkpt lat="37.75049" lon="-122.4549">
        <ele>141.63</ele>
        <time>2025-01-10T19:40:28Z</time>
      </trkpt>
      <trkpt lat="37.75052" lon="-122.45494">
        <ele>141.02</ele>
        <time>2025-01-10T19:40:31Z</time>
      </trkpt>
      <trkpt lat="37.75053" lon="-122.45498">
        <ele>141.1</ele>
        <time>2025-01-10T19:40:33Z</time>
      </trkpt>
      <trkpt lat="37.75053" lon="-122.45503">
        <ele>141.11</ele>
        <time>2025-01-10T19:40:35Z</time>
      </trkpt>
      <trkpt lat="37.75051" lon="-122.45507">
        <ele>141.34</ele>
        <time>2025-01-10T19:40:37Z</time>
      </trkpt>
      <trkpt lat="37.75047" lon="-122.45509">
        <ele>141.93</ele>
        <time>2025-01-10T19:40:39Z</time>
      </trkpt>
      <trkpt lat="37.75044" lon="-122.45512">
        <ele>142.28</ele>
        <time>2025-01-10T19:40:41Z</time>
      </trkpt>
      <trkpt lat="37.75042" lon="-122.45515">
        <ele>142.17</ele>
        <time>2025-01-10T19:40:44Z</time>
      </trkpt>
      <trkpt lat="37.75042" lon="-122.45521">
        <ele>141.0</ele>
        <time>2025-01-10T19:40:47Z</time>
      </trkpt>
      <trkpt lat="37.75043" lon="-122.45526">
        <ele>140.94</ele>
        <time>2025-01-10T19:40:50Z</time>
      </trkpt>
      <trkpt lat="37.75044" lon="-122.4553">
        <ele>140.8</ele>
        <time>2025-01-10T19:40:53Z</time>
      </trkpt>
      <trkpt lat="37.75045" lon="-122.45533">
        <ele>140.5</ele>
        <time>2025-01-10T19:40:55Z</time>
      </trkpt>
      <trkpt lat="37.75047" lon="-122.45536">
        <ele>139.85</ele>
        <time>2025-01-10T19:40:57Z</time>
      </trkpt>
      <trkpt lat="37.75049" lon="-122.45539">
        <ele>139.57</ele>
        <time>2025-01-10T19:40:59Z</time>
      </trkpt>
      <trkpt lat="37.75051" lon="-122.45542">
        <ele>139.25</ele>
        <time>2025-01-10T19:41:01Z</time>
      </trkpt>
      <trkpt lat="37.75052" lon="-122.45544">
        <ele>139.06</ele>
        <time>2025-01-10T19:41:03Z</time>
      </trkpt>
      <trkpt lat="37.75054" lon="-122.45547">
        <ele>138.58</ele>
        <time>2025-01-10T19:41:05Z</time>
      </trkpt>
      <trkpt lat="37.75055" lon="-122.4555">
        <ele>138.58</ele>
        <time>2025-01-10T19:41:07Z</time>
      </trkpt>
      <trkpt lat="37.75056" lon="-122.45555">
        <ele>138.89</ele>
        <time>2025-01-10T19:41:10Z</time>
      </trkpt>
      <trkpt lat="37.7506" lon="-122.45556">
        <ele>138.57</ele>
        <time>2025-01-10T19:41:13Z</time>
      </trkpt>
      <trkpt lat="37.75062" lon="-122.45558">
        <ele>138.57</ele>
        <time>2025-01-10T19:41:16Z</time>
      </trkpt>
      <trkpt lat="37.75065" lon="-122.45562">
        <ele>138.68</ele>
        <time>2025-01-10T19:41:19Z</time>
      </trkpt>
      <trkpt lat="37.75067" lon="-122.45565">
        <ele>138.75</ele>
        <time>2025-01-10T19:41:21Z</time>
      </trkpt>
      <trkpt lat="37.7507" lon="-122.45568">
        <ele>138.29</ele>
        <time>2025-01-10T19:41:24Z</time>
      </trkpt>
      <trkpt lat="37.75071" lon="-122.45572">
        <ele>138.07</ele>
        <time>2025-01-10T19:41:26Z</time>
      </trkpt>
      <trkpt lat="37.75073" lon="-122.45574">
        <ele>138.0</ele>
        <time>2025-01-10T19:41:28Z</time>
      </trkpt>
      <trkpt lat="37.75076" lon="-122.45577">
        <ele>137.27</ele>
        <time>2025-01-10T19:41:31Z</time>
      </trkpt>
      <trkpt lat="37.75078" lon="-122.45582">
        <ele>136.3</ele>
        <time>2025-01-10T19:41:34Z</time>
      </trkpt>
      <trkpt lat="37.75078" lon="-122.45585">
        <ele>136.15</ele>
        <time>2025-01-10T19:41:36Z</time>
      </trkpt>
      <trkpt lat="37.75077" lon="-122.4559">
        <ele>136.37</ele>
        <time>2025-01-10T19:41:38Z</time>
      </trkpt>
      <trkpt lat="37.75076" lon="-122.45596">
        <ele>136.51</ele>
        <time>2025-01-10T19:41:41Z</time>
      </trkpt>
      <trkpt lat="37.75076" lon="-122.45599">
        <ele>136.44</ele>
        <time>2025-01-10T19:41:43Z</time>
      </trkpt>
      <trkpt lat="37.75075" lon="-122.45603">
        <ele>136.59</ele>
        <time>2025-01-10T19:41:45Z</time>
      </trkpt>
      <trkpt lat="37.75075" lon="-122.45608">
        <ele>136.1</ele>
        <time>2025-01-10T19:41:48Z</time>
      </trkpt>
      <trkpt lat="37.75075" lon="-122.45612">
        <ele>135.88</ele>
        <time>2025-01-10T19:41:50Z</time>
      </trkpt>
      <trkpt lat="37.75074" lon="-122.45616">
        <ele>136.58</ele>
        <time>2025-01-10T19:41:53Z</time>
      </trkpt>
      <trkpt lat="37.75071" lon="-122.4562">
        <ele>138.65</ele>
        <time>2025-01-10T19:41:56Z</time>
      </trkpt>
      <trkpt lat="37.75069" lon="-122.45624">
        <ele>140.13</ele>
        <time>2025-01-10T19:41:59Z</time>
      </trkpt>
      <trkpt lat="37.7507" lon="-122.4563">
        <ele>140.24</ele>
        <time>2025-01-10T19:42:01Z</time>
      </trkpt>
      <trkpt lat="37.75071" lon="-122.45634">
        <ele>139.97</ele>
        <time>2025-01-10T19:42:03Z</time>
      </trkpt>
      <trkpt lat="37.75072" lon="-122.45637">
        <ele>139.48</ele>
        <time>2025-01-10T19:42:05Z</time>
      </trkpt>
      <trkpt lat="37.75073" lon="-122.45641">
        <ele>138.79</ele>
        <time>2025-01-10T19:42:07Z</time>
      </trkpt>
      <trkpt lat="37.75074" lon="-122.45644">
        <ele>138.05</ele>
        <time>2025-01-10T19:42:09Z</time>
      </trkpt>
      <trkpt lat="37.75077" lon="-122.45647">
        <ele>136.42</ele>
        <time>2025-01-10T19:42:11Z</time>
      </trkpt>
      <trkpt lat="37.75079" lon="-122.45649">
        <ele>135.34</ele>
        <time>2025-01-10T19:42:13Z</time>
      </trkpt>
      <trkpt lat="37.7508" lon="-122.45653">
        <ele>134.8</ele>
        <time>2025-01-10T19:42:15Z</time>
      </trkpt>
      <trkpt lat="37.7508" lon="-122.45657">
        <ele>134.8</ele>
        <time>2025-01-10T19:42:17Z</time>
      </trkpt>
      <trkpt lat="37.75079" lon="-122.45661">
        <ele>134.75</ele>
        <time>2025-01-10T19:42:19Z</time>
      </trkpt>
      <trkpt lat="37.75078" lon="-122.45665">
        <ele>134.71</ele>
        <time>2025-01-10T19:42:21Z</time>
      </trkpt>
      <trkpt lat="37.75078" lon="-122.45669">
        <ele>134.42</ele>
        <time>2025-01-10T19:42:23Z</time>
      </trkpt>
      <trkpt lat="37.75077" lon="-122.45672">
        <ele>134.89</ele>
        <time>2025-01-10T19:42:25Z</time>
      </trkpt>
      <trkpt lat="37.75076" lon="-122.45676">
        <ele>135.17</ele>
        <time>2025-01-10T19:42:27Z</time>
      </trkpt>
      <trkpt lat="37.75074" lon="-122.45679">
        <ele>136.04</ele>
        <time>2025-01-10T19:42:29Z</time>
      </trkpt>
      <trkpt lat="37.75073" lon="-122.45684">
        <ele>136.48</ele>
        <time>2025-01-10T19:42:32Z</time>
      </trkpt>
      <trkpt lat="37.75072" lon="-122.45689">
        <ele>136.58</ele>
        <time>2025-01-10T19:42:35Z</time>
      </trkpt>
      <trkpt lat="37.75073" lon="-122.45693">
        <ele>135.72</ele>
        <time>2025-01-10T19:42:38Z</time>
      </trkpt>
      <trkpt lat="37.75073" lon="-122.45696">
        <ele>135.58</ele>
        <time>2025-01-10T19:42:40Z</time>
      </trkpt>
      <trkpt lat="37.75074" lon="-122.457">
        <ele>135.04</ele>
        <time>2025-01-10T19:42:42Z</time>
      </trkpt>
      <trkpt lat="37.75073" lon="-122.45705">
        <ele>135.46</ele>
        <time>2025-01-10T19:42:45Z</time>
      </trkpt>
      <trkpt lat="37.75072" lon="-122.45708">
        <ele>135.76</ele>
        <time>2025-01-10T19:42:48Z</time>
      </trkpt>
      <trkpt lat="37.75071" lon="-122.45713">
        <ele>135.99</ele>
        <time>2025-01-10T19:42:51Z</time>
      </trkpt>
      <trkpt lat="37.75071" lon="-122.45717">
        <ele>136.28</ele>
        <time>2025-01-10T19:42:54Z</time>
      </trkpt>
      <trkpt lat="37.7507" lon="-122.45722">
        <ele>137.19</ele>
        <time>2025-01-10T19:42:57Z</time>
      </trkpt>
      <trkpt lat="37.7507" lon="-122.45726">
        <ele>137.66</ele>
        <time>2025-01-10T19:43:00Z</time>
      </trkpt>
      <trkpt lat="37.7507" lon="-122.45731">
        <ele>138.26</ele>
        <time>2025-01-10T19:43:03Z</time>
      </trkpt>
      <trkpt lat="37.7507" lon="-122.45735">
        <ele>138.87</ele>
        <time>2025-01-10T19:43:06Z</time>
      </trkpt>
      <trkpt lat="37.75071" lon="-122.45739">
        <ele>139.08</ele>
        <time>2025-01-10T19:43:09Z</time>
      </trkpt>
      <trkpt lat="37.75073" lon="-122.45743">
        <ele>138.76</ele>
        <time>2025-01-10T19:43:12Z</time>
      </trkpt>
      <trkpt lat="37.75076" lon="-122.45746">
        <ele>137.44</ele>
        <time>2025-01-10T19:43:15Z</time>
      </trkpt>
      <trkpt lat="37.75079" lon="-122.45747">
        <ele>135.84</ele>
        <time>2025-01-10T19:43:18Z</time>
      </trkpt>
      <trkpt lat="37.75081" lon="-122.4575">
        <ele>135.26</ele>
        <time>2025-01-10T19:43:20Z</time>
      </trkpt>
      <trkpt lat="37.75082" lon="-122.45755">
        <ele>135.88</ele>
        <time>2025-01-10T19:43:23Z</time>
      </trkpt>
      <trkpt lat="37.75082" lon="-122.45759">
        <ele>136.8</ele>
        <time>2025-01-10T19:43:26Z</time>
      </trkpt>
      <trkpt lat="37.75083" lon="-122.45763">
        <ele>137.01</ele>
        <time>2025-01-10T19:43:29Z</time>
      </trkpt>
      <trkpt lat="37.75085" lon="-122.45768">
        <ele>137.15</ele>
        <time>2025-01-10T19:43:31Z</time>
      </trkpt>
      <trkpt lat="37.75088" lon="-122.4577">
        <ele>136.31</ele>
        <time>2025-01-10T19:43:34Z</time>
      </trkpt>
      <trkpt lat="37.75091" lon="-122.45772">
        <ele>135.69</ele>
        <time>2025-01-10T19:43:37Z</time>
      </trkpt>
      <trkpt lat="37.75093" lon="-122.45775">
        <ele>135.84</ele>
        <time>2025-01-10T19:43:39Z</time>
      </trkpt>
      <trkpt lat="37.75094" lon="-122.45778">
        <ele>136.09</ele>
        <time>2025-01-10T19:43:41Z</time>
      </trkpt>
      <trkpt lat="37.75094" lon="-122.45782">
        <ele>136.16</ele>
        <time>2025-01-10T19:43:43Z</time>
      </trkpt>
      <trkpt lat="37.75093" lon="-122.45786">
        <ele>136.78</ele>
        <time>2025-01-10T19:43:45Z</time>
      </trkpt>
      <trkpt lat="37.75092" lon="-122.45791">
        <ele>136.42</ele>
        <time>2025-01-10T19:43:48Z</time>
      </trkpt>
      <trkpt lat="37.75092" lon="-122.45795">
        <ele>135.64</ele>
        <time>2025-01-10T19:43:50Z</time>
      </trkpt>
      <trkpt lat="37.75091" lon="-122.45799">
        <ele>135.5</ele>
        <time>2025-01-10T19:43:52Z</time>
      </trkpt>
      <trkpt lat="37.7509" lon="-122.45804">
        <ele>135.25</ele>
        <time>2025-01-10T19:43:55Z</time>
      </trkpt>
      <trkpt lat="37.75089" lon="-122.4581">
        <ele>135.72</ele>
        <time>2025-01-10T19:43:57Z</time>
      </trkpt>
      <trkpt lat="37.75087" lon="-122.45813">
        <ele>137.23</ele>
        <time>2025-01-10T19:43:59Z</time>
      </trkpt>
      <trkpt lat="37.75085" lon="-122.45817">
        <ele>138.59</ele>
        <time>2025-01-10T19:44:02Z</time>
      </trkpt>
      <trkpt lat="37.75084" lon="-122.45821">
        <ele>138.92</ele>
        <time>2025-01-10T19:44:08Z</time>
      </trkpt>
      <trkpt lat="37.75085" lon="-122.45825">
        <ele>138.3</ele>
        <time>2025-01-10T19:44:12Z</time>
      </trkpt>
      <trkpt lat="37.75086" lon="-122.45829">
        <ele>138.62</ele>
        <time>2025-01-10T19:44:16Z</time>
      </trkpt>
      <trkpt lat="37.75087" lon="-122.45834">
        <ele>139.05</ele>
        <time>2025-01-10T19:44:19Z</time>
      </trkpt>
      <trkpt lat="37.75087" lon="-122.45837">
        <ele>139.18</ele>
        <time>2025-01-10T19:44:21Z</time>
      </trkpt>
      <trkpt lat="37.75087" lon="-122.45842">
        <ele>139.39</ele>
        <time>2025-01-10T19:44:24Z</time>
      </trkpt>
      <trkpt lat="37.75086" lon="-122.45846">
        <ele>140.06</ele>
        <time>2025-01-10T19:44:27Z</time>
      </trkpt>
      <trkpt lat="37.75085" lon="-122.4585">
        <ele>140.57</ele>
        <time>2025-01-10T19:44:30Z</time>
      </trkpt>
      <trkpt lat="37.75082" lon="-122.45854">
        <ele>141.7</ele>
        <time>2025-01-10T19:44:33Z</time>
      </trkpt>
      <trkpt lat="37.7508" lon="-122.45857">
        <ele>142.84</ele>
        <time>2025-01-10T19:44:36Z</time>
      </trkpt>
      <trkpt lat="37.75076" lon="-122.45857">
        <ele>144.37</ele>
        <time>2025-01-10T19:44:39Z</time>
      </trkpt>
      <trkpt lat="37.75073" lon="-122.45854">
        <ele>144.81</ele>
        <time>2025-01-10T19:44:42Z</time>
      </trkpt>
      <trkpt lat="37.75071" lon="-122.45851">
        <ele>144.97</ele>
        <time>2025-01-10T19:44:45Z</time>
      </trkpt>
      <trkpt lat="37.75069" lon="-122.45847">
        <ele>145.69</ele>
        <time>2025-01-10T19:44:49Z</time>
      </trkpt>
      <trkpt lat="37.75069" lon="-122.45843">
        <ele>145.74</ele>
        <time>2025-01-10T19:44:51Z</time>
      </trkpt>
      <trkpt lat="37.7507" lon="-122.45839">
        <ele>146.36</ele>
        <time>2025-01-10T19:44:53Z</time>
      </trkpt>
      <trkpt lat="37.75072" lon="-122.45835">
        <ele>146.58</ele>
        <time>2025-01-10T19:44:56Z</time>
      </trkpt>
      <trkpt lat="37.75071" lon="-122.45832">
        <ele>147.71</ele>
        <time>2025-01-10T19:45:01Z</time>
      </trkpt>
      <trkpt lat="37.75068" lon="-122.45834">
        <ele>149.06</ele>
        <time>2025-01-10T19:45:04Z</time>
      </trkpt>
      <trkpt lat="37.75066" lon="-122.45838">
        <ele>148.85</ele>
        <time>2025-01-10T19:45:07Z</time>
      </trkpt>
      <trkpt lat="37.75065" lon="-122.45842">
        <ele>148.09</ele>
        <time>2025-01-10T19:45:10Z</time>
      </trkpt>
      <trkpt lat="37.75065" lon="-122.45845">
        <ele>147.65</ele>
        <time>2025-01-10T19:45:13Z</time>
      </trkpt>
      <trkpt lat="37.75066" lon="-122.45849">
        <ele>146.85</ele>
        <time>2025-01-10T19:45:17Z</time>
      </trkpt>
      <trkpt lat="37.75065" lon="-122.45853">
        <ele>147.19</ele>
        <time>2025-01-10T19:45:20Z</time>
      </trkpt>
      <trkpt lat="37.75065" lon="-122.45856">
        <ele>147.84</ele>
        <time>2025-01-10T19:45:23Z</time>
      </trkpt>
      <trkpt lat="37.75067" lon="-122.45859">
        <ele>147.84</ele>
        <time>2025-01-10T19:45:26Z</time>
      </trkpt>
      <trkpt lat="37.7507" lon="-122.45862">
        <ele>147.51</ele>
        <time>2025-01-10T19:45:29Z</time>
      </trkpt>
      <trkpt lat="37.75072" lon="-122.45865">
        <ele>147.51</ele>
        <time>2025-01-10T19:45:32Z</time>
      </trkpt>
      <trkpt lat="37.75073" lon="-122.45869">
        <ele>148.05</ele>
        <time>2025-01-10T19:45:35Z</time>
      </trkpt>
      <trkpt lat="37.75074" lon="-122.45873">
        <ele>148.59</ele>
        <time>2025-01-10T19:45:39Z</time>
      </trkpt>
      <trkpt lat="37.75075" lon="-122.45876">
        <ele>148.94</ele>
        <time>2025-01-10T19:45:43Z</time>
      </trkpt>
      <trkpt lat="37.75077" lon="-122.45879">
        <ele>149.19</ele>
        <time>2025-01-10T19:45:46Z</time>
      </trkpt>
      <trkpt lat="37.75079" lon="-122.45882">
        <ele>149.45</ele>
        <time>2025-01-10T19:45:49Z</time>
      </trkpt>
      <trkpt lat="37.75081" lon="-122.45884">
        <ele>149.45</ele>
        <time>2025-01-10T19:45:52Z</time>
      </trkpt>
      <trkpt lat="37.75083" lon="-122.45888">
        <ele>149.88</ele>
        <time>2025-01-10T19:45:55Z</time>
      </trkpt>
      <trkpt lat="37.75085" lon="-122.45892">
        <ele>149.53</ele>
        <time>2025-01-10T19:45:58Z</time>
      </trkpt>
      <trkpt lat="37.75087" lon="-122.45895">
        <ele>149.07</ele>
        <time>2025-01-10T19:46:01Z</time>
      </trkpt>
      <trkpt lat="37.7509" lon="-122.45898">
        <ele>148.34</ele>
        <time>2025-01-10T19:46:03Z</time>
      </trkpt>
      <trkpt lat="37.75092" lon="-122.45901">
        <ele>148.76</ele>
        <time>2025-01-10T19:46:06Z</time>
      </trkpt>
      <trkpt lat="37.75095" lon="-122.45903">
        <ele>149.1</ele>
        <time>2025-01-10T19:46:09Z</time>
      </trkpt>
      <trkpt lat="37.75097" lon="-122.45906">
        <ele>150.29</ele>
        <time>2025-01-10T19:46:13Z</time>
      </trkpt>
      <trkpt lat="37.75099" lon="-122.4591">
        <ele>151.2</ele>
        <time>2025-01-10T19:46:16Z</time>
      </trkpt>
      <trkpt lat="37.75101" lon="-122.45913">
        <ele>151.83</ele>
        <time>2025-01-10T19:46:19Z</time>
      </trkpt>
      <trkpt lat="37.75102" lon="-122.45917">
        <ele>152.94</ele>
        <time>2025-01-10T19:46:22Z</time>
      </trkpt>
      <trkpt lat="37.75103" lon="-122.45921">
        <ele>152.68</ele>
        <time>2025-01-10T19:46:24Z</time>
      </trkpt>
      <trkpt lat="37.75104" lon="-122.45926">
        <ele>152.77</ele>
        <time>2025-01-10T19:46:26Z</time>
      </trkpt>
      <trkpt lat="37.75105" lon="-122.4593">
        <ele>152.81</ele>
        <time>2025-01-10T19:46:29Z</time>
      </trkpt>
      <trkpt lat="37.75106" lon="-122.45934">
        <ele>152.94</ele>
        <time>2025-01-10T19:46:32Z</time>
      </trkpt>
      <trkpt lat="37.75106" lon="-122.45939">
        <ele>153.18</ele>
        <time>2025-01-10T19:46:36Z</time>
      </trkpt>
      <trkpt lat="37.75107" lon="-122.45944">
        <ele>153.53</ele>
        <time>2025-01-10T19:46:39Z</time>
      </trkpt>
      <trkpt lat="37.75108" lon="-122.45949">
        <ele>153.83</ele>
        <time>2025-01-10T19:46:42Z</time>
      </trkpt>
      <trkpt lat="37.75108" lon="-122.45954">
        <ele>154.01</ele>
        <time>2025-01-10T19:46:45Z</time>
      </trkpt>
      <trkpt lat="37.75107" lon="-122.45958">
        <ele>154.21</ele>
        <time>2025-01-10T19:46:48Z</time>
      </trkpt>
      <trkpt lat="37.75107" lon="-122.45962">
        <ele>154.4</ele>
        <time>2025-01-10T19:46:50Z</time>
      </trkpt>
      <trkpt lat="37.75106" lon="-122.45966">
        <ele>154.08</ele>
        <time>2025-01-10T19:46:52Z</time>
      </trkpt>
      <trkpt lat="37.75104" lon="-122.4597">
        <ele>153.83</ele>
        <time>2025-01-10T19:46:54Z</time>
      </trkpt>
      <trkpt lat="37.75102" lon="-122.45973">
        <ele>153.8</ele>
        <time>2025-01-10T19:46:56Z</time>
      </trkpt>
      <trkpt lat="37.751" lon="-122.45976">
        <ele>153.18</ele>
        <time>2025-01-10T19:46:58Z</time>
      </trkpt>
      <trkpt lat="37.75098" lon="-122.45979">
        <ele>152.54</ele>
        <time>2025-01-10T19:47:00Z</time>
      </trkpt>
      <trkpt lat="37.75095" lon="-122.45981">
        <ele>152.1</ele>
        <time>2025-01-10T19:47:02Z</time>
      </trkpt>
      <trkpt lat="37.75092" lon="-122.45982">
        <ele>151.83</ele>
        <time>2025-01-10T19:47:04Z</time>
      </trkpt>
      <trkpt lat="37.75089" lon="-122.45985">
        <ele>151.0</ele>
        <time>2025-01-10T19:47:07Z</time>
      </trkpt>
      <trkpt lat="37.75086" lon="-122.45988">
        <ele>150.38</ele>
        <time>2025-01-10T19:47:10Z</time>
      </trkpt>
      <trkpt lat="37.75083" lon="-122.45989">
        <ele>150.14</ele>
        <time>2025-01-10T19:47:12Z</time>
      </trkpt>
      <trkpt lat="37.7508" lon="-122.45989">
        <ele>149.69</ele>
        <time>2025-01-10T19:47:14Z</time>
      </trkpt>
      <trkpt lat="37.75077" lon="-122.45989">
        <ele>149.25</ele>
        <time>2025-01-10T19:47:16Z</time>
      </trkpt>
      <trkpt lat="37.75074" lon="-122.45989">
        <ele>148.79</ele>
        <time>2025-01-10T19:47:18Z</time>
      </trkpt>
      <trkpt lat="37.75071" lon="-122.45987">
        <ele>147.8</ele>
        <time>2025-01-10T19:47:20Z</time>
      </trkpt>
      <trkpt lat="37.75068" lon="-122.45985">
        <ele>147.38</ele>
        <time>2025-01-10T19:47:22Z</time>
      </trkpt>
      <trkpt lat="37.75066" lon="-122.45983">
        <ele>147.59</ele>
        <time>2025-01-10T19:47:24Z</time>
      </trkpt>
      <trkpt lat="37.75063" lon="-122.4598">
        <ele>147.51</ele>
        <time>2025-01-10T19:47:26Z</time>
      </trkpt>
      <trkpt lat="37.75061" lon="-122.45978">
        <ele>147.23</ele>
        <time>2025-01-10T19:47:28Z</time>
      </trkpt>
      <trkpt lat="37.75059" lon="-122.45974">
        <ele>147.64</ele>
        <time>2025-01-10T19:47:31Z</time>
      </trkpt>
      <trkpt lat="37.75057" lon="-122.4597">
        <ele>148.0</ele>
        <time>2025-01-10T19:47:34Z</time>
      </trkpt>
      <trkpt lat="37.75056" lon="-122.45966">
        <ele>148.0</ele>
        <time>2025-01-10T19:47:36Z</time>
      </trkpt>
      <trkpt lat="37.75055" lon="-122.45962">
        <ele>148.06</ele>
        <time>2025-01-10T19:47:38Z</time>
      </trkpt>
      <trkpt lat="37.75053" lon="-122.45959">
        <ele>148.28</ele>
        <time>2025-01-10T19:47:41Z</time>
      </trkpt>
      <trkpt lat="37.7505" lon="-122.45956">
        <ele>148.6</ele>
        <time>2025-01-10T19:47:44Z</time>
      </trkpt>
      <trkpt lat="37.75046" lon="-122.45953">
        <ele>149.03</ele>
        <time>2025-01-10T19:47:47Z</time>
      </trkpt>
      <trkpt lat="37.75044" lon="-122.45952">
        <ele>149.25</ele>
        <time>2025-01-10T19:47:49Z</time>
      </trkpt>
      <trkpt lat="37.75041" lon="-122.45951">
        <ele>149.57</ele>
        <time>2025-01-10T19:47:51Z</time>
      </trkpt>
      <trkpt lat="37.75038" lon="-122.4595">
        <ele>149.9</ele>
        <time>2025-01-10T19:47:53Z</time>
      </trkpt>
      <trkpt lat="37.75035" lon="-122.45949">
        <ele>150.0</ele>
        <time>2025-01-10T19:47:56Z</time>
      </trkpt>
      <trkpt lat="37.75031" lon="-122.45947">
        <ele>150.29</ele>
        <time>2025-01-10T19:47:59Z</time>
      </trkpt>
      <trkpt lat="37.75028" lon="-122.45945">
        <ele>150.86</ele>
        <time>2025-01-10T19:48:02Z</time>
      </trkpt>
      <trkpt lat="37.75025" lon="-122.45943">
        <ele>150.49</ele>
        <time>2025-01-10T19:48:05Z</time>
      </trkpt>
      <trkpt lat="37.75025" lon="-122.45939">
        <ele>150.75</ele>
        <time>2025-01-10T19:48:08Z</time>
      </trkpt>
      <trkpt lat="37.75025" lon="-122.45935">
        <ele>150.97</ele>
        <time>2025-01-10T19:48:11Z</time>
      </trkpt>
      <trkpt lat="37.75026" lon="-122.45931">
        <ele>150.27</ele>
        <time>2025-01-10T19:48:14Z</time>
      </trkpt>
      <trkpt lat="37.75025" lon="-122.45927">
        <ele>149.76</ele>
        <time>2025-01-10T19:48:16Z</time>
      </trkpt>
      <trkpt lat="37.75023" lon="-122.45925">
        <ele>149.83</ele>
        <time>2025-01-10T19:48:18Z</time>
      </trkpt>
      <trkpt lat="37.7502" lon="-122.45922">
        <ele>149.54</ele>
        <time>2025-01-10T19:48:21Z</time>
      </trkpt>
      <trkpt lat="37.75016" lon="-122.45921">
        <ele>149.15</ele>
        <time>2025-01-10T19:48:24Z</time>
      </trkpt>
      <trkpt lat="37.75013" lon="-122.45919">
        <ele>148.46</ele>
        <time>2025-01-10T19:48:26Z</time>
      </trkpt>
      <trkpt lat="37.75011" lon="-122.45917">
        <ele>148.05</ele>
        <time>2025-01-10T19:48:28Z</time>
      </trkpt>
      <trkpt lat="37.75009" lon="-122.45914">
        <ele>147.98</ele>
        <time>2025-01-10T19:48:30Z</time>
      </trkpt>
      <trkpt lat="37.75007" lon="-122.45912">
        <ele>147.88</ele>
        <time>2025-01-10T19:48:32Z</time>
      </trkpt>
      <trkpt lat="37.75003" lon="-122.4591">
        <ele>147.81</ele>
        <time>2025-01-10T19:48:35Z</time>
      </trkpt>
      <trkpt lat="37.75001" lon="-122.45911">
        <ele>147.65</ele>
        <time>2025-01-10T19:48:37Z</time>
      </trkpt>
      <trkpt lat="37.74998" lon="-122.45913">
        <ele>147.18</ele>
        <time>2025-01-10T19:48:39Z</time>
      </trkpt>
      <trkpt lat="37.74996" lon="-122.45916">
        <ele>146.64</ele>
        <time>2025-01-10T19:48:41Z</time>
      </trkpt>
      <trkpt lat="37.74994" lon="-122.45918">
        <ele>146.11</ele>
        <time>2025-01-10T19:48:43Z</time>
      </trkpt>
      <trkpt lat="37.74991" lon="-122.4592">
        <ele>145.32</ele>
        <time>2025-01-10T19:48:45Z</time>
      </trkpt>
      <trkpt lat="37.74988" lon="-122.45921">
        <ele>144.61</ele>
        <time>2025-01-10T19:48:48Z</time>
      </trkpt>
      <trkpt lat="37.74985" lon="-122.4592">
        <ele>144.26</ele>
        <time>2025-01-10T19:48:50Z</time>
      </trkpt>
      <trkpt lat="37.74983" lon="-122.45916">
        <ele>144.4</ele>
        <time>2025-01-10T19:48:53Z</time>
      </trkpt>
      <trkpt lat="37.74981" lon="-122.45912">
        <ele>144.45</ele>
        <time>2025-01-10T19:48:56Z</time>
      </trkpt>
      <trkpt lat="37.74978" lon="-122.45908">
        <ele>144.56</ele>
        <time>2025-01-10T19:48:59Z</time>
      </trkpt>
      <trkpt lat="37.74976" lon="-122.45906">
        <ele>144.56</ele>
        <time>2025-01-10T19:49:01Z</time>
      </trkpt>
      <trkpt lat="37.74974" lon="-122.45902">
        <ele>144.78</ele>
        <time>2025-01-10T19:49:04Z</time>
      </trkpt>
      <trkpt lat="37.74972" lon="-122.45898">
        <ele>144.97</ele>
        <time>2025-01-10T19:49:07Z</time>
      </trkpt>
      <trkpt lat="37.7497" lon="-122.45895">
        <ele>144.86</ele>
        <time>2025-01-10T19:49:10Z</time>
      </trkpt>
      <trkpt lat="37.74968" lon="-122.45892">
        <ele>144.75</ele>
        <time>2025-01-10T19:49:13Z</time>
      </trkpt>
      <trkpt lat="37.74966" lon="-122.45889">
        <ele>144.64</ele>
        <time>2025-01-10T19:49:16Z</time>
      </trkpt>
      <trkpt lat="37.74965" lon="-122.45885">
        <ele>145.19</ele>
        <time>2025-01-10T19:49:19Z</time>
      </trkpt>
      <trkpt lat="37.74967" lon="-122.45883">
        <ele>145.87</ele>
        <time>2025-01-10T19:49:23Z</time>
      </trkpt>
      <trkpt lat="37.74971" lon="-122.45884">
        <ele>146.33</ele>
        <time>2025-01-10T19:49:29Z</time>
      </trkpt>
      <trkpt lat="37.74974" lon="-122.45884">
        <ele>146.72</ele>
        <time>2025-01-10T19:49:32Z</time>
      </trkpt>
      <trkpt lat="37.74977" lon="-122.45884">
        <ele>147.04</ele>
        <time>2025-01-10T19:49:34Z</time>
      </trkpt>
      <trkpt lat="37.7498" lon="-122.45884">
        <ele>147.37</ele>
        <time>2025-01-10T19:49:37Z</time>
      </trkpt>
      <trkpt lat="37.74983" lon="-122.45885">
        <ele>147.65</ele>
        <time>2025-01-10T19:49:40Z</time>
      </trkpt>
      <trkpt lat="37.74986" lon="-122.45888">
        <ele>147.63</ele>
        <time>2025-01-10T19:49:43Z</time>
      </trkpt>
      <trkpt lat="37.74989" lon="-122.45891">
        <ele>147.58</ele>
        <time>2025-01-10T19:49:46Z</time>
      </trkpt>
      <trkpt lat="37.74992" lon="-122.45892">
        <ele>147.94</ele>
        <time>2025-01-10T19:49:49Z</time>
      </trkpt>
      <trkpt lat="37.74995" lon="-122.45892">
        <ele>148.58</ele>
        <time>2025-01-10T19:49:52Z</time>
      </trkpt>
      <trkpt lat="37.74998" lon="-122.45892">
        <ele>149.23</ele>
        <time>2025-01-10T19:49:54Z</time>
      </trkpt>
      <trkpt lat="37.75001" lon="-122.45892">
        <ele>149.92</ele>
        <time>2025-01-10T19:49:56Z</time>
      </trkpt>
      <trkpt lat="37.75004" lon="-122.45891">
        <ele>150.87</ele>
        <time>2025-01-10T19:49:59Z</time>
      </trkpt>
      <trkpt lat="37.75007" lon="-122.4589">
        <ele>151.97</ele>
        <time>2025-01-10T19:50:02Z</time>
      </trkpt>
      <trkpt lat="37.75005" lon="-122.45886">
        <ele>151.91</ele>
        <time>2025-01-10T19:50:09Z</time>
      </trkpt>
      <trkpt lat="37.75002" lon="-122.45885">
        <ele>151.31</ele>
        <time>2025-01-10T19:50:13Z</time>
      </trkpt>
      <trkpt lat="37.75" lon="-122.45882">
        <ele>151.49</ele>
        <time>2025-01-10T19:50:17Z</time>
      </trkpt>
      <trkpt lat="37.74998" lon="-122.45878">
        <ele>151.74</ele>
        <time>2025-01-10T19:50:20Z</time>
      </trkpt>
      <trkpt lat="37.74998" lon="-122.45875">
        <ele>152.07</ele>
        <time>2025-01-10T19:50:24Z</time>
      </trkpt>
      <trkpt lat="37.74995" lon="-122.45873">
        <ele>151.64</ele>
        <time>2025-01-10T19:50:31Z</time>
      </trkpt>
      <trkpt lat="37.74992" lon="-122.45872">
        <ele>151.1</ele>
        <time>2025-01-10T19:50:33Z</time>
      </trkpt>
      <trkpt lat="37.74989" lon="-122.45871">
        <ele>150.56</ele>
        <time>2025-01-10T19:50:35Z</time>
      </trkpt>
      <trkpt lat="37.74985" lon="-122.4587">
        <ele>149.86</ele>
        <time>2025-01-10T19:50:38Z</time>
      </trkpt>
      <trkpt lat="37.74982" lon="-122.4587">
        <ele>149.19</ele>
        <time>2025-01-10T19:50:41Z</time>
      </trkpt>
      <trkpt lat="37.74979" lon="-122.45869">
        <ele>148.76</ele>
        <time>2025-01-10T19:50:45Z</time>
      </trkpt>
      <trkpt lat="37.74976" lon="-122.45867">
        <ele>148.54</ele>
        <time>2025-01-10T19:50:48Z</time>
      </trkpt>
      <trkpt lat="37.74973" lon="-122.45865">
        <ele>148.33</ele>
        <time>2025-01-10T19:50:51Z</time>
      </trkpt>
      <trkpt lat="37.74971" lon="-122.45863">
        <ele>148.38</ele>
        <time>2025-01-10T19:50:54Z</time>
      </trkpt>
      <trkpt lat="37.74968" lon="-122.45861">
        <ele>148.11</ele>
        <time>2025-01-10T19:50:57Z</time>
      </trkpt>
      <trkpt lat="37.74964" lon="-122.45857">
        <ele>148.11</ele>
        <time>2025-01-10T19:50:59Z</time>
      </trkpt>
      <trkpt lat="37.74961" lon="-122.45855">
        <ele>147.97</ele>
        <time>2025-01-10T19:51:01Z</time>
      </trkpt>
      <trkpt lat="37.74958" lon="-122.45853">
        <ele>147.75</ele>
        <time>2025-01-10T19:51:03Z</time>
      </trkpt>
      <trkpt lat="37.74955" lon="-122.45851">
        <ele>147.4</ele>
        <time>2025-01-10T19:51:05Z</time>
      </trkpt>
      <trkpt lat="37.74952" lon="-122.45849">
        <ele>147.24</ele>
        <time>2025-01-10T19:51:07Z</time>
      </trkpt>
      <trkpt lat="37.74949" lon="-122.45847">
        <ele>147.55</ele>
        <time>2025-01-10T19:51:09Z</time>
      </trkpt>
      <trkpt lat="37.74946" lon="-122.45845">
        <ele>148.14</ele>
        <time>2025-01-10T19:51:11Z</time>
      </trkpt>
      <trkpt lat="37.74943" lon="-122.45843">
        <ele>148.41</ele>
        <time>2025-01-10T19:51:13Z</time>
      </trkpt>
      <trkpt lat="37.74941" lon="-122.4584">
        <ele>147.81</ele>
        <time>2025-01-10T19:51:15Z</time>
      </trkpt>
      <trkpt lat="37.74939" lon="-122.45837">
        <ele>147.34</ele>
        <time>2025-01-10T19:51:17Z</time>
      </trkpt>
      <trkpt lat="37.74936" lon="-122.45835">
        <ele>146.94</ele>
        <time>2025-01-10T19:51:19Z</time>
      </trkpt>
      <trkpt lat="37.74933" lon="-122.45833">
        <ele>147.03</ele>
        <time>2025-01-10T19:51:21Z</time>
      </trkpt>
      <trkpt lat="37.74931" lon="-122.45832">
        <ele>147.08</ele>
        <time>2025-01-10T19:51:23Z</time>
      </trkpt>
      <trkpt lat="37.74928" lon="-122.4583">
        <ele>147.08</ele>
        <time>2025-01-10T19:51:25Z</time>
      </trkpt>
      <trkpt lat="37.74926" lon="-122.45828">
        <ele>147.0</ele>
        <time>2025-01-10T19:51:27Z</time>
      </trkpt>
      <trkpt lat="37.74923" lon="-122.45826">
        <ele>146.62</ele>
        <time>2025-01-10T19:51:29Z</time>
      </trkpt>
      <trkpt lat="37.74921" lon="-122.45825">
        <ele>146.41</ele>
        <time>2025-01-10T19:51:31Z</time>
      </trkpt>
      <trkpt lat="37.74917" lon="-122.45823">
        <ele>146.16</ele>
        <time>2025-01-10T19:51:34Z</time>
      </trkpt>
      <trkpt lat="37.74914" lon="-122.4582">
        <ele>146.15</ele>
        <time>2025-01-10T19:51:37Z</time>
      </trkpt>
      <trkpt lat="37.74912" lon="-122.45816">
        <ele>146.37</ele>
        <time>2025-01-10T19:51:40Z</time>
      </trkpt>
      <trkpt lat="37.74909" lon="-122.45815">
        <ele>146.15</ele>
        <time>2025-01-10T19:51:43Z</time>
      </trkpt>
      <trkpt lat="37.74906" lon="-122.45817">
        <ele>145.73</ele>
        <time>2025-01-10T19:51:46Z</time>
      </trkpt>
      <trkpt lat="37.74904" lon="-122.4582">
        <ele>145.23</ele>
        <time>2025-01-10T19:51:48Z</time>
      </trkpt>
      <trkpt lat="37.74902" lon="-122.45822">
        <ele>144.77</ele>
        <time>2025-01-10T19:51:51Z</time>
      </trkpt>
      <trkpt lat="37.74899" lon="-122.45823">
        <ele>144.31</ele>
        <time>2025-01-10T19:51:54Z</time>
      </trkpt>
      <trkpt lat="37.74896" lon="-122.45823">
        <ele>144.23</ele>
        <time>2025-01-10T19:51:56Z</time>
      </trkpt>
      <trkpt lat="37.74892" lon="-122.45823">
        <ele>144.23</ele>
        <time>2025-01-10T19:51:58Z</time>
      </trkpt>
      <trkpt lat="37.74889" lon="-122.45825">
        <ele>143.8</ele>
        <time>2025-01-10T19:52:01Z</time>
      </trkpt>
      <trkpt lat="37.74886" lon="-122.45827">
        <ele>143.15</ele>
        <time>2025-01-10T19:52:04Z</time>
      </trkpt>
      <trkpt lat="37.74882" lon="-122.45827">
        <ele>142.86</ele>
        <time>2025-01-10T19:52:07Z</time>
      </trkpt>
      <trkpt lat="37.74879" lon="-122.45826">
        <ele>142.85</ele>
        <time>2025-01-10T19:52:09Z</time>
      </trkpt>
      <trkpt lat="37.74876" lon="-122.45827">
        <ele>142.95</ele>
        <time>2025-01-10T19:52:12Z</time>
      </trkpt>
      <trkpt lat="37.74873" lon="-122.4583">
        <ele>142.62</ele>
        <time>2025-01-10T19:52:15Z</time>
      </trkpt>
      <trkpt lat="37.7487" lon="-122.45833">
        <ele>142.07</ele>
        <time>2025-01-10T19:52:18Z</time>
      </trkpt>
      <trkpt lat="37.74867" lon="-122.45835">
        <ele>141.82</ele>
        <time>2025-01-10T19:52:21Z</time>
      </trkpt>
      <trkpt lat="37.74862" lon="-122.45835">
        <ele>141.82</ele>
        <time>2025-01-10T19:52:24Z</time>
      </trkpt>
      <trkpt lat="37.7486" lon="-122.45834">
        <ele>141.93</ele>
        <time>2025-01-10T19:52:26Z</time>
      </trkpt>
      <trkpt lat="37.74856" lon="-122.45831">
        <ele>142.39</ele>
        <time>2025-01-10T19:52:29Z</time>
      </trkpt>
      <trkpt lat="37.74852" lon="-122.4583">
        <ele>142.71</ele>
        <time>2025-01-10T19:52:32Z</time>
      </trkpt>
      <trkpt lat="37.74849" lon="-122.4583">
        <ele>142.72</ele>
        <time>2025-01-10T19:52:34Z</time>
      </trkpt>
      <trkpt lat="37.74845" lon="-122.4583">
        <ele>142.72</ele>
        <time>2025-01-10T19:52:37Z</time>
      </trkpt>
      <trkpt lat="37.74842" lon="-122.45832">
        <ele>142.29</ele>
        <time>2025-01-10T19:52:40Z</time>
      </trkpt>
      <trkpt lat="37.7484" lon="-122.45835">
        <ele>141.87</ele>
        <time>2025-01-10T19:52:43Z</time>
      </trkpt>
      <trkpt lat="37.74838" lon="-122.45839">
        <ele>141.69</ele>
        <time>2025-01-10T19:52:46Z</time>
      </trkpt>
      <trkpt lat="37.74837" lon="-122.45844">
        <ele>141.3</ele>
        <time>2025-01-10T19:52:49Z</time>
      </trkpt>
      <trkpt lat="37.74835" lon="-122.45849">
        <ele>140.44</ele>
        <time>2025-01-10T19:52:52Z</time>
      </trkpt>
      <trkpt lat="37.74832" lon="-122.45852">
        <ele>139.97</ele>
        <time>2025-01-10T19:52:55Z</time>
      </trkpt>
      <trkpt lat="37.74829" lon="-122.45852">
        <ele>139.97</ele>
        <time>2025-01-10T19:52:57Z</time>
      </trkpt>
      <trkpt lat="37.74825" lon="-122.45851">
        <ele>140.18</ele>
        <time>2025-01-10T19:52:59Z</time>
      </trkpt>
      <trkpt lat="37.74822" lon="-122.4585">
        <ele>140.36</ele>
        <time>2025-01-10T19:53:01Z</time>
      </trkpt>
      <trkpt lat="37.74819" lon="-122.45848">
        <ele>140.6</ele>
        <time>2025-01-10T19:53:04Z</time>
      </trkpt>
      <trkpt lat="37.74816" lon="-122.45849">
        <ele>140.35</ele>
        <time>2025-01-10T19:53:08Z</time>
      </trkpt>
      <trkpt lat="37.74815" lon="-122.45853">
        <ele>139.63</ele>
        <time>2025-01-10T19:53:12Z</time>
      </trkpt>
      <trkpt lat="37.74813" lon="-122.45856">
        <ele>138.74</ele>
        <time>2025-01-10T19:53:16Z</time>
      </trkpt>
      <trkpt lat="37.74814" lon="-122.45859">
        <ele>137.75</ele>
        <time>2025-01-10T19:53:24Z</time>
      </trkpt>
      <trkpt lat="37.74814" lon="-122.45863">
        <ele>136.87</ele>
        <time>2025-01-10T19:53:27Z</time>
      </trkpt>
      <trkpt lat="37.74813" lon="-122.45868">
        <ele>136.31</ele>
        <time>2025-01-10T19:53:29Z</time>
      </trkpt>
      <trkpt lat="37.74814" lon="-122.45872">
        <ele>136.0</ele>
        <time>2025-01-10T19:53:32Z</time>
      </trkpt>
      <trkpt lat="37.74818" lon="-122.45872">
        <ele>135.94</ele>
        <time>2025-01-10T19:53:35Z</time>
      </trkpt>
      <trkpt lat="37.74821" lon="-122.45872">
        <ele>135.88</ele>
        <time>2025-01-10T19:53:37Z</time>
      </trkpt>
      <trkpt lat="37.74825" lon="-122.45872">
        <ele>135.82</ele>
        <time>2025-01-10T19:53:40Z</time>
      </trkpt>
      <trkpt lat="37.74828" lon="-122.45872">
        <ele>135.82</ele>
        <time>2025-01-10T19:53:42Z</time>
      </trkpt>
      <trkpt lat="37.74831" lon="-122.45872">
        <ele>135.82</ele>
        <time>2025-01-10T19:53:44Z</time>
      </trkpt>
      <trkpt lat="37.74833" lon="-122.45876">
        <ele>135.39</ele>
        <time>2025-01-10T19:53:47Z</time>
      </trkpt>
      <trkpt lat="37.74833" lon="-122.45881">
        <ele>135.0</ele>
        <time>2025-01-10T19:53:49Z</time>
      </trkpt>
      <trkpt lat="37.74831" lon="-122.45885">
        <ele>135.0</ele>
        <time>2025-01-10T19:53:51Z</time>
      </trkpt>
      <trkpt lat="37.74829" lon="-122.45888">
        <ele>135.0</ele>
        <time>2025-01-10T19:53:53Z</time>
      </trkpt>
      <trkpt lat="37.74827" lon="-122.45891">
        <ele>135.0</ele>
        <time>2025-01-10T19:53:55Z</time>
      </trkpt>
      <trkpt lat="37.74825" lon="-122.45894">
        <ele>135.0</ele>
        <time>2025-01-10T19:53:57Z</time>
      </trkpt>
      <trkpt lat="37.74822" lon="-122.45897">
        <ele>135.0</ele>
        <time>2025-01-10T19:53:59Z</time>
      </trkpt>
      <trkpt lat="37.7482" lon="-122.459">
        <ele>134.89</ele>
        <time>2025-01-10T19:54:01Z</time>
      </trkpt>
      <trkpt lat="37.74818" lon="-122.45903">
        <ele>134.82</ele>
        <time>2025-01-10T19:54:03Z</time>
      </trkpt>
      <trkpt lat="37.74815" lon="-122.45906">
        <ele>134.98</ele>
        <time>2025-01-10T19:54:05Z</time>
      </trkpt>
      <trkpt lat="37.74814" lon="-122.4591">
        <ele>135.09</ele>
        <time>2025-01-10T19:54:07Z</time>
      </trkpt>
      <trkpt lat="37.74814" lon="-122.45914">
        <ele>135.09</ele>
        <time>2025-01-10T19:54:10Z</time>
      </trkpt>
      <trkpt lat="37.74816" lon="-122.45917">
        <ele>134.87</ele>
        <time>2025-01-10T19:54:13Z</time>
      </trkpt>
      <trkpt lat="37.74818" lon="-122.4592">
        <ele>134.66</ele>
        <time>2025-01-10T19:54:16Z</time>
      </trkpt>
      <trkpt lat="37.74823" lon="-122.45922">
        <ele>134.12</ele>
        <time>2025-01-10T19:54:19Z</time>
      </trkpt>
      <trkpt lat="37.74826" lon="-122.45923">
        <ele>134.0</ele>
        <time>2025-01-10T19:54:21Z</time>
      </trkpt>
      <trkpt lat="37.74828" lon="-122.45925">
        <ele>134.0</ele>
        <time>2025-01-10T19:54:24Z</time>
      </trkpt>
      <trkpt lat="37.7483" lon="-122.45928">
        <ele>134.08</ele>
        <time>2025-01-10T19:54:28Z</time>
      </trkpt>
      <trkpt lat="37.74825" lon="-122.45933">
        <ele>134.69</ele>
        <time>2025-01-10T19:56:16Z</time>
      </trkpt>
      <trkpt lat="37.74822" lon="-122.45938">
        <ele>135.6</ele>
        <time>2025-01-10T19:56:21Z</time>
      </trkpt>
      <trkpt lat="37.7482" lon="-122.45943">
        <ele>136.66</ele>
        <time>2025-01-10T19:56:27Z</time>
      </trkpt>
      <trkpt lat="37.74816" lon="-122.45947">
        <ele>138.02</ele>
        <time>2025-01-10T19:56:32Z</time>
      </trkpt>
      <trkpt lat="37.74813" lon="-122.45949">
        <ele>138.69</ele>
        <time>2025-01-10T19:56:35Z</time>
      </trkpt>
      <trkpt lat="37.74809" lon="-122.4595">
        <ele>139.23</ele>
        <time>2025-01-10T19:56:38Z</time>
      </trkpt>
      <trkpt lat="37.74806" lon="-122.4595">
        <ele>139.55</ele>
        <time>2025-01-10T19:56:41Z</time>
      </trkpt>
      <trkpt lat="37.74803" lon="-122.45951">
        <ele>139.98</ele>
        <time>2025-01-10T19:56:44Z</time>
      </trkpt>
      <trkpt lat="37.74799" lon="-122.45952">
        <ele>140.52</ele>
        <time>2025-01-10T19:56:47Z</time>
      </trkpt>
      <trkpt lat="37.74796" lon="-122.45954">
        <ele>141.09</ele>
        <time>2025-01-10T19:56:51Z</time>
      </trkpt>
      <trkpt lat="37.74795" lon="-122.45958">
        <ele>141.94</ele>
        <time>2025-01-10T19:56:55Z</time>
      </trkpt>
      <trkpt lat="37.74795" lon="-122.45962">
        <ele>142.68</ele>
        <time>2025-01-10T19:56:58Z</time>
      </trkpt>
      <trkpt lat="37.74794" lon="-122.45966">
        <ele>143.16</ele>
        <time>2025-01-10T19:57:01Z</time>
      </trkpt>
      <trkpt lat="37.74795" lon="-122.4597">
        <ele>143.73</ele>
        <time>2025-01-10T19:57:05Z</time>
      </trkpt>
      <trkpt lat="37.74795" lon="-122.45973">
        <ele>144.1</ele>
        <time>2025-01-10T19:57:09Z</time>
      </trkpt>
      <trkpt lat="37.74795" lon="-122.45978">
        <ele>144.71</ele>
        <time>2025-01-10T19:57:13Z</time>
      </trkpt>
      <trkpt lat="37.74793" lon="-122.45981">
        <ele>145.29</ele>
        <time>2025-01-10T19:57:16Z</time>
      </trkpt>
      <trkpt lat="37.74791" lon="-122.45984">
        <ele>145.84</ele>
        <time>2025-01-10T19:57:19Z</time>
      </trkpt>
      <trkpt lat="37.74789" lon="-122.45987">
        <ele>146.38</ele>
        <time>2025-01-10T19:57:22Z</time>
      </trkpt>
      <trkpt lat="37.74786" lon="-122.4599">
        <ele>147.03</ele>
        <time>2025-01-10T19:57:25Z</time>
      </trkpt>
      <trkpt lat="37.74784" lon="-122.45993">
        <ele>147.33</ele>
        <time>2025-01-10T19:57:28Z</time>
      </trkpt>
      <trkpt lat="37.74781" lon="-122.45995">
        <ele>147.65</ele>
        <time>2025-01-10T19:57:31Z</time>
      </trkpt>
      <trkpt lat="37.74778" lon="-122.45996">
        <ele>147.98</ele>
        <time>2025-01-10T19:57:34Z</time>
      </trkpt>
      <trkpt lat="37.74776" lon="-122.45997">
        <ele>148.13</ele>
        <time>2025-01-10T19:57:37Z</time>
      </trkpt>
      <trkpt lat="37.74772" lon="-122.45998">
        <ele>148.49</ele>
        <time>2025-01-10T19:57:40Z</time>
      </trkpt>
      <trkpt lat="37.7477" lon="-122.46">
        <ele>148.84</ele>
        <time>2025-01-10T19:57:42Z</time>
      </trkpt>
      <trkpt lat="37.74767" lon="-122.46002">
        <ele>148.87</ele>
        <time>2025-01-10T19:57:44Z</time>
      </trkpt>
      <trkpt lat="37.74764" lon="-122.46004">
        <ele>148.72</ele>
        <time>2025-01-10T19:57:47Z</time>
      </trkpt>
      <trkpt lat="37.74761" lon="-122.46007">
        <ele>148.8</ele>
        <time>2025-01-10T19:57:50Z</time>
      </trkpt>
      <trkpt lat="37.74759" lon="-122.46011">
        <ele>149.0</ele>
        <time>2025-01-10T19:58:01Z</time>
      </trkpt>
      <trkpt lat="37.74756" lon="-122.46014">
        <ele>149.0</ele>
        <time>2025-01-10T19:58:04Z</time>
      </trkpt>
      <trkpt lat="37.74754" lon="-122.46016">
        <ele>149.0</ele>
        <time>2025-01-10T19:58:06Z</time>
      </trkpt>
      <trkpt lat="37.74751" lon="-122.46018">
        <ele>149.0</ele>
        <time>2025-01-10T19:58:08Z</time>
      </trkpt>
      <trkpt lat="37.74748" lon="-122.46022">
        <ele>149.08</ele>
        <time>2025-01-10T19:58:11Z</time>
      </trkpt>
      <trkpt lat="37.74747" lon="-122.46025">
        <ele>149.23</ele>
        <time>2025-01-10T19:58:13Z</time>
      </trkpt>
      <trkpt lat="37.74744" lon="-122.46028">
        <ele>149.64</ele>
        <time>2025-01-10T19:58:16Z</time>
      </trkpt>
      <trkpt lat="37.74742" lon="-122.46032">
        <ele>149.53</ele>
        <time>2025-01-10T19:58:18Z</time>
      </trkpt>
      <trkpt lat="37.7474" lon="-122.46035">
        <ele>149.26</ele>
        <time>2025-01-10T19:58:20Z</time>
      </trkpt>
      <trkpt lat="37.74737" lon="-122.46037">
        <ele>149.4</ele>
        <time>2025-01-10T19:58:22Z</time>
      </trkpt>
      <trkpt lat="37.74734" lon="-122.4604">
        <ele>149.58</ele>
        <time>2025-01-10T19:58:25Z</time>
      </trkpt>
      <trkpt lat="37.74731" lon="-122.46043">
        <ele>149.34</ele>
        <time>2025-01-10T19:58:28Z</time>
      </trkpt>
      <trkpt lat="37.74729" lon="-122.46047">
        <ele>149.08</ele>
        <time>2025-01-10T19:58:31Z</time>
      </trkpt>
      <trkpt lat="37.74728" lon="-122.4605">
        <ele>149.4</ele>
        <time>2025-01-10T19:58:33Z</time>
      </trkpt>
      <trkpt lat="37.74725" lon="-122.46052">
        <ele>149.62</ele>
        <time>2025-01-10T19:58:35Z</time>
      </trkpt>
      <trkpt lat="37.74722" lon="-122.46053">
        <ele>149.73</ele>
        <time>2025-01-10T19:58:37Z</time>
      </trkpt>
      <trkpt lat="37.7472" lon="-122.46055">
        <ele>149.95</ele>
        <time>2025-01-10T19:58:39Z</time>
      </trkpt>
      <trkpt lat="37.74718" lon="-122.46058">
        <ele>150.0</ele>
        <time>2025-01-10T19:58:41Z</time>
      </trkpt>
      <trkpt lat="37.74716" lon="-122.4606">
        <ele>150.0</ele>
        <time>2025-01-10T19:58:43Z</time>
      </trkpt>
      <trkpt lat="37.74714" lon="-122.46063">
        <ele>150.0</ele>
        <time>2025-01-10T19:58:45Z</time>
      </trkpt>
      <trkpt lat="37.74711" lon="-122.46066">
        <ele>150.03</ele>
        <time>2025-01-10T19:58:48Z</time>
      </trkpt>
      <trkpt lat="37.74708" lon="-122.46069">
        <ele>150.24</ele>
        <time>2025-01-10T19:58:51Z</time>
      </trkpt>
      <trkpt lat="37.74705" lon="-122.46073">
        <ele>150.76</ele>
        <time>2025-01-10T19:58:54Z</time>
      </trkpt>
      <trkpt lat="37.74703" lon="-122.46076">
        <ele>151.0</ele>
        <time>2025-01-10T19:58:56Z</time>
      </trkpt>
      <trkpt lat="37.74702" lon="-122.46078">
        <ele>151.0</ele>
        <time>2025-01-10T19:58:58Z</time>
      </trkpt>
      <trkpt lat="37.747" lon="-122.46081">
        <ele>151.0</ele>
        <time>2025-01-10T19:59:00Z</time>
      </trkpt>
      <trkpt lat="37.74698" lon="-122.46084">
        <ele>151.04</ele>
        <time>2025-01-10T19:59:02Z</time>
      </trkpt>
      <trkpt lat="37.74697" lon="-122.46087">
        <ele>151.29</ele>
        <time>2025-01-10T19:59:04Z</time>
      </trkpt>
      <trkpt lat="37.74694" lon="-122.4609">
        <ele>151.73</ele>
        <time>2025-01-10T19:59:07Z</time>
      </trkpt>
      <trkpt lat="37.74691" lon="-122.46094">
        <ele>152.06</ele>
        <time>2025-01-10T19:59:10Z</time>
      </trkpt>
      <trkpt lat="37.74688" lon="-122.46097">
        <ele>152.33</ele>
        <time>2025-01-10T19:59:13Z</time>
      </trkpt>
      <trkpt lat="37.74686" lon="-122.46101">
        <ele>152.83</ele>
        <time>2025-01-10T19:59:16Z</time>
      </trkpt>
      <trkpt lat="37.74682" lon="-122.46103">
        <ele>153.0</ele>
        <time>2025-01-10T19:59:19Z</time>
      </trkpt>
      <trkpt lat="37.74679" lon="-122.46106">
        <ele>153.0</ele>
        <time>2025-01-10T19:59:22Z</time>
      </trkpt>
      <trkpt lat="37.74677" lon="-122.4611">
        <ele>153.0</ele>
        <time>2025-01-10T19:59:25Z</time>
      </trkpt>
      <trkpt lat="37.74675" lon="-122.46113">
        <ele>153.02</ele>
        <time>2025-01-10T19:59:27Z</time>
      </trkpt>
      <trkpt lat="37.74674" lon="-122.46117">
        <ele>153.13</ele>
        <time>2025-01-10T19:59:29Z</time>
      </trkpt>
      <trkpt lat="37.74671" lon="-122.46119">
        <ele>153.45</ele>
        <time>2025-01-10T19:59:31Z</time>
      </trkpt>
      <trkpt lat="37.74669" lon="-122.46122">
        <ele>153.79</ele>
        <time>2025-01-10T19:59:34Z</time>
      </trkpt>
      <trkpt lat="37.74666" lon="-122.46124">
        <ele>153.91</ele>
        <time>2025-01-10T19:59:36Z</time>
      </trkpt>
      <trkpt lat="37.74664" lon="-122.46127">
        <ele>153.84</ele>
        <time>2025-01-10T19:59:39Z</time>
      </trkpt>
      <trkpt lat="37.74661" lon="-122.46131">
        <ele>154.0</ele>
        <time>2025-01-10T19:59:42Z</time>
      </trkpt>
      <trkpt lat="37.74659" lon="-122.46133">
        <ele>154.0</ele>
        <time>2025-01-10T19:59:44Z</time>
      </trkpt>
      <trkpt lat="37.74657" lon="-122.46136">
        <ele>153.91</ele>
        <time>2025-01-10T19:59:46Z</time>
      </trkpt>
      <trkpt lat="37.74655" lon="-122.46139">
        <ele>153.49</ele>
        <time>2025-01-10T19:59:48Z</time>
      </trkpt>
      <trkpt lat="37.74652" lon="-122.46142">
        <ele>153.22</ele>
        <time>2025-01-10T19:59:51Z</time>
      </trkpt>
      <trkpt lat="37.7465" lon="-122.46144">
        <ele>153.28</ele>
        <time>2025-01-10T19:59:53Z</time>
      </trkpt>
      <trkpt lat="37.74648" lon="-122.46147">
        <ele>153.75</ele>
        <time>2025-01-10T19:59:55Z</time>
      </trkpt>
      <trkpt lat="37.74646" lon="-122.4615">
        <ele>154.0</ele>
        <time>2025-01-10T19:59:57Z</time>
      </trkpt>
      <trkpt lat="37.74645" lon="-122.46153">
        <ele>154.0</ele>
        <time>2025-01-10T19:59:59Z</time>
      </trkpt>
      <trkpt lat="37.74642" lon="-122.46156">
        <ele>154.0</ele>
        <time>2025-01-10T20:00:01Z</time>
      </trkpt>
      <trkpt lat="37.7464" lon="-122.46158">
        <ele>154.01</ele>
        <time>2025-01-10T20:00:03Z</time>
      </trkpt>
      <trkpt lat="37.74638" lon="-122.46161">
        <ele>153.94</ele>
        <time>2025-01-10T20:00:05Z</time>
      </trkpt>
      <trkpt lat="37.74636" lon="-122.46164">
        <ele>153.91</ele>
        <time>2025-01-10T20:00:07Z</time>
      </trkpt>
      <trkpt lat="37.74633" lon="-122.46166">
        <ele>153.95</ele>
        <time>2025-01-10T20:00:10Z</time>
      </trkpt>
      <trkpt lat="37.7463" lon="-122.46168">
        <ele>154.01</ele>
        <time>2025-01-10T20:00:13Z</time>
      </trkpt>
      <trkpt lat="37.74627" lon="-122.46171">
        <ele>153.56</ele>
        <time>2025-01-10T20:00:16Z</time>
      </trkpt>
      <trkpt lat="37.74624" lon="-122.46173">
        <ele>153.2</ele>
        <time>2025-01-10T20:00:20Z</time>
      </trkpt>
      <trkpt lat="37.74622" lon="-122.46175">
        <ele>153.09</ele>
        <time>2025-01-10T20:00:24Z</time>
      </trkpt>
      <trkpt lat="37.74622" lon="-122.4618">
        <ele>153.18</ele>
        <time>2025-01-10T20:00:27Z</time>
      </trkpt>
      <trkpt lat="37.7462" lon="-122.46184">
        <ele>152.96</ele>
        <time>2025-01-10T20:00:30Z</time>
      </trkpt>
      <trkpt lat="37.74619" lon="-122.46187">
        <ele>152.88</ele>
        <time>2025-01-10T20:00:33Z</time>
      </trkpt>
      <trkpt lat="37.74618" lon="-122.46192">
        <ele>152.93</ele>
        <time>2025-01-10T20:00:36Z</time>
      </trkpt>
      <trkpt lat="37.74616" lon="-122.46196">
        <ele>153.18</ele>
        <time>2025-01-10T20:00:39Z</time>
      </trkpt>
      <trkpt lat="37.74614" lon="-122.462">
        <ele>153.37</ele>
        <time>2025-01-10T20:00:41Z</time>
      </trkpt>
      <trkpt lat="37.74612" lon="-122.46204">
        <ele>153.22</ele>
        <time>2025-01-10T20:00:44Z</time>
      </trkpt>
      <trkpt lat="37.74611" lon="-122.46208">
        <ele>153.46</ele>
        <time>2025-01-10T20:00:47Z</time>
      </trkpt>
      <trkpt lat="37.74613" lon="-122.4621">
        <ele>153.95</ele>
        <time>2025-01-10T20:01:18Z</time>
      </trkpt>
      <trkpt lat="37.74616" lon="-122.46212">
        <ele>154.48</ele>
        <time>2025-01-10T20:01:21Z</time>
      </trkpt>
      <trkpt lat="37.74618" lon="-122.46215">
        <ele>154.96</ele>
        <time>2025-01-10T20:01:24Z</time>
      </trkpt>
      <trkpt lat="37.7462" lon="-122.46218">
        <ele>155.5</ele>
        <time>2025-01-10T20:01:28Z</time>
      </trkpt>
      <trkpt lat="37.74622" lon="-122.4622">
        <ele>156.29</ele>
        <time>2025-01-10T20:01:33Z</time>
      </trkpt>
      <trkpt lat="37.74625" lon="-122.46222">
        <ele>157.48</ele>
        <time>2025-01-10T20:01:38Z</time>
      </trkpt>
      <trkpt lat="37.74627" lon="-122.46224">
        <ele>158.45</ele>
        <time>2025-01-10T20:01:43Z</time>
      </trkpt>
      <trkpt lat="37.7463" lon="-122.46227">
        <ele>159.56</ele>
        <time>2025-01-10T20:01:47Z</time>
      </trkpt>
      <trkpt lat="37.74632" lon="-122.4623">
        <ele>160.1</ele>
        <time>2025-01-10T20:01:52Z</time>
      </trkpt>
      <trkpt lat="37.74635" lon="-122.46233">
        <ele>161.0</ele>
        <time>2025-01-10T20:01:56Z</time>
      </trkpt>
      <trkpt lat="37.74637" lon="-122.46236">
        <ele>162.16</ele>
        <time>2025-01-10T20:02:01Z</time>
      </trkpt>
      <trkpt lat="37.74639" lon="-122.46239">
        <ele>163.45</ele>
        <time>2025-01-10T20:02:05Z</time>
      </trkpt>
      <trkpt lat="37.74641" lon="-122.46241">
        <ele>164.27</ele>
        <time>2025-01-10T20:02:10Z</time>
      </trkpt>
      <trkpt lat="37.74641" lon="-122.46244">
        <ele>164.74</ele>
        <time>2025-01-10T20:02:30Z</time>
      </trkpt>
      <trkpt lat="37.74644" lon="-122.46247">
        <ele>165.97</ele>
        <time>2025-01-10T20:02:34Z</time>
      </trkpt>
      <trkpt lat="37.74647" lon="-122.46249">
        <ele>167.33</ele>
        <time>2025-01-10T20:02:38Z</time>
      </trkpt>
      <trkpt lat="37.74649" lon="-122.46251">
        <ele>168.39</ele>
        <time>2025-01-10T20:02:51Z</time>
      </trkpt>
      <trkpt lat="37.74651" lon="-122.46254">
        <ele>169.35</ele>
        <time>2025-01-10T20:02:55Z</time>
      </trkpt>
      <trkpt lat="37.74653" lon="-122.46255">
        <ele>169.85</ele>
        <time>2025-01-10T20:03:01Z</time>
      </trkpt>
      <trkpt lat="37.74656" lon="-122.46258">
        <ele>170.69</ele>
        <time>2025-01-10T20:03:06Z</time>
      </trkpt>
      <trkpt lat="37.74658" lon="-122.4626">
        <ele>171.28</ele>
        <time>2025-01-10T20:03:11Z</time>
      </trkpt>
      <trkpt lat="37.74661" lon="-122.46262">
        <ele>172.25</ele>
        <time>2025-01-10T20:03:14Z</time>
      </trkpt>
      <trkpt lat="37.74663" lon="-122.46265">
        <ele>173.07</ele>
        <time>2025-01-10T20:03:17Z</time>
      </trkpt>
      <trkpt lat="37.74666" lon="-122.46267">
        <ele>173.75</ele>
        <time>2025-01-10T20:03:21Z</time>
      </trkpt>
      <trkpt lat="37.74669" lon="-122.46271">
        <ele>174.79</ele>
        <time>2025-01-10T20:03:25Z</time>
      </trkpt>
      <trkpt lat="37.7467" lon="-122.46274">
        <ele>175.54</ele>
        <time>2025-01-10T20:03:30Z</time>
      </trkpt>
      <trkpt lat="37.74672" lon="-122.46278">
        <ele>176.61</ele>
        <time>2025-01-10T20:03:34Z</time>
      </trkpt>
      <trkpt lat="37.74674" lon="-122.46281">
        <ele>177.21</ele>
        <time>2025-01-10T20:03:38Z</time>
      </trkpt>
      <trkpt lat="37.74675" lon="-122.46284">
        <ele>177.64</ele>
        <time>2025-01-10T20:03:41Z</time>
      </trkpt>
      <trkpt lat="37.74676" lon="-122.46287">
        <ele>178.0</ele>
        <time>2025-01-10T20:03:43Z</time>
      </trkpt>
      <trkpt lat="37.74676" lon="-122.46291">
        <ele>178.43</ele>
        <time>2025-01-10T20:03:45Z</time>
      </trkpt>
      <trkpt lat="37.74676" lon="-122.46295">
        <ele>178.86</ele>
        <time>2025-01-10T20:03:48Z</time>
      </trkpt>
      <trkpt lat="37.74675" lon="-122.46299">
        <ele>179.29</ele>
        <time>2025-01-10T20:03:51Z</time>
      </trkpt>
      <trkpt lat="37.74676" lon="-122.46303">
        <ele>179.72</ele>
        <time>2025-01-10T20:03:54Z</time>
      </trkpt>
      <trkpt lat="37.74678" lon="-122.46306">
        <ele>180.06</ele>
        <time>2025-01-10T20:03:57Z</time>
      </trkpt>
      <trkpt lat="37.74678" lon="-122.4631">
        <ele>180.59</ele>
        <time>2025-01-10T20:04:00Z</time>
      </trkpt>
      <trkpt lat="37.74678" lon="-122.46314">
        <ele>181.12</ele>
        <time>2025-01-10T20:04:03Z</time>
      </trkpt>
      <trkpt lat="37.74677" lon="-122.46318">
        <ele>181.42</ele>
        <time>2025-01-10T20:04:05Z</time>
      </trkpt>
      <trkpt lat="37.74677" lon="-122.46322">
        <ele>181.8</ele>
        <time>2025-01-10T20:04:08Z</time>
      </trkpt>
      <trkpt lat="37.74677" lon="-122.46327">
        <ele>182.07</ele>
        <time>2025-01-10T20:04:11Z</time>
      </trkpt>
      <trkpt lat="37.74677" lon="-122.46332">
        <ele>182.2</ele>
        <time>2025-01-10T20:04:14Z</time>
      </trkpt>
      <trkpt lat="37.74678" lon="-122.46336">
        <ele>182.51</ele>
        <time>2025-01-10T20:04:17Z</time>
      </trkpt>
      <trkpt lat="37.74679" lon="-122.4634">
        <ele>182.9</ele>
        <time>2025-01-10T20:04:19Z</time>
      </trkpt>
      <trkpt lat="37.7468" lon="-122.46344">
        <ele>183.41</ele>
        <time>2025-01-10T20:04:22Z</time>
      </trkpt>
      <trkpt lat="37.74679" lon="-122.46349">
        <ele>183.46</ele>
        <time>2025-01-10T20:04:25Z</time>
      </trkpt>
      <trkpt lat="37.7468" lon="-122.46353">
        <ele>183.77</ele>
        <time>2025-01-10T20:04:28Z</time>
      </trkpt>
      <trkpt lat="37.74681" lon="-122.46358">
        <ele>183.37</ele>
        <time>2025-01-10T20:04:31Z</time>
      </trkpt>
      <trkpt lat="37.74681" lon="-122.46362">
        <ele>182.96</ele>
        <time>2025-01-10T20:04:33Z</time>
      </trkpt>
      <trkpt lat="37.74681" lon="-122.46365">
        <ele>182.81</ele>
        <time>2025-01-10T20:04:35Z</time>
      </trkpt>
      <trkpt lat="37.74678" lon="-122.46368">
        <ele>182.42</ele>
        <time>2025-01-10T20:04:37Z</time>
      </trkpt>
      <trkpt lat="37.74676" lon="-122.46371">
        <ele>182.01</ele>
        <time>2025-01-10T20:04:39Z</time>
      </trkpt>
      <trkpt lat="37.74674" lon="-122.46373">
        <ele>181.73</ele>
        <time>2025-01-10T20:04:43Z</time>
      </trkpt>
      <trkpt lat="37.74671" lon="-122.46376">
        <ele>181.14</ele>
        <time>2025-01-10T20:04:48Z</time>
      </trkpt>
      <trkpt lat="37.7467" lon="-122.4638">
        <ele>180.69</ele>
        <time>2025-01-10T20:04:52Z</time>
      </trkpt>
      <trkpt lat="37.74669" lon="-122.46385">
        <ele>180.07</ele>
        <time>2025-01-10T20:04:55Z</time>
      </trkpt>
      <trkpt lat="37.74668" lon="-122.46389">
        <ele>179.42</ele>
        <time>2025-01-10T20:04:58Z</time>
      </trkpt>
      <trkpt lat="37.74667" lon="-122.46393">
        <ele>178.68</ele>
        <time>2025-01-10T20:05:01Z</time>
      </trkpt>
      <trkpt lat="37.74664" lon="-122.46397">
        <ele>177.84</ele>
        <time>2025-01-10T20:05:04Z</time>
      </trkpt>
      <trkpt lat="37.74662" lon="-122.46401">
        <ele>177.19</ele>
        <time>2025-01-10T20:05:06Z</time>
      </trkpt>
      <trkpt lat="37.7466" lon="-122.46405">
        <ele>176.54</ele>
        <time>2025-01-10T20:05:08Z</time>
      </trkpt>
      <trkpt lat="37.74658" lon="-122.46407">
        <ele>176.11</ele>
        <time>2025-01-10T20:05:10Z</time>
      </trkpt>
      <trkpt lat="37.74656" lon="-122.46411">
        <ele>175.85</ele>
        <time>2025-01-10T20:05:13Z</time>
      </trkpt>
      <trkpt lat="37.74654" lon="-122.46414">
        <ele>175.63</ele>
        <time>2025-01-10T20:05:17Z</time>
      </trkpt>
      <trkpt lat="37.74652" lon="-122.46417">
        <ele>175.41</ele>
        <time>2025-01-10T20:05:22Z</time>
      </trkpt>
      <trkpt lat="37.74651" lon="-122.4642">
        <ele>175.17</ele>
        <time>2025-01-10T20:05:29Z</time>
      </trkpt>
      <trkpt lat="37.7465" lon="-122.46424">
        <ele>174.72</ele>
        <time>2025-01-10T20:05:32Z</time>
      </trkpt>
      <trkpt lat="37.74649" lon="-122.46428">
        <ele>174.28</ele>
        <time>2025-01-10T20:05:34Z</time>
      </trkpt>
      <trkpt lat="37.7465" lon="-122.46432">
        <ele>174.6</ele>
        <time>2025-01-10T20:05:37Z</time>
      </trkpt>
      <trkpt lat="37.74652" lon="-122.46435">
        <ele>175.25</ele>
        <time>2025-01-10T20:05:40Z</time>
      </trkpt>
      <trkpt lat="37.74654" lon="-122.46438">
        <ele>175.7</ele>
        <time>2025-01-10T20:05:43Z</time>
      </trkpt>
      <trkpt lat="37.74656" lon="-122.46441">
        <ele>176.01</ele>
        <time>2025-01-10T20:05:46Z</time>
      </trkpt>
      <trkpt lat="37.74659" lon="-122.46442">
        <ele>176.91</ele>
        <time>2025-01-10T20:05:49Z</time>
      </trkpt>
      <trkpt lat="37.74661" lon="-122.46446">
        <ele>177.42</ele>
        <time>2025-01-10T20:05:53Z</time>
      </trkpt>
      <trkpt lat="37.74662" lon="-122.4645">
        <ele>177.39</ele>
        <time>2025-01-10T20:05:58Z</time>
      </trkpt>
      <trkpt lat="37.74664" lon="-122.46453">
        <ele>177.53</ele>
        <time>2025-01-10T20:06:01Z</time>
      </trkpt>
      <trkpt lat="37.74666" lon="-122.46456">
        <ele>177.86</ele>
        <time>2025-01-10T20:06:04Z</time>
      </trkpt>
      <trkpt lat="37.74669" lon="-122.46458">
        <ele>178.91</ele>
        <time>2025-01-10T20:06:07Z</time>
      </trkpt>
      <trkpt lat="37.74671" lon="-122.46461">
        <ele>179.23</ele>
        <time>2025-01-10T20:06:10Z</time>
      </trkpt>
      <trkpt lat="37.74673" lon="-122.46464">
        <ele>179.41</ele>
        <time>2025-01-10T20:06:14Z</time>
      </trkpt>
      <trkpt lat="37.74676" lon="-122.46465">
        <ele>180.26</ele>
        <time>2025-01-10T20:06:19Z</time>
      </trkpt>
      <trkpt lat="37.74679" lon="-122.46465">
        <ele>181.73</ele>
        <time>2025-01-10T20:06:26Z</time>
      </trkpt>
      <trkpt lat="37.74682" lon="-122.46466">
        <ele>183.18</ele>
        <time>2025-01-10T20:06:33Z</time>
      </trkpt>
      <trkpt lat="37.74685" lon="-122.46467">
        <ele>184.48</ele>
        <time>2025-01-10T20:06:40Z</time>
      </trkpt>
      <trkpt lat="37.74688" lon="-122.46469">
        <ele>185.55</ele>
        <time>2025-01-10T20:06:45Z</time>
      </trkpt>
      <trkpt lat="37.74691" lon="-122.46471">
        <ele>187.02</ele>
        <time>2025-01-10T20:06:49Z</time>
      </trkpt>
      <trkpt lat="37.74692" lon="-122.46467">
        <ele>187.0</ele>
        <time>2025-01-10T20:06:53Z</time>
      </trkpt>
      <trkpt lat="37.74693" lon="-122.46463">
        <ele>186.69</ele>
        <time>2025-01-10T20:06:56Z</time>
      </trkpt>
      <trkpt lat="37.74694" lon="-122.46459">
        <ele>186.5</ele>
        <time>2025-01-10T20:07:00Z</time>
      </trkpt>
      <trkpt lat="37.74696" lon="-122.46457">
        <ele>186.92</ele>
        <time>2025-01-10T20:07:04Z</time>
      </trkpt>
      <trkpt lat="37.74699" lon="-122.46454">
        <ele>187.52</ele>
        <time>2025-01-10T20:07:07Z</time>
      </trkpt>
      <trkpt lat="37.74702" lon="-122.46453">
        <ele>188.39</ele>
        <time>2025-01-10T20:07:10Z</time>
      </trkpt>
      <trkpt lat="37.74705" lon="-122.46451">
        <ele>189.05</ele>
        <time>2025-01-10T20:07:13Z</time>
      </trkpt>
      <trkpt lat="37.74709" lon="-122.4645">
        <ele>189.86</ele>
        <time>2025-01-10T20:07:16Z</time>
      </trkpt>
      <trkpt lat="37.74712" lon="-122.4645">
        <ele>190.57</ele>
        <time>2025-01-10T20:07:19Z</time>
      </trkpt>
      <trkpt lat="37.74715" lon="-122.4645">
        <ele>191.11</ele>
        <time>2025-01-10T20:07:22Z</time>
      </trkpt>
      <trkpt lat="37.74718" lon="-122.4645">
        <ele>191.56</ele>
        <time>2025-01-10T20:07:25Z</time>
      </trkpt>
      <trkpt lat="37.74722" lon="-122.46451">
        <ele>192.38</ele>
        <time>2025-01-10T20:07:28Z</time>
      </trkpt>
      <trkpt lat="37.74725" lon="-122.46451">
        <ele>192.72</ele>
        <time>2025-01-10T20:07:31Z</time>
      </trkpt>
      <trkpt lat="37.74729" lon="-122.46452">
        <ele>193.36</ele>
        <time>2025-01-10T20:07:34Z</time>
      </trkpt>
      <trkpt lat="37.74732" lon="-122.46452">
        <ele>193.69</ele>
        <time>2025-01-10T20:07:38Z</time>
      </trkpt>
      <trkpt lat="37.74735" lon="-122.46452">
        <ele>194.01</ele>
        <time>2025-01-10T20:07:40Z</time>
      </trkpt>
      <trkpt lat="37.74738" lon="-122.46451">
        <ele>194.12</ele>
        <time>2025-01-10T20:07:42Z</time>
      </trkpt>
      <trkpt lat="37.74742" lon="-122.46451">
        <ele>194.55</ele>
        <time>2025-01-10T20:07:45Z</time>
      </trkpt>
      <trkpt lat="37.74746" lon="-122.46451">
        <ele>194.98</ele>
        <time>2025-01-10T20:07:48Z</time>
      </trkpt>
      <trkpt lat="37.74749" lon="-122.46451">
        <ele>195.31</ele>
        <time>2025-01-10T20:07:51Z</time>
      </trkpt>
      <trkpt lat="37.74753" lon="-122.4645">
        <ele>195.33</ele>
        <time>2025-01-10T20:07:54Z</time>
      </trkpt>
      <trkpt lat="37.74756" lon="-122.46448">
        <ele>195.17</ele>
        <time>2025-01-10T20:07:57Z</time>
      </trkpt>
      <trkpt lat="37.7476" lon="-122.46446">
        <ele>195.23</ele>
        <time>2025-01-10T20:08:00Z</time>
      </trkpt>
      <trkpt lat="37.74763" lon="-122.46445">
        <ele>195.44</ele>
        <time>2025-01-10T20:08:02Z</time>
      </trkpt>
      <trkpt lat="37.74765" lon="-122.46444">
        <ele>195.62</ele>
        <time>2025-01-10T20:08:04Z</time>
      </trkpt>
      <trkpt lat="37.74768" lon="-122.46443">
        <ele>195.94</ele>
        <time>2025-01-10T20:08:06Z</time>
      </trkpt>
      <trkpt lat="37.74771" lon="-122.46443">
        <ele>196.23</ele>
        <time>2025-01-10T20:08:08Z</time>
      </trkpt>
      <trkpt lat="37.74775" lon="-122.46444">
        <ele>196.67</ele>
        <time>2025-01-10T20:08:11Z</time>
      </trkpt>
      <trkpt lat="37.74777" lon="-122.46447">
        <ele>197.17</ele>
        <time>2025-01-10T20:08:13Z</time>
      </trkpt>
      <trkpt lat="37.74778" lon="-122.4645">
        <ele>197.6</ele>
        <time>2025-01-10T20:08:15Z</time>
      </trkpt>
      <trkpt lat="37.74779" lon="-122.46454">
        <ele>198.09</ele>
        <time>2025-01-10T20:08:20Z</time>
      </trkpt>
      <trkpt lat="37.74779" lon="-122.46457">
        <ele>198.97</ele>
        <time>2025-01-10T20:08:24Z</time>
      </trkpt>
      <trkpt lat="37.74782" lon="-122.4646">
        <ele>199.42</ele>
        <time>2025-01-10T20:08:28Z</time>
      </trkpt>
      <trkpt lat="37.74783" lon="-122.46465">
        <ele>200.09</ele>
        <time>2025-01-10T20:08:31Z</time>
      </trkpt>
      <trkpt lat="37.74785" lon="-122.46468">
        <ele>199.98</ele>
        <time>2025-01-10T20:08:34Z</time>
      </trkpt>
      <trkpt lat="37.74787" lon="-122.46472">
        <ele>199.98</ele>
        <time>2025-01-10T20:08:37Z</time>
      </trkpt>
      <trkpt lat="37.74788" lon="-122.46476">
        <ele>200.77</ele>
        <time>2025-01-10T20:08:40Z</time>
      </trkpt>
      <trkpt lat="37.74788" lon="-122.4648">
        <ele>201.59</ele>
        <time>2025-01-10T20:08:43Z</time>
      </trkpt>
      <trkpt lat="37.74789" lon="-122.46484">
        <ele>202.06</ele>
        <time>2025-01-10T20:08:46Z</time>
      </trkpt>
      <trkpt lat="37.7479" lon="-122.46488">
        <ele>202.38</ele>
        <time>2025-01-10T20:08:49Z</time>
      </trkpt>
      <trkpt lat="37.74792" lon="-122.46492">
        <ele>202.6</ele>
        <time>2025-01-10T20:08:52Z</time>
      </trkpt>
      <trkpt lat="37.74792" lon="-122.46495">
        <ele>202.92</ele>
        <time>2025-01-10T20:08:55Z</time>
      </trkpt>
      <trkpt lat="37.74793" lon="-122.46499">
        <ele>203.25</ele>
        <time>2025-01-10T20:08:58Z</time>
      </trkpt>
      <trkpt lat="37.74793" lon="-122.46503">
        <ele>203.8</ele>
        <time>2025-01-10T20:09:02Z</time>
      </trkpt>
      <trkpt lat="37.74793" lon="-122.46507">
        <ele>204.38</ele>
        <time>2025-01-10T20:09:05Z</time>
      </trkpt>
      <trkpt lat="37.74794" lon="-122.46511">
        <ele>204.64</ele>
        <time>2025-01-10T20:09:08Z</time>
      </trkpt>
      <trkpt lat="37.74793" lon="-122.46515">
        <ele>205.11</ele>
        <time>2025-01-10T20:09:11Z</time>
      </trkpt>
      <trkpt lat="37.74791" lon="-122.46518">
        <ele>205.55</ele>
        <time>2025-01-10T20:09:14Z</time>
      </trkpt>
      <trkpt lat="37.74788" lon="-122.4652">
        <ele>206.06</ele>
        <time>2025-01-10T20:09:17Z</time>
      </trkpt>
      <trkpt lat="37.74785" lon="-122.46521">
        <ele>206.43</ele>
        <time>2025-01-10T20:09:19Z</time>
      </trkpt>
      <trkpt lat="37.74782" lon="-122.46522">
        <ele>206.72</ele>
        <time>2025-01-10T20:09:22Z</time>
      </trkpt>
      <trkpt lat="37.74778" lon="-122.46524">
        <ele>206.99</ele>
        <time>2025-01-10T20:09:25Z</time>
      </trkpt>
      <trkpt lat="37.74775" lon="-122.46526">
        <ele>207.06</ele>
        <time>2025-01-10T20:09:28Z</time>
      </trkpt>
      <trkpt lat="37.74772" lon="-122.46527">
        <ele>207.05</ele>
        <time>2025-01-10T20:09:31Z</time>
      </trkpt>
      <trkpt lat="37.74769" lon="-122.46528">
        <ele>207.0</ele>
        <time>2025-01-10T20:09:34Z</time>
      </trkpt>
      <trkpt lat="37.74766" lon="-122.4653">
        <ele>207.21</ele>
        <time>2025-01-10T20:09:37Z</time>
      </trkpt>
      <trkpt lat="37.74762" lon="-122.4653">
        <ele>207.54</ele>
        <time>2025-01-10T20:09:40Z</time>
      </trkpt>
      <trkpt lat="37.7476" lon="-122.46531">
        <ele>207.6</ele>
        <time>2025-01-10T20:09:43Z</time>
      </trkpt>
      <trkpt lat="37.74758" lon="-122.46533">
        <ele>207.44</ele>
        <time>2025-01-10T20:09:54Z</time>
      </trkpt>
      <trkpt lat="37.74757" lon="-122.46538">
        <ele>207.0</ele>
        <time>2025-01-10T20:10:02Z</time>
      </trkpt>
      <trkpt lat="37.74759" lon="-122.46541">
        <ele>207.0</ele>
        <time>2025-01-10T20:10:05Z</time>
      </trkpt>
      <trkpt lat="37.74761" lon="-122.46544">
        <ele>207.14</ele>
        <time>2025-01-10T20:10:08Z</time>
      </trkpt>
      <trkpt lat="37.7476" lon="-122.46548">
        <ele>207.26</ele>
        <time>2025-01-10T20:10:11Z</time>
      </trkpt>
      <trkpt lat="37.74759" lon="-122.46553">
        <ele>207.68</ele>
        <time>2025-01-10T20:10:14Z</time>
      </trkpt>
      <trkpt lat="37.74759" lon="-122.46557">
        <ele>207.94</ele>
        <time>2025-01-10T20:10:17Z</time>
      </trkpt>
      <trkpt lat="37.74758" lon="-122.46561">
        <ele>207.73</ele>
        <time>2025-01-10T20:10:20Z</time>
      </trkpt>
      <trkpt lat="37.74758" lon="-122.46565">
        <ele>207.73</ele>
        <time>2025-01-10T20:10:23Z</time>
      </trkpt>
      <trkpt lat="37.74759" lon="-122.4657">
        <ele>207.94</ele>
        <time>2025-01-10T20:10:26Z</time>
      </trkpt>
      <trkpt lat="37.7476" lon="-122.46574">
        <ele>208.4</ele>
        <time>2025-01-10T20:10:29Z</time>
      </trkpt>
      <trkpt lat="37.74759" lon="-122.46579">
        <ele>208.45</ele>
        <time>2025-01-10T20:10:32Z</time>
      </trkpt>
      <trkpt lat="37.74757" lon="-122.46583">
        <ele>208.01</ele>
        <time>2025-01-10T20:10:35Z</time>
      </trkpt>
      <trkpt lat="37.74757" lon="-122.46586">
        <ele>208.02</ele>
        <time>2025-01-10T20:10:37Z</time>
      </trkpt>
      <trkpt lat="37.74756" lon="-122.4659">
        <ele>207.59</ele>
        <time>2025-01-10T20:10:39Z</time>
      </trkpt>
      <trkpt lat="37.74756" lon="-122.46594">
        <ele>207.44</ele>
        <time>2025-01-10T20:10:41Z</time>
      </trkpt>
      <trkpt lat="37.74756" lon="-122.46598">
        <ele>207.01</ele>
        <time>2025-01-10T20:10:43Z</time>
      </trkpt>
      <trkpt lat="37.74758" lon="-122.46601">
        <ele>207.55</ele>
        <time>2025-01-10T20:10:46Z</time>
      </trkpt>
      <trkpt lat="37.74757" lon="-122.46605">
        <ele>207.02</ele>
        <time>2025-01-10T20:10:49Z</time>
      </trkpt>
      <trkpt lat="37.74757" lon="-122.46608">
        <ele>207.02</ele>
        <time>2025-01-10T20:10:51Z</time>
      </trkpt>
      <trkpt lat="37.7476" lon="-122.46609">
        <ele>208.44</ele>
        <time>2025-01-10T20:11:01Z</time>
      </trkpt>
      <trkpt lat="37.74763" lon="-122.46608">
        <ele>210.15</ele>
        <time>2025-01-10T20:11:08Z</time>
      </trkpt>
      <trkpt lat="37.74766" lon="-122.46606">
        <ele>211.56</ele>
        <time>2025-01-10T20:11:14Z</time>
      </trkpt>
      <trkpt lat="37.74769" lon="-122.46607">
        <ele>213.42</ele>
        <time>2025-01-10T20:11:18Z</time>
      </trkpt>
      <trkpt lat="37.74771" lon="-122.46608">
        <ele>214.85</ele>
        <time>2025-01-10T20:11:23Z</time>
      </trkpt>
      <trkpt lat="37.74773" lon="-122.4661">
        <ele>216.3</ele>
        <time>2025-01-10T20:11:28Z</time>
      </trkpt>
      <trkpt lat="37.74776" lon="-122.46612">
        <ele>217.94</ele>
        <time>2025-01-10T20:11:33Z</time>
      </trkpt>
      <trkpt lat="37.74779" lon="-122.46612">
        <ele>219.44</ele>
        <time>2025-01-10T20:11:38Z</time>
      </trkpt>
      <trkpt lat="37.74781" lon="-122.46614">
        <ele>220.19</ele>
        <time>2025-01-10T20:11:51Z</time>
      </trkpt>
      <trkpt lat="37.74784" lon="-122.46613">
        <ele>221.62</ele>
        <time>2025-01-10T20:11:58Z</time>
      </trkpt>
      <trkpt lat="37.74787" lon="-122.46613">
        <ele>222.98</ele>
        <time>2025-01-10T20:12:01Z</time>
      </trkpt>
      <trkpt lat="37.7479" lon="-122.46613">
        <ele>223.71</ele>
        <time>2025-01-10T20:12:07Z</time>
      </trkpt>
      <trkpt lat="37.74793" lon="-122.46613">
        <ele>224.42</ele>
        <time>2025-01-10T20:12:11Z</time>
      </trkpt>
      <trkpt lat="37.74795" lon="-122.46611">
        <ele>224.71</ele>
        <time>2025-01-10T20:12:15Z</time>
      </trkpt>
      <trkpt lat="37.74798" lon="-122.46611">
        <ele>225.36</ele>
        <time>2025-01-10T20:12:19Z</time>
      </trkpt>
      <trkpt lat="37.74802" lon="-122.46612">
        <ele>226.39</ele>
        <time>2025-01-10T20:12:23Z</time>
      </trkpt>
      <trkpt lat="37.74804" lon="-122.46614">
        <ele>227.24</ele>
        <time>2025-01-10T20:12:27Z</time>
      </trkpt>
      <trkpt lat="37.74805" lon="-122.46617">
        <ele>228.11</ele>
        <time>2025-01-10T20:12:29Z</time>
      </trkpt>
      <trkpt lat="37.74806" lon="-122.46621">
        <ele>229.07</ele>
        <time>2025-01-10T20:12:32Z</time>
      </trkpt>
      <trkpt lat="37.74807" lon="-122.46624">
        <ele>229.39</ele>
        <time>2025-01-10T20:12:35Z</time>
      </trkpt>
      <trkpt lat="37.74809" lon="-122.46627">
        <ele>229.72</ele>
        <time>2025-01-10T20:12:38Z</time>
      </trkpt>
      <trkpt lat="37.74811" lon="-122.4663">
        <ele>230.02</ele>
        <time>2025-01-10T20:12:43Z</time>
      </trkpt>
      <trkpt lat="37.74812" lon="-122.46634">
        <ele>230.33</ele>
        <time>2025-01-10T20:12:46Z</time>
      </trkpt>
      <trkpt lat="37.74813" lon="-122.46638">
        <ele>230.73</ele>
        <time>2025-01-10T20:12:49Z</time>
      </trkpt>
      <trkpt lat="37.74813" lon="-122.46642">
        <ele>230.87</ele>
        <time>2025-01-10T20:12:52Z</time>
      </trkpt>
      <trkpt lat="37.74814" lon="-122.46646">
        <ele>230.98</ele>
        <time>2025-01-10T20:12:56Z</time>
      </trkpt>
      <trkpt lat="37.74815" lon="-122.4665">
        <ele>231.2</ele>
        <time>2025-01-10T20:12:59Z</time>
      </trkpt>
      <trkpt lat="37.74816" lon="-122.46654">
        <ele>231.63</ele>
        <time>2025-01-10T20:13:02Z</time>
      </trkpt>
      <trkpt lat="37.74816" lon="-122.46659">
        <ele>232.0</ele>
        <time>2025-01-10T20:13:05Z</time>
      </trkpt>
      <trkpt lat="37.74817" lon="-122.46663">
        <ele>232.0</ele>
        <time>2025-01-10T20:13:08Z</time>
      </trkpt>
      <trkpt lat="37.74817" lon="-122.46667">
        <ele>232.04</ele>
        <time>2025-01-10T20:13:11Z</time>
      </trkpt>
      <trkpt lat="37.74817" lon="-122.46671">
        <ele>232.47</ele>
        <time>2025-01-10T20:13:14Z</time>
      </trkpt>
      <trkpt lat="37.74816" lon="-122.46676">
        <ele>233.0</ele>
        <time>2025-01-10T20:13:17Z</time>
      </trkpt>
      <trkpt lat="37.74815" lon="-122.4668">
        <ele>233.0</ele>
        <time>2025-01-10T20:13:20Z</time>
      </trkpt>
      <trkpt lat="37.74814" lon="-122.46683">
        <ele>232.93</ele>
        <time>2025-01-10T20:13:23Z</time>
      </trkpt>
      <trkpt lat="37.74814" lon="-122.46687">
        <ele>233.11</ele>
        <time>2025-01-10T20:13:26Z</time>
      </trkpt>
      <trkpt lat="37.74815" lon="-122.46692">
        <ele>233.74</ele>
        <time>2025-01-10T20:13:29Z</time>
      </trkpt>
      <trkpt lat="37.74815" lon="-122.46696">
        <ele>234.01</ele>
        <time>2025-01-10T20:13:32Z</time>
      </trkpt>
      <trkpt lat="37.74815" lon="-122.46699">
        <ele>234.02</ele>
        <time>2025-01-10T20:13:35Z</time>
      </trkpt>
      <trkpt lat="37.74814" lon="-122.46704">
        <ele>234.03</ele>
        <time>2025-01-10T20:13:38Z</time>
      </trkpt>
      <trkpt lat="37.74814" lon="-122.46708">
        <ele>234.46</ele>
        <time>2025-01-10T20:13:41Z</time>
      </trkpt>
      <trkpt lat="37.74812" lon="-122.46712">
        <ele>234.9</ele>
        <time>2025-01-10T20:13:45Z</time>
      </trkpt>
      <trkpt lat="37.74812" lon="-122.46716">
        <ele>235.0</ele>
        <time>2025-01-10T20:13:48Z</time>
      </trkpt>
      <trkpt lat="37.74812" lon="-122.4672">
        <ele>235.0</ele>
        <time>2025-01-10T20:13:51Z</time>
      </trkpt>
      <trkpt lat="37.74813" lon="-122.46724">
        <ele>235.0</ele>
        <time>2025-01-10T20:13:54Z</time>
      </trkpt>
      <trkpt lat="37.74813" lon="-122.46728">
        <ele>235.0</ele>
        <time>2025-01-10T20:13:57Z</time>
      </trkpt>
      <trkpt lat="37.74814" lon="-122.46732">
        <ele>235.0</ele>
        <time>2025-01-10T20:14:00Z</time>
      </trkpt>
      <trkpt lat="37.74814" lon="-122.46736">
        <ele>235.0</ele>
        <time>2025-01-10T20:14:03Z</time>
      </trkpt>
      <trkpt lat="37.74814" lon="-122.4674">
        <ele>235.0</ele>
        <time>2025-01-10T20:14:06Z</time>
      </trkpt>
      <trkpt lat="37.74814" lon="-122.46744">
        <ele>235.0</ele>
        <time>2025-01-10T20:14:09Z</time>
      </trkpt>
      <trkpt lat="37.74814" lon="-122.46748">
        <ele>235.0</ele>
        <time>2025-01-10T20:14:13Z</time>
      </trkpt>
      <trkpt lat="37.74816" lon="-122.46752">
        <ele>235.42</ele>
        <time>2025-01-10T20:14:19Z</time>
      </trkpt>
      <trkpt lat="37.74818" lon="-122.46753">
        <ele>235.79</ele>
        <time>2025-01-10T20:14:23Z</time>
      </trkpt>
      <trkpt lat="37.74821" lon="-122.46754">
        <ele>236.19</ele>
        <time>2025-01-10T20:14:27Z</time>
      </trkpt>
      <trkpt lat="37.74824" lon="-122.46755">
        <ele>236.45</ele>
        <time>2025-01-10T20:14:30Z</time>
      </trkpt>
      <trkpt lat="37.74827" lon="-122.46756">
        <ele>236.57</ele>
        <time>2025-01-10T20:14:33Z</time>
      </trkpt>
      <trkpt lat="37.7483" lon="-122.46756">
        <ele>236.8</ele>
        <time>2025-01-10T20:14:36Z</time>
      </trkpt>
      <trkpt lat="37.74833" lon="-122.46757">
        <ele>236.71</ele>
        <time>2025-01-10T20:14:39Z</time>
      </trkpt>
      <trkpt lat="37.74836" lon="-122.46756">
        <ele>237.24</ele>
        <time>2025-01-10T20:14:43Z</time>
      </trkpt>
      <trkpt lat="37.74839" lon="-122.46755">
        <ele>237.71</ele>
        <time>2025-01-10T20:14:46Z</time>
      </trkpt>
      <trkpt lat="37.74842" lon="-122.46754">
        <ele>238.11</ele>
        <time>2025-01-10T20:14:49Z</time>
      </trkpt>
      <trkpt lat="37.74844" lon="-122.46755">
        <ele>237.85</ele>
        <time>2025-01-10T20:14:52Z</time>
      </trkpt>
      <trkpt lat="37.74847" lon="-122.46758">
        <ele>237.21</ele>
        <time>2025-01-10T20:14:56Z</time>
      </trkpt>
      <trkpt lat="37.74845" lon="-122.46761">
        <ele>236.67</ele>
        <time>2025-01-10T20:15:06Z</time>
      </trkpt>
      <trkpt lat="37.74842" lon="-122.46762">
        <ele>236.66</ele>
        <time>2025-01-10T20:15:10Z</time>
      </trkpt>
      <trkpt lat="37.7484" lon="-122.46763">
        <ele>236.43</ele>
        <time>2025-01-10T20:15:13Z</time>
      </trkpt>
      <trkpt lat="37.74836" lon="-122.46764">
        <ele>236.14</ele>
        <time>2025-01-10T20:15:16Z</time>
      </trkpt>
      <trkpt lat="37.74833" lon="-122.46765">
        <ele>236.0</ele>
        <time>2025-01-10T20:15:19Z</time>
      </trkpt>
      <trkpt lat="37.74829" lon="-122.46765">
        <ele>236.0</ele>
        <time>2025-01-10T20:15:22Z</time>
      </trkpt>
      <trkpt lat="37.74826" lon="-122.46765">
        <ele>236.0</ele>
        <time>2025-01-10T20:15:25Z</time>
      </trkpt>
      <trkpt lat="37.74822" lon="-122.46764">
        <ele>235.89</ele>
        <time>2025-01-10T20:15:28Z</time>
      </trkpt>
      <trkpt lat="37.74819" lon="-122.46763">
        <ele>235.78</ele>
        <time>2025-01-10T20:15:31Z</time>
      </trkpt>
      <trkpt lat="37.74816" lon="-122.46763">
        <ele>235.65</ele>
        <time>2025-01-10T20:15:33Z</time>
      </trkpt>
      <trkpt lat="37.74813" lon="-122.46762">
        <ele>235.57</ele>
        <time>2025-01-10T20:15:35Z</time>
      </trkpt>
      <trkpt lat="37.7481" lon="-122.4676">
        <ele>235.44</ele>
        <time>2025-01-10T20:15:37Z</time>
      </trkpt>
      <trkpt lat="37.74808" lon="-122.46759">
        <ele>235.26</ele>
        <time>2025-01-10T20:15:39Z</time>
      </trkpt>
      <trkpt lat="37.74805" lon="-122.46754">
        <ele>235.0</ele>
        <time>2025-01-10T20:15:42Z</time>
      </trkpt>
      <trkpt lat="37.74805" lon="-122.46751">
        <ele>235.0</ele>
        <time>2025-01-10T20:15:44Z</time>
      </trkpt>
      <trkpt lat="37.74804" lon="-122.46747">
        <ele>235.0</ele>
        <time>2025-01-10T20:15:46Z</time>
      </trkpt>
      <trkpt lat="37.74804" lon="-122.46743">
        <ele>235.0</ele>
        <time>2025-01-10T20:15:48Z</time>
      </trkpt>
      <trkpt lat="37.74804" lon="-122.4674">
        <ele>235.0</ele>
        <time>2025-01-10T20:15:50Z</time>
      </trkpt>
      <trkpt lat="37.74804" lon="-122.46736">
        <ele>235.0</ele>
        <time>2025-01-10T20:15:52Z</time>
      </trkpt>
      <trkpt lat="37.74803" lon="-122.46732">
        <ele>235.0</ele>
        <time>2025-01-10T20:15:54Z</time>
      </trkpt>
      <trkpt lat="37.74803" lon="-122.46729">
        <ele>235.0</ele>
        <time>2025-01-10T20:15:56Z</time>
      </trkpt>
      <trkpt lat="37.74803" lon="-122.46723">
        <ele>235.0</ele>
        <time>2025-01-10T20:15:59Z</time>
      </trkpt>
      <trkpt lat="37.74803" lon="-122.4672">
        <ele>234.93</ele>
        <time>2025-01-10T20:16:01Z</time>
      </trkpt>
      <trkpt lat="37.74804" lon="-122.46716">
        <ele>234.89</ele>
        <time>2025-01-10T20:16:03Z</time>
      </trkpt>
      <trkpt lat="37.74804" lon="-122.46712">
        <ele>234.73</ele>
        <time>2025-01-10T20:16:05Z</time>
      </trkpt>
      <trkpt lat="37.74805" lon="-122.46709">
        <ele>234.51</ele>
        <time>2025-01-10T20:16:07Z</time>
      </trkpt>
      <trkpt lat="37.74806" lon="-122.46706">
        <ele>234.25</ele>
        <time>2025-01-10T20:16:09Z</time>
      </trkpt>
      <trkpt lat="37.74807" lon="-122.46702">
        <ele>233.84</ele>
        <time>2025-01-10T20:16:11Z</time>
      </trkpt>
      <trkpt lat="37.74808" lon="-122.46699">
        <ele>233.63</ele>
        <time>2025-01-10T20:16:13Z</time>
      </trkpt>
      <trkpt lat="37.74808" lon="-122.46696">
        <ele>233.39</ele>
        <time>2025-01-10T20:16:15Z</time>
      </trkpt>
      <trkpt lat="37.74809" lon="-122.46692">
        <ele>233.11</ele>
        <time>2025-01-10T20:16:17Z</time>
      </trkpt>
      <trkpt lat="37.7481" lon="-122.46689">
        <ele>232.89</ele>
        <time>2025-01-10T20:16:19Z</time>
      </trkpt>
      <trkpt lat="37.74812" lon="-122.46686">
        <ele>232.78</ele>
        <time>2025-01-10T20:16:21Z</time>
      </trkpt>
      <trkpt lat="37.74814" lon="-122.46682">
        <ele>232.94</ele>
        <time>2025-01-10T20:16:24Z</time>
      </trkpt>
      <trkpt lat="37.74817" lon="-122.46678">
        <ele>233.0</ele>
        <time>2025-01-10T20:16:27Z</time>
      </trkpt>
      <trkpt lat="37.74819" lon="-122.46674">
        <ele>232.79</ele>
        <time>2025-01-10T20:16:30Z</time>
      </trkpt>
      <trkpt lat="37.74822" lon="-122.46674">
        <ele>232.79</ele>
        <time>2025-01-10T20:16:33Z</time>
      </trkpt>
      <trkpt lat="37.74825" lon="-122.46676">
        <ele>233.0</ele>
        <time>2025-01-10T20:16:36Z</time>
      </trkpt>
      <trkpt lat="37.74828" lon="-122.46677">
        <ele>233.0</ele>
        <time>2025-01-10T20:16:39Z</time>
      </trkpt>
      <trkpt lat="37.74831" lon="-122.46677">
        <ele>233.0</ele>
        <time>2025-01-10T20:16:41Z</time>
      </trkpt>
      <trkpt lat="37.74835" lon="-122.46678">
        <ele>233.0</ele>
        <time>2025-01-10T20:16:44Z</time>
      </trkpt>
      <trkpt lat="37.74838" lon="-122.4668">
        <ele>233.0</ele>
        <time>2025-01-10T20:16:47Z</time>
      </trkpt>
      <trkpt lat="37.74841" lon="-122.46682">
        <ele>233.0</ele>
        <time>2025-01-10T20:16:50Z</time>
      </trkpt>
      <trkpt lat="37.74844" lon="-122.46683">
        <ele>232.96</ele>
        <time>2025-01-10T20:16:53Z</time>
      </trkpt>
      <trkpt lat="37.74848" lon="-122.46683">
        <ele>232.86</ele>
        <time>2025-01-10T20:16:57Z</time>
      </trkpt>
      <trkpt lat="37.7485" lon="-122.46681">
        <ele>232.64</ele>
        <time>2025-01-10T20:17:01Z</time>
      </trkpt>
      <trkpt lat="37.74853" lon="-122.4668">
        <ele>231.82</ele>
        <time>2025-01-10T20:17:04Z</time>
      </trkpt>
      <trkpt lat="37.74848" lon="-122.46681">
        <ele>232.74</ele>
        <time>2025-01-10T20:17:24Z</time>
      </trkpt>
      <trkpt lat="37.74844" lon="-122.46682">
        <ele>232.95</ele>
        <time>2025-01-10T20:17:26Z</time>
      </trkpt>
      <trkpt lat="37.7484" lon="-122.46683">
        <ele>233.0</ele>
        <time>2025-01-10T20:17:28Z</time>
      </trkpt>
      <trkpt lat="37.74837" lon="-122.46685">
        <ele>233.0</ele>
        <time>2025-01-10T20:17:30Z</time>
      </trkpt>
      <trkpt lat="37.74833" lon="-122.46685">
        <ele>233.0</ele>
        <time>2025-01-10T20:17:32Z</time>
      </trkpt>
      <trkpt lat="37.7483" lon="-122.46685">
        <ele>233.0</ele>
        <time>2025-01-10T20:17:34Z</time>
      </trkpt>
      <trkpt lat="37.74826" lon="-122.46684">
        <ele>233.0</ele>
        <time>2025-01-10T20:17:37Z</time>
      </trkpt>
      <trkpt lat="37.74823" lon="-122.46683">
        <ele>233.0</ele>
        <time>2025-01-10T20:17:39Z</time>
      </trkpt>
      <trkpt lat="37.74821" lon="-122.46682">
        <ele>233.0</ele>
        <time>2025-01-10T20:17:41Z</time>
      </trkpt>
      <trkpt lat="37.74819" lon="-122.46679">
        <ele>233.0</ele>
        <time>2025-01-10T20:17:43Z</time>
      </trkpt>
      <trkpt lat="37.74817" lon="-122.46676">
        <ele>233.0</ele>
        <time>2025-01-10T20:17:45Z</time>
      </trkpt>
      <trkpt lat="37.74815" lon="-122.46673">
        <ele>232.68</ele>
        <time>2025-01-10T20:17:47Z</time>
      </trkpt>
      <trkpt lat="37.74814" lon="-122.46669">
        <ele>232.25</ele>
        <time>2025-01-10T20:17:49Z</time>
      </trkpt>
      <trkpt lat="37.74813" lon="-122.46665">
        <ele>232.0</ele>
        <time>2025-01-10T20:17:51Z</time>
      </trkpt>
      <trkpt lat="37.74813" lon="-122.46662">
        <ele>232.0</ele>
        <time>2025-01-10T20:17:53Z</time>
      </trkpt>
      <trkpt lat="37.74812" lon="-122.46658">
        <ele>232.0</ele>
        <time>2025-01-10T20:17:55Z</time>
      </trkpt>
      <trkpt lat="37.74811" lon="-122.46655">
        <ele>231.74</ele>
        <time>2025-01-10T20:17:57Z</time>
      </trkpt>
      <trkpt lat="37.7481" lon="-122.46651">
        <ele>231.31</ele>
        <time>2025-01-10T20:17:59Z</time>
      </trkpt>
      <trkpt lat="37.7481" lon="-122.46647">
        <ele>230.94</ele>
        <time>2025-01-10T20:18:02Z</time>
      </trkpt>
      <trkpt lat="37.7481" lon="-122.46641">
        <ele>230.6</ele>
        <time>2025-01-10T20:18:05Z</time>
      </trkpt>
      <trkpt lat="37.74811" lon="-122.46638">
        <ele>230.53</ele>
        <time>2025-01-10T20:18:07Z</time>
      </trkpt>
      <trkpt lat="37.74812" lon="-122.46634">
        <ele>230.33</ele>
        <time>2025-01-10T20:18:09Z</time>
      </trkpt>
      <trkpt lat="37.74815" lon="-122.4663">
        <ele>230.02</ele>
        <time>2025-01-10T20:18:12Z</time>
      </trkpt>
      <trkpt lat="37.74817" lon="-122.46627">
        <ele>229.61</ele>
        <time>2025-01-10T20:18:15Z</time>
      </trkpt>
      <trkpt lat="37.7482" lon="-122.46625">
        <ele>229.5</ele>
        <time>2025-01-10T20:18:18Z</time>
      </trkpt>
      <trkpt lat="37.74822" lon="-122.46624">
        <ele>229.56</ele>
        <time>2025-01-10T20:18:21Z</time>
      </trkpt>
      <trkpt lat="37.7482" lon="-122.46622">
        <ele>229.54</ele>
        <time>2025-01-10T20:18:30Z</time>
      </trkpt>
      <trkpt lat="37.74817" lon="-122.46621">
        <ele>229.27</ele>
        <time>2025-01-10T20:18:33Z</time>
      </trkpt>
      <trkpt lat="37.74813" lon="-122.46619">
        <ele>228.82</ele>
        <time>2025-01-10T20:18:36Z</time>
      </trkpt>
      <trkpt lat="37.7481" lon="-122.46618">
        <ele>228.61</ele>
        <time>2025-01-10T20:18:38Z</time>
      </trkpt>
      <trkpt lat="37.74807" lon="-122.46618">
        <ele>228.53</ele>
        <time>2025-01-10T20:18:40Z</time>
      </trkpt>
      <trkpt lat="37.74804" lon="-122.46617">
        <ele>227.83</ele>
        <time>2025-01-10T20:18:42Z</time>
      </trkpt>
      <trkpt lat="37.74801" lon="-122.46616">
        <ele>226.81</ele>
        <time>2025-01-10T20:18:44Z</time>
      </trkpt>
      <trkpt lat="37.74798" lon="-122.46616">
        <ele>225.99</ele>
        <time>2025-01-10T20:18:46Z</time>
      </trkpt>
      <trkpt lat="37.74794" lon="-122.46617">
        <ele>224.98</ele>
        <time>2025-01-10T20:18:49Z</time>
      </trkpt>
      <trkpt lat="37.74791" lon="-122.46619">
        <ele>224.22</ele>
        <time>2025-01-10T20:18:52Z</time>
      </trkpt>
      <trkpt lat="37.74788" lon="-122.46621">
        <ele>223.25</ele>
        <time>2025-01-10T20:18:55Z</time>
      </trkpt>
      <trkpt lat="37.74785" lon="-122.46622">
        <ele>221.69</ele>
        <time>2025-01-10T20:18:59Z</time>
      </trkpt>
      <trkpt lat="37.74783" lon="-122.46625">
        <ele>220.1</ele>
        <time>2025-01-10T20:19:03Z</time>
      </trkpt>
      <trkpt lat="37.7478" lon="-122.46624">
        <ele>218.51</ele>
        <time>2025-01-10T20:19:07Z</time>
      </trkpt>
      <trkpt lat="37.74778" lon="-122.46622">
        <ele>217.77</ele>
        <time>2025-01-10T20:19:11Z</time>
      </trkpt>
      <trkpt lat="37.74775" lon="-122.4662">
        <ele>216.54</ele>
        <time>2025-01-10T20:19:16Z</time>
      </trkpt>
      <trkpt lat="37.74773" lon="-122.46618">
        <ele>215.68</ele>
        <time>2025-01-10T20:19:22Z</time>
      </trkpt>
      <trkpt lat="37.74771" lon="-122.46615">
        <ele>214.92</ele>
        <time>2025-01-10T20:19:31Z</time>
      </trkpt>
      <trkpt lat="37.74769" lon="-122.46614">
        <ele>213.95</ele>
        <time>2025-01-10T20:19:36Z</time>
      </trkpt>
      <trkpt lat="37.74766" lon="-122.46613">
        <ele>212.22</ele>
        <time>2025-01-10T20:19:40Z</time>
      </trkpt>
      <trkpt lat="37.74763" lon="-122.46612">
        <ele>210.39</ele>
        <time>2025-01-10T20:19:45Z</time>
      </trkpt>
      <trkpt lat="37.7476" lon="-122.46612">
        <ele>208.47</ele>
        <time>2025-01-10T20:19:50Z</time>
      </trkpt>
      <trkpt lat="37.74757" lon="-122.46611">
        <ele>207.02</ele>
        <time>2025-01-10T20:19:56Z</time>
      </trkpt>
      <trkpt lat="37.74755" lon="-122.46613">
        <ele>206.25</ele>
        <time>2025-01-10T20:20:00Z</time>
      </trkpt>
      <trkpt lat="37.74754" lon="-122.46617">
        <ele>206.09</ele>
        <time>2025-01-10T20:20:03Z</time>
      </trkpt>
      <trkpt lat="37.74754" lon="-122.4662">
        <ele>206.27</ele>
        <time>2025-01-10T20:20:06Z</time>
      </trkpt>
      <trkpt lat="37.74753" lon="-122.46625">
        <ele>205.63</ele>
        <time>2025-01-10T20:20:09Z</time>
      </trkpt>
      <trkpt lat="37.74752" lon="-122.46628">
        <ele>205.0</ele>
        <time>2025-01-10T20:20:11Z</time>
      </trkpt>
      <trkpt lat="37.7475" lon="-122.46632">
        <ele>203.74</ele>
        <time>2025-01-10T20:20:13Z</time>
      </trkpt>
      <trkpt lat="37.74748" lon="-122.46634">
        <ele>203.2</ele>
        <time>2025-01-10T20:20:15Z</time>
      </trkpt>
      <trkpt lat="37.74745" lon="-122.46635">
        <ele>202.65</ele>
        <time>2025-01-10T20:20:17Z</time>
      </trkpt>
      <trkpt lat="37.74743" lon="-122.46636">
        <ele>202.32</ele>
        <time>2025-01-10T20:20:20Z</time>
      </trkpt>
      <trkpt lat="37.74742" lon="-122.46639">
        <ele>202.14</ele>
        <time>2025-01-10T20:20:22Z</time>
      </trkpt>
      <trkpt lat="37.74742" lon="-122.46643">
        <ele>202.14</ele>
        <time>2025-01-10T20:20:28Z</time>
      </trkpt>
      <trkpt lat="37.7474" lon="-122.46648">
        <ele>201.92</ele>
        <time>2025-01-10T20:20:33Z</time>
      </trkpt>
      <trkpt lat="37.74739" lon="-122.46651">
        <ele>201.56</ele>
        <time>2025-01-10T20:20:35Z</time>
      </trkpt>
      <trkpt lat="37.74738" lon="-122.46655">
        <ele>201.18</ele>
        <time>2025-01-10T20:20:38Z</time>
      </trkpt>
      <trkpt lat="37.74736" lon="-122.46658">
        <ele>201.0</ele>
        <time>2025-01-10T20:20:41Z</time>
      </trkpt>
      <trkpt lat="37.74736" lon="-122.46662">
        <ele>201.0</ele>
        <time>2025-01-10T20:20:44Z</time>
      </trkpt>
      <trkpt lat="37.74734" lon="-122.46667">
        <ele>201.0</ele>
        <time>2025-01-10T20:20:47Z</time>
      </trkpt>
      <trkpt lat="37.74732" lon="-122.46671">
        <ele>201.0</ele>
        <time>2025-01-10T20:20:50Z</time>
      </trkpt>
      <trkpt lat="37.74731" lon="-122.46675">
        <ele>201.0</ele>
        <time>2025-01-10T20:20:52Z</time>
      </trkpt>
      <trkpt lat="37.7473" lon="-122.46679">
        <ele>201.33</ele>
        <time>2025-01-10T20:20:55Z</time>
      </trkpt>
      <trkpt lat="37.74728" lon="-122.46684">
        <ele>201.87</ele>
        <time>2025-01-10T20:20:58Z</time>
      </trkpt>
      <trkpt lat="37.74726" lon="-122.46688">
        <ele>202.0</ele>
        <time>2025-01-10T20:21:01Z</time>
      </trkpt>
      <trkpt lat="37.74724" lon="-122.46692">
        <ele>202.0</ele>
        <time>2025-01-10T20:21:04Z</time>
      </trkpt>
      <trkpt lat="37.74723" lon="-122.46696">
        <ele>202.17</ele>
        <time>2025-01-10T20:21:07Z</time>
      </trkpt>
      <trkpt lat="37.74722" lon="-122.467">
        <ele>202.61</ele>
        <time>2025-01-10T20:21:11Z</time>
      </trkpt>
      <trkpt lat="37.74723" lon="-122.46704">
        <ele>203.03</ele>
        <time>2025-01-10T20:21:15Z</time>
      </trkpt>
      <trkpt lat="37.74722" lon="-122.46708">
        <ele>203.46</ele>
        <time>2025-01-10T20:21:19Z</time>
      </trkpt>
      <trkpt lat="37.74721" lon="-122.46711">
        <ele>203.79</ele>
        <time>2025-01-10T20:21:22Z</time>
      </trkpt>
      <trkpt lat="37.7472" lon="-122.46715">
        <ele>204.22</ele>
        <time>2025-01-10T20:21:25Z</time>
      </trkpt>
      <trkpt lat="37.74717" lon="-122.46717">
        <ele>204.44</ele>
        <time>2025-01-10T20:21:32Z</time>
      </trkpt>
      <trkpt lat="37.74717" lon="-122.46721">
        <ele>204.87</ele>
        <time>2025-01-10T20:21:37Z</time>
      </trkpt>
      <trkpt lat="37.74716" lon="-122.46724">
        <ele>205.19</ele>
        <time>2025-01-10T20:21:40Z</time>
      </trkpt>
      <trkpt lat="37.74715" lon="-122.46728">
        <ele>205.62</ele>
        <time>2025-01-10T20:21:43Z</time>
      </trkpt>
      <trkpt lat="37.74715" lon="-122.46733">
        <ele>206.16</ele>
        <time>2025-01-10T20:21:46Z</time>
      </trkpt>
      <trkpt lat="37.74716" lon="-122.46736">
        <ele>206.49</ele>
        <time>2025-01-10T20:21:48Z</time>
      </trkpt>
      <trkpt lat="37.74716" lon="-122.46741">
        <ele>207.03</ele>
        <time>2025-01-10T20:21:51Z</time>
      </trkpt>
      <trkpt lat="37.74716" lon="-122.46745">
        <ele>207.46</ele>
        <time>2025-01-10T20:21:54Z</time>
      </trkpt>
      <trkpt lat="37.74716" lon="-122.46749">
        <ele>207.89</ele>
        <time>2025-01-10T20:21:57Z</time>
      </trkpt>
      <trkpt lat="37.74717" lon="-122.46754">
        <ele>208.43</ele>
        <time>2025-01-10T20:22:00Z</time>
      </trkpt>
      <trkpt lat="37.74718" lon="-122.46759">
        <ele>208.97</ele>
        <time>2025-01-10T20:22:03Z</time>
      </trkpt>
      <trkpt lat="37.74718" lon="-122.46763">
        <ele>209.4</ele>
        <time>2025-01-10T20:22:06Z</time>
      </trkpt>
      <trkpt lat="37.74718" lon="-122.46768">
        <ele>209.94</ele>
        <time>2025-01-10T20:22:09Z</time>
      </trkpt>
      <trkpt lat="37.74719" lon="-122.46772">
        <ele>210.38</ele>
        <time>2025-01-10T20:22:12Z</time>
      </trkpt>
      <trkpt lat="37.74719" lon="-122.46777">
        <ele>210.92</ele>
        <time>2025-01-10T20:22:15Z</time>
      </trkpt>
      <trkpt lat="37.7472" lon="-122.4678">
        <ele>211.24</ele>
        <time>2025-01-10T20:22:18Z</time>
      </trkpt>
      <trkpt lat="37.7472" lon="-122.46785">
        <ele>211.78</ele>
        <time>2025-01-10T20:22:21Z</time>
      </trkpt>
      <trkpt lat="37.7472" lon="-122.46789">
        <ele>212.21</ele>
        <time>2025-01-10T20:22:24Z</time>
      </trkpt>
      <trkpt lat="37.74719" lon="-122.46794">
        <ele>212.75</ele>
        <time>2025-01-10T20:22:27Z</time>
      </trkpt>
      <trkpt lat="37.74719" lon="-122.46798">
        <ele>213.3</ele>
        <time>2025-01-10T20:22:29Z</time>
      </trkpt>
      <trkpt lat="37.74718" lon="-122.46802">
        <ele>213.95</ele>
        <time>2025-01-10T20:22:32Z</time>
      </trkpt>
      <trkpt lat="37.74717" lon="-122.46807">
        <ele>214.44</ele>
        <time>2025-01-10T20:22:35Z</time>
      </trkpt>
      <trkpt lat="37.74715" lon="-122.4681">
        <ele>214.22</ele>
        <time>2025-01-10T20:22:37Z</time>
      </trkpt>
      <trkpt lat="37.74714" lon="-122.46816">
        <ele>214.23</ele>
        <time>2025-01-10T20:22:40Z</time>
      </trkpt>
      <trkpt lat="37.74714" lon="-122.46819">
        <ele>214.51</ele>
        <time>2025-01-10T20:22:43Z</time>
      </trkpt>
      <trkpt lat="37.74715" lon="-122.46824">
        <ele>214.99</ele>
        <time>2025-01-10T20:22:46Z</time>
      </trkpt>
      <trkpt lat="37.74716" lon="-122.46827">
        <ele>215.0</ele>
        <time>2025-01-10T20:22:49Z</time>
      </trkpt>
      <trkpt lat="37.7472" lon="-122.46827">
        <ele>215.0</ele>
        <time>2025-01-10T20:22:52Z</time>
      </trkpt>
      <trkpt lat="37.74723" lon="-122.46827">
        <ele>215.0</ele>
        <time>2025-01-10T20:22:55Z</time>
      </trkpt>
      <trkpt lat="37.74726" lon="-122.46827">
        <ele>215.0</ele>
        <time>2025-01-10T20:22:58Z</time>
      </trkpt>
      <trkpt lat="37.74729" lon="-122.46828">
        <ele>215.0</ele>
        <time>2025-01-10T20:23:01Z</time>
      </trkpt>
      <trkpt lat="37.74733" lon="-122.46827">
        <ele>215.0</ele>
        <time>2025-01-10T20:23:04Z</time>
      </trkpt>
      <trkpt lat="37.74737" lon="-122.46826">
        <ele>215.0</ele>
        <time>2025-01-10T20:23:07Z</time>
      </trkpt>
      <trkpt lat="37.7474" lon="-122.46826">
        <ele>215.0</ele>
        <time>2025-01-10T20:23:09Z</time>
      </trkpt>
      <trkpt lat="37.74743" lon="-122.46825">
        <ele>214.98</ele>
        <time>2025-01-10T20:23:11Z</time>
      </trkpt>
      <trkpt lat="37.74746" lon="-122.46825">
        <ele>214.94</ele>
        <time>2025-01-10T20:23:13Z</time>
      </trkpt>
      <trkpt lat="37.7475" lon="-122.46824">
        <ele>215.0</ele>
        <time>2025-01-10T20:23:16Z</time>
      </trkpt>
      <trkpt lat="37.74754" lon="-122.46822">
        <ele>214.66</ele>
        <time>2025-01-10T20:23:19Z</time>
      </trkpt>
      <trkpt lat="37.74757" lon="-122.46822">
        <ele>214.41</ele>
        <time>2025-01-10T20:23:21Z</time>
      </trkpt>
      <trkpt lat="37.74759" lon="-122.46823">
        <ele>214.14</ele>
        <time>2025-01-10T20:23:23Z</time>
      </trkpt>
      <trkpt lat="37.74763" lon="-122.46823">
        <ele>214.07</ele>
        <time>2025-01-10T20:23:26Z</time>
      </trkpt>
      <trkpt lat="37.74766" lon="-122.46824">
        <ele>214.0</ele>
        <time>2025-01-10T20:23:28Z</time>
      </trkpt>
      <trkpt lat="37.7477" lon="-122.46825">
        <ele>214.0</ele>
        <time>2025-01-10T20:23:31Z</time>
      </trkpt>
      <trkpt lat="37.74774" lon="-122.46826">
        <ele>214.0</ele>
        <time>2025-01-10T20:23:34Z</time>
      </trkpt>
      <trkpt lat="37.74777" lon="-122.46828">
        <ele>214.0</ele>
        <time>2025-01-10T20:23:36Z</time>
      </trkpt>
      <trkpt lat="37.74779" lon="-122.4683">
        <ele>214.0</ele>
        <time>2025-01-10T20:23:38Z</time>
      </trkpt>
      <trkpt lat="37.74782" lon="-122.46832">
        <ele>214.0</ele>
        <time>2025-01-10T20:23:40Z</time>
      </trkpt>
      <trkpt lat="37.74786" lon="-122.46832">
        <ele>214.0</ele>
        <time>2025-01-10T20:23:43Z</time>
      </trkpt>
      <trkpt lat="37.7479" lon="-122.46832">
        <ele>213.73</ele>
        <time>2025-01-10T20:23:46Z</time>
      </trkpt>
      <trkpt lat="37.74793" lon="-122.46833">
        <ele>213.38</ele>
        <time>2025-01-10T20:23:49Z</time>
      </trkpt>
      <trkpt lat="37.74796" lon="-122.46833">
        <ele>213.07</ele>
        <time>2025-01-10T20:23:51Z</time>
      </trkpt>
      <trkpt lat="37.74799" lon="-122.46832">
        <ele>213.1</ele>
        <time>2025-01-10T20:23:53Z</time>
      </trkpt>
      <trkpt lat="37.74801" lon="-122.4683">
        <ele>213.18</ele>
        <time>2025-01-10T20:23:55Z</time>
      </trkpt>
      <trkpt lat="37.74805" lon="-122.46829">
        <ele>213.03</ele>
        <time>2025-01-10T20:23:58Z</time>
      </trkpt>
      <trkpt lat="37.74808" lon="-122.4683">
        <ele>213.0</ele>
        <time>2025-01-10T20:24:00Z</time>
      </trkpt>
      <trkpt lat="37.74811" lon="-122.46831">
        <ele>213.0</ele>
        <time>2025-01-10T20:24:03Z</time>
      </trkpt>
      <trkpt lat="37.74815" lon="-122.46831">
        <ele>213.0</ele>
        <time>2025-01-10T20:24:06Z</time>
      </trkpt>
      <trkpt lat="37.74819" lon="-122.46831">
        <ele>213.0</ele>
        <time>2025-01-10T20:24:09Z</time>
      </trkpt>
      <trkpt lat="37.74822" lon="-122.4683">
        <ele>213.0</ele>
        <time>2025-01-10T20:24:12Z</time>
      </trkpt>
      <trkpt lat="37.74826" lon="-122.46828">
        <ele>213.0</ele>
        <time>2025-01-10T20:24:15Z</time>
      </trkpt>
      <trkpt lat="37.7483" lon="-122.46827">
        <ele>213.0</ele>
        <time>2025-01-10T20:24:18Z</time>
      </trkpt>
      <trkpt lat="37.74833" lon="-122.46826">
        <ele>213.0</ele>
        <time>2025-01-10T20:24:21Z</time>
      </trkpt>
      <trkpt lat="37.74836" lon="-122.46827">
        <ele>213.0</ele>
        <time>2025-01-10T20:24:23Z</time>
      </trkpt>
      <trkpt lat="37.7484" lon="-122.46829">
        <ele>213.0</ele>
        <time>2025-01-10T20:24:25Z</time>
      </trkpt>
      <trkpt lat="37.74843" lon="-122.46831">
        <ele>213.04</ele>
        <time>2025-01-10T20:24:27Z</time>
      </trkpt>
      <trkpt lat="37.74846" lon="-122.46833">
        <ele>213.37</ele>
        <time>2025-01-10T20:24:29Z</time>
      </trkpt>
      <trkpt lat="37.7485" lon="-122.46834">
        <ele>213.74</ele>
        <time>2025-01-10T20:24:32Z</time>
      </trkpt>
      <trkpt lat="37.74853" lon="-122.46835">
        <ele>213.84</ele>
        <time>2025-01-10T20:24:35Z</time>
      </trkpt>
      <trkpt lat="37.74857" lon="-122.46836">
        <ele>213.87</ele>
        <time>2025-01-10T20:24:39Z</time>
      </trkpt>
      <trkpt lat="37.7486" lon="-122.46836">
        <ele>213.97</ele>
        <time>2025-01-10T20:24:43Z</time>
      </trkpt>
      <trkpt lat="37.74863" lon="-122.46837">
        <ele>214.12</ele>
        <time>2025-01-10T20:24:46Z</time>
      </trkpt>
      <trkpt lat="37.74866" lon="-122.46838">
        <ele>214.26</ele>
        <time>2025-01-10T20:24:50Z</time>
      </trkpt>
      <trkpt lat="37.7487" lon="-122.46838">
        <ele>214.48</ele>
        <time>2025-01-10T20:24:53Z</time>
      </trkpt>
      <trkpt lat="37.74874" lon="-122.46838">
        <ele>214.89</ele>
        <time>2025-01-10T20:24:56Z</time>
      </trkpt>
      <trkpt lat="37.74877" lon="-122.46838">
        <ele>215.21</ele>
        <time>2025-01-10T20:24:59Z</time>
      </trkpt>
      <trkpt lat="37.74881" lon="-122.46838">
        <ele>215.57</ele>
        <time>2025-01-10T20:25:02Z</time>
      </trkpt>
      <trkpt lat="37.74884" lon="-122.4684">
        <ele>215.62</ele>
        <time>2025-01-10T20:25:05Z</time>
      </trkpt>
      <trkpt lat="37.74886" lon="-122.46843">
        <ele>215.66</ele>
        <time>2025-01-10T20:25:08Z</time>
      </trkpt>
      <trkpt lat="37.74888" lon="-122.46847">
        <ele>215.47</ele>
        <time>2025-01-10T20:25:10Z</time>
      </trkpt>
      <trkpt lat="37.74889" lon="-122.4685">
        <ele>215.21</ele>
        <time>2025-01-10T20:25:12Z</time>
      </trkpt>
      <trkpt lat="37.74891" lon="-122.46855">
        <ele>215.15</ele>
        <time>2025-01-10T20:25:15Z</time>
      </trkpt>
      <trkpt lat="37.74893" lon="-122.46858">
        <ele>215.15</ele>
        <time>2025-01-10T20:25:18Z</time>
      </trkpt>
      <trkpt lat="37.74896" lon="-122.46862">
        <ele>214.98</ele>
        <time>2025-01-10T20:25:21Z</time>
      </trkpt>
      <trkpt lat="37.74897" lon="-122.46866">
        <ele>214.93</ele>
        <time>2025-01-10T20:25:24Z</time>
      </trkpt>
      <trkpt lat="37.74898" lon="-122.4687">
        <ele>214.98</ele>
        <time>2025-01-10T20:25:26Z</time>
      </trkpt>
      <trkpt lat="37.74899" lon="-122.46873">
        <ele>214.81</ele>
        <time>2025-01-10T20:25:28Z</time>
      </trkpt>
      <trkpt lat="37.749" lon="-122.46877">
        <ele>214.48</ele>
        <time>2025-01-10T20:25:30Z</time>
      </trkpt>
      <trkpt lat="37.74899" lon="-122.46881">
        <ele>213.94</ele>
        <time>2025-01-10T20:25:32Z</time>
      </trkpt>
      <trkpt lat="37.74899" lon="-122.46885">
        <ele>213.51</ele>
        <time>2025-01-10T20:25:34Z</time>
      </trkpt>
      <trkpt lat="37.74899" lon="-122.46888">
        <ele>213.19</ele>
        <time>2025-01-10T20:25:36Z</time>
      </trkpt>
      <trkpt lat="37.74899" lon="-122.46893">
        <ele>212.65</ele>
        <time>2025-01-10T20:25:39Z</time>
      </trkpt>
      <trkpt lat="37.74898" lon="-122.46898">
        <ele>212.02</ele>
        <time>2025-01-10T20:25:42Z</time>
      </trkpt>
      <trkpt lat="37.74898" lon="-122.46901">
        <ele>211.69</ele>
        <time>2025-01-10T20:25:44Z</time>
      </trkpt>
      <trkpt lat="37.74899" lon="-122.46905">
        <ele>211.28</ele>
        <time>2025-01-10T20:25:46Z</time>
      </trkpt>
      <trkpt lat="37.74899" lon="-122.4691">
        <ele>210.75</ele>
        <time>2025-01-10T20:25:49Z</time>
      </trkpt>
      <trkpt lat="37.749" lon="-122.46914">
        <ele>210.43</ele>
        <time>2025-01-10T20:25:51Z</time>
      </trkpt>
      <trkpt lat="37.749" lon="-122.46918">
        <ele>210.06</ele>
        <time>2025-01-10T20:25:53Z</time>
      </trkpt>
      <trkpt lat="37.749" lon="-122.46922">
        <ele>209.62</ele>
        <time>2025-01-10T20:25:56Z</time>
      </trkpt>
      <trkpt lat="37.74899" lon="-122.46927">
        <ele>208.97</ele>
        <time>2025-01-10T20:25:59Z</time>
      </trkpt>
      <trkpt lat="37.74899" lon="-122.46932">
        <ele>208.38</ele>
        <time>2025-01-10T20:26:02Z</time>
      </trkpt>
      <trkpt lat="37.74899" lon="-122.46935">
        <ele>208.02</ele>
        <time>2025-01-10T20:26:04Z</time>
      </trkpt>
      <trkpt lat="37.74899" lon="-122.46941">
        <ele>207.37</ele>
        <time>2025-01-10T20:26:07Z</time>
      </trkpt>
      <trkpt lat="37.74898" lon="-122.46944">
        <ele>207.05</ele>
        <time>2025-01-10T20:26:09Z</time>
      </trkpt>
      <trkpt lat="37.74899" lon="-122.46948">
        <ele>206.65</ele>
        <time>2025-01-10T20:26:12Z</time>
      </trkpt>
      <trkpt lat="37.74899" lon="-122.46953">
        <ele>206.16</ele>
        <time>2025-01-10T20:26:23Z</time>
      </trkpt>
      <trkpt lat="37.749" lon="-122.46957">
        <ele>205.84</ele>
        <time>2025-01-10T20:26:25Z</time>
      </trkpt>
      <trkpt lat="37.749" lon="-122.46962">
        <ele>205.3</ele>
        <time>2025-01-10T20:26:28Z</time>
      </trkpt>
      <trkpt lat="37.749" lon="-122.46967">
        <ele>205.11</ele>
        <time>2025-01-10T20:26:31Z</time>
      </trkpt>
      <trkpt lat="37.749" lon="-122.46971">
        <ele>205.03</ele>
        <time>2025-01-10T20:26:33Z</time>
      </trkpt>
      <trkpt lat="37.749" lon="-122.46976">
        <ele>204.67</ele>
        <time>2025-01-10T20:26:36Z</time>
      </trkpt>
      <trkpt lat="37.749" lon="-122.46979">
        <ele>204.41</ele>
        <time>2025-01-10T20:26:38Z</time>
      </trkpt>
      <trkpt lat="37.749" lon="-122.46984">
        <ele>203.93</ele>
        <time>2025-01-10T20:26:41Z</time>
      </trkpt>
      <trkpt lat="37.749" lon="-122.46988">
        <ele>203.5</ele>
        <time>2025-01-10T20:26:43Z</time>
      </trkpt>
      <trkpt lat="37.74899" lon="-122.46991">
        <ele>203.06</ele>
        <time>2025-01-10T20:26:45Z</time>
      </trkpt>
      <trkpt lat="37.74899" lon="-122.46996">
        <ele>202.52</ele>
        <time>2025-01-10T20:26:48Z</time>
      </trkpt>
      <trkpt lat="37.74898" lon="-122.47">
        <ele>202.0</ele>
        <time>2025-01-10T20:26:50Z</time>
      </trkpt>
      <trkpt lat="37.74897" lon="-122.47005">
        <ele>201.46</ele>
        <time>2025-01-10T20:26:53Z</time>
      </trkpt>
      <trkpt lat="37.74896" lon="-122.47009">
        <ele>201.03</ele>
        <time>2025-01-10T20:26:56Z</time>
      </trkpt>
      <trkpt lat="37.74896" lon="-122.47013">
        <ele>200.6</ele>
        <time>2025-01-10T20:26:58Z</time>
      </trkpt>
      <trkpt lat="37.74895" lon="-122.47017">
        <ele>200.16</ele>
        <time>2025-01-10T20:27:01Z</time>
      </trkpt>
      <trkpt lat="37.74895" lon="-122.47022">
        <ele>199.62</ele>
        <time>2025-01-10T20:27:04Z</time>
      </trkpt>
      <trkpt lat="37.74895" lon="-122.47027">
        <ele>199.08</ele>
        <time>2025-01-10T20:27:07Z</time>
      </trkpt>
      <trkpt lat="37.74895" lon="-122.47032">
        <ele>198.54</ele>
        <time>2025-01-10T20:27:10Z</time>
      </trkpt>
      <trkpt lat="37.74896" lon="-122.47037">
        <ele>198.0</ele>
        <time>2025-01-10T20:27:13Z</time>
      </trkpt>
      <trkpt lat="37.74896" lon="-122.47042">
        <ele>197.46</ele>
        <time>2025-01-10T20:27:16Z</time>
      </trkpt>
      <trkpt lat="37.74896" lon="-122.47046">
        <ele>197.03</ele>
        <time>2025-01-10T20:27:19Z</time>
      </trkpt>
      <trkpt lat="37.74896" lon="-122.47051">
        <ele>196.49</ele>
        <time>2025-01-10T20:27:22Z</time>
      </trkpt>
      <trkpt lat="37.74896" lon="-122.47056">
        <ele>196.0</ele>
        <time>2025-01-10T20:27:25Z</time>
      </trkpt>
      <trkpt lat="37.74896" lon="-122.47061">
        <ele>196.0</ele>
        <time>2025-01-10T20:27:28Z</time>
      </trkpt>
      <trkpt lat="37.74896" lon="-122.47064">
        <ele>196.0</ele>
        <time>2025-01-10T20:27:30Z</time>
      </trkpt>
      <trkpt lat="37.74895" lon="-122.47069">
        <ele>196.0</ele>
        <time>2025-01-10T20:27:33Z</time>
      </trkpt>
      <trkpt lat="37.74893" lon="-122.47073">
        <ele>196.0</ele>
        <time>2025-01-10T20:27:36Z</time>
      </trkpt>
      <trkpt lat="37.74891" lon="-122.47077">
        <ele>196.0</ele>
        <time>2025-01-10T20:27:39Z</time>
      </trkpt>
      <trkpt lat="37.74889" lon="-122.47081">
        <ele>196.0</ele>
        <time>2025-01-10T20:27:42Z</time>
      </trkpt>
      <trkpt lat="37.74888" lon="-122.47085">
        <ele>196.0</ele>
        <time>2025-01-10T20:27:45Z</time>
      </trkpt>
      <trkpt lat="37.74888" lon="-122.47089">
        <ele>196.0</ele>
        <time>2025-01-10T20:27:47Z</time>
      </trkpt>
      <trkpt lat="37.74887" lon="-122.47092">
        <ele>196.0</ele>
        <time>2025-01-10T20:27:49Z</time>
      </trkpt>
      <trkpt lat="37.74884" lon="-122.47095">
        <ele>195.6</ele>
        <time>2025-01-10T20:27:53Z</time>
      </trkpt>
      <trkpt lat="37.74881" lon="-122.47096">
        <ele>195.32</ele>
        <time>2025-01-10T20:27:57Z</time>
      </trkpt>
      <trkpt lat="37.74881" lon="-122.47099">
        <ele>194.72</ele>
        <time>2025-01-10T20:28:00Z</time>
      </trkpt>
      <trkpt lat="37.7488" lon="-122.47103">
        <ele>193.54</ele>
        <time>2025-01-10T20:28:04Z</time>
      </trkpt>
      <trkpt lat="37.74883" lon="-122.47095">
        <ele>195.57</ele>
        <time>2025-01-10T20:28:39Z</time>
      </trkpt>
      <trkpt lat="37.74889" lon="-122.47098">
        <ele>195.42</ele>
        <time>2025-01-10T20:29:15Z</time>
      </trkpt>
      <trkpt lat="37.74885" lon="-122.47092">
        <ele>196.0</ele>
        <time>2025-01-10T20:29:30Z</time>
      </trkpt>
      <trkpt lat="37.74885" lon="-122.47085">
        <ele>196.0</ele>
        <time>2025-01-10T20:29:34Z</time>
      </trkpt>
      <trkpt lat="37.74887" lon="-122.4708">
        <ele>196.0</ele>
        <time>2025-01-10T20:29:38Z</time>
      </trkpt>
      <trkpt lat="37.74889" lon="-122.47077">
        <ele>196.0</ele>
        <time>2025-01-10T20:29:41Z</time>
      </trkpt>
      <trkpt lat="37.74891" lon="-122.47074">
        <ele>196.0</ele>
        <time>2025-01-10T20:29:44Z</time>
      </trkpt>
      <trkpt lat="37.74892" lon="-122.4707">
        <ele>196.0</ele>
        <time>2025-01-10T20:29:47Z</time>
      </trkpt>
      <trkpt lat="37.74895" lon="-122.47067">
        <ele>196.0</ele>
        <time>2025-01-10T20:29:50Z</time>
      </trkpt>
      <trkpt lat="37.74896" lon="-122.47064">
        <ele>196.0</ele>
        <time>2025-01-10T20:29:52Z</time>
      </trkpt>
      <trkpt lat="37.74899" lon="-122.47061">
        <ele>196.04</ele>
        <time>2025-01-10T20:29:55Z</time>
      </trkpt>
      <trkpt lat="37.74901" lon="-122.4706">
        <ele>196.16</ele>
        <time>2025-01-10T20:29:57Z</time>
      </trkpt>
      <trkpt lat="37.74904" lon="-122.47061">
        <ele>196.26</ele>
        <time>2025-01-10T20:29:59Z</time>
      </trkpt>
      <trkpt lat="37.74907" lon="-122.47064">
        <ele>196.08</ele>
        <time>2025-01-10T20:30:02Z</time>
      </trkpt>
      <trkpt lat="37.7491" lon="-122.47066">
        <ele>195.87</ele>
        <time>2025-01-10T20:30:05Z</time>
      </trkpt>
      <trkpt lat="37.74914" lon="-122.47066">
        <ele>195.87</ele>
        <time>2025-01-10T20:30:08Z</time>
      </trkpt>
      <trkpt lat="37.74918" lon="-122.47067">
        <ele>195.76</ele>
        <time>2025-01-10T20:30:11Z</time>
      </trkpt>
      <trkpt lat="37.7492" lon="-122.47068">
        <ele>195.66</ele>
        <time>2025-01-10T20:30:13Z</time>
      </trkpt>
      <trkpt lat="37.74924" lon="-122.47069">
        <ele>195.55</ele>
        <time>2025-01-10T20:30:16Z</time>
      </trkpt>
      <trkpt lat="37.74927" lon="-122.4707">
        <ele>195.61</ele>
        <time>2025-01-10T20:30:18Z</time>
      </trkpt>
      <trkpt lat="37.74931" lon="-122.4707">
        <ele>196.23</ele>
        <time>2025-01-10T20:30:21Z</time>
      </trkpt>
      <trkpt lat="37.74934" lon="-122.47071">
        <ele>196.49</ele>
        <time>2025-01-10T20:30:23Z</time>
      </trkpt>
      <trkpt lat="37.74937" lon="-122.47073">
        <ele>196.25</ele>
        <time>2025-01-10T20:30:26Z</time>
      </trkpt>
      <trkpt lat="37.74941" lon="-122.47074">
        <ele>196.02</ele>
        <time>2025-01-10T20:30:29Z</time>
      </trkpt>
      <trkpt lat="37.74944" lon="-122.47074">
        <ele>196.02</ele>
        <time>2025-01-10T20:30:31Z</time>
      </trkpt>
      <trkpt lat="37.74947" lon="-122.47075">
        <ele>196.08</ele>
        <time>2025-01-10T20:30:33Z</time>
      </trkpt>
      <trkpt lat="37.7495" lon="-122.47076">
        <ele>196.18</ele>
        <time>2025-01-10T20:30:36Z</time>
      </trkpt>
      <trkpt lat="37.74953" lon="-122.47077">
        <ele>196.29</ele>
        <time>2025-01-10T20:30:39Z</time>
      </trkpt>
      <trkpt lat="37.74956" lon="-122.47079">
        <ele>196.05</ele>
        <time>2025-01-10T20:30:42Z</time>
      </trkpt>
      <trkpt lat="37.7496" lon="-122.4708">
        <ele>195.96</ele>
        <time>2025-01-10T20:30:45Z</time>
      </trkpt>
      <trkpt lat="37.74963" lon="-122.47081">
        <ele>195.76</ele>
        <time>2025-01-10T20:30:48Z</time>
      </trkpt>
      <trkpt lat="37.74965" lon="-122.47085">
        <ele>194.44</ele>
        <time>2025-01-10T20:31:01Z</time>
      </trkpt>
      <trkpt lat="37.74966" lon="-122.47088">
        <ele>193.65</ele>
        <time>2025-01-10T20:31:05Z</time>
      </trkpt>
      <trkpt lat="37.74968" lon="-122.47086">
        <ele>194.47</ele>
        <time>2025-01-10T20:31:24Z</time>
      </trkpt>
      <trkpt lat="37.74972" lon="-122.47086">
        <ele>194.97</ele>
        <time>2025-01-10T20:31:28Z</time>
      </trkpt>
      <trkpt lat="37.74975" lon="-122.47087">
        <ele>195.18</ele>
        <time>2025-01-10T20:31:31Z</time>
      </trkpt>
      <trkpt lat="37.74977" lon="-122.47089">
        <ele>195.2</ele>
        <time>2025-01-10T20:31:35Z</time>
      </trkpt>
      <trkpt lat="37.7498" lon="-122.4709">
        <ele>195.24</ele>
        <time>2025-01-10T20:31:40Z</time>
      </trkpt>
      <trkpt lat="37.74983" lon="-122.47091">
        <ele>195.2</ele>
        <time>2025-01-10T20:31:43Z</time>
      </trkpt>
      <trkpt lat="37.74986" lon="-122.47092">
        <ele>195.1</ele>
        <time>2025-01-10T20:31:46Z</time>
      </trkpt>
      <trkpt lat="37.74989" lon="-122.47092">
        <ele>195.12</ele>
        <time>2025-01-10T20:31:49Z</time>
      </trkpt>
      <trkpt lat="37.74992" lon="-122.47091">
        <ele>195.21</ele>
        <time>2025-01-10T20:31:52Z</time>
      </trkpt>
      <trkpt lat="37.74995" lon="-122.47091">
        <ele>194.88</ele>
        <time>2025-01-10T20:31:54Z</time>
      </trkpt>
      <trkpt lat="37.74999" lon="-122.4709">
        <ele>194.67</ele>
        <time>2025-01-10T20:31:57Z</time>
      </trkpt>
      <trkpt lat="37.75002" lon="-122.4709">
        <ele>194.44</ele>
        <time>2025-01-10T20:32:00Z</time>
      </trkpt>
      <trkpt lat="37.75006" lon="-122.4709">
        <ele>194.2</ele>
        <time>2025-01-10T20:32:03Z</time>
      </trkpt>
      <trkpt lat="37.75009" lon="-122.4709">
        <ele>194.02</ele>
        <time>2025-01-10T20:32:06Z</time>
      </trkpt>
      <trkpt lat="37.75012" lon="-122.47091">
        <ele>193.75</ele>
        <time>2025-01-10T20:32:08Z</time>
      </trkpt>
      <trkpt lat="37.75016" lon="-122.47091">
        <ele>193.4</ele>
        <time>2025-01-10T20:32:11Z</time>
      </trkpt>
      <trkpt lat="37.7502" lon="-122.47091">
        <ele>193.01</ele>
        <time>2025-01-10T20:32:14Z</time>
      </trkpt>
      <trkpt lat="37.75024" lon="-122.47091">
        <ele>192.58</ele>
        <time>2025-01-10T20:32:17Z</time>
      </trkpt>
      <trkpt lat="37.75028" lon="-122.47091">
        <ele>192.15</ele>
        <time>2025-01-10T20:32:20Z</time>
      </trkpt>
      <trkpt lat="37.75031" lon="-122.47092">
        <ele>191.72</ele>
        <time>2025-01-10T20:32:22Z</time>
      </trkpt>
      <trkpt lat="37.75035" lon="-122.47092">
        <ele>191.28</ele>
        <time>2025-01-10T20:32:24Z</time>
      </trkpt>
      <trkpt lat="37.75038" lon="-122.47092">
        <ele>191.17</ele>
        <time>2025-01-10T20:32:26Z</time>
      </trkpt>
      <trkpt lat="37.75041" lon="-122.47092">
        <ele>191.52</ele>
        <time>2025-01-10T20:32:28Z</time>
      </trkpt>
      <trkpt lat="37.75043" lon="-122.47092">
        <ele>191.75</ele>
        <time>2025-01-10T20:32:30Z</time>
      </trkpt>
      <trkpt lat="37.75046" lon="-122.47093">
        <ele>191.97</ele>
        <time>2025-01-10T20:32:32Z</time>
      </trkpt>
      <trkpt lat="37.7505" lon="-122.47093">
        <ele>192.78</ele>
        <time>2025-01-10T20:32:35Z</time>
      </trkpt>
      <trkpt lat="37.75053" lon="-122.47093">
        <ele>193.42</ele>
        <time>2025-01-10T20:32:39Z</time>
      </trkpt>
      <trkpt lat="37.75056" lon="-122.47093">
        <ele>194.01</ele>
        <time>2025-01-10T20:32:42Z</time>
      </trkpt>
      <trkpt lat="37.75059" lon="-122.47092">
        <ele>194.48</ele>
        <time>2025-01-10T20:32:45Z</time>
      </trkpt>
      <trkpt lat="37.75062" lon="-122.4709">
        <ele>195.37</ele>
        <time>2025-01-10T20:32:48Z</time>
      </trkpt>
      <trkpt lat="37.75066" lon="-122.4709">
        <ele>196.06</ele>
        <time>2025-01-10T20:32:52Z</time>
      </trkpt>
      <trkpt lat="37.75069" lon="-122.4709">
        <ele>196.62</ele>
        <time>2025-01-10T20:32:57Z</time>
      </trkpt>
      <trkpt lat="37.75071" lon="-122.47088">
        <ele>197.49</ele>
        <time>2025-01-10T20:33:00Z</time>
      </trkpt>
      <trkpt lat="37.75074" lon="-122.47087">
        <ele>198.2</ele>
        <time>2025-01-10T20:33:03Z</time>
      </trkpt>
      <trkpt lat="37.75077" lon="-122.47085">
        <ele>198.38</ele>
        <time>2025-01-10T20:33:08Z</time>
      </trkpt>
      <trkpt lat="37.75077" lon="-122.4708">
        <ele>199.04</ele>
        <time>2025-01-10T20:33:12Z</time>
      </trkpt>
      <trkpt lat="37.75078" lon="-122.47077">
        <ele>199.26</ele>
        <time>2025-01-10T20:33:15Z</time>
      </trkpt>
      <trkpt lat="37.75081" lon="-122.47074">
        <ele>199.27</ele>
        <time>2025-01-10T20:33:18Z</time>
      </trkpt>
      <trkpt lat="37.75085" lon="-122.47072">
        <ele>199.49</ele>
        <time>2025-01-10T20:33:21Z</time>
      </trkpt>
      <trkpt lat="37.75088" lon="-122.4707">
        <ele>200.1</ele>
        <time>2025-01-10T20:33:24Z</time>
      </trkpt>
      <trkpt lat="37.75091" lon="-122.4707">
        <ele>200.24</ele>
        <time>2025-01-10T20:33:27Z</time>
      </trkpt>
      <trkpt lat="37.75094" lon="-122.47072">
        <ele>199.64</ele>
        <time>2025-01-10T20:33:32Z</time>
      </trkpt>
      <trkpt lat="37.75097" lon="-122.47073">
        <ele>199.29</ele>
        <time>2025-01-10T20:33:35Z</time>
      </trkpt>
      <trkpt lat="37.751" lon="-122.47073">
        <ele>199.26</ele>
        <time>2025-01-10T20:33:41Z</time>
      </trkpt>
      <trkpt lat="37.75103" lon="-122.47073">
        <ele>199.36</ele>
        <time>2025-01-10T20:33:44Z</time>
      </trkpt>
      <trkpt lat="37.75106" lon="-122.47072">
        <ele>199.9</ele>
        <time>2025-01-10T20:33:47Z</time>
      </trkpt>
      <trkpt lat="37.7511" lon="-122.47071">
        <ele>200.54</ele>
        <time>2025-01-10T20:33:51Z</time>
      </trkpt>
      <trkpt lat="37.75113" lon="-122.47069">
        <ele>200.98</ele>
        <time>2025-01-10T20:33:54Z</time>
      </trkpt>
      <trkpt lat="37.75116" lon="-122.47068">
        <ele>200.97</ele>
        <time>2025-01-10T20:33:57Z</time>
      </trkpt>
      <trkpt lat="37.75119" lon="-122.47066">
        <ele>201.0</ele>
        <time>2025-01-10T20:34:00Z</time>
      </trkpt>
      <trkpt lat="37.75122" lon="-122.47064">
        <ele>200.98</ele>
        <time>2025-01-10T20:34:03Z</time>
      </trkpt>
      <trkpt lat="37.75125" lon="-122.47062">
        <ele>200.96</ele>
        <time>2025-01-10T20:34:07Z</time>
      </trkpt>
      <trkpt lat="37.75128" lon="-122.47062">
        <ele>200.53</ele>
        <time>2025-01-10T20:34:09Z</time>
      </trkpt>
      <trkpt lat="37.75131" lon="-122.47061">
        <ele>200.18</ele>
        <time>2025-01-10T20:34:11Z</time>
      </trkpt>
      <trkpt lat="37.75135" lon="-122.4706">
        <ele>199.66</ele>
        <time>2025-01-10T20:34:14Z</time>
      </trkpt>
      <trkpt lat="37.75138" lon="-122.47059">
        <ele>199.39</ele>
        <time>2025-01-10T20:34:18Z</time>
      </trkpt>
      <trkpt lat="37.75141" lon="-122.47058">
        <ele>199.24</ele>
        <time>2025-01-10T20:34:22Z</time>
      </trkpt>
      <trkpt lat="37.75145" lon="-122.47058">
        <ele>198.81</ele>
        <time>2025-01-10T20:34:26Z</time>
      </trkpt>
      <trkpt lat="37.75148" lon="-122.47057">
        <ele>198.7</ele>
        <time>2025-01-10T20:34:29Z</time>
      </trkpt>
      <trkpt lat="37.75152" lon="-122.47056">
        <ele>197.64</ele>
        <time>2025-01-10T20:34:31Z</time>
      </trkpt>
      <trkpt lat="37.75155" lon="-122.47055">
        <ele>196.98</ele>
        <time>2025-01-10T20:34:33Z</time>
      </trkpt>
      <trkpt lat="37.75158" lon="-122.47054">
        <ele>196.43</ele>
        <time>2025-01-10T20:34:37Z</time>
      </trkpt>
      <trkpt lat="37.75161" lon="-122.47054">
        <ele>196.05</ele>
        <time>2025-01-10T20:34:42Z</time>
      </trkpt>
      <trkpt lat="37.75164" lon="-122.47053">
        <ele>195.92</ele>
        <time>2025-01-10T20:34:47Z</time>
      </trkpt>
      <trkpt lat="37.75167" lon="-122.47052">
        <ele>195.72</ele>
        <time>2025-01-10T20:34:50Z</time>
      </trkpt>
      <trkpt lat="37.7517" lon="-122.47051">
        <ele>195.45</ele>
        <time>2025-01-10T20:34:52Z</time>
      </trkpt>
      <trkpt lat="37.75172" lon="-122.47049">
        <ele>195.43</ele>
        <time>2025-01-10T20:34:55Z</time>
      </trkpt>
      <trkpt lat="37.75175" lon="-122.47048">
        <ele>195.0</ele>
        <time>2025-01-10T20:34:58Z</time>
      </trkpt>
      <trkpt lat="37.75178" lon="-122.47047">
        <ele>194.68</ele>
        <time>2025-01-10T20:35:01Z</time>
      </trkpt>
      <trkpt lat="37.75181" lon="-122.47045">
        <ele>194.81</ele>
        <time>2025-01-10T20:35:04Z</time>
      </trkpt>
      <trkpt lat="37.75185" lon="-122.47045">
        <ele>194.44</ele>
        <time>2025-01-10T20:35:07Z</time>
      </trkpt>
      <trkpt lat="37.75188" lon="-122.47044">
        <ele>194.44</ele>
        <time>2025-01-10T20:35:10Z</time>
      </trkpt>
      <trkpt lat="37.75191" lon="-122.47044">
        <ele>194.12</ele>
        <time>2025-01-10T20:35:13Z</time>
      </trkpt>
      <trkpt lat="37.75194" lon="-122.47045">
        <ele>193.47</ele>
        <time>2025-01-10T20:35:16Z</time>
      </trkpt>
      <trkpt lat="37.75197" lon="-122.47046">
        <ele>193.1</ele>
        <time>2025-01-10T20:35:20Z</time>
      </trkpt>
      <trkpt lat="37.75201" lon="-122.47046">
        <ele>193.12</ele>
        <time>2025-01-10T20:35:24Z</time>
      </trkpt>
      <trkpt lat="37.75205" lon="-122.47046">
        <ele>192.85</ele>
        <time>2025-01-10T20:35:26Z</time>
      </trkpt>
      <trkpt lat="37.75208" lon="-122.47047">
        <ele>191.92</ele>
        <time>2025-01-10T20:35:28Z</time>
      </trkpt>
      <trkpt lat="37.75212" lon="-122.47047">
        <ele>191.06</ele>
        <time>2025-01-10T20:35:30Z</time>
      </trkpt>
      <trkpt lat="37.75215" lon="-122.47047">
        <ele>190.63</ele>
        <time>2025-01-10T20:35:32Z</time>
      </trkpt>
      <trkpt lat="37.75218" lon="-122.47047">
        <ele>190.3</ele>
        <time>2025-01-10T20:35:34Z</time>
      </trkpt>
      <trkpt lat="37.75221" lon="-122.47047">
        <ele>189.98</ele>
        <time>2025-01-10T20:35:36Z</time>
      </trkpt>
      <trkpt lat="37.75224" lon="-122.47048">
        <ele>189.75</ele>
        <time>2025-01-10T20:35:38Z</time>
      </trkpt>
      <trkpt lat="37.75226" lon="-122.4705">
        <ele>189.28</ele>
        <time>2025-01-10T20:35:40Z</time>
      </trkpt>
      <trkpt lat="37.75229" lon="-122.47051">
        <ele>188.97</ele>
        <time>2025-01-10T20:35:42Z</time>
      </trkpt>
      <trkpt lat="37.75232" lon="-122.47052">
        <ele>188.56</ele>
        <time>2025-01-10T20:35:44Z</time>
      </trkpt>
      <trkpt lat="37.75235" lon="-122.47054">
        <ele>187.74</ele>
        <time>2025-01-10T20:35:46Z</time>
      </trkpt>
      <trkpt lat="37.75237" lon="-122.47055">
        <ele>187.28</ele>
        <time>2025-01-10T20:35:48Z</time>
      </trkpt>
      <trkpt lat="37.75241" lon="-122.47057">
        <ele>186.76</ele>
        <time>2025-01-10T20:35:51Z</time>
      </trkpt>
      <trkpt lat="37.75243" lon="-122.4706">
        <ele>186.54</ele>
        <time>2025-01-10T20:35:54Z</time>
      </trkpt>
      <trkpt lat="37.75243" lon="-122.47063">
        <ele>185.73</ele>
        <time>2025-01-10T20:36:01Z</time>
      </trkpt>
      <trkpt lat="37.75246" lon="-122.47067">
        <ele>185.06</ele>
        <time>2025-01-10T20:36:05Z</time>
      </trkpt>
      <trkpt lat="37.75248" lon="-122.4707">
        <ele>184.35</ele>
        <time>2025-01-10T20:36:08Z</time>
      </trkpt>
      <trkpt lat="37.7525" lon="-122.47072">
        <ele>183.67</ele>
        <time>2025-01-10T20:36:11Z</time>
      </trkpt>
      <trkpt lat="37.75253" lon="-122.47075">
        <ele>183.29</ele>
        <time>2025-01-10T20:36:14Z</time>
      </trkpt>
      <trkpt lat="37.75255" lon="-122.47077">
        <ele>183.37</ele>
        <time>2025-01-10T20:36:16Z</time>
      </trkpt>
      <trkpt lat="37.75259" lon="-122.4708">
        <ele>183.35</ele>
        <time>2025-01-10T20:36:19Z</time>
      </trkpt>
      <trkpt lat="37.75262" lon="-122.47083">
        <ele>183.34</ele>
        <time>2025-01-10T20:36:22Z</time>
      </trkpt>
      <trkpt lat="37.75265" lon="-122.47085">
        <ele>183.51</ele>
        <time>2025-01-10T20:36:25Z</time>
      </trkpt>
      <trkpt lat="37.75266" lon="-122.47089">
        <ele>183.28</ele>
        <time>2025-01-10T20:36:28Z</time>
      </trkpt>
      <trkpt lat="37.75266" lon="-122.47094">
        <ele>183.07</ele>
        <time>2025-01-10T20:36:31Z</time>
      </trkpt>
      <trkpt lat="37.75267" lon="-122.47091">
        <ele>183.14</ele>
        <time>2025-01-10T20:36:42Z</time>
      </trkpt>
      <trkpt lat="37.7527" lon="-122.4709">
        <ele>183.64</ele>
        <time>2025-01-10T20:37:15Z</time>
      </trkpt>
      <trkpt lat="37.75272" lon="-122.47091">
        <ele>183.99</ele>
        <time>2025-01-10T20:37:18Z</time>
      </trkpt>
      <trkpt lat="37.75275" lon="-122.47093">
        <ele>184.41</ele>
        <time>2025-01-10T20:37:21Z</time>
      </trkpt>
      <trkpt lat="37.75278" lon="-122.47095">
        <ele>185.02</ele>
        <time>2025-01-10T20:37:24Z</time>
      </trkpt>
      <trkpt lat="37.75281" lon="-122.47096">
        <ele>185.35</ele>
        <time>2025-01-10T20:37:27Z</time>
      </trkpt>
      <trkpt lat="37.75284" lon="-122.47097">
        <ele>185.67</ele>
        <time>2025-01-10T20:37:30Z</time>
      </trkpt>
      <trkpt lat="37.75286" lon="-122.47099">
        <ele>185.89</ele>
        <time>2025-01-10T20:37:33Z</time>
      </trkpt>
      <trkpt lat="37.75289" lon="-122.471">
        <ele>186.55</ele>
        <time>2025-01-10T20:37:36Z</time>
      </trkpt>
      <trkpt lat="37.75292" lon="-122.47101">
        <ele>187.22</ele>
        <time>2025-01-10T20:37:39Z</time>
      </trkpt>
      <trkpt lat="37.75295" lon="-122.47102">
        <ele>187.71</ele>
        <time>2025-01-10T20:37:42Z</time>
      </trkpt>
      <trkpt lat="37.75298" lon="-122.47104">
        <ele>188.23</ele>
        <time>2025-01-10T20:37:45Z</time>
      </trkpt>
      <trkpt lat="37.75301" lon="-122.47105">
        <ele>188.84</ele>
        <time>2025-01-10T20:37:48Z</time>
      </trkpt>
      <trkpt lat="37.75304" lon="-122.47105">
        <ele>189.59</ele>
        <time>2025-01-10T20:37:50Z</time>
      </trkpt>
      <trkpt lat="37.75307" lon="-122.47107">
        <ele>189.63</ele>
        <time>2025-01-10T20:37:53Z</time>
      </trkpt>
      <trkpt lat="37.7531" lon="-122.47108">
        <ele>189.81</ele>
        <time>2025-01-10T20:37:56Z</time>
      </trkpt>
      <trkpt lat="37.75313" lon="-122.47109">
        <ele>189.85</ele>
        <time>2025-01-10T20:37:59Z</time>
      </trkpt>
      <trkpt lat="37.75317" lon="-122.4711">
        <ele>190.1</ele>
        <time>2025-01-10T20:38:02Z</time>
      </trkpt>
      <trkpt lat="37.7532" lon="-122.47111">
        <ele>190.19</ele>
        <time>2025-01-10T20:38:05Z</time>
      </trkpt>
      <trkpt lat="37.75324" lon="-122.47112">
        <ele>190.89</ele>
        <time>2025-01-10T20:38:08Z</time>
      </trkpt>
      <trkpt lat="37.75327" lon="-122.47113">
        <ele>191.05</ele>
        <time>2025-01-10T20:38:11Z</time>
      </trkpt>
      <trkpt lat="37.75331" lon="-122.47115">
        <ele>191.01</ele>
        <time>2025-01-10T20:38:14Z</time>
      </trkpt>
      <trkpt lat="37.75334" lon="-122.47116">
        <ele>190.98</ele>
        <time>2025-01-10T20:38:17Z</time>
      </trkpt>
      <trkpt lat="37.75337" lon="-122.47116">
        <ele>191.13</ele>
        <time>2025-01-10T20:38:19Z</time>
      </trkpt>
      <trkpt lat="37.75341" lon="-122.47116">
        <ele>191.33</ele>
        <time>2025-01-10T20:38:22Z</time>
      </trkpt>
      <trkpt lat="37.75344" lon="-122.47118">
        <ele>190.85</ele>
        <time>2025-01-10T20:38:26Z</time>
      </trkpt>
      <trkpt lat="37.75348" lon="-122.47119">
        <ele>190.62</ele>
        <time>2025-01-10T20:38:29Z</time>
      </trkpt>
      <trkpt lat="37.75351" lon="-122.47119">
        <ele>190.71</ele>
        <time>2025-01-10T20:38:31Z</time>
      </trkpt>
      <trkpt lat="37.75354" lon="-122.47119">
        <ele>190.81</ele>
        <time>2025-01-10T20:38:33Z</time>
      </trkpt>
      <trkpt lat="37.75356" lon="-122.4712">
        <ele>190.24</ele>
        <time>2025-01-10T20:38:35Z</time>
      </trkpt>
      <trkpt lat="37.75359" lon="-122.4712">
        <ele>190.26</ele>
        <time>2025-01-10T20:38:37Z</time>
      </trkpt>
      <trkpt lat="37.75362" lon="-122.4712">
        <ele>190.28</ele>
        <time>2025-01-10T20:38:39Z</time>
      </trkpt>
      <trkpt lat="37.75365" lon="-122.4712">
        <ele>190.26</ele>
        <time>2025-01-10T20:38:41Z</time>
      </trkpt>
      <trkpt lat="37.75369" lon="-122.4712">
        <ele>190.25</ele>
        <time>2025-01-10T20:38:44Z</time>
      </trkpt>
      <trkpt lat="37.75371" lon="-122.47119">
        <ele>190.87</ele>
        <time>2025-01-10T20:38:47Z</time>
      </trkpt>
      <trkpt lat="37.75374" lon="-122.47118">
        <ele>191.34</ele>
        <time>2025-01-10T20:38:51Z</time>
      </trkpt>
      <trkpt lat="37.75377" lon="-122.47117">
        <ele>191.66</ele>
        <time>2025-01-10T20:38:54Z</time>
      </trkpt>
      <trkpt lat="37.7538" lon="-122.47116">
        <ele>191.81</ele>
        <time>2025-01-10T20:38:57Z</time>
      </trkpt>
      <trkpt lat="37.75384" lon="-122.47118">
        <ele>190.31</ele>
        <time>2025-01-10T20:39:00Z</time>
      </trkpt>
      <trkpt lat="37.75387" lon="-122.47119">
        <ele>189.56</ele>
        <time>2025-01-10T20:39:03Z</time>
      </trkpt>
      <trkpt lat="37.7539" lon="-122.47119">
        <ele>189.26</ele>
        <time>2025-01-10T20:39:07Z</time>
      </trkpt>
      <trkpt lat="37.75392" lon="-122.47118">
        <ele>189.34</ele>
        <time>2025-01-10T20:39:12Z</time>
      </trkpt>
      <trkpt lat="37.7539" lon="-122.47116">
        <ele>189.83</ele>
        <time>2025-01-10T20:39:17Z</time>
      </trkpt>
      <trkpt lat="37.75386" lon="-122.47114">
        <ele>191.12</ele>
        <time>2025-01-10T20:39:21Z</time>
      </trkpt>
      <trkpt lat="37.75391" lon="-122.47114">
        <ele>190.06</ele>
        <time>2025-01-10T20:39:32Z</time>
      </trkpt>
      <trkpt lat="37.75386" lon="-122.47114">
        <ele>191.12</ele>
        <time>2025-01-10T20:39:39Z</time>
      </trkpt>
      <trkpt lat="37.75383" lon="-122.47115">
        <ele>191.53</ele>
        <time>2025-01-10T20:39:42Z</time>
      </trkpt>
      <trkpt lat="37.7538" lon="-122.47115">
        <ele>192.23</ele>
        <time>2025-01-10T20:39:45Z</time>
      </trkpt>
      <trkpt lat="37.75379" lon="-122.4711">
        <ele>194.9</ele>
        <time>2025-01-10T20:39:51Z</time>
      </trkpt>
      <trkpt lat="37.7538" lon="-122.47106">
        <ele>197.15</ele>
        <time>2025-01-10T20:39:56Z</time>
      </trkpt>
      <trkpt lat="37.75383" lon="-122.47101">
        <ele>198.64</ele>
        <time>2025-01-10T20:39:58Z</time>
      </trkpt>
      <trkpt lat="37.75384" lon="-122.47098">
        <ele>199.72</ele>
        <time>2025-01-10T20:40:08Z</time>
      </trkpt>
      <trkpt lat="37.75383" lon="-122.47094">
        <ele>202.42</ele>
        <time>2025-01-10T20:40:12Z</time>
      </trkpt>
      <trkpt lat="37.75385" lon="-122.47091">
        <ele>202.89</ele>
        <time>2025-01-10T20:40:21Z</time>
      </trkpt>
      <trkpt lat="37.75387" lon="-122.47089">
        <ele>202.88</ele>
        <time>2025-01-10T20:40:28Z</time>
      </trkpt>
      <trkpt lat="37.75386" lon="-122.47085">
        <ele>205.4</ele>
        <time>2025-01-10T20:40:35Z</time>
      </trkpt>
      <trkpt lat="37.75387" lon="-122.47082">
        <ele>206.65</ele>
        <time>2025-01-10T20:40:46Z</time>
      </trkpt>
      <trkpt lat="37.7539" lon="-122.47081">
        <ele>206.15</ele>
        <time>2025-01-10T20:41:03Z</time>
      </trkpt>
      <trkpt lat="37.75391" lon="-122.47078">
        <ele>207.77</ele>
        <time>2025-01-10T20:41:07Z</time>
      </trkpt>
      <trkpt lat="37.75391" lon="-122.47083">
        <ele>204.53</ele>
        <time>2025-01-10T20:41:28Z</time>
      </trkpt>
      <trkpt lat="37.75394" lon="-122.47079">
        <ele>206.15</ele>
        <time>2025-01-10T20:41:59Z</time>
      </trkpt>
      <trkpt lat="37.75397" lon="-122.47082">
        <ele>203.24</ele>
        <time>2025-01-10T20:42:13Z</time>
      </trkpt>
      <trkpt lat="37.75399" lon="-122.47077">
        <ele>205.86</ele>
        <time>2025-01-10T20:42:24Z</time>
      </trkpt>
      <trkpt lat="37.75402" lon="-122.47074">
        <ele>206.79</ele>
        <time>2025-01-10T20:42:29Z</time>
      </trkpt>
      <trkpt lat="37.75405" lon="-122.47071">
        <ele>207.44</ele>
        <time>2025-01-10T20:42:34Z</time>
      </trkpt>
      <trkpt lat="37.75408" lon="-122.47069">
        <ele>207.83</ele>
        <time>2025-01-10T20:42:39Z</time>
      </trkpt>
      <trkpt lat="37.75411" lon="-122.47069">
        <ele>208.27</ele>
        <time>2025-01-10T20:42:44Z</time>
      </trkpt>
      <trkpt lat="37.75414" lon="-122.47068">
        <ele>209.01</ele>
        <time>2025-01-10T20:42:48Z</time>
      </trkpt>
      <trkpt lat="37.75418" lon="-122.47068">
        <ele>209.36</ele>
        <time>2025-01-10T20:42:52Z</time>
      </trkpt>
      <trkpt lat="37.75421" lon="-122.47069">
        <ele>209.31</ele>
        <time>2025-01-10T20:42:55Z</time>
      </trkpt>
      <trkpt lat="37.75424" lon="-122.4707">
        <ele>209.32</ele>
        <time>2025-01-10T20:42:58Z</time>
      </trkpt>
      <trkpt lat="37.75427" lon="-122.47072">
        <ele>209.08</ele>
        <time>2025-01-10T20:43:03Z</time>
      </trkpt>
      <trkpt lat="37.75429" lon="-122.47074">
        <ele>208.67</ele>
        <time>2025-01-10T20:43:06Z</time>
      </trkpt>
      <trkpt lat="37.75431" lon="-122.47078">
        <ele>206.15</ele>
        <time>2025-01-10T20:43:09Z</time>
      </trkpt>
      <trkpt lat="37.75433" lon="-122.4708">
        <ele>206.42</ele>
        <time>2025-01-10T20:43:23Z</time>
      </trkpt>
      <trkpt lat="37.75432" lon="-122.47072">
        <ele>208.42</ele>
        <time>2025-01-10T20:47:28Z</time>
      </trkpt>
      <trkpt lat="37.75427" lon="-122.4707">
        <ele>209.27</ele>
        <time>2025-01-10T20:50:25Z</time>
      </trkpt>
      <trkpt lat="37.75424" lon="-122.47066">
        <ele>209.85</ele>
        <time>2025-01-10T20:50:29Z</time>
      </trkpt>
      <trkpt lat="37.75424" lon="-122.47062">
        <ele>210.43</ele>
        <time>2025-01-10T20:50:35Z</time>
      </trkpt>
      <trkpt lat="37.75426" lon="-122.47067">
        <ele>209.75</ele>
        <time>2025-01-10T20:51:07Z</time>
      </trkpt>
      <trkpt lat="37.7543" lon="-122.47071">
        <ele>208.75</ele>
        <time>2025-01-10T20:51:09Z</time>
      </trkpt>
      <trkpt lat="37.75432" lon="-122.47076">
        <ele>207.49</ele>
        <time>2025-01-10T20:51:13Z</time>
      </trkpt>
      <trkpt lat="37.75433" lon="-122.4708">
        <ele>206.42</ele>
        <time>2025-01-10T20:51:19Z</time>
      </trkpt>
      <trkpt lat="37.75434" lon="-122.47076">
        <ele>207.81</ele>
        <time>2025-01-10T20:51:47Z</time>
      </trkpt>
      <trkpt lat="37.75436" lon="-122.47073">
        <ele>207.89</ele>
        <time>2025-01-10T20:51:49Z</time>
      </trkpt>
      <trkpt lat="37.75438" lon="-122.47071">
        <ele>207.49</ele>
        <time>2025-01-10T20:51:52Z</time>
      </trkpt>
      <trkpt lat="37.75441" lon="-122.47072">
        <ele>207.09</ele>
        <time>2025-01-10T20:51:57Z</time>
      </trkpt>
      <trkpt lat="37.75442" lon="-122.47076">
        <ele>206.96</ele>
        <time>2025-01-10T20:52:00Z</time>
      </trkpt>
      <trkpt lat="37.75442" lon="-122.47079">
        <ele>206.48</ele>
        <time>2025-01-10T20:52:03Z</time>
      </trkpt>
      <trkpt lat="37.75443" lon="-122.47083">
        <ele>205.53</ele>
        <time>2025-01-10T20:52:06Z</time>
      </trkpt>
      <trkpt lat="37.75445" lon="-122.47085">
        <ele>203.98</ele>
        <time>2025-01-10T20:52:12Z</time>
      </trkpt>
      <trkpt lat="37.75447" lon="-122.47088">
        <ele>201.93</ele>
        <time>2025-01-10T20:52:22Z</time>
      </trkpt>
      <trkpt lat="37.7545" lon="-122.47089">
        <ele>200.74</ele>
        <time>2025-01-10T20:52:36Z</time>
      </trkpt>
      <trkpt lat="37.75452" lon="-122.47091">
        <ele>199.23</ele>
        <time>2025-01-10T20:52:42Z</time>
      </trkpt>
      <trkpt lat="37.75455" lon="-122.47089">
        <ele>199.47</ele>
        <time>2025-01-10T20:52:50Z</time>
      </trkpt>
      <trkpt lat="37.75458" lon="-122.47087">
        <ele>199.35</ele>
        <time>2025-01-10T20:52:54Z</time>
      </trkpt>
      <trkpt lat="37.7546" lon="-122.47086">
        <ele>199.04</ele>
        <time>2025-01-10T20:52:57Z</time>
      </trkpt>
      <trkpt lat="37.75463" lon="-122.47085">
        <ele>198.27</ele>
        <time>2025-01-10T20:53:00Z</time>
      </trkpt>
      <trkpt lat="37.75465" lon="-122.47082">
        <ele>198.45</ele>
        <time>2025-01-10T20:53:04Z</time>
      </trkpt>
      <trkpt lat="37.75467" lon="-122.47079">
        <ele>197.96</ele>
        <time>2025-01-10T20:53:08Z</time>
      </trkpt>
      <trkpt lat="37.75469" lon="-122.47082">
        <ele>197.09</ele>
        <time>2025-01-10T20:53:14Z</time>
      </trkpt>
      <trkpt lat="37.7547" lon="-122.47086">
        <ele>195.79</ele>
        <time>2025-01-10T20:53:22Z</time>
      </trkpt>
      <trkpt lat="37.7547" lon="-122.47089">
        <ele>194.74</ele>
        <time>2025-01-10T20:53:25Z</time>
      </trkpt>
      <trkpt lat="37.75468" lon="-122.47092">
        <ele>194.13</ele>
        <time>2025-01-10T20:53:30Z</time>
      </trkpt>
      <trkpt lat="37.75469" lon="-122.47096">
        <ele>191.84</ele>
        <time>2025-01-10T20:53:36Z</time>
      </trkpt>
      <trkpt lat="37.75472" lon="-122.47095">
        <ele>191.99</ele>
        <time>2025-01-10T20:53:56Z</time>
      </trkpt>
      <trkpt lat="37.75475" lon="-122.47098">
        <ele>189.86</ele>
        <time>2025-01-10T20:54:00Z</time>
      </trkpt>
      <trkpt lat="37.75479" lon="-122.471">
        <ele>188.48</ele>
        <time>2025-01-10T20:54:03Z</time>
      </trkpt>
      <trkpt lat="37.75482" lon="-122.47101">
        <ele>188.0</ele>
        <time>2025-01-10T20:54:05Z</time>
      </trkpt>
      <trkpt lat="37.75484" lon="-122.47104">
        <ele>187.94</ele>
        <time>2025-01-10T20:54:07Z</time>
      </trkpt>
      <trkpt lat="37.75486" lon="-122.47106">
        <ele>187.78</ele>
        <time>2025-01-10T20:54:09Z</time>
      </trkpt>
      <trkpt lat="37.75489" lon="-122.47108">
        <ele>187.46</ele>
        <time>2025-01-10T20:54:11Z</time>
      </trkpt>
      <trkpt lat="37.75491" lon="-122.4711">
        <ele>187.12</ele>
        <time>2025-01-10T20:54:14Z</time>
      </trkpt>
      <trkpt lat="37.75494" lon="-122.47111">
        <ele>187.01</ele>
        <time>2025-01-10T20:54:18Z</time>
      </trkpt>
      <trkpt lat="37.75499" lon="-122.47111">
        <ele>187.0</ele>
        <time>2025-01-10T20:54:21Z</time>
      </trkpt>
      <trkpt lat="37.75502" lon="-122.4711">
        <ele>186.78</ele>
        <time>2025-01-10T20:54:23Z</time>
      </trkpt>
      <trkpt lat="37.75504" lon="-122.47108">
        <ele>186.57</ele>
        <time>2025-01-10T20:54:25Z</time>
      </trkpt>
      <trkpt lat="37.75507" lon="-122.47107">
        <ele>186.24</ele>
        <time>2025-01-10T20:54:27Z</time>
      </trkpt>
      <trkpt lat="37.7551" lon="-122.47107">
        <ele>185.96</ele>
        <time>2025-01-10T20:54:29Z</time>
      </trkpt>
      <trkpt lat="37.75513" lon="-122.47106">
        <ele>185.82</ele>
        <time>2025-01-10T20:54:31Z</time>
      </trkpt>
      <trkpt lat="37.75516" lon="-122.47105">
        <ele>185.75</ele>
        <time>2025-01-10T20:54:33Z</time>
      </trkpt>
      <trkpt lat="37.75519" lon="-122.47104">
        <ele>185.72</ele>
        <time>2025-01-10T20:54:35Z</time>
      </trkpt>
      <trkpt lat="37.75522" lon="-122.47102">
        <ele>185.61</ele>
        <time>2025-01-10T20:54:38Z</time>
      </trkpt>
      <trkpt lat="37.75526" lon="-122.47101">
        <ele>185.19</ele>
        <time>2025-01-10T20:54:41Z</time>
      </trkpt>
      <trkpt lat="37.75529" lon="-122.471">
        <ele>184.87</ele>
        <time>2025-01-10T20:54:43Z</time>
      </trkpt>
      <trkpt lat="37.75532" lon="-122.471">
        <ele>184.54</ele>
        <time>2025-01-10T20:54:45Z</time>
      </trkpt>
      <trkpt lat="37.75534" lon="-122.47099">
        <ele>184.33</ele>
        <time>2025-01-10T20:54:47Z</time>
      </trkpt>
      <trkpt lat="37.75538" lon="-122.47097">
        <ele>183.84</ele>
        <time>2025-01-10T20:54:50Z</time>
      </trkpt>
      <trkpt lat="37.75542" lon="-122.47096">
        <ele>183.13</ele>
        <time>2025-01-10T20:54:53Z</time>
      </trkpt>
      <trkpt lat="37.75546" lon="-122.47095">
        <ele>182.32</ele>
        <time>2025-01-10T20:54:56Z</time>
      </trkpt>
      <trkpt lat="37.7555" lon="-122.47095">
        <ele>181.86</ele>
        <time>2025-01-10T20:54:59Z</time>
      </trkpt>
      <trkpt lat="37.75553" lon="-122.47094">
        <ele>181.43</ele>
        <time>2025-01-10T20:55:02Z</time>
      </trkpt>
      <trkpt lat="37.75557" lon="-122.47094">
        <ele>180.84</ele>
        <time>2025-01-10T20:55:05Z</time>
      </trkpt>
      <trkpt lat="37.75559" lon="-122.47092">
        <ele>180.15</ele>
        <time>2025-01-10T20:55:09Z</time>
      </trkpt>
      <trkpt lat="37.75559" lon="-122.47088">
        <ele>179.45</ele>
        <time>2025-01-10T20:55:12Z</time>
      </trkpt>
      <trkpt lat="37.7556" lon="-122.47084">
        <ele>178.63</ele>
        <time>2025-01-10T20:55:15Z</time>
      </trkpt>
      <trkpt lat="37.75563" lon="-122.47084">
        <ele>178.28</ele>
        <time>2025-01-10T20:55:18Z</time>
      </trkpt>
      <trkpt lat="37.75567" lon="-122.47085">
        <ele>178.18</ele>
        <time>2025-01-10T20:55:21Z</time>
      </trkpt>
      <trkpt lat="37.75569" lon="-122.47088">
        <ele>178.5</ele>
        <time>2025-01-10T20:55:23Z</time>
      </trkpt>
      <trkpt lat="37.75571" lon="-122.4709">
        <ele>178.72</ele>
        <time>2025-01-10T20:55:25Z</time>
      </trkpt>
      <trkpt lat="37.75574" lon="-122.47094">
        <ele>179.0</ele>
        <time>2025-01-10T20:55:28Z</time>
      </trkpt>
      <trkpt lat="37.75577" lon="-122.47096">
        <ele>179.0</ele>
        <time>2025-01-10T20:55:31Z</time>
      </trkpt>
      <trkpt lat="37.75579" lon="-122.47099">
        <ele>179.0</ele>
        <time>2025-01-10T20:55:34Z</time>
      </trkpt>
      <trkpt lat="37.75582" lon="-122.47101">
        <ele>179.0</ele>
        <time>2025-01-10T20:55:37Z</time>
      </trkpt>
      <trkpt lat="37.75586" lon="-122.47102">
        <ele>178.71</ele>
        <time>2025-01-10T20:55:40Z</time>
      </trkpt>
      <trkpt lat="37.75589" lon="-122.47103">
        <ele>178.39</ele>
        <time>2025-01-10T20:55:43Z</time>
      </trkpt>
      <trkpt lat="37.75593" lon="-122.47104">
        <ele>177.97</ele>
        <time>2025-01-10T20:55:46Z</time>
      </trkpt>
      <trkpt lat="37.75597" lon="-122.47104">
        <ele>177.63</ele>
        <time>2025-01-10T20:55:49Z</time>
      </trkpt>
      <trkpt lat="37.75601" lon="-122.47105">
        <ele>177.4</ele>
        <time>2025-01-10T20:55:52Z</time>
      </trkpt>
      <trkpt lat="37.75604" lon="-122.47107">
        <ele>177.32</ele>
        <time>2025-01-10T20:55:55Z</time>
      </trkpt>
      <trkpt lat="37.75608" lon="-122.47107">
        <ele>176.89</ele>
        <time>2025-01-10T20:55:58Z</time>
      </trkpt>
      <trkpt lat="37.75611" lon="-122.47107">
        <ele>176.57</ele>
        <time>2025-01-10T20:56:00Z</time>
      </trkpt>
      <trkpt lat="37.75615" lon="-122.47107">
        <ele>176.37</ele>
        <time>2025-01-10T20:56:03Z</time>
      </trkpt>
      <trkpt lat="37.75619" lon="-122.47107">
        <ele>176.18</ele>
        <time>2025-01-10T20:56:06Z</time>
      </trkpt>
      <trkpt lat="37.75622" lon="-122.47107">
        <ele>175.96</ele>
        <time>2025-01-10T20:56:09Z</time>
      </trkpt>
      <trkpt lat="37.75626" lon="-122.47106">
        <ele>175.22</ele>
        <time>2025-01-10T20:56:12Z</time>
      </trkpt>
      <trkpt lat="37.75629" lon="-122.47106">
        <ele>174.87</ele>
        <time>2025-01-10T20:56:14Z</time>
      </trkpt>
      <trkpt lat="37.75632" lon="-122.47106">
        <ele>174.65</ele>
        <time>2025-01-10T20:56:17Z</time>
      </trkpt>
      <trkpt lat="37.75636" lon="-122.47107">
        <ele>174.92</ele>
        <time>2025-01-10T20:56:20Z</time>
      </trkpt>
      <trkpt lat="37.75638" lon="-122.4711">
        <ele>176.41</ele>
        <time>2025-01-10T20:56:23Z</time>
      </trkpt>
      <trkpt lat="37.75639" lon="-122.47114">
        <ele>178.24</ele>
        <time>2025-01-10T20:56:27Z</time>
      </trkpt>
      <trkpt lat="37.75639" lon="-122.47118">
        <ele>179.97</ele>
        <time>2025-01-10T20:56:36Z</time>
      </trkpt>
      <trkpt lat="37.75637" lon="-122.47121">
        <ele>181.33</ele>
        <time>2025-01-10T20:56:52Z</time>
      </trkpt>
      <trkpt lat="37.75637" lon="-122.47124">
        <ele>182.88</ele>
        <time>2025-01-10T20:56:57Z</time>
      </trkpt>
      <trkpt lat="37.75637" lon="-122.47128">
        <ele>184.95</ele>
        <time>2025-01-10T20:57:04Z</time>
      </trkpt>
      <trkpt lat="37.75637" lon="-122.47131">
        <ele>186.54</ele>
        <time>2025-01-10T20:57:11Z</time>
      </trkpt>
      <trkpt lat="37.75637" lon="-122.47135">
        <ele>188.7</ele>
        <time>2025-01-10T20:57:16Z</time>
      </trkpt>
      <trkpt lat="37.75638" lon="-122.47138">
        <ele>190.42</ele>
        <time>2025-01-10T20:57:22Z</time>
      </trkpt>
      <trkpt lat="37.75637" lon="-122.47141">
        <ele>191.71</ele>
        <time>2025-01-10T20:57:30Z</time>
      </trkpt>
      <trkpt lat="37.75637" lon="-122.47145">
        <ele>193.44</ele>
        <time>2025-01-10T20:57:36Z</time>
      </trkpt>
      <trkpt lat="37.75637" lon="-122.47148">
        <ele>194.73</ele>
        <time>2025-01-10T20:57:44Z</time>
      </trkpt>
      <trkpt lat="37.75638" lon="-122.47152">
        <ele>195.82</ele>
        <time>2025-01-10T20:58:07Z</time>
      </trkpt>
      <trkpt lat="37.75641" lon="-122.47153">
        <ele>196.04</ele>
        <time>2025-01-10T20:58:10Z</time>
      </trkpt>
      <trkpt lat="37.75645" lon="-122.47154">
        <ele>196.09</ele>
        <time>2025-01-10T20:58:14Z</time>
      </trkpt>
      <trkpt lat="37.75647" lon="-122.47156">
        <ele>196.09</ele>
        <time>2025-01-10T20:58:17Z</time>
      </trkpt>
      <trkpt lat="37.75649" lon="-122.47159">
        <ele>195.99</ele>
        <time>2025-01-10T20:58:20Z</time>
      </trkpt>
      <trkpt lat="37.7565" lon="-122.47163">
        <ele>196.2</ele>
        <time>2025-01-10T20:58:23Z</time>
      </trkpt>
      <trkpt lat="37.75651" lon="-122.47167">
        <ele>196.46</ele>
        <time>2025-01-10T20:58:26Z</time>
      </trkpt>
      <trkpt lat="37.75651" lon="-122.47171">
        <ele>197.36</ele>
        <time>2025-01-10T20:58:29Z</time>
      </trkpt>
      <trkpt lat="37.75652" lon="-122.47174">
        <ele>197.56</ele>
        <time>2025-01-10T20:58:34Z</time>
      </trkpt>
      <trkpt lat="37.75651" lon="-122.47178">
        <ele>197.93</ele>
        <time>2025-01-10T20:59:37Z</time>
      </trkpt>
      <trkpt lat="37.75651" lon="-122.47182">
        <ele>196.9</ele>
        <time>2025-01-10T20:59:40Z</time>
      </trkpt>
      <trkpt lat="37.7565" lon="-122.47187">
        <ele>196.2</ele>
        <time>2025-01-10T20:59:43Z</time>
      </trkpt>
      <trkpt lat="37.75649" lon="-122.47191">
        <ele>196.1</ele>
        <time>2025-01-10T20:59:46Z</time>
      </trkpt>
      <trkpt lat="37.75647" lon="-122.47194">
        <ele>196.55</ele>
        <time>2025-01-10T20:59:49Z</time>
      </trkpt>
      <trkpt lat="37.75645" lon="-122.47197">
        <ele>196.44</ele>
        <time>2025-01-10T20:59:52Z</time>
      </trkpt>
      <trkpt lat="37.75642" lon="-122.472">
        <ele>196.46</ele>
        <time>2025-01-10T20:59:55Z</time>
      </trkpt>
      <trkpt lat="37.7564" lon="-122.47203">
        <ele>195.93</ele>
        <time>2025-01-10T20:59:57Z</time>
      </trkpt>
      <trkpt lat="37.75638" lon="-122.47205">
        <ele>195.73</ele>
        <time>2025-01-10T20:59:59Z</time>
      </trkpt>
      <trkpt lat="37.75634" lon="-122.47207">
        <ele>196.16</ele>
        <time>2025-01-10T21:00:02Z</time>
      </trkpt>
      <trkpt lat="37.75631" lon="-122.47209">
        <ele>196.27</ele>
        <time>2025-01-10T21:00:05Z</time>
      </trkpt>
      <trkpt lat="37.75629" lon="-122.47211">
        <ele>195.78</ele>
        <time>2025-01-10T21:00:08Z</time>
      </trkpt>
      <trkpt lat="37.75626" lon="-122.47213">
        <ele>194.59</ele>
        <time>2025-01-10T21:00:11Z</time>
      </trkpt>
      <trkpt lat="37.75623" lon="-122.47214">
        <ele>193.8</ele>
        <time>2025-01-10T21:00:14Z</time>
      </trkpt>
      <trkpt lat="37.7562" lon="-122.47214">
        <ele>193.51</ele>
        <time>2025-01-10T21:00:17Z</time>
      </trkpt>
      <trkpt lat="37.75617" lon="-122.47214">
        <ele>193.15</ele>
        <time>2025-01-10T21:00:20Z</time>
      </trkpt>
      <trkpt lat="37.75614" lon="-122.47213">
        <ele>193.29</ele>
        <time>2025-01-10T21:00:24Z</time>
      </trkpt>
      <trkpt lat="37.75611" lon="-122.47212">
        <ele>193.39</ele>
        <time>2025-01-10T21:00:31Z</time>
      </trkpt>
      <trkpt lat="37.7561" lon="-122.47208">
        <ele>194.78</ele>
        <time>2025-01-10T21:00:34Z</time>
      </trkpt>
      <trkpt lat="37.75608" lon="-122.47205">
        <ele>195.19</ele>
        <time>2025-01-10T21:00:38Z</time>
      </trkpt>
      <trkpt lat="37.75605" lon="-122.47203">
        <ele>194.56</ele>
        <time>2025-01-10T21:00:42Z</time>
      </trkpt>
      <trkpt lat="37.75604" lon="-122.47198">
        <ele>195.63</ele>
        <time>2025-01-10T21:00:45Z</time>
      </trkpt>
      <trkpt lat="37.75603" lon="-122.47194">
        <ele>196.52</ele>
        <time>2025-01-10T21:00:48Z</time>
      </trkpt>
      <trkpt lat="37.75601" lon="-122.47191">
        <ele>196.69</ele>
        <time>2025-01-10T21:00:51Z</time>
      </trkpt>
      <trkpt lat="37.75598" lon="-122.47189">
        <ele>195.93</ele>
        <time>2025-01-10T21:00:54Z</time>
      </trkpt>
      <trkpt lat="37.75596" lon="-122.47188">
        <ele>195.37</ele>
        <time>2025-01-10T21:00:58Z</time>
      </trkpt>
      <trkpt lat="37.75593" lon="-122.47187">
        <ele>194.4</ele>
        <time>2025-01-10T21:01:04Z</time>
      </trkpt>
      <trkpt lat="37.75593" lon="-122.47191">
        <ele>192.69</ele>
        <time>2025-01-10T21:01:12Z</time>
      </trkpt>
      <trkpt lat="37.7559" lon="-122.47193">
        <ele>190.42</ele>
        <time>2025-01-10T21:01:17Z</time>
      </trkpt>
      <trkpt lat="37.75587" lon="-122.47192">
        <ele>189.32</ele>
        <time>2025-01-10T21:01:22Z</time>
      </trkpt>
      <trkpt lat="37.75584" lon="-122.47192">
        <ele>187.85</ele>
        <time>2025-01-10T21:01:30Z</time>
      </trkpt>
      <trkpt lat="37.75582" lon="-122.47195">
        <ele>186.3</ele>
        <time>2025-01-10T21:01:37Z</time>
      </trkpt>
      <trkpt lat="37.75581" lon="-122.47199">
        <ele>185.01</ele>
        <time>2025-01-10T21:01:43Z</time>
      </trkpt>
      <trkpt lat="37.75579" lon="-122.472">
        <ele>183.93</ele>
        <time>2025-01-10T21:01:47Z</time>
      </trkpt>
      <trkpt lat="37.75576" lon="-122.47201">
        <ele>182.42</ele>
        <time>2025-01-10T21:01:52Z</time>
      </trkpt>
      <trkpt lat="37.75573" lon="-122.47203">
        <ele>180.6</ele>
        <time>2025-01-10T21:01:59Z</time>
      </trkpt>
      <trkpt lat="37.75572" lon="-122.47206">
        <ele>179.33</ele>
        <time>2025-01-10T21:02:05Z</time>
      </trkpt>
      <trkpt lat="37.75574" lon="-122.47209">
        <ele>179.81</ele>
        <time>2025-01-10T21:02:09Z</time>
      </trkpt>
      <trkpt lat="37.75577" lon="-122.47212">
        <ele>179.91</ele>
        <time>2025-01-10T21:02:12Z</time>
      </trkpt>
      <trkpt lat="37.75579" lon="-122.47215">
        <ele>178.99</ele>
        <time>2025-01-10T21:02:15Z</time>
      </trkpt>
      <trkpt lat="37.75581" lon="-122.47218">
        <ele>178.32</ele>
        <time>2025-01-10T21:02:18Z</time>
      </trkpt>
      <trkpt lat="37.75583" lon="-122.47223">
        <ele>177.38</ele>
        <time>2025-01-10T21:02:21Z</time>
      </trkpt>
      <trkpt lat="37.75584" lon="-122.47226">
        <ele>176.28</ele>
        <time>2025-01-10T21:02:23Z</time>
      </trkpt>
      <trkpt lat="37.75586" lon="-122.4723">
        <ele>175.19</ele>
        <time>2025-01-10T21:02:26Z</time>
      </trkpt>
      <trkpt lat="37.75589" lon="-122.47233">
        <ele>175.43</ele>
        <time>2025-01-10T21:02:29Z</time>
      </trkpt>
      <trkpt lat="37.75592" lon="-122.47237">
        <ele>174.81</ele>
        <time>2025-01-10T21:02:32Z</time>
      </trkpt>
      <trkpt lat="37.75594" lon="-122.47239">
        <ele>174.4</ele>
        <time>2025-01-10T21:02:35Z</time>
      </trkpt>
      <trkpt lat="37.75595" lon="-122.47243">
        <ele>173.17</ele>
        <time>2025-01-10T21:02:38Z</time>
      </trkpt>
      <trkpt lat="37.75597" lon="-122.47245">
        <ele>173.07</ele>
        <time>2025-01-10T21:02:49Z</time>
      </trkpt>
      <trkpt lat="37.756" lon="-122.47248">
        <ele>172.58</ele>
        <time>2025-01-10T21:02:55Z</time>
      </trkpt>
      <trkpt lat="37.75602" lon="-122.47252">
        <ele>171.82</ele>
        <time>2025-01-10T21:02:58Z</time>
      </trkpt>
      <trkpt lat="37.75604" lon="-122.47254">
        <ele>171.86</ele>
        <time>2025-01-10T21:03:00Z</time>
      </trkpt>
      <trkpt lat="37.75605" lon="-122.47258">
        <ele>170.98</ele>
        <time>2025-01-10T21:03:02Z</time>
      </trkpt>
      <trkpt lat="37.75606" lon="-122.47261">
        <ele>170.55</ele>
        <time>2025-01-10T21:03:04Z</time>
      </trkpt>
      <trkpt lat="37.75609" lon="-122.47262">
        <ele>170.23</ele>
        <time>2025-01-10T21:03:06Z</time>
      </trkpt>
      <trkpt lat="37.75612" lon="-122.47263">
        <ele>170.13</ele>
        <time>2025-01-10T21:03:09Z</time>
      </trkpt>
      <trkpt lat="37.75615" lon="-122.47265">
        <ele>170.22</ele>
        <time>2025-01-10T21:03:12Z</time>
      </trkpt>
      <trkpt lat="37.75618" lon="-122.47267">
        <ele>169.74</ele>
        <time>2025-01-10T21:03:15Z</time>
      </trkpt>
      <trkpt lat="37.75621" lon="-122.47268">
        <ele>169.29</ele>
        <time>2025-01-10T21:03:17Z</time>
      </trkpt>
      <trkpt lat="37.75625" lon="-122.4727">
        <ele>169.34</ele>
        <time>2025-01-10T21:03:20Z</time>
      </trkpt>
      <trkpt lat="37.75628" lon="-122.47273">
        <ele>169.03</ele>
        <time>2025-01-10T21:03:23Z</time>
      </trkpt>
      <trkpt lat="37.75631" lon="-122.47275">
        <ele>168.5</ele>
        <time>2025-01-10T21:03:26Z</time>
      </trkpt>
      <trkpt lat="37.75634" lon="-122.47275">
        <ele>168.27</ele>
        <time>2025-01-10T21:03:29Z</time>
      </trkpt>
      <trkpt lat="37.75631" lon="-122.47274">
        <ele>168.73</ele>
        <time>2025-01-10T21:04:02Z</time>
      </trkpt>
      <trkpt lat="37.75631" lon="-122.47279">
        <ele>167.59</ele>
        <time>2025-01-10T21:04:13Z</time>
      </trkpt>
      <trkpt lat="37.75631" lon="-122.47282">
        <ele>166.94</ele>
        <time>2025-01-10T21:04:18Z</time>
      </trkpt>
      <trkpt lat="37.7563" lon="-122.47286">
        <ele>166.18</ele>
        <time>2025-01-10T21:04:24Z</time>
      </trkpt>
      <trkpt lat="37.7563" lon="-122.47289">
        <ele>164.91</ele>
        <time>2025-01-10T21:04:30Z</time>
      </trkpt>
      <trkpt lat="37.7563" lon="-122.47293">
        <ele>162.77</ele>
        <time>2025-01-10T21:04:39Z</time>
      </trkpt>
      <trkpt lat="37.75631" lon="-122.47296">
        <ele>161.16</ele>
        <time>2025-01-10T21:04:45Z</time>
      </trkpt>
      <trkpt lat="37.7563" lon="-122.473">
        <ele>159.4</ele>
        <time>2025-01-10T21:04:54Z</time>
      </trkpt>
      <trkpt lat="37.7563" lon="-122.47304">
        <ele>157.67</ele>
        <time>2025-01-10T21:05:01Z</time>
      </trkpt>
      <trkpt lat="37.7563" lon="-122.47307">
        <ele>156.22</ele>
        <time>2025-01-10T21:05:10Z</time>
      </trkpt>
      <trkpt lat="37.75629" lon="-122.47311">
        <ele>154.17</ele>
        <time>2025-01-10T21:05:17Z</time>
      </trkpt>
      <trkpt lat="37.75629" lon="-122.47315">
        <ele>152.07</ele>
        <time>2025-01-10T21:05:23Z</time>
      </trkpt>
      <trkpt lat="37.7563" lon="-122.47319">
        <ele>150.66</ele>
        <time>2025-01-10T21:05:29Z</time>
      </trkpt>
      <trkpt lat="37.75629" lon="-122.47323">
        <ele>149.42</ele>
        <time>2025-01-10T21:05:35Z</time>
      </trkpt>
      <trkpt lat="37.75629" lon="-122.47326">
        <ele>148.64</ele>
        <time>2025-01-10T21:05:39Z</time>
      </trkpt>
      <trkpt lat="37.75629" lon="-122.4733">
        <ele>147.74</ele>
        <time>2025-01-10T21:05:43Z</time>
      </trkpt>
      <trkpt lat="37.75628" lon="-122.47334">
        <ele>146.78</ele>
        <time>2025-01-10T21:05:48Z</time>
      </trkpt>
      <trkpt lat="37.75628" lon="-122.47337">
        <ele>145.81</ele>
        <time>2025-01-10T21:05:52Z</time>
      </trkpt>
      <trkpt lat="37.75627" lon="-122.47341">
        <ele>144.52</ele>
        <time>2025-01-10T21:05:57Z</time>
      </trkpt>
      <trkpt lat="37.75627" lon="-122.47344">
        <ele>143.65</ele>
        <time>2025-01-10T21:06:02Z</time>
      </trkpt>
      <trkpt lat="37.75627" lon="-122.47348">
        <ele>142.67</ele>
        <time>2025-01-10T21:06:06Z</time>
      </trkpt>
      <trkpt lat="37.75627" lon="-122.47352">
        <ele>141.67</ele>
        <time>2025-01-10T21:06:12Z</time>
      </trkpt>
      <trkpt lat="37.75627" lon="-122.47355">
        <ele>140.79</ele>
        <time>2025-01-10T21:06:17Z</time>
      </trkpt>
      <trkpt lat="37.75629" lon="-122.47358">
        <ele>139.99</ele>
        <time>2025-01-10T21:06:22Z</time>
      </trkpt>
      <trkpt lat="37.75632" lon="-122.47358">
        <ele>139.84</ele>
        <time>2025-01-10T21:06:26Z</time>
      </trkpt>
      <trkpt lat="37.75635" lon="-122.47358">
        <ele>139.62</ele>
        <time>2025-01-10T21:06:31Z</time>
      </trkpt>
      <trkpt lat="37.75638" lon="-122.47357">
        <ele>139.53</ele>
        <time>2025-01-10T21:06:36Z</time>
      </trkpt>
      <trkpt lat="37.75641" lon="-122.47357">
        <ele>139.22</ele>
        <time>2025-01-10T21:06:39Z</time>
      </trkpt>
      <trkpt lat="37.75644" lon="-122.47357">
        <ele>138.89</ele>
        <time>2025-01-10T21:06:42Z</time>
      </trkpt>
      <trkpt lat="37.75647" lon="-122.47357">
        <ele>138.57</ele>
        <time>2025-01-10T21:06:45Z</time>
      </trkpt>
      <trkpt lat="37.7565" lon="-122.47356">
        <ele>138.44</ele>
        <time>2025-01-10T21:06:48Z</time>
      </trkpt>
      <trkpt lat="37.75653" lon="-122.47356">
        <ele>138.26</ele>
        <time>2025-01-10T21:06:50Z</time>
      </trkpt>
      <trkpt lat="37.75656" lon="-122.47355">
        <ele>138.1</ele>
        <time>2025-01-10T21:06:52Z</time>
      </trkpt>
      <trkpt lat="37.75659" lon="-122.47354">
        <ele>138.0</ele>
        <time>2025-01-10T21:06:55Z</time>
      </trkpt>
      <trkpt lat="37.75662" lon="-122.47352">
        <ele>138.0</ele>
        <time>2025-01-10T21:06:59Z</time>
      </trkpt>
      <trkpt lat="37.75664" lon="-122.47349">
        <ele>138.31</ele>
        <time>2025-01-10T21:07:02Z</time>
      </trkpt>
      <trkpt lat="37.75667" lon="-122.47348">
        <ele>138.4</ele>
        <time>2025-01-10T21:07:05Z</time>
      </trkpt>
      <trkpt lat="37.7567" lon="-122.47346">
        <ele>138.4</ele>
        <time>2025-01-10T21:07:08Z</time>
      </trkpt>
      <trkpt lat="37.75673" lon="-122.47345">
        <ele>138.23</ele>
        <time>2025-01-10T21:07:11Z</time>
      </trkpt>
      <trkpt lat="37.75676" lon="-122.47343">
        <ele>138.0</ele>
        <time>2025-01-10T21:07:15Z</time>
      </trkpt>
      <trkpt lat="37.75678" lon="-122.47339">
        <ele>138.39</ele>
        <time>2025-01-10T21:07:17Z</time>
      </trkpt>
      <trkpt lat="37.7568" lon="-122.47337">
        <ele>138.6</ele>
        <time>2025-01-10T21:07:19Z</time>
      </trkpt>
      <trkpt lat="37.75682" lon="-122.47334">
        <ele>138.93</ele>
        <time>2025-01-10T21:07:22Z</time>
      </trkpt>
      <trkpt lat="37.75685" lon="-122.47332">
        <ele>139.15</ele>
        <time>2025-01-10T21:07:25Z</time>
      </trkpt>
      <trkpt lat="37.75688" lon="-122.47329">
        <ele>139.31</ele>
        <time>2025-01-10T21:07:28Z</time>
      </trkpt>
      <trkpt lat="37.75691" lon="-122.47327">
        <ele>139.49</ele>
        <time>2025-01-10T21:07:31Z</time>
      </trkpt>
      <trkpt lat="37.75693" lon="-122.47324">
        <ele>140.01</ele>
        <time>2025-01-10T21:07:34Z</time>
      </trkpt>
      <trkpt lat="37.75697" lon="-122.47322">
        <ele>139.95</ele>
        <time>2025-01-10T21:07:37Z</time>
      </trkpt>
      <trkpt lat="37.757" lon="-122.47321">
        <ele>139.73</ele>
        <time>2025-01-10T21:07:40Z</time>
      </trkpt>
      <trkpt lat="37.75703" lon="-122.47321">
        <ele>139.41</ele>
        <time>2025-01-10T21:07:43Z</time>
      </trkpt>
      <trkpt lat="37.75706" lon="-122.47321">
        <ele>139.58</ele>
        <time>2025-01-10T21:07:46Z</time>
      </trkpt>
      <trkpt lat="37.75708" lon="-122.47323">
        <ele>139.58</ele>
        <time>2025-01-10T21:07:49Z</time>
      </trkpt>
      <trkpt lat="37.75709" lon="-122.47328">
        <ele>139.33</ele>
        <time>2025-01-10T21:07:52Z</time>
      </trkpt>
      <trkpt lat="37.75708" lon="-122.47332">
        <ele>139.07</ele>
        <time>2025-01-10T21:07:55Z</time>
      </trkpt>
      <trkpt lat="37.75705" lon="-122.47338">
        <ele>138.5</ele>
        <time>2025-01-10T21:07:58Z</time>
      </trkpt>
      <trkpt lat="37.75703" lon="-122.4734">
        <ele>138.26</ele>
        <time>2025-01-10T21:08:00Z</time>
      </trkpt>
      <trkpt lat="37.75701" lon="-122.47342">
        <ele>138.05</ele>
        <time>2025-01-10T21:08:02Z</time>
      </trkpt>
      <trkpt lat="37.75698" lon="-122.47344">
        <ele>137.94</ele>
        <time>2025-01-10T21:08:04Z</time>
      </trkpt>
      <trkpt lat="37.75698" lon="-122.47348">
        <ele>137.78</ele>
        <time>2025-01-10T21:08:07Z</time>
      </trkpt>
      <trkpt lat="37.75701" lon="-122.4735">
        <ele>137.43</ele>
        <time>2025-01-10T21:08:09Z</time>
      </trkpt>
      <trkpt lat="37.75704" lon="-122.4735">
        <ele>137.2</ele>
        <time>2025-01-10T21:08:11Z</time>
      </trkpt>
      <trkpt lat="37.75707" lon="-122.4735">
        <ele>137.2</ele>
        <time>2025-01-10T21:08:13Z</time>
      </trkpt>
      <trkpt lat="37.75711" lon="-122.4735">
        <ele>137.2</ele>
        <time>2025-01-10T21:08:15Z</time>
      </trkpt>
      <trkpt lat="37.75713" lon="-122.47351">
        <ele>137.09</ele>
        <time>2025-01-10T21:08:17Z</time>
      </trkpt>
      <trkpt lat="37.75717" lon="-122.47351">
        <ele>136.66</ele>
        <time>2025-01-10T21:08:20Z</time>
      </trkpt>
      <trkpt lat="37.7572" lon="-122.47353">
        <ele>136.15</ele>
        <time>2025-01-10T21:08:23Z</time>
      </trkpt>
      <trkpt lat="37.75723" lon="-122.47354">
        <ele>135.7</ele>
        <time>2025-01-10T21:08:25Z</time>
      </trkpt>
      <trkpt lat="37.75726" lon="-122.47354">
        <ele>135.45</ele>
        <time>2025-01-10T21:08:28Z</time>
      </trkpt>
      <trkpt lat="37.75729" lon="-122.47355">
        <ele>135.18</ele>
        <time>2025-01-10T21:08:32Z</time>
      </trkpt>
      <trkpt lat="37.75732" lon="-122.47355">
        <ele>134.98</ele>
        <time>2025-01-10T21:08:35Z</time>
      </trkpt>
      <trkpt lat="37.75734" lon="-122.47356">
        <ele>134.88</ele>
        <time>2025-01-10T21:08:37Z</time>
      </trkpt>
      <trkpt lat="37.75737" lon="-122.47357">
        <ele>134.67</ele>
        <time>2025-01-10T21:08:39Z</time>
      </trkpt>
      <trkpt lat="37.7574" lon="-122.47359">
        <ele>134.29</ele>
        <time>2025-01-10T21:08:43Z</time>
      </trkpt>
      <trkpt lat="37.75743" lon="-122.47359">
        <ele>134.23</ele>
        <time>2025-01-10T21:08:45Z</time>
      </trkpt>
      <trkpt lat="37.75747" lon="-122.4736">
        <ele>134.12</ele>
        <time>2025-01-10T21:08:48Z</time>
      </trkpt>
      <trkpt lat="37.7575" lon="-122.47362">
        <ele>134.0</ele>
        <time>2025-01-10T21:08:51Z</time>
      </trkpt>
      <trkpt lat="37.75752" lon="-122.47364">
        <ele>134.0</ele>
        <time>2025-01-10T21:08:53Z</time>
      </trkpt>
      <trkpt lat="37.75755" lon="-122.47366">
        <ele>134.0</ele>
        <time>2025-01-10T21:08:55Z</time>
      </trkpt>
      <trkpt lat="37.75759" lon="-122.47366">
        <ele>134.0</ele>
        <time>2025-01-10T21:08:58Z</time>
      </trkpt>
      <trkpt lat="37.75761" lon="-122.47366">
        <ele>133.9</ele>
        <time>2025-01-10T21:09:00Z</time>
      </trkpt>
      <trkpt lat="37.75765" lon="-122.47366">
        <ele>133.67</ele>
        <time>2025-01-10T21:09:03Z</time>
      </trkpt>
      <trkpt lat="37.75769" lon="-122.47366">
        <ele>133.47</ele>
        <time>2025-01-10T21:09:06Z</time>
      </trkpt>
      <trkpt lat="37.75772" lon="-122.47366">
        <ele>133.47</ele>
        <time>2025-01-10T21:09:09Z</time>
      </trkpt>
      <trkpt lat="37.75776" lon="-122.47364">
        <ele>133.69</ele>
        <time>2025-01-10T21:09:11Z</time>
      </trkpt>
      <trkpt lat="37.75779" lon="-122.47362">
        <ele>133.9</ele>
        <time>2025-01-10T21:09:14Z</time>
      </trkpt>
      <trkpt lat="37.75782" lon="-122.4736">
        <ele>134.12</ele>
        <time>2025-01-10T21:09:16Z</time>
      </trkpt>
      <trkpt lat="37.75785" lon="-122.4736">
        <ele>134.12</ele>
        <time>2025-01-10T21:09:19Z</time>
      </trkpt>
      <trkpt lat="37.75789" lon="-122.4736">
        <ele>134.12</ele>
        <time>2025-01-10T21:09:22Z</time>
      </trkpt>
      <trkpt lat="37.75793" lon="-122.4736">
        <ele>134.12</ele>
        <time>2025-01-10T21:09:25Z</time>
      </trkpt>
      <trkpt lat="37.75797" lon="-122.4736">
        <ele>134.12</ele>
        <time>2025-01-10T21:09:28Z</time>
      </trkpt>
      <trkpt lat="37.75801" lon="-122.47361">
        <ele>134.01</ele>
        <time>2025-01-10T21:09:31Z</time>
      </trkpt>
      <trkpt lat="37.75805" lon="-122.47361">
        <ele>134.01</ele>
        <time>2025-01-10T21:09:34Z</time>
      </trkpt>
      <trkpt lat="37.75809" lon="-122.47361">
        <ele>134.01</ele>
        <time>2025-01-10T21:09:37Z</time>
      </trkpt>
      <trkpt lat="37.75812" lon="-122.47361">
        <ele>134.01</ele>
        <time>2025-01-10T21:09:39Z</time>
      </trkpt>
      <trkpt lat="37.75815" lon="-122.47361">
        <ele>134.01</ele>
        <time>2025-01-10T21:09:42Z</time>
      </trkpt>
      <trkpt lat="37.75819" lon="-122.47361">
        <ele>134.01</ele>
        <time>2025-01-10T21:09:45Z</time>
      </trkpt>
      <trkpt lat="37.75822" lon="-122.47361">
        <ele>134.0</ele>
        <time>2025-01-10T21:09:47Z</time>
      </trkpt>
      <trkpt lat="37.75826" lon="-122.47361">
        <ele>134.0</ele>
        <time>2025-01-10T21:09:50Z</time>
      </trkpt>
      <trkpt lat="37.7583" lon="-122.47361">
        <ele>134.0</ele>
        <time>2025-01-10T21:09:53Z</time>
      </trkpt>
      <trkpt lat="37.75833" lon="-122.47362">
        <ele>133.9</ele>
        <time>2025-01-10T21:09:56Z</time>
      </trkpt>
      <trkpt lat="37.75837" lon="-122.47362">
        <ele>133.9</ele>
        <time>2025-01-10T21:09:59Z</time>
      </trkpt>
      <trkpt lat="37.75841" lon="-122.47363">
        <ele>133.8</ele>
        <time>2025-01-10T21:10:02Z</time>
      </trkpt>
      <trkpt lat="37.75845" lon="-122.47363">
        <ele>134.06</ele>
        <time>2025-01-10T21:10:05Z</time>
      </trkpt>
      <trkpt lat="37.75847" lon="-122.47363">
        <ele>134.27</ele>
        <time>2025-01-10T21:10:07Z</time>
      </trkpt>
      <trkpt lat="37.75851" lon="-122.47364">
        <ele>134.6</ele>
        <time>2025-01-10T21:10:10Z</time>
      </trkpt>
      <trkpt lat="37.75855" lon="-122.47364">
        <ele>134.69</ele>
        <time>2025-01-10T21:10:13Z</time>
      </trkpt>
      <trkpt lat="37.75858" lon="-122.47364">
        <ele>134.69</ele>
        <time>2025-01-10T21:10:16Z</time>
      </trkpt>
      <trkpt lat="37.75862" lon="-122.47364">
        <ele>134.69</ele>
        <time>2025-01-10T21:10:19Z</time>
      </trkpt>
      <trkpt lat="37.75865" lon="-122.47363">
        <ele>134.8</ele>
        <time>2025-01-10T21:10:22Z</time>
      </trkpt>
      <trkpt lat="37.75869" lon="-122.47363">
        <ele>134.8</ele>
        <time>2025-01-10T21:10:25Z</time>
      </trkpt>
      <trkpt lat="37.75872" lon="-122.47364">
        <ele>134.69</ele>
        <time>2025-01-10T21:10:28Z</time>
      </trkpt>
      <trkpt lat="37.75876" lon="-122.47365">
        <ele>134.58</ele>
        <time>2025-01-10T21:10:31Z</time>
      </trkpt>
      <trkpt lat="37.7588" lon="-122.47366">
        <ele>134.47</ele>
        <time>2025-01-10T21:10:34Z</time>
      </trkpt>
      <trkpt lat="37.75883" lon="-122.47367">
        <ele>134.36</ele>
        <time>2025-01-10T21:10:37Z</time>
      </trkpt>
      <trkpt lat="37.75886" lon="-122.47367">
        <ele>134.36</ele>
        <time>2025-01-10T21:10:40Z</time>
      </trkpt>
      <trkpt lat="37.7589" lon="-122.47368">
        <ele>134.35</ele>
        <time>2025-01-10T21:10:43Z</time>
      </trkpt>
      <trkpt lat="37.75894" lon="-122.47368">
        <ele>134.67</ele>
        <time>2025-01-10T21:10:46Z</time>
      </trkpt>
      <trkpt lat="37.75898" lon="-122.47368">
        <ele>134.99</ele>
        <time>2025-01-10T21:10:49Z</time>
      </trkpt>
      <trkpt lat="37.75901" lon="-122.47369">
        <ele>135.0</ele>
        <time>2025-01-10T21:10:52Z</time>
      </trkpt>
      <trkpt lat="37.75904" lon="-122.47369">
        <ele>135.0</ele>
        <time>2025-01-10T21:10:54Z</time>
      </trkpt>
      <trkpt lat="37.75908" lon="-122.4737">
        <ele>135.0</ele>
        <time>2025-01-10T21:10:57Z</time>
      </trkpt>
      <trkpt lat="37.75911" lon="-122.47371">
        <ele>134.93</ele>
        <time>2025-01-10T21:11:00Z</time>
      </trkpt>
      <trkpt lat="37.75915" lon="-122.47371">
        <ele>134.93</ele>
        <time>2025-01-10T21:11:03Z</time>
      </trkpt>
      <trkpt lat="37.75918" lon="-122.47371">
        <ele>134.94</ele>
        <time>2025-01-10T21:11:06Z</time>
      </trkpt>
      <trkpt lat="37.75922" lon="-122.4737">
        <ele>135.0</ele>
        <time>2025-01-10T21:11:09Z</time>
      </trkpt>
      <trkpt lat="37.75925" lon="-122.47368">
        <ele>135.0</ele>
        <time>2025-01-10T21:11:12Z</time>
      </trkpt>
      <trkpt lat="37.75928" lon="-122.47365">
        <ele>135.0</ele>
        <time>2025-01-10T21:11:15Z</time>
      </trkpt>
      <trkpt lat="37.7593" lon="-122.47362">
        <ele>135.0</ele>
        <time>2025-01-10T21:11:18Z</time>
      </trkpt>
      <trkpt lat="37.75931" lon="-122.47358">
        <ele>135.0</ele>
        <time>2025-01-10T21:11:21Z</time>
      </trkpt>
      <trkpt lat="37.75934" lon="-122.47355">
        <ele>135.0</ele>
        <time>2025-01-10T21:11:24Z</time>
      </trkpt>
      <trkpt lat="37.75937" lon="-122.47353">
        <ele>135.0</ele>
        <time>2025-01-10T21:11:27Z</time>
      </trkpt>
      <trkpt lat="37.75941" lon="-122.47352">
        <ele>135.0</ele>
        <time>2025-01-10T21:11:30Z</time>
      </trkpt>
      <trkpt lat="37.75944" lon="-122.47352">
        <ele>135.0</ele>
        <time>2025-01-10T21:11:33Z</time>
      </trkpt>
      <trkpt lat="37.75946" lon="-122.47354">
        <ele>134.16</ele>
        <time>2025-01-10T21:11:38Z</time>
      </trkpt>
      <trkpt lat="37.75949" lon="-122.47355">
        <ele>132.54</ele>
        <time>2025-01-10T21:11:43Z</time>
      </trkpt>
      <trkpt lat="37.75952" lon="-122.47356">
        <ele>130.92</ele>
        <time>2025-01-10T21:11:54Z</time>
      </trkpt>
      <trkpt lat="37.75954" lon="-122.47358">
        <ele>129.89</ele>
        <time>2025-01-10T21:12:03Z</time>
      </trkpt>
      <trkpt lat="37.75957" lon="-122.47361">
        <ele>128.93</ele>
        <time>2025-01-10T21:12:10Z</time>
      </trkpt>
      <trkpt lat="37.75959" lon="-122.47362">
        <ele>128.37</ele>
        <time>2025-01-10T21:12:15Z</time>
      </trkpt>
      <trkpt lat="37.75962" lon="-122.47362">
        <ele>127.33</ele>
        <time>2025-01-10T21:12:25Z</time>
      </trkpt>
      <trkpt lat="37.75965" lon="-122.47364">
        <ele>125.39</ele>
        <time>2025-01-10T21:12:29Z</time>
      </trkpt>
      <trkpt lat="37.75968" lon="-122.47363">
        <ele>123.08</ele>
        <time>2025-01-10T21:12:38Z</time>
      </trkpt>
      <trkpt lat="37.7597" lon="-122.47366">
        <ele>121.28</ele>
        <time>2025-01-10T21:12:47Z</time>
      </trkpt>
      <trkpt lat="37.75973" lon="-122.47366">
        <ele>118.93</ele>
        <time>2025-01-10T21:12:52Z</time>
      </trkpt>
      <trkpt lat="37.75976" lon="-122.47365">
        <ele>116.9</ele>
        <time>2025-01-10T21:12:57Z</time>
      </trkpt>
      <trkpt lat="37.75979" lon="-122.47363">
        <ele>114.82</ele>
        <time>2025-01-10T21:13:03Z</time>
      </trkpt>
      <trkpt lat="37.75982" lon="-122.47362">
        <ele>112.78</ele>
        <time>2025-01-10T21:13:08Z</time>
      </trkpt>
      <trkpt lat="37.75984" lon="-122.47361">
        <ele>111.9</ele>
        <time>2025-01-10T21:13:19Z</time>
      </trkpt>
      <trkpt lat="37.75987" lon="-122.47362">
        <ele>110.62</ele>
        <time>2025-01-10T21:13:23Z</time>
      </trkpt>
      <trkpt lat="37.7599" lon="-122.47363">
        <ele>109.32</ele>
        <time>2025-01-10T21:13:27Z</time>
      </trkpt>
      <trkpt lat="37.75993" lon="-122.47361">
        <ele>109.0</ele>
        <time>2025-01-10T21:13:42Z</time>
      </trkpt>
      <trkpt lat="37.75996" lon="-122.4736">
        <ele>108.93</ele>
        <time>2025-01-10T21:13:45Z</time>
      </trkpt>
      <trkpt lat="37.76" lon="-122.47359">
        <ele>108.77</ele>
        <time>2025-01-10T21:13:48Z</time>
      </trkpt>
      <trkpt lat="37.76003" lon="-122.47359">
        <ele>108.52</ele>
        <time>2025-01-10T21:13:50Z</time>
      </trkpt>
      <trkpt lat="37.76007" lon="-122.47359">
        <ele>108.19</ele>
        <time>2025-01-10T21:13:53Z</time>
      </trkpt>
      <trkpt lat="37.7601" lon="-122.47358">
        <ele>107.95</ele>
        <time>2025-01-10T21:13:56Z</time>
      </trkpt>
      <trkpt lat="37.76013" lon="-122.47357">
        <ele>107.78</ele>
        <time>2025-01-10T21:13:58Z</time>
      </trkpt>
      <trkpt lat="37.76016" lon="-122.47356">
        <ele>107.67</ele>
        <time>2025-01-10T21:14:00Z</time>
      </trkpt>
      <trkpt lat="37.76019" lon="-122.47357">
        <ele>107.4</ele>
        <time>2025-01-10T21:14:02Z</time>
      </trkpt>
      <trkpt lat="37.76022" lon="-122.47359">
        <ele>107.06</ele>
        <time>2025-01-10T21:14:04Z</time>
      </trkpt>
      <trkpt lat="37.76025" lon="-122.47361">
        <ele>107.0</ele>
        <time>2025-01-10T21:14:06Z</time>
      </trkpt>
      <trkpt lat="37.76028" lon="-122.47362">
        <ele>106.88</ele>
        <time>2025-01-10T21:14:08Z</time>
      </trkpt>
      <trkpt lat="37.76031" lon="-122.47362">
        <ele>106.56</ele>
        <time>2025-01-10T21:14:10Z</time>
      </trkpt>
      <trkpt lat="37.76034" lon="-122.47363">
        <ele>106.12</ele>
        <time>2025-01-10T21:14:12Z</time>
      </trkpt>
      <trkpt lat="37.76036" lon="-122.47363">
        <ele>105.91</ele>
        <time>2025-01-10T21:14:14Z</time>
      </trkpt>
      <trkpt lat="37.76039" lon="-122.47363">
        <ele>105.58</ele>
        <time>2025-01-10T21:14:16Z</time>
      </trkpt>
      <trkpt lat="37.76042" lon="-122.47365">
        <ele>105.04</ele>
        <time>2025-01-10T21:14:18Z</time>
      </trkpt>
      <trkpt lat="37.76045" lon="-122.47365">
        <ele>104.72</ele>
        <time>2025-01-10T21:14:20Z</time>
      </trkpt>
      <trkpt lat="37.76048" lon="-122.47365">
        <ele>104.29</ele>
        <time>2025-01-10T21:14:23Z</time>
      </trkpt>
      <trkpt lat="37.76052" lon="-122.47365">
        <ele>103.61</ele>
        <time>2025-01-10T21:14:26Z</time>
      </trkpt>
      <trkpt lat="37.76055" lon="-122.47364">
        <ele>103.1</ele>
        <time>2025-01-10T21:14:30Z</time>
      </trkpt>
      <trkpt lat="37.76058" lon="-122.47364">
        <ele>102.74</ele>
        <time>2025-01-10T21:14:36Z</time>
      </trkpt>
      <trkpt lat="37.76061" lon="-122.47365">
        <ele>102.41</ele>
        <time>2025-01-10T21:14:40Z</time>
      </trkpt>
      <trkpt lat="37.76063" lon="-122.47366">
        <ele>102.2</ele>
        <time>2025-01-10T21:14:43Z</time>
      </trkpt>
      <trkpt lat="37.76066" lon="-122.47366">
        <ele>101.87</ele>
        <time>2025-01-10T21:14:46Z</time>
      </trkpt>
      <trkpt lat="37.76069" lon="-122.47365">
        <ele>101.55</ele>
        <time>2025-01-10T21:14:49Z</time>
      </trkpt>
      <trkpt lat="37.76072" lon="-122.47366">
        <ele>101.22</ele>
        <time>2025-01-10T21:14:53Z</time>
      </trkpt>
      <trkpt lat="37.76075" lon="-122.47367">
        <ele>100.9</ele>
        <time>2025-01-10T21:15:01Z</time>
      </trkpt>
      <trkpt lat="37.76078" lon="-122.47367">
        <ele>100.58</ele>
        <time>2025-01-10T21:15:05Z</time>
      </trkpt>
      <trkpt lat="37.7608" lon="-122.47367">
        <ele>100.36</ele>
        <time>2025-01-10T21:15:07Z</time>
      </trkpt>
      <trkpt lat="37.76083" lon="-122.47364">
        <ele>100.04</ele>
        <time>2025-01-10T21:15:10Z</time>
      </trkpt>
      <trkpt lat="37.76087" lon="-122.47363">
        <ele>99.6</ele>
        <time>2025-01-10T21:15:13Z</time>
      </trkpt>
      <trkpt lat="37.7609" lon="-122.47362">
        <ele>99.28</ele>
        <time>2025-01-10T21:15:16Z</time>
      </trkpt>
      <trkpt lat="37.76093" lon="-122.47363">
        <ele>98.96</ele>
        <time>2025-01-10T21:15:19Z</time>
      </trkpt>
      <trkpt lat="37.76096" lon="-122.47364">
        <ele>98.63</ele>
        <time>2025-01-10T21:15:21Z</time>
      </trkpt>
      <trkpt lat="37.76099" lon="-122.47364">
        <ele>98.31</ele>
        <time>2025-01-10T21:15:23Z</time>
      </trkpt>
      <trkpt lat="37.76103" lon="-122.47364">
        <ele>97.84</ele>
        <time>2025-01-10T21:15:26Z</time>
      </trkpt>
      <trkpt lat="37.76106" lon="-122.47364">
        <ele>97.41</ele>
        <time>2025-01-10T21:15:28Z</time>
      </trkpt>
      <trkpt lat="37.7611" lon="-122.47364">
        <ele>96.85</ele>
        <time>2025-01-10T21:15:31Z</time>
      </trkpt>
      <trkpt lat="37.76114" lon="-122.47364">
        <ele>96.47</ele>
        <time>2025-01-10T21:15:34Z</time>
      </trkpt>
      <trkpt lat="37.76117" lon="-122.47364">
        <ele>96.25</ele>
        <time>2025-01-10T21:15:36Z</time>
      </trkpt>
      <trkpt lat="37.76119" lon="-122.47363">
        <ele>96.12</ele>
        <time>2025-01-10T21:15:38Z</time>
      </trkpt>
      <trkpt lat="37.76122" lon="-122.47363">
        <ele>95.79</ele>
        <time>2025-01-10T21:15:40Z</time>
      </trkpt>
      <trkpt lat="37.76125" lon="-122.47362">
        <ele>95.45</ele>
        <time>2025-01-10T21:15:42Z</time>
      </trkpt>
      <trkpt lat="37.76128" lon="-122.47362">
        <ele>95.1</ele>
        <time>2025-01-10T21:15:44Z</time>
      </trkpt>
      <trkpt lat="37.76132" lon="-122.47363">
        <ele>94.34</ele>
        <time>2025-01-10T21:15:47Z</time>
      </trkpt>
      <trkpt lat="37.76136" lon="-122.47363">
        <ele>93.56</ele>
        <time>2025-01-10T21:15:50Z</time>
      </trkpt>
      <trkpt lat="37.76138" lon="-122.47363">
        <ele>93.17</ele>
        <time>2025-01-10T21:15:52Z</time>
      </trkpt>
      <trkpt lat="37.76141" lon="-122.47364">
        <ele>92.77</ele>
        <time>2025-01-10T21:15:54Z</time>
      </trkpt>
      <trkpt lat="37.76145" lon="-122.47364">
        <ele>92.34</ele>
        <time>2025-01-10T21:15:57Z</time>
      </trkpt>
      <trkpt lat="37.76148" lon="-122.47365">
        <ele>92.02</ele>
        <time>2025-01-10T21:16:00Z</time>
      </trkpt>
      <trkpt lat="37.76152" lon="-122.47366">
        <ele>91.58</ele>
        <time>2025-01-10T21:16:03Z</time>
      </trkpt>
      <trkpt lat="37.76156" lon="-122.47366">
        <ele>91.15</ele>
        <time>2025-01-10T21:16:06Z</time>
      </trkpt>
      <trkpt lat="37.7616" lon="-122.47367">
        <ele>90.72</ele>
        <time>2025-01-10T21:16:09Z</time>
      </trkpt>
      <trkpt lat="37.76163" lon="-122.47367">
        <ele>90.4</ele>
        <time>2025-01-10T21:16:12Z</time>
      </trkpt>
      <trkpt lat="37.76167" lon="-122.47368">
        <ele>89.96</ele>
        <time>2025-01-10T21:16:15Z</time>
      </trkpt>
      <trkpt lat="37.7617" lon="-122.47368">
        <ele>89.64</ele>
        <time>2025-01-10T21:16:18Z</time>
      </trkpt>
      <trkpt lat="37.76173" lon="-122.47369">
        <ele>89.32</ele>
        <time>2025-01-10T21:16:21Z</time>
      </trkpt>
      <trkpt lat="37.76176" lon="-122.47369">
        <ele>89.0</ele>
        <time>2025-01-10T21:16:24Z</time>
      </trkpt>
      <trkpt lat="37.76179" lon="-122.47368">
        <ele>88.92</ele>
        <time>2025-01-10T21:16:27Z</time>
      </trkpt>
      <trkpt lat="37.76182" lon="-122.47368">
        <ele>88.83</ele>
        <time>2025-01-10T21:16:30Z</time>
      </trkpt>
      <trkpt lat="37.76185" lon="-122.47369">
        <ele>88.85</ele>
        <time>2025-01-10T21:16:33Z</time>
      </trkpt>
      <trkpt lat="37.76189" lon="-122.4737">
        <ele>88.96</ele>
        <time>2025-01-10T21:16:36Z</time>
      </trkpt>
      <trkpt lat="37.76192" lon="-122.47371">
        <ele>89.0</ele>
        <time>2025-01-10T21:16:39Z</time>
      </trkpt>
      <trkpt lat="37.76195" lon="-122.47371">
        <ele>88.94</ele>
        <time>2025-01-10T21:16:42Z</time>
      </trkpt>
      <trkpt lat="37.76199" lon="-122.47371">
        <ele>88.51</ele>
        <time>2025-01-10T21:16:45Z</time>
      </trkpt>
      <trkpt lat="37.76202" lon="-122.47371">
        <ele>88.18</ele>
        <time>2025-01-10T21:16:48Z</time>
      </trkpt>
      <trkpt lat="37.76206" lon="-122.4737">
        <ele>88.0</ele>
        <time>2025-01-10T21:16:51Z</time>
      </trkpt>
      <trkpt lat="37.76209" lon="-122.4737">
        <ele>88.0</ele>
        <time>2025-01-10T21:16:54Z</time>
      </trkpt>
      <trkpt lat="37.76212" lon="-122.4737">
        <ele>88.0</ele>
        <time>2025-01-10T21:16:58Z</time>
      </trkpt>
      <trkpt lat="37.76217" lon="-122.47369">
        <ele>87.56</ele>
        <time>2025-01-10T21:17:01Z</time>
      </trkpt>
      <trkpt lat="37.76219" lon="-122.47369">
        <ele>87.35</ele>
        <time>2025-01-10T21:17:03Z</time>
      </trkpt>
      <trkpt lat="37.76222" lon="-122.47369">
        <ele>87.02</ele>
        <time>2025-01-10T21:17:05Z</time>
      </trkpt>
      <trkpt lat="37.76226" lon="-122.47369">
        <ele>86.59</ele>
        <time>2025-01-10T21:17:08Z</time>
      </trkpt>
      <trkpt lat="37.7623" lon="-122.47369">
        <ele>86.16</ele>
        <time>2025-01-10T21:17:11Z</time>
      </trkpt>
      <trkpt lat="37.76233" lon="-122.47369">
        <ele>85.84</ele>
        <time>2025-01-10T21:17:13Z</time>
      </trkpt>
      <trkpt lat="37.76235" lon="-122.47369">
        <ele>85.62</ele>
        <time>2025-01-10T21:17:15Z</time>
      </trkpt>
      <trkpt lat="37.76238" lon="-122.47369">
        <ele>85.3</ele>
        <time>2025-01-10T21:17:17Z</time>
      </trkpt>
      <trkpt lat="37.76241" lon="-122.47369">
        <ele>85.0</ele>
        <time>2025-01-10T21:17:19Z</time>
      </trkpt>
      <trkpt lat="37.76244" lon="-122.47369">
        <ele>85.0</ele>
        <time>2025-01-10T21:17:21Z</time>
      </trkpt>
      <trkpt lat="37.76248" lon="-122.47369">
        <ele>85.0</ele>
        <time>2025-01-10T21:17:24Z</time>
      </trkpt>
      <trkpt lat="37.76252" lon="-122.4737">
        <ele>84.78</ele>
        <time>2025-01-10T21:17:27Z</time>
      </trkpt>
      <trkpt lat="37.76255" lon="-122.47371">
        <ele>84.39</ele>
        <time>2025-01-10T21:17:30Z</time>
      </trkpt>
      <trkpt lat="37.76259" lon="-122.47372">
        <ele>83.85</ele>
        <time>2025-01-10T21:17:33Z</time>
      </trkpt>
      <trkpt lat="37.76262" lon="-122.47372">
        <ele>83.58</ele>
        <time>2025-01-10T21:17:36Z</time>
      </trkpt>
      <trkpt lat="37.76265" lon="-122.47372">
        <ele>83.31</ele>
        <time>2025-01-10T21:17:39Z</time>
      </trkpt>
      <trkpt lat="37.76268" lon="-122.47371">
        <ele>83.05</ele>
        <time>2025-01-10T21:17:43Z</time>
      </trkpt>
      <trkpt lat="37.76271" lon="-122.47371">
        <ele>82.73</ele>
        <time>2025-01-10T21:17:46Z</time>
      </trkpt>
      <trkpt lat="37.76275" lon="-122.47371">
        <ele>82.3</ele>
        <time>2025-01-10T21:17:49Z</time>
      </trkpt>
      <trkpt lat="37.76278" lon="-122.47371">
        <ele>81.98</ele>
        <time>2025-01-10T21:17:52Z</time>
      </trkpt>
      <trkpt lat="37.76281" lon="-122.47372">
        <ele>81.65</ele>
        <time>2025-01-10T21:17:55Z</time>
      </trkpt>
      <trkpt lat="37.76285" lon="-122.47372">
        <ele>81.22</ele>
        <time>2025-01-10T21:17:58Z</time>
      </trkpt>
      <trkpt lat="37.76289" lon="-122.47371">
        <ele>81.0</ele>
        <time>2025-01-10T21:18:01Z</time>
      </trkpt>
      <trkpt lat="37.76292" lon="-122.47371">
        <ele>81.0</ele>
        <time>2025-01-10T21:18:03Z</time>
      </trkpt>
      <trkpt lat="37.76295" lon="-122.47371">
        <ele>81.0</ele>
        <time>2025-01-10T21:18:05Z</time>
      </trkpt>
      <trkpt lat="37.76298" lon="-122.47372">
        <ele>80.82</ele>
        <time>2025-01-10T21:18:07Z</time>
      </trkpt>
      <trkpt lat="37.76301" lon="-122.47373">
        <ele>80.49</ele>
        <time>2025-01-10T21:18:09Z</time>
      </trkpt>
      <trkpt lat="37.76303" lon="-122.47373">
        <ele>80.28</ele>
        <time>2025-01-10T21:18:11Z</time>
      </trkpt>
      <trkpt lat="37.76307" lon="-122.47373">
        <ele>80.0</ele>
        <time>2025-01-10T21:18:14Z</time>
      </trkpt>
      <trkpt lat="37.76311" lon="-122.47372">
        <ele>80.0</ele>
        <time>2025-01-10T21:18:17Z</time>
      </trkpt>
      <trkpt lat="37.76314" lon="-122.47372">
        <ele>80.0</ele>
        <time>2025-01-10T21:18:19Z</time>
      </trkpt>
      <trkpt lat="37.76317" lon="-122.47373">
        <ele>79.93</ele>
        <time>2025-01-10T21:18:21Z</time>
      </trkpt>
      <trkpt lat="37.7632" lon="-122.47374">
        <ele>79.78</ele>
        <time>2025-01-10T21:18:23Z</time>
      </trkpt>
      <trkpt lat="37.76323" lon="-122.47374">
        <ele>79.65</ele>
        <time>2025-01-10T21:18:25Z</time>
      </trkpt>
      <trkpt lat="37.76325" lon="-122.47375">
        <ele>79.45</ele>
        <time>2025-01-10T21:18:27Z</time>
      </trkpt>
      <trkpt lat="37.76329" lon="-122.47377">
        <ele>79.13</ele>
        <time>2025-01-10T21:18:30Z</time>
      </trkpt>
      <trkpt lat="37.76333" lon="-122.47379">
        <ele>79.0</ele>
        <time>2025-01-10T21:18:33Z</time>
      </trkpt>
      <trkpt lat="37.76335" lon="-122.47381">
        <ele>78.97</ele>
        <time>2025-01-10T21:18:35Z</time>
      </trkpt>
      <trkpt lat="37.76338" lon="-122.47385">
        <ele>78.71</ele>
        <time>2025-01-10T21:18:37Z</time>
      </trkpt>
      <trkpt lat="37.7634" lon="-122.47386">
        <ele>78.5</ele>
        <time>2025-01-10T21:18:39Z</time>
      </trkpt>
      <trkpt lat="37.76343" lon="-122.47386">
        <ele>78.3</ele>
        <time>2025-01-10T21:18:41Z</time>
      </trkpt>
      <trkpt lat="37.76346" lon="-122.47386">
        <ele>78.2</ele>
        <time>2025-01-10T21:18:43Z</time>
      </trkpt>
      <trkpt lat="37.76349" lon="-122.47386">
        <ele>78.1</ele>
        <time>2025-01-10T21:18:45Z</time>
      </trkpt>
      <trkpt lat="37.76351" lon="-122.47386">
        <ele>78.03</ele>
        <time>2025-01-10T21:18:47Z</time>
      </trkpt>
      <trkpt lat="37.76354" lon="-122.47386">
        <ele>77.84</ele>
        <time>2025-01-10T21:18:49Z</time>
      </trkpt>
      <trkpt lat="37.76358" lon="-122.47385">
        <ele>77.61</ele>
        <time>2025-01-10T21:18:52Z</time>
      </trkpt>
      <trkpt lat="37.76361" lon="-122.47385">
        <ele>77.43</ele>
        <time>2025-01-10T21:18:56Z</time>
      </trkpt>
      <trkpt lat="37.76363" lon="-122.47388">
        <ele>77.08</ele>
        <time>2025-01-10T21:19:00Z</time>
      </trkpt>
      <trkpt lat="37.76363" lon="-122.47392">
        <ele>77.0</ele>
        <time>2025-01-10T21:19:02Z</time>
      </trkpt>
      <trkpt lat="37.76363" lon="-122.47396">
        <ele>77.0</ele>
        <time>2025-01-10T21:19:04Z</time>
      </trkpt>
      <trkpt lat="37.76364" lon="-122.47401">
        <ele>77.0</ele>
        <time>2025-01-10T21:19:07Z</time>
      </trkpt>
      <trkpt lat="37.76364" lon="-122.47405">
        <ele>77.0</ele>
        <time>2025-01-10T21:19:10Z</time>
      </trkpt>
      <trkpt lat="37.76364" lon="-122.47409">
        <ele>77.0</ele>
        <time>2025-01-10T21:19:13Z</time>
      </trkpt>
      <trkpt lat="37.76363" lon="-122.47413">
        <ele>77.0</ele>
        <time>2025-01-10T21:19:16Z</time>
      </trkpt>
      <trkpt lat="37.76364" lon="-122.47418">
        <ele>77.0</ele>
        <time>2025-01-10T21:19:19Z</time>
      </trkpt>
      <trkpt lat="37.76364" lon="-122.47422">
        <ele>77.0</ele>
        <time>2025-01-10T21:19:21Z</time>
      </trkpt>
      <trkpt lat="37.76364" lon="-122.47426">
        <ele>76.99</ele>
        <time>2025-01-10T21:19:23Z</time>
      </trkpt>
      <trkpt lat="37.76365" lon="-122.4743">
        <ele>76.56</ele>
        <time>2025-01-10T21:19:25Z</time>
      </trkpt>
      <trkpt lat="37.76366" lon="-122.47433">
        <ele>76.24</ele>
        <time>2025-01-10T21:19:27Z</time>
      </trkpt>
      <trkpt lat="37.76367" lon="-122.47437">
        <ele>76.0</ele>
        <time>2025-01-10T21:19:29Z</time>
      </trkpt>
      <trkpt lat="37.76367" lon="-122.47441">
        <ele>76.0</ele>
        <time>2025-01-10T21:19:31Z</time>
      </trkpt>
      <trkpt lat="37.76366" lon="-122.47446">
        <ele>76.0</ele>
        <time>2025-01-10T21:19:34Z</time>
      </trkpt>
      <trkpt lat="37.76366" lon="-122.47451">
        <ele>76.0</ele>
        <time>2025-01-10T21:19:37Z</time>
      </trkpt>
      <trkpt lat="37.76365" lon="-122.47456">
        <ele>75.75</ele>
        <time>2025-01-10T21:19:40Z</time>
      </trkpt>
      <trkpt lat="37.76365" lon="-122.47459">
        <ele>75.43</ele>
        <time>2025-01-10T21:19:42Z</time>
      </trkpt>
      <trkpt lat="37.76365" lon="-122.47463">
        <ele>75.0</ele>
        <time>2025-01-10T21:19:44Z</time>
      </trkpt>
      <trkpt lat="37.76365" lon="-122.47466">
        <ele>75.0</ele>
        <time>2025-01-10T21:19:46Z</time>
      </trkpt>
      <trkpt lat="37.76365" lon="-122.4747">
        <ele>75.0</ele>
        <time>2025-01-10T21:19:48Z</time>
      </trkpt>
      <trkpt lat="37.76365" lon="-122.47474">
        <ele>74.81</ele>
        <time>2025-01-10T21:19:50Z</time>
      </trkpt>
      <trkpt lat="37.76364" lon="-122.47478">
        <ele>74.38</ele>
        <time>2025-01-10T21:19:53Z</time>
      </trkpt>
      <trkpt lat="37.76364" lon="-122.47482">
        <ele>74.0</ele>
        <time>2025-01-10T21:19:56Z</time>
      </trkpt>
      <trkpt lat="37.76364" lon="-122.47486">
        <ele>74.0</ele>
        <time>2025-01-10T21:19:59Z</time>
      </trkpt>
      <trkpt lat="37.76363" lon="-122.47491">
        <ele>74.0</ele>
        <time>2025-01-10T21:20:02Z</time>
      </trkpt>
      <trkpt lat="37.76362" lon="-122.47495">
        <ele>74.0</ele>
        <time>2025-01-10T21:20:04Z</time>
      </trkpt>
      <trkpt lat="37.76361" lon="-122.47499">
        <ele>74.0</ele>
        <time>2025-01-10T21:20:06Z</time>
      </trkpt>
      <trkpt lat="37.76361" lon="-122.47502">
        <ele>74.0</ele>
        <time>2025-01-10T21:20:08Z</time>
      </trkpt>
      <trkpt lat="37.7636" lon="-122.47507">
        <ele>74.0</ele>
        <time>2025-01-10T21:20:11Z</time>
      </trkpt>
      <trkpt lat="37.7636" lon="-122.47511">
        <ele>74.0</ele>
        <time>2025-01-10T21:20:13Z</time>
      </trkpt>
      <trkpt lat="37.7636" lon="-122.47516">
        <ele>74.0</ele>
        <time>2025-01-10T21:20:16Z</time>
      </trkpt>
      <trkpt lat="37.76359" lon="-122.47521">
        <ele>73.79</ele>
        <time>2025-01-10T21:20:19Z</time>
      </trkpt>
      <trkpt lat="37.76359" lon="-122.47525">
        <ele>73.46</ele>
        <time>2025-01-10T21:20:22Z</time>
      </trkpt>
      <trkpt lat="37.7636" lon="-122.47531">
        <ele>73.08</ele>
        <time>2025-01-10T21:20:25Z</time>
      </trkpt>
      <trkpt lat="37.76361" lon="-122.47534">
        <ele>73.0</ele>
        <time>2025-01-10T21:20:27Z</time>
      </trkpt>
      <trkpt lat="37.76361" lon="-122.47538">
        <ele>72.9</ele>
        <time>2025-01-10T21:20:29Z</time>
      </trkpt>
      <trkpt lat="37.76361" lon="-122.47541">
        <ele>72.58</ele>
        <time>2025-01-10T21:20:31Z</time>
      </trkpt>
      <trkpt lat="37.76361" lon="-122.47545">
        <ele>72.15</ele>
        <time>2025-01-10T21:20:33Z</time>
      </trkpt>
      <trkpt lat="37.76361" lon="-122.47549">
        <ele>72.01</ele>
        <time>2025-01-10T21:20:35Z</time>
      </trkpt>
      <trkpt lat="37.7636" lon="-122.47552">
        <ele>72.05</ele>
        <time>2025-01-10T21:20:37Z</time>
      </trkpt>
      <trkpt lat="37.76359" lon="-122.47556">
        <ele>72.0</ele>
        <time>2025-01-10T21:20:39Z</time>
      </trkpt>
      <trkpt lat="37.76358" lon="-122.4756">
        <ele>72.0</ele>
        <time>2025-01-10T21:20:42Z</time>
      </trkpt>
      <trkpt lat="37.76357" lon="-122.47564">
        <ele>72.0</ele>
        <time>2025-01-10T21:20:45Z</time>
      </trkpt>
      <trkpt lat="37.76358" lon="-122.47568">
        <ele>71.66</ele>
        <time>2025-01-10T21:20:47Z</time>
      </trkpt>
      <trkpt lat="37.76359" lon="-122.47572">
        <ele>71.22</ele>
        <time>2025-01-10T21:20:49Z</time>
      </trkpt>
      <trkpt lat="37.7636" lon="-122.47575">
        <ele>71.0</ele>
        <time>2025-01-10T21:20:51Z</time>
      </trkpt>
      <trkpt lat="37.76361" lon="-122.47578">
        <ele>71.0</ele>
        <time>2025-01-10T21:20:54Z</time>
      </trkpt>
      <trkpt lat="37.76362" lon="-122.47583">
        <ele>71.0</ele>
        <time>2025-01-10T21:20:58Z</time>
      </trkpt>
      <trkpt lat="37.76363" lon="-122.47586">
        <ele>70.71</ele>
        <time>2025-01-10T21:21:02Z</time>
      </trkpt>
      <trkpt lat="37.76364" lon="-122.4759">
        <ele>70.28</ele>
        <time>2025-01-10T21:21:05Z</time>
      </trkpt>
      <trkpt lat="37.76364" lon="-122.47594">
        <ele>70.0</ele>
        <time>2025-01-10T21:21:08Z</time>
      </trkpt>
      <trkpt lat="37.76363" lon="-122.47598">
        <ele>70.0</ele>
        <time>2025-01-10T21:21:10Z</time>
      </trkpt>
      <trkpt lat="37.76362" lon="-122.47601">
        <ele>70.0</ele>
        <time>2025-01-10T21:21:12Z</time>
      </trkpt>
      <trkpt lat="37.76361" lon="-122.47605">
        <ele>70.0</ele>
        <time>2025-01-10T21:21:14Z</time>
      </trkpt>
      <trkpt lat="37.7636" lon="-122.47608">
        <ele>70.0</ele>
        <time>2025-01-10T21:21:16Z</time>
      </trkpt>
      <trkpt lat="37.76359" lon="-122.47613">
        <ele>70.0</ele>
        <time>2025-01-10T21:21:19Z</time>
      </trkpt>
      <trkpt lat="37.76359" lon="-122.47616">
        <ele>70.0</ele>
        <time>2025-01-10T21:21:21Z</time>
      </trkpt>
      <trkpt lat="37.76359" lon="-122.47621">
        <ele>69.98</ele>
        <time>2025-01-10T21:21:24Z</time>
      </trkpt>
      <trkpt lat="37.76358" lon="-122.47626">
        <ele>69.8</ele>
        <time>2025-01-10T21:21:27Z</time>
      </trkpt>
      <trkpt lat="37.76357" lon="-122.4763">
        <ele>69.57</ele>
        <time>2025-01-10T21:21:30Z</time>
      </trkpt>
      <trkpt lat="37.76357" lon="-122.47635">
        <ele>69.81</ele>
        <time>2025-01-10T21:21:33Z</time>
      </trkpt>
      <trkpt lat="37.76357" lon="-122.4764">
        <ele>69.93</ele>
        <time>2025-01-10T21:21:36Z</time>
      </trkpt>
      <trkpt lat="37.76356" lon="-122.47645">
        <ele>69.7</ele>
        <time>2025-01-10T21:21:39Z</time>
      </trkpt>
      <trkpt lat="37.76355" lon="-122.47649">
        <ele>69.6</ele>
        <time>2025-01-10T21:21:42Z</time>
      </trkpt>
      <trkpt lat="37.76354" lon="-122.47653">
        <ele>69.37</ele>
        <time>2025-01-10T21:21:45Z</time>
      </trkpt>
      <trkpt lat="37.76355" lon="-122.47658">
        <ele>69.0</ele>
        <time>2025-01-10T21:21:48Z</time>
      </trkpt>
      <trkpt lat="37.76356" lon="-122.47661">
        <ele>69.0</ele>
        <time>2025-01-10T21:21:50Z</time>
      </trkpt>
      <trkpt lat="37.76357" lon="-122.47666">
        <ele>69.0</ele>
        <time>2025-01-10T21:21:53Z</time>
      </trkpt>
      <trkpt lat="37.76357" lon="-122.47671">
        <ele>69.0</ele>
        <time>2025-01-10T21:21:56Z</time>
      </trkpt>
      <trkpt lat="37.76356" lon="-122.47674">
        <ele>69.0</ele>
        <time>2025-01-10T21:21:58Z</time>
      </trkpt>
      <trkpt lat="37.76355" lon="-122.47678">
        <ele>68.78</ele>
        <time>2025-01-10T21:22:00Z</time>
      </trkpt>
      <trkpt lat="37.76354" lon="-122.47682">
        <ele>68.34</ele>
        <time>2025-01-10T21:22:03Z</time>
      </trkpt>
      <trkpt lat="37.76353" lon="-122.47687">
        <ele>68.0</ele>
        <time>2025-01-10T21:22:06Z</time>
      </trkpt>
      <trkpt lat="37.76353" lon="-122.47692">
        <ele>68.0</ele>
        <time>2025-01-10T21:22:09Z</time>
      </trkpt>
      <trkpt lat="37.76352" lon="-122.47697">
        <ele>68.0</ele>
        <time>2025-01-10T21:22:12Z</time>
      </trkpt>
      <trkpt lat="37.76352" lon="-122.47701">
        <ele>68.0</ele>
        <time>2025-01-10T21:22:15Z</time>
      </trkpt>
      <trkpt lat="37.76352" lon="-122.47705">
        <ele>68.0</ele>
        <time>2025-01-10T21:22:17Z</time>
      </trkpt>
      <trkpt lat="37.76351" lon="-122.4771">
        <ele>68.03</ele>
        <time>2025-01-10T21:22:20Z</time>
      </trkpt>
      <trkpt lat="37.76349" lon="-122.47706">
        <ele>68.23</ele>
        <time>2025-01-10T21:22:37Z</time>
      </trkpt>
      <trkpt lat="37.76354" lon="-122.47706">
        <ele>68.0</ele>
        <time>2025-01-10T21:23:16Z</time>
      </trkpt>
      <trkpt lat="37.76353" lon="-122.47713">
        <ele>68.0</ele>
        <time>2025-01-10T21:23:23Z</time>
      </trkpt>
      <trkpt lat="37.76352" lon="-122.4772">
        <ele>68.0</ele>
        <time>2025-01-10T21:23:27Z</time>
      </trkpt>
      <trkpt lat="37.76351" lon="-122.47725">
        <ele>68.0</ele>
        <time>2025-01-10T21:23:30Z</time>
      </trkpt>
      <trkpt lat="37.76351" lon="-122.47731">
        <ele>68.0</ele>
        <time>2025-01-10T21:23:33Z</time>
      </trkpt>
      <trkpt lat="37.76351" lon="-122.47737">
        <ele>68.0</ele>
        <time>2025-01-10T21:23:36Z</time>
      </trkpt>
      <trkpt lat="37.7635" lon="-122.47741">
        <ele>68.0</ele>
        <time>2025-01-10T21:23:39Z</time>
      </trkpt>
      <trkpt lat="37.76351" lon="-122.47746">
        <ele>68.0</ele>
        <time>2025-01-10T21:23:42Z</time>
      </trkpt>
      <trkpt lat="37.76353" lon="-122.4775">
        <ele>68.0</ele>
        <time>2025-01-10T21:23:45Z</time>
      </trkpt>
      <trkpt lat="37.76354" lon="-122.47754">
        <ele>68.0</ele>
        <time>2025-01-10T21:23:47Z</time>
      </trkpt>
      <trkpt lat="37.76356" lon="-122.47758">
        <ele>68.0</ele>
        <time>2025-01-10T21:23:50Z</time>
      </trkpt>
      <trkpt lat="37.76359" lon="-122.47761">
        <ele>68.0</ele>
        <time>2025-01-10T21:23:53Z</time>
      </trkpt>
      <trkpt lat="37.76361" lon="-122.47763">
        <ele>68.0</ele>
        <time>2025-01-10T21:23:56Z</time>
      </trkpt>
      <trkpt lat="37.76363" lon="-122.47767">
        <ele>68.0</ele>
        <time>2025-01-10T21:23:59Z</time>
      </trkpt>
      <trkpt lat="37.76364" lon="-122.47771">
        <ele>68.0</ele>
        <time>2025-01-10T21:24:02Z</time>
      </trkpt>
      <trkpt lat="37.76367" lon="-122.47774">
        <ele>68.0</ele>
        <time>2025-01-10T21:24:05Z</time>
      </trkpt>
      <trkpt lat="37.7637" lon="-122.47776">
        <ele>68.0</ele>
        <time>2025-01-10T21:24:08Z</time>
      </trkpt>
      <trkpt lat="37.76367" lon="-122.47777">
        <ele>68.0</ele>
        <time>2025-01-10T21:24:18Z</time>
      </trkpt>
      <trkpt lat="37.76361" lon="-122.47775">
        <ele>68.0</ele>
        <time>2025-01-10T21:24:25Z</time>
      </trkpt>
      <trkpt lat="37.76357" lon="-122.47771">
        <ele>68.0</ele>
        <time>2025-01-10T21:24:29Z</time>
      </trkpt>
      <trkpt lat="37.76342" lon="-122.47768">
        <ele>68.0</ele>
        <time>2025-01-10T21:24:34Z</time>
      </trkpt>
      <trkpt lat="37.76336" lon="-122.47767">
        <ele>68.0</ele>
        <time>2025-01-10T21:24:37Z</time>
      </trkpt>
      <trkpt lat="37.76331" lon="-122.47769">
        <ele>68.0</ele>
        <time>2025-01-10T21:24:43Z</time>
      </trkpt>
      <trkpt lat="37.76337" lon="-122.47769">
        <ele>68.0</ele>
        <time>2025-01-10T21:24:51Z</time>
      </trkpt>
      <trkpt lat="37.76343" lon="-122.47768">
        <ele>68.0</ele>
        <time>2025-01-10T21:24:53Z</time>
      </trkpt>
      <trkpt lat="37.76352" lon="-122.47774">
        <ele>68.0</ele>
        <time>2025-01-10T21:25:46Z</time>
      </trkpt>
      <trkpt lat="37.76349" lon="-122.47783">
        <ele>68.0</ele>
        <time>2025-01-10T21:26:09Z</time>
      </trkpt>
      <trkpt lat="37.7635" lon="-122.47792">
        <ele>68.0</ele>
        <time>2025-01-10T21:26:15Z</time>
      </trkpt>
      <trkpt lat="37.76351" lon="-122.47799">
        <ele>68.0</ele>
        <time>2025-01-10T21:26:20Z</time>
      </trkpt>
      <trkpt lat="37.76351" lon="-122.47806">
        <ele>68.0</ele>
        <time>2025-01-10T21:26:25Z</time>
      </trkpt>
      <trkpt lat="37.76352" lon="-122.47812">
        <ele>68.0</ele>
        <time>2025-01-10T21:26:29Z</time>
      </trkpt>
      <trkpt lat="37.7635" lon="-122.47816">
        <ele>68.0</ele>
        <time>2025-01-10T21:26:35Z</time>
      </trkpt>
      <trkpt lat="37.76349" lon="-122.47821">
        <ele>68.0</ele>
        <time>2025-01-10T21:26:38Z</time>
      </trkpt>
      <trkpt lat="37.76348" lon="-122.47825">
        <ele>68.0</ele>
        <time>2025-01-10T21:26:41Z</time>
      </trkpt>
      <trkpt lat="37.76348" lon="-122.47829">
        <ele>68.0</ele>
        <time>2025-01-10T21:26:44Z</time>
      </trkpt>
      <trkpt lat="37.76348" lon="-122.47833">
        <ele>68.0</ele>
        <time>2025-01-10T21:26:47Z</time>
      </trkpt>
      <trkpt lat="37.76348" lon="-122.47837">
        <ele>68.0</ele>
        <time>2025-01-10T21:26:50Z</time>
      </trkpt>
      <trkpt lat="37.76348" lon="-122.47841">
        <ele>68.0</ele>
        <time>2025-01-10T21:26:53Z</time>
      </trkpt>
      <trkpt lat="37.76347" lon="-122.47845">
        <ele>68.0</ele>
        <time>2025-01-10T21:26:58Z</time>
      </trkpt>
      <trkpt lat="37.7635" lon="-122.47847">
        <ele>68.0</ele>
        <time>2025-01-10T21:27:17Z</time>
      </trkpt>
      <trkpt lat="37.76346" lon="-122.47847">
        <ele>68.0</ele>
        <time>2025-01-10T21:27:43Z</time>
      </trkpt>
      <trkpt lat="37.7635" lon="-122.47845">
        <ele>68.0</ele>
        <time>2025-01-10T21:27:55Z</time>
      </trkpt>
      <trkpt lat="37.76344" lon="-122.47849">
        <ele>68.0</ele>
        <time>2025-01-10T21:30:56Z</time>
      </trkpt>
      <trkpt lat="37.76352" lon="-122.47849">
        <ele>68.0</ele>
        <time>2025-01-10T21:31:16Z</time>
      </trkpt>
      <trkpt lat="37.76346" lon="-122.47849">
        <ele>68.0</ele>
        <time>2025-01-10T21:32:57Z</time>
      </trkpt>
      <trkpt lat="37.76341" lon="-122.47844">
        <ele>68.0</ele>
        <time>2025-01-10T21:34:01Z</time>
      </trkpt>
      <trkpt lat="37.76345" lon="-122.47837">
        <ele>68.0</ele>
        <time>2025-01-10T21:34:32Z</time>
      </trkpt>
      <trkpt lat="37.76344" lon="-122.4783">
        <ele>68.0</ele>
        <time>2025-01-10T21:34:42Z</time>
      </trkpt>
      <trkpt lat="37.76344" lon="-122.47826">
        <ele>68.0</ele>
        <time>2025-01-10T21:34:45Z</time>
      </trkpt>
      <trkpt lat="37.76345" lon="-122.4782">
        <ele>68.0</ele>
        <time>2025-01-10T21:34:49Z</time>
      </trkpt>
      <trkpt lat="37.76346" lon="-122.47815">
        <ele>68.0</ele>
        <time>2025-01-10T21:34:53Z</time>
      </trkpt>
      <trkpt lat="37.76347" lon="-122.47811">
        <ele>68.0</ele>
        <time>2025-01-10T21:34:56Z</time>
      </trkpt>
      <trkpt lat="37.7635" lon="-122.4781">
        <ele>68.0</ele>
        <time>2025-01-10T21:35:04Z</time>
      </trkpt>
      <trkpt lat="37.76354" lon="-122.47809">
        <ele>68.0</ele>
        <time>2025-01-10T21:35:08Z</time>
      </trkpt>
      <trkpt lat="37.76357" lon="-122.4781">
        <ele>68.0</ele>
        <time>2025-01-10T21:35:11Z</time>
      </trkpt>
      <trkpt lat="37.7636" lon="-122.4781">
        <ele>68.0</ele>
        <time>2025-01-10T21:35:14Z</time>
      </trkpt>
      <trkpt lat="37.76364" lon="-122.4781">
        <ele>68.0</ele>
        <time>2025-01-10T21:35:17Z</time>
      </trkpt>
      <trkpt lat="37.76366" lon="-122.47813">
        <ele>68.0</ele>
        <time>2025-01-10T21:35:20Z</time>
      </trkpt>
      <trkpt lat="37.76369" lon="-122.47813">
        <ele>68.0</ele>
        <time>2025-01-10T21:35:22Z</time>
      </trkpt>
      <trkpt lat="37.76373" lon="-122.47813">
        <ele>68.0</ele>
        <time>2025-01-10T21:35:24Z</time>
      </trkpt>
      <trkpt lat="37.76377" lon="-122.47813">
        <ele>68.0</ele>
        <time>2025-01-10T21:35:27Z</time>
      </trkpt>
      <trkpt lat="37.76379" lon="-122.47814">
        <ele>68.0</ele>
        <time>2025-01-10T21:35:29Z</time>
      </trkpt>
      <trkpt lat="37.76382" lon="-122.47816">
        <ele>67.74</ele>
        <time>2025-01-10T21:35:31Z</time>
      </trkpt>
      <trkpt lat="37.76385" lon="-122.47818">
        <ele>67.42</ele>
        <time>2025-01-10T21:35:34Z</time>
      </trkpt>
      <trkpt lat="37.76389" lon="-122.47818">
        <ele>67.0</ele>
        <time>2025-01-10T21:35:36Z</time>
      </trkpt>
      <trkpt lat="37.76392" lon="-122.47819">
        <ele>67.0</ele>
        <time>2025-01-10T21:35:38Z</time>
      </trkpt>
      <trkpt lat="37.76395" lon="-122.47819">
        <ele>67.0</ele>
        <time>2025-01-10T21:35:40Z</time>
      </trkpt>
      <trkpt lat="37.76399" lon="-122.47818">
        <ele>67.0</ele>
        <time>2025-01-10T21:35:43Z</time>
      </trkpt>
      <trkpt lat="37.76402" lon="-122.47818">
        <ele>67.0</ele>
        <time>2025-01-10T21:35:45Z</time>
      </trkpt>
      <trkpt lat="37.76405" lon="-122.47818">
        <ele>67.0</ele>
        <time>2025-01-10T21:35:47Z</time>
      </trkpt>
      <trkpt lat="37.76408" lon="-122.47817">
        <ele>67.0</ele>
        <time>2025-01-10T21:35:49Z</time>
      </trkpt>
      <trkpt lat="37.76412" lon="-122.47817">
        <ele>67.0</ele>
        <time>2025-01-10T21:35:51Z</time>
      </trkpt>
      <trkpt lat="37.76416" lon="-122.47815">
        <ele>67.0</ele>
        <time>2025-01-10T21:35:53Z</time>
      </trkpt>
      <trkpt lat="37.7642" lon="-122.47814">
        <ele>67.0</ele>
        <time>2025-01-10T21:35:55Z</time>
      </trkpt>
      <trkpt lat="37.76423" lon="-122.47813">
        <ele>67.0</ele>
        <time>2025-01-10T21:35:57Z</time>
      </trkpt>
      <trkpt lat="37.76427" lon="-122.47813">
        <ele>66.91</ele>
        <time>2025-01-10T21:36:00Z</time>
      </trkpt>
      <trkpt lat="37.7643" lon="-122.47814">
        <ele>66.6</ele>
        <time>2025-01-10T21:36:02Z</time>
      </trkpt>
      <trkpt lat="37.76433" lon="-122.47815">
        <ele>66.25</ele>
        <time>2025-01-10T21:36:05Z</time>
      </trkpt>
      <trkpt lat="37.76438" lon="-122.47815">
        <ele>66.01</ele>
        <time>2025-01-10T21:36:08Z</time>
      </trkpt>
      <trkpt lat="37.76441" lon="-122.47815">
        <ele>66.01</ele>
        <time>2025-01-10T21:36:10Z</time>
      </trkpt>
      <trkpt lat="37.76444" lon="-122.47814">
        <ele>66.0</ele>
        <time>2025-01-10T21:36:12Z</time>
      </trkpt>
      <trkpt lat="37.76447" lon="-122.47814">
        <ele>66.0</ele>
        <time>2025-01-10T21:36:14Z</time>
      </trkpt>
      <trkpt lat="37.7645" lon="-122.47815">
        <ele>66.0</ele>
        <time>2025-01-10T21:36:16Z</time>
      </trkpt>
      <trkpt lat="37.76452" lon="-122.4782">
        <ele>66.0</ele>
        <time>2025-01-10T21:36:18Z</time>
      </trkpt>
      <trkpt lat="37.76454" lon="-122.47826">
        <ele>66.0</ele>
        <time>2025-01-10T21:36:20Z</time>
      </trkpt>
      <trkpt lat="37.76457" lon="-122.47829">
        <ele>66.0</ele>
        <time>2025-01-10T21:36:22Z</time>
      </trkpt>
      <trkpt lat="37.7646" lon="-122.4783">
        <ele>66.0</ele>
        <time>2025-01-10T21:36:24Z</time>
      </trkpt>
      <trkpt lat="37.76464" lon="-122.47828">
        <ele>66.0</ele>
        <time>2025-01-10T21:36:26Z</time>
      </trkpt>
      <trkpt lat="37.76466" lon="-122.47826">
        <ele>66.0</ele>
        <time>2025-01-10T21:36:27Z</time>
      </trkpt>
      <trkpt lat="37.7647" lon="-122.47823">
        <ele>66.0</ele>
        <time>2025-01-10T21:36:29Z</time>
      </trkpt>
      <trkpt lat="37.76473" lon="-122.47823">
        <ele>66.0</ele>
        <time>2025-01-10T21:36:31Z</time>
      </trkpt>
      <trkpt lat="37.76476" lon="-122.47824">
        <ele>66.0</ele>
        <time>2025-01-10T21:36:34Z</time>
      </trkpt>
      <trkpt lat="37.76479" lon="-122.47825">
        <ele>66.0</ele>
        <time>2025-01-10T21:36:37Z</time>
      </trkpt>
      <trkpt lat="37.76482" lon="-122.47826">
        <ele>66.0</ele>
        <time>2025-01-10T21:36:39Z</time>
      </trkpt>
      <trkpt lat="37.76485" lon="-122.47826">
        <ele>66.0</ele>
        <time>2025-01-10T21:36:41Z</time>
      </trkpt>
      <trkpt lat="37.76487" lon="-122.47828">
        <ele>66.0</ele>
        <time>2025-01-10T21:36:43Z</time>
      </trkpt>
      <trkpt lat="37.7649" lon="-122.4783">
        <ele>66.0</ele>
        <time>2025-01-10T21:36:45Z</time>
      </trkpt>
      <trkpt lat="37.76493" lon="-122.4783">
        <ele>65.76</ele>
        <time>2025-01-10T21:36:49Z</time>
      </trkpt>
      <trkpt lat="37.76494" lon="-122.47827">
        <ele>65.65</ele>
        <time>2025-01-10T21:36:57Z</time>
      </trkpt>
      <trkpt lat="37.76496" lon="-122.4783">
        <ele>65.43</ele>
        <time>2025-01-10T21:37:15Z</time>
      </trkpt>
      <trkpt lat="37.765" lon="-122.4783">
        <ele>65.0</ele>
        <time>2025-01-10T21:37:18Z</time>
      </trkpt>
      <trkpt lat="37.76503" lon="-122.47829">
        <ele>65.0</ele>
        <time>2025-01-10T21:37:20Z</time>
      </trkpt>
      <trkpt lat="37.76506" lon="-122.47826">
        <ele>65.0</ele>
        <time>2025-01-10T21:37:22Z</time>
      </trkpt>
      <trkpt lat="37.76509" lon="-122.47824">
        <ele>65.0</ele>
        <time>2025-01-10T21:37:25Z</time>
      </trkpt>
      <trkpt lat="37.76512" lon="-122.47823">
        <ele>65.03</ele>
        <time>2025-01-10T21:37:27Z</time>
      </trkpt>
      <trkpt lat="37.76515" lon="-122.47823">
        <ele>65.07</ele>
        <time>2025-01-10T21:37:29Z</time>
      </trkpt>
      <trkpt lat="37.76518" lon="-122.47822">
        <ele>65.21</ele>
        <time>2025-01-10T21:37:32Z</time>
      </trkpt>
      <trkpt lat="37.76521" lon="-122.47822">
        <ele>65.22</ele>
        <time>2025-01-10T21:37:34Z</time>
      </trkpt>
      <trkpt lat="37.76524" lon="-122.47822">
        <ele>65.22</ele>
        <time>2025-01-10T21:37:36Z</time>
      </trkpt>
      <trkpt lat="37.76528" lon="-122.47822">
        <ele>65.22</ele>
        <time>2025-01-10T21:37:39Z</time>
      </trkpt>
      <trkpt lat="37.76531" lon="-122.47822">
        <ele>65.15</ele>
        <time>2025-01-10T21:37:41Z</time>
      </trkpt>
      <trkpt lat="37.76534" lon="-122.47823">
        <ele>65.04</ele>
        <time>2025-01-10T21:37:43Z</time>
      </trkpt>
      <trkpt lat="37.76537" lon="-122.47824">
        <ele>65.0</ele>
        <time>2025-01-10T21:37:46Z</time>
      </trkpt>
      <trkpt lat="37.76539" lon="-122.47827">
        <ele>65.0</ele>
        <time>2025-01-10T21:37:51Z</time>
      </trkpt>
      <trkpt lat="37.76535" lon="-122.47826">
        <ele>65.0</ele>
        <time>2025-01-10T21:38:12Z</time>
      </trkpt>
      <trkpt lat="37.7654" lon="-122.47822">
        <ele>65.0</ele>
        <time>2025-01-10T21:38:46Z</time>
      </trkpt>
      <trkpt lat="37.76545" lon="-122.47823">
        <ele>65.0</ele>
        <time>2025-01-10T21:38:50Z</time>
      </trkpt>
      <trkpt lat="37.76549" lon="-122.47825">
        <ele>65.0</ele>
        <time>2025-01-10T21:38:54Z</time>
      </trkpt>
      <trkpt lat="37.76553" lon="-122.47827">
        <ele>65.0</ele>
        <time>2025-01-10T21:38:58Z</time>
      </trkpt>
      <trkpt lat="37.76557" lon="-122.4783">
        <ele>65.06</ele>
        <time>2025-01-10T21:39:01Z</time>
      </trkpt>
      <trkpt lat="37.7656" lon="-122.47831">
        <ele>65.12</ele>
        <time>2025-01-10T21:39:04Z</time>
      </trkpt>
      <trkpt lat="37.76565" lon="-122.47831">
        <ele>65.27</ele>
        <time>2025-01-10T21:39:07Z</time>
      </trkpt>
      <trkpt lat="37.76568" lon="-122.4783">
        <ele>65.7</ele>
        <time>2025-01-10T21:39:10Z</time>
      </trkpt>
      <trkpt lat="37.76573" lon="-122.47829">
        <ele>66.35</ele>
        <time>2025-01-10T21:39:13Z</time>
      </trkpt>
      <trkpt lat="37.76577" lon="-122.47828">
        <ele>66.71</ele>
        <time>2025-01-10T21:39:16Z</time>
      </trkpt>
      <trkpt lat="37.76579" lon="-122.47826">
        <ele>66.9</ele>
        <time>2025-01-10T21:39:18Z</time>
      </trkpt>
      <trkpt lat="37.76581" lon="-122.47822">
        <ele>67.17</ele>
        <time>2025-01-10T21:39:21Z</time>
      </trkpt>
      <trkpt lat="37.76584" lon="-122.47819">
        <ele>67.58</ele>
        <time>2025-01-10T21:39:24Z</time>
      </trkpt>
      <trkpt lat="37.76586" lon="-122.47815">
        <ele>67.99</ele>
        <time>2025-01-10T21:39:27Z</time>
      </trkpt>
      <trkpt lat="37.76588" lon="-122.47811">
        <ele>68.21</ele>
        <time>2025-01-10T21:39:30Z</time>
      </trkpt>
      <trkpt lat="37.76591" lon="-122.47808">
        <ele>68.61</ele>
        <time>2025-01-10T21:39:33Z</time>
      </trkpt>
      <trkpt lat="37.76595" lon="-122.47809">
        <ele>68.63</ele>
        <time>2025-01-10T21:39:36Z</time>
      </trkpt>
      <trkpt lat="37.76598" lon="-122.4781">
        <ele>68.52</ele>
        <time>2025-01-10T21:39:38Z</time>
      </trkpt>
      <trkpt lat="37.766" lon="-122.47811">
        <ele>68.41</ele>
        <time>2025-01-10T21:39:40Z</time>
      </trkpt>
      <trkpt lat="37.76604" lon="-122.47812">
        <ele>68.23</ele>
        <time>2025-01-10T21:39:42Z</time>
      </trkpt>
      <trkpt lat="37.76606" lon="-122.47813">
        <ele>68.11</ele>
        <time>2025-01-10T21:39:44Z</time>
      </trkpt>
      <trkpt lat="37.76609" lon="-122.47813">
        <ele>68.04</ele>
        <time>2025-01-10T21:39:48Z</time>
      </trkpt>
      <trkpt lat="37.76608" lon="-122.47808">
        <ele>68.25</ele>
        <time>2025-01-10T21:39:51Z</time>
      </trkpt>
      <trkpt lat="37.76608" lon="-122.47804">
        <ele>68.45</ele>
        <time>2025-01-10T21:39:54Z</time>
      </trkpt>
      <trkpt lat="37.7661" lon="-122.47801">
        <ele>68.55</ele>
        <time>2025-01-10T21:39:57Z</time>
      </trkpt>
      <trkpt lat="37.76613" lon="-122.47798">
        <ele>69.06</ele>
        <time>2025-01-10T21:40:00Z</time>
      </trkpt>
      <trkpt lat="37.76615" lon="-122.47795">
        <ele>69.42</ele>
        <time>2025-01-10T21:40:03Z</time>
      </trkpt>
      <trkpt lat="37.76617" lon="-122.47791">
        <ele>69.64</ele>
        <time>2025-01-10T21:40:06Z</time>
      </trkpt>
      <trkpt lat="37.76617" lon="-122.47787">
        <ele>69.64</ele>
        <time>2025-01-10T21:40:08Z</time>
      </trkpt>
      <trkpt lat="37.76616" lon="-122.47783">
        <ele>69.53</ele>
        <time>2025-01-10T21:40:11Z</time>
      </trkpt>
      <trkpt lat="37.76615" lon="-122.47779">
        <ele>69.42</ele>
        <time>2025-01-10T21:40:14Z</time>
      </trkpt>
      <trkpt lat="37.76615" lon="-122.47773">
        <ele>69.2</ele>
        <time>2025-01-10T21:40:17Z</time>
      </trkpt>
      <trkpt lat="37.76616" lon="-122.47769">
        <ele>69.03</ele>
        <time>2025-01-10T21:40:20Z</time>
      </trkpt>
      <trkpt lat="37.76617" lon="-122.47764">
        <ele>69.0</ele>
        <time>2025-01-10T21:40:23Z</time>
      </trkpt>
      <trkpt lat="37.76618" lon="-122.4776">
        <ele>69.0</ele>
        <time>2025-01-10T21:40:26Z</time>
      </trkpt>
      <trkpt lat="37.76618" lon="-122.47755">
        <ele>69.34</ele>
        <time>2025-01-10T21:40:29Z</time>
      </trkpt>
      <trkpt lat="37.76616" lon="-122.47752">
        <ele>69.41</ele>
        <time>2025-01-10T21:40:32Z</time>
      </trkpt>
      <trkpt lat="37.76613" lon="-122.47749">
        <ele>69.2</ele>
        <time>2025-01-10T21:40:35Z</time>
      </trkpt>
      <trkpt lat="37.76616" lon="-122.47743">
        <ele>69.53</ele>
        <time>2025-01-10T21:41:22Z</time>
      </trkpt>
      <trkpt lat="37.76616" lon="-122.47737">
        <ele>69.72</ele>
        <time>2025-01-10T21:41:25Z</time>
      </trkpt>
      <trkpt lat="37.76617" lon="-122.47732">
        <ele>69.98</ele>
        <time>2025-01-10T21:41:28Z</time>
      </trkpt>
      <trkpt lat="37.76618" lon="-122.47725">
        <ele>70.0</ele>
        <time>2025-01-10T21:41:32Z</time>
      </trkpt>
      <trkpt lat="37.7662" lon="-122.4772">
        <ele>70.0</ele>
        <time>2025-01-10T21:41:35Z</time>
      </trkpt>
      <trkpt lat="37.7662" lon="-122.47714">
        <ele>70.0</ele>
        <time>2025-01-10T21:41:38Z</time>
      </trkpt>
      <trkpt lat="37.7662" lon="-122.47709">
        <ele>70.0</ele>
        <time>2025-01-10T21:41:41Z</time>
      </trkpt>
      <trkpt lat="37.7662" lon="-122.47705">
        <ele>70.0</ele>
        <time>2025-01-10T21:41:43Z</time>
      </trkpt>
      <trkpt lat="37.7662" lon="-122.477">
        <ele>70.0</ele>
        <time>2025-01-10T21:41:46Z</time>
      </trkpt>
      <trkpt lat="37.7662" lon="-122.47695">
        <ele>70.0</ele>
        <time>2025-01-10T21:41:49Z</time>
      </trkpt>
      <trkpt lat="37.76622" lon="-122.4769">
        <ele>70.0</ele>
        <time>2025-01-10T21:41:52Z</time>
      </trkpt>
      <trkpt lat="37.76623" lon="-122.47685">
        <ele>70.0</ele>
        <time>2025-01-10T21:41:55Z</time>
      </trkpt>
      <trkpt lat="37.76623" lon="-122.47681">
        <ele>70.0</ele>
        <time>2025-01-10T21:41:57Z</time>
      </trkpt>
      <trkpt lat="37.76624" lon="-122.47678">
        <ele>70.0</ele>
        <time>2025-01-10T21:41:59Z</time>
      </trkpt>
      <trkpt lat="37.76624" lon="-122.47674">
        <ele>70.0</ele>
        <time>2025-01-10T21:42:01Z</time>
      </trkpt>
      <trkpt lat="37.76625" lon="-122.47671">
        <ele>70.0</ele>
        <time>2025-01-10T21:42:03Z</time>
      </trkpt>
      <trkpt lat="37.76627" lon="-122.47666">
        <ele>70.0</ele>
        <time>2025-01-10T21:42:06Z</time>
      </trkpt>
      <trkpt lat="37.76628" lon="-122.47663">
        <ele>70.0</ele>
        <time>2025-01-10T21:42:08Z</time>
      </trkpt>
      <trkpt lat="37.7663" lon="-122.47661">
        <ele>70.0</ele>
        <time>2025-01-10T21:42:10Z</time>
      </trkpt>
      <trkpt lat="37.76633" lon="-122.47658">
        <ele>70.0</ele>
        <time>2025-01-10T21:42:13Z</time>
      </trkpt>
      <trkpt lat="37.76626" lon="-122.47658">
        <ele>70.0</ele>
        <time>2025-01-10T21:44:07Z</time>
      </trkpt>
      <trkpt lat="37.76615" lon="-122.47653">
        <ele>70.2</ele>
        <time>2025-01-10T21:57:18Z</time>
      </trkpt>
      <trkpt lat="37.76624" lon="-122.47661">
        <ele>70.0</ele>
        <time>2025-01-10T21:59:04Z</time>
      </trkpt>
      <trkpt lat="37.76633" lon="-122.47664">
        <ele>70.0</ele>
        <time>2025-01-10T21:59:23Z</time>
      </trkpt>
      <trkpt lat="37.76635" lon="-122.47656">
        <ele>70.06</ele>
        <time>2025-01-10T21:59:45Z</time>
      </trkpt>
      <trkpt lat="37.76636" lon="-122.47667">
        <ele>70.02</ele>
        <time>2025-01-10T22:00:02Z</time>
      </trkpt>
      <trkpt lat="37.76634" lon="-122.47674">
        <ele>70.37</ele>
        <time>2025-01-10T22:00:08Z</time>
      </trkpt>
      <trkpt lat="37.76639" lon="-122.47678">
        <ele>71.0</ele>
        <time>2025-01-10T22:00:15Z</time>
      </trkpt>
      <trkpt lat="37.76645" lon="-122.4768">
        <ele>71.0</ele>
        <time>2025-01-10T22:00:21Z</time>
      </trkpt>
      <trkpt lat="37.76649" lon="-122.47681">
        <ele>71.05</ele>
        <time>2025-01-10T22:00:29Z</time>
      </trkpt>
      <trkpt lat="37.76653" lon="-122.47682">
        <ele>71.34</ele>
        <time>2025-01-10T22:00:33Z</time>
      </trkpt>
      <trkpt lat="37.76658" lon="-122.47681">
        <ele>71.61</ele>
        <time>2025-01-10T22:00:37Z</time>
      </trkpt>
      <trkpt lat="37.76662" lon="-122.47681">
        <ele>72.04</ele>
        <time>2025-01-10T22:00:40Z</time>
      </trkpt>
      <trkpt lat="37.76666" lon="-122.4768">
        <ele>72.37</ele>
        <time>2025-01-10T22:00:43Z</time>
      </trkpt>
      <trkpt lat="37.76669" lon="-122.4768">
        <ele>72.8</ele>
        <time>2025-01-10T22:00:46Z</time>
      </trkpt>
      <trkpt lat="37.76673" lon="-122.47679">
        <ele>73.24</ele>
        <time>2025-01-10T22:00:49Z</time>
      </trkpt>
      <trkpt lat="37.76676" lon="-122.47679">
        <ele>73.68</ele>
        <time>2025-01-10T22:00:53Z</time>
      </trkpt>
      <trkpt lat="37.76681" lon="-122.47678">
        <ele>74.42</ele>
        <time>2025-01-10T22:00:57Z</time>
      </trkpt>
      <trkpt lat="37.76684" lon="-122.47676">
        <ele>74.75</ele>
        <time>2025-01-10T22:01:00Z</time>
      </trkpt>
      <trkpt lat="37.76688" lon="-122.47676">
        <ele>75.62</ele>
        <time>2025-01-10T22:01:03Z</time>
      </trkpt>
      <trkpt lat="37.76692" lon="-122.47676">
        <ele>76.48</ele>
        <time>2025-01-10T22:01:06Z</time>
      </trkpt>
      <trkpt lat="37.76696" lon="-122.47674">
        <ele>77.13</ele>
        <time>2025-01-10T22:01:09Z</time>
      </trkpt>
      <trkpt lat="37.767" lon="-122.47675">
        <ele>77.54</ele>
        <time>2025-01-10T22:01:12Z</time>
      </trkpt>
      <trkpt lat="37.76704" lon="-122.47675">
        <ele>77.93</ele>
        <time>2025-01-10T22:01:15Z</time>
      </trkpt>
      <trkpt lat="37.76707" lon="-122.47676">
        <ele>78.36</ele>
        <time>2025-01-10T22:01:18Z</time>
      </trkpt>
      <trkpt lat="37.76711" lon="-122.47677">
        <ele>78.9</ele>
        <time>2025-01-10T22:01:21Z</time>
      </trkpt>
      <trkpt lat="37.76715" lon="-122.47678">
        <ele>79.44</ele>
        <time>2025-01-10T22:01:24Z</time>
      </trkpt>
      <trkpt lat="37.76719" lon="-122.47678">
        <ele>79.88</ele>
        <time>2025-01-10T22:01:28Z</time>
      </trkpt>
      <trkpt lat="37.76723" lon="-122.47679">
        <ele>80.44</ele>
        <time>2025-01-10T22:01:31Z</time>
      </trkpt>
      <trkpt lat="37.76726" lon="-122.4768">
        <ele>81.03</ele>
        <time>2025-01-10T22:01:34Z</time>
      </trkpt>
      <trkpt lat="37.7673" lon="-122.47681">
        <ele>81.85</ele>
        <time>2025-01-10T22:01:38Z</time>
      </trkpt>
      <trkpt lat="37.76733" lon="-122.47682">
        <ele>82.59</ele>
        <time>2025-01-10T22:01:41Z</time>
      </trkpt>
      <trkpt lat="37.76736" lon="-122.47684">
        <ele>83.36</ele>
        <time>2025-01-10T22:01:44Z</time>
      </trkpt>
      <trkpt lat="37.76739" lon="-122.47688">
        <ele>84.06</ele>
        <time>2025-01-10T22:01:46Z</time>
      </trkpt>
      <trkpt lat="37.76742" lon="-122.47691">
        <ele>84.63</ele>
        <time>2025-01-10T22:01:49Z</time>
      </trkpt>
      <trkpt lat="37.76746" lon="-122.47694">
        <ele>84.95</ele>
        <time>2025-01-10T22:01:53Z</time>
      </trkpt>
      <trkpt lat="37.7675" lon="-122.47696">
        <ele>85.0</ele>
        <time>2025-01-10T22:01:57Z</time>
      </trkpt>
      <trkpt lat="37.76754" lon="-122.47697">
        <ele>85.43</ele>
        <time>2025-01-10T22:02:01Z</time>
      </trkpt>
      <trkpt lat="37.76758" lon="-122.47699">
        <ele>85.86</ele>
        <time>2025-01-10T22:02:04Z</time>
      </trkpt>
      <trkpt lat="37.76761" lon="-122.47701">
        <ele>86.0</ele>
        <time>2025-01-10T22:02:08Z</time>
      </trkpt>
      <trkpt lat="37.76763" lon="-122.47704">
        <ele>86.03</ele>
        <time>2025-01-10T22:02:11Z</time>
      </trkpt>
      <trkpt lat="37.76766" lon="-122.47705">
        <ele>86.14</ele>
        <time>2025-01-10T22:02:14Z</time>
      </trkpt>
      <trkpt lat="37.7677" lon="-122.47706">
        <ele>86.25</ele>
        <time>2025-01-10T22:02:17Z</time>
      </trkpt>
      <trkpt lat="37.76773" lon="-122.47706">
        <ele>86.25</ele>
        <time>2025-01-10T22:02:19Z</time>
      </trkpt>
      <trkpt lat="37.76776" lon="-122.47705">
        <ele>86.14</ele>
        <time>2025-01-10T22:02:21Z</time>
      </trkpt>
      <trkpt lat="37.76779" lon="-122.47703">
        <ele>86.26</ele>
        <time>2025-01-10T22:02:23Z</time>
      </trkpt>
      <trkpt lat="37.76781" lon="-122.477">
        <ele>86.7</ele>
        <time>2025-01-10T22:02:26Z</time>
      </trkpt>
      <trkpt lat="37.76782" lon="-122.47696">
        <ele>86.91</ele>
        <time>2025-01-10T22:02:29Z</time>
      </trkpt>
      <trkpt lat="37.76781" lon="-122.47691">
        <ele>86.7</ele>
        <time>2025-01-10T22:02:33Z</time>
      </trkpt>
      <trkpt lat="37.76779" lon="-122.47686">
        <ele>86.26</ele>
        <time>2025-01-10T22:02:36Z</time>
      </trkpt>
      <trkpt lat="37.76777" lon="-122.4768">
        <ele>85.92</ele>
        <time>2025-01-10T22:02:39Z</time>
      </trkpt>
      <trkpt lat="37.76775" lon="-122.47675">
        <ele>85.7</ele>
        <time>2025-01-10T22:02:42Z</time>
      </trkpt>
      <trkpt lat="37.76774" lon="-122.47669">
        <ele>85.59</ele>
        <time>2025-01-10T22:02:46Z</time>
      </trkpt>
      <trkpt lat="37.76776" lon="-122.47661">
        <ele>85.81</ele>
        <time>2025-01-10T22:02:51Z</time>
      </trkpt>
      <trkpt lat="37.76778" lon="-122.47655">
        <ele>86.32</ele>
        <time>2025-01-10T22:02:54Z</time>
      </trkpt>
      <trkpt lat="37.76782" lon="-122.47649">
        <ele>87.45</ele>
        <time>2025-01-10T22:02:57Z</time>
      </trkpt>
      <trkpt lat="37.76785" lon="-122.47645">
        <ele>87.59</ele>
        <time>2025-01-10T22:03:01Z</time>
      </trkpt>
      <trkpt lat="37.76788" lon="-122.47642">
        <ele>87.34</ele>
        <time>2025-01-10T22:03:05Z</time>
      </trkpt>
      <trkpt lat="37.76792" lon="-122.4764">
        <ele>87.12</ele>
        <time>2025-01-10T22:03:08Z</time>
      </trkpt>
      <trkpt lat="37.76795" lon="-122.47638">
        <ele>87.0</ele>
        <time>2025-01-10T22:03:11Z</time>
      </trkpt>
      <trkpt lat="37.76798" lon="-122.47635">
        <ele>87.37</ele>
        <time>2025-01-10T22:03:14Z</time>
      </trkpt>
      <trkpt lat="37.768" lon="-122.47632">
        <ele>87.8</ele>
        <time>2025-01-10T22:03:17Z</time>
      </trkpt>
      <trkpt lat="37.768" lon="-122.47629">
        <ele>87.92</ele>
        <time>2025-01-10T22:03:22Z</time>
      </trkpt>
      <trkpt lat="37.76798" lon="-122.47626">
        <ele>87.9</ele>
        <time>2025-01-10T22:03:25Z</time>
      </trkpt>
      <trkpt lat="37.76795" lon="-122.47623">
        <ele>87.62</ele>
        <time>2025-01-10T22:03:28Z</time>
      </trkpt>
      <trkpt lat="37.76793" lon="-122.47619">
        <ele>87.74</ele>
        <time>2025-01-10T22:03:31Z</time>
      </trkpt>
      <trkpt lat="37.76792" lon="-122.47614">
        <ele>87.9</ele>
        <time>2025-01-10T22:03:34Z</time>
      </trkpt>
      <trkpt lat="37.76791" lon="-122.47609">
        <ele>88.18</ele>
        <time>2025-01-10T22:03:37Z</time>
      </trkpt>
      <trkpt lat="37.7679" lon="-122.47604">
        <ele>88.65</ele>
        <time>2025-01-10T22:03:40Z</time>
      </trkpt>
      <trkpt lat="37.76789" lon="-122.47601">
        <ele>88.68</ele>
        <time>2025-01-10T22:03:43Z</time>
      </trkpt>
      <trkpt lat="37.76787" lon="-122.47597">
        <ele>88.0</ele>
        <time>2025-01-10T22:03:46Z</time>
      </trkpt>
      <trkpt lat="37.76785" lon="-122.47592">
        <ele>87.83</ele>
        <time>2025-01-10T22:03:49Z</time>
      </trkpt>
      <trkpt lat="37.76784" lon="-122.47588">
        <ele>88.01</ele>
        <time>2025-01-10T22:03:52Z</time>
      </trkpt>
      <trkpt lat="37.76783" lon="-122.47583">
        <ele>88.15</ele>
        <time>2025-01-10T22:03:55Z</time>
      </trkpt>
      <trkpt lat="37.76781" lon="-122.47578">
        <ele>87.9</ele>
        <time>2025-01-10T22:03:59Z</time>
      </trkpt>
      <trkpt lat="37.7678" lon="-122.47574">
        <ele>87.73</ele>
        <time>2025-01-10T22:04:01Z</time>
      </trkpt>
      <trkpt lat="37.76779" lon="-122.4757">
        <ele>87.57</ele>
        <time>2025-01-10T22:04:03Z</time>
      </trkpt>
      <trkpt lat="37.76778" lon="-122.47567">
        <ele>87.13</ele>
        <time>2025-01-10T22:04:05Z</time>
      </trkpt>
      <trkpt lat="37.76777" lon="-122.47564">
        <ele>87.08</ele>
        <time>2025-01-10T22:04:07Z</time>
      </trkpt>
      <trkpt lat="37.76776" lon="-122.4756">
        <ele>87.42</ele>
        <time>2025-01-10T22:04:09Z</time>
      </trkpt>
      <trkpt lat="37.76776" lon="-122.47556">
        <ele>87.77</ele>
        <time>2025-01-10T22:04:11Z</time>
      </trkpt>
      <trkpt lat="37.76775" lon="-122.47551">
        <ele>88.04</ele>
        <time>2025-01-10T22:04:14Z</time>
      </trkpt>
      <trkpt lat="37.76775" lon="-122.47546">
        <ele>88.4</ele>
        <time>2025-01-10T22:04:17Z</time>
      </trkpt>
      <trkpt lat="37.76774" lon="-122.47543">
        <ele>88.18</ele>
        <time>2025-01-10T22:04:19Z</time>
      </trkpt>
      <trkpt lat="37.76774" lon="-122.47539">
        <ele>88.18</ele>
        <time>2025-01-10T22:04:21Z</time>
      </trkpt>
      <trkpt lat="37.76773" lon="-122.47536">
        <ele>87.97</ele>
        <time>2025-01-10T22:04:23Z</time>
      </trkpt>
      <trkpt lat="37.76773" lon="-122.47532">
        <ele>87.97</ele>
        <time>2025-01-10T22:04:25Z</time>
      </trkpt>
      <trkpt lat="37.76772" lon="-122.47528">
        <ele>87.75</ele>
        <time>2025-01-10T22:04:28Z</time>
      </trkpt>
      <trkpt lat="37.76772" lon="-122.47523">
        <ele>87.75</ele>
        <time>2025-01-10T22:04:32Z</time>
      </trkpt>
      <trkpt lat="37.76772" lon="-122.47518">
        <ele>87.75</ele>
        <time>2025-01-10T22:04:35Z</time>
      </trkpt>
      <trkpt lat="37.76773" lon="-122.47515">
        <ele>87.97</ele>
        <time>2025-01-10T22:04:42Z</time>
      </trkpt>
      <trkpt lat="37.76773" lon="-122.4751">
        <ele>87.97</ele>
        <time>2025-01-10T22:04:47Z</time>
      </trkpt>
      <trkpt lat="37.76773" lon="-122.47507">
        <ele>87.97</ele>
        <time>2025-01-10T22:04:50Z</time>
      </trkpt>
      <trkpt lat="37.76772" lon="-122.47503">
        <ele>87.75</ele>
        <time>2025-01-10T22:04:53Z</time>
      </trkpt>
      <trkpt lat="37.76773" lon="-122.47498">
        <ele>87.97</ele>
        <time>2025-01-10T22:04:57Z</time>
      </trkpt>
      <trkpt lat="37.76773" lon="-122.47494">
        <ele>87.97</ele>
        <time>2025-01-10T22:04:59Z</time>
      </trkpt>
      <trkpt lat="37.76772" lon="-122.47489">
        <ele>87.87</ele>
        <time>2025-01-10T22:05:02Z</time>
      </trkpt>
      <trkpt lat="37.76772" lon="-122.47485">
        <ele>88.14</ele>
        <time>2025-01-10T22:05:05Z</time>
      </trkpt>
      <trkpt lat="37.76774" lon="-122.4748">
        <ele>88.53</ele>
        <time>2025-01-10T22:05:10Z</time>
      </trkpt>
      <trkpt lat="37.76774" lon="-122.47476">
        <ele>88.35</ele>
        <time>2025-01-10T22:05:13Z</time>
      </trkpt>
      <trkpt lat="37.76775" lon="-122.47472">
        <ele>88.4</ele>
        <time>2025-01-10T22:05:16Z</time>
      </trkpt>
      <trkpt lat="37.76776" lon="-122.47465">
        <ele>88.62</ele>
        <time>2025-01-10T22:05:21Z</time>
      </trkpt>
      <trkpt lat="37.76777" lon="-122.47461">
        <ele>88.64</ele>
        <time>2025-01-10T22:05:26Z</time>
      </trkpt>
      <trkpt lat="37.76774" lon="-122.47455">
        <ele>87.67</ele>
        <time>2025-01-10T22:05:31Z</time>
      </trkpt>
      <trkpt lat="37.76772" lon="-122.47449">
        <ele>87.57</ele>
        <time>2025-01-10T22:05:33Z</time>
      </trkpt>
      <trkpt lat="37.76771" lon="-122.47444">
        <ele>87.54</ele>
        <time>2025-01-10T22:05:35Z</time>
      </trkpt>
      <trkpt lat="37.7677" lon="-122.4744">
        <ele>87.32</ele>
        <time>2025-01-10T22:05:38Z</time>
      </trkpt>
      <trkpt lat="37.7677" lon="-122.47434">
        <ele>87.3</ele>
        <time>2025-01-10T22:05:42Z</time>
      </trkpt>
      <trkpt lat="37.76771" lon="-122.47429">
        <ele>87.36</ele>
        <time>2025-01-10T22:05:45Z</time>
      </trkpt>
      <trkpt lat="37.76773" lon="-122.47424">
        <ele>87.38</ele>
        <time>2025-01-10T22:05:48Z</time>
      </trkpt>
      <trkpt lat="37.76774" lon="-122.4742">
        <ele>87.21</ele>
        <time>2025-01-10T22:05:51Z</time>
      </trkpt>
      <trkpt lat="37.76776" lon="-122.47416">
        <ele>87.0</ele>
        <time>2025-01-10T22:05:54Z</time>
      </trkpt>
      <trkpt lat="37.76779" lon="-122.47412">
        <ele>87.13</ele>
        <time>2025-01-10T22:05:57Z</time>
      </trkpt>
      <trkpt lat="37.76781" lon="-122.47409">
        <ele>87.35</ele>
        <time>2025-01-10T22:06:01Z</time>
      </trkpt>
      <trkpt lat="37.76783" lon="-122.47407">
        <ele>87.56</ele>
        <time>2025-01-10T22:06:08Z</time>
      </trkpt>
      <trkpt lat="37.76784" lon="-122.47403">
        <ele>87.67</ele>
        <time>2025-01-10T22:06:16Z</time>
      </trkpt>
      <trkpt lat="37.76786" lon="-122.47401">
        <ele>87.89</ele>
        <time>2025-01-10T22:06:20Z</time>
      </trkpt>
      <trkpt lat="37.76789" lon="-122.47399">
        <ele>88.0</ele>
        <time>2025-01-10T22:06:24Z</time>
      </trkpt>
      <trkpt lat="37.76791" lon="-122.47401">
        <ele>88.0</ele>
        <time>2025-01-10T22:06:38Z</time>
      </trkpt>
      <trkpt lat="37.76794" lon="-122.47398">
        <ele>88.01</ele>
        <time>2025-01-10T22:07:18Z</time>
      </trkpt>
      <trkpt lat="37.76797" lon="-122.47394">
        <ele>88.41</ele>
        <time>2025-01-10T22:07:22Z</time>
      </trkpt>
      <trkpt lat="37.768" lon="-122.47389">
        <ele>88.59</ele>
        <time>2025-01-10T22:07:27Z</time>
      </trkpt>
      <trkpt lat="37.76805" lon="-122.47387">
        <ele>88.04</ele>
        <time>2025-01-10T22:07:30Z</time>
      </trkpt>
      <trkpt lat="37.76808" lon="-122.47382">
        <ele>88.0</ele>
        <time>2025-01-10T22:07:34Z</time>
      </trkpt>
      <trkpt lat="37.76812" lon="-122.47378">
        <ele>88.0</ele>
        <time>2025-01-10T22:07:38Z</time>
      </trkpt>
      <trkpt lat="37.76816" lon="-122.47373">
        <ele>88.0</ele>
        <time>2025-01-10T22:07:41Z</time>
      </trkpt>
      <trkpt lat="37.7682" lon="-122.4737">
        <ele>88.0</ele>
        <time>2025-01-10T22:07:46Z</time>
      </trkpt>
      <trkpt lat="37.76824" lon="-122.47368">
        <ele>88.0</ele>
        <time>2025-01-10T22:07:50Z</time>
      </trkpt>
      <trkpt lat="37.76828" lon="-122.47367">
        <ele>88.0</ele>
        <time>2025-01-10T22:07:53Z</time>
      </trkpt>
      <trkpt lat="37.76833" lon="-122.47369">
        <ele>88.0</ele>
        <time>2025-01-10T22:07:56Z</time>
      </trkpt>
      <trkpt lat="37.76837" lon="-122.47375">
        <ele>88.5</ele>
        <time>2025-01-10T22:07:57Z</time>
      </trkpt>
      <trkpt lat="37.76842" lon="-122.47376">
        <ele>88.61</ele>
        <time>2025-01-10T22:08:00Z</time>
      </trkpt>
      <trkpt lat="37.76845" lon="-122.47374">
        <ele>88.39</ele>
        <time>2025-01-10T22:08:03Z</time>
      </trkpt>
      <trkpt lat="37.76849" lon="-122.47374">
        <ele>88.39</ele>
        <time>2025-01-10T22:08:06Z</time>
      </trkpt>
      <trkpt lat="37.76853" lon="-122.47374">
        <ele>88.34</ele>
        <time>2025-01-10T22:08:10Z</time>
      </trkpt>
      <trkpt lat="37.76856" lon="-122.47374">
        <ele>88.22</ele>
        <time>2025-01-10T22:08:13Z</time>
      </trkpt>
      <trkpt lat="37.76859" lon="-122.47373">
        <ele>88.06</ele>
        <time>2025-01-10T22:08:17Z</time>
      </trkpt>
      <trkpt lat="37.76863" lon="-122.47373">
        <ele>88.0</ele>
        <time>2025-01-10T22:08:21Z</time>
      </trkpt>
      <trkpt lat="37.76866" lon="-122.47374">
        <ele>88.0</ele>
        <time>2025-01-10T22:08:24Z</time>
      </trkpt>
      <trkpt lat="37.7687" lon="-122.47374">
        <ele>88.0</ele>
        <time>2025-01-10T22:08:27Z</time>
      </trkpt>
      <trkpt lat="37.76873" lon="-122.47373">
        <ele>88.0</ele>
        <time>2025-01-10T22:08:30Z</time>
      </trkpt>
      <trkpt lat="37.76877" lon="-122.47374">
        <ele>88.0</ele>
        <time>2025-01-10T22:08:33Z</time>
      </trkpt>
      <trkpt lat="37.76879" lon="-122.47375">
        <ele>88.0</ele>
        <time>2025-01-10T22:08:35Z</time>
      </trkpt>
      <trkpt lat="37.76883" lon="-122.47377">
        <ele>87.9</ele>
        <time>2025-01-10T22:08:38Z</time>
      </trkpt>
      <trkpt lat="37.76886" lon="-122.47378">
        <ele>87.88</ele>
        <time>2025-01-10T22:08:41Z</time>
      </trkpt>
      <trkpt lat="37.76889" lon="-122.47379">
        <ele>87.93</ele>
        <time>2025-01-10T22:08:44Z</time>
      </trkpt>
      <trkpt lat="37.76892" lon="-122.4738">
        <ele>88.01</ele>
        <time>2025-01-10T22:08:47Z</time>
      </trkpt>
      <trkpt lat="37.76895" lon="-122.47381">
        <ele>88.1</ele>
        <time>2025-01-10T22:08:49Z</time>
      </trkpt>
      <trkpt lat="37.76898" lon="-122.47383">
        <ele>88.36</ele>
        <time>2025-01-10T22:08:52Z</time>
      </trkpt>
      <trkpt lat="37.76901" lon="-122.47385">
        <ele>88.58</ele>
        <time>2025-01-10T22:08:56Z</time>
      </trkpt>
      <trkpt lat="37.76903" lon="-122.47387">
        <ele>88.8</ele>
        <time>2025-01-10T22:08:58Z</time>
      </trkpt>
      <trkpt lat="37.76906" lon="-122.4739">
        <ele>89.28</ele>
        <time>2025-01-10T22:09:01Z</time>
      </trkpt>
      <trkpt lat="37.76909" lon="-122.47391">
        <ele>89.24</ele>
        <time>2025-01-10T22:09:05Z</time>
      </trkpt>
      <trkpt lat="37.76912" lon="-122.47394">
        <ele>89.33</ele>
        <time>2025-01-10T22:09:09Z</time>
      </trkpt>
      <trkpt lat="37.76915" lon="-122.47396">
        <ele>89.09</ele>
        <time>2025-01-10T22:09:11Z</time>
      </trkpt>
      <trkpt lat="37.76918" lon="-122.47398">
        <ele>88.84</ele>
        <time>2025-01-10T22:09:13Z</time>
      </trkpt>
      <trkpt lat="37.7692" lon="-122.47401">
        <ele>89.03</ele>
        <time>2025-01-10T22:09:16Z</time>
      </trkpt>
      <trkpt lat="37.76921" lon="-122.47407">
        <ele>89.55</ele>
        <time>2025-01-10T22:09:19Z</time>
      </trkpt>
      <trkpt lat="37.76923" lon="-122.47411">
        <ele>89.58</ele>
        <time>2025-01-10T22:09:21Z</time>
      </trkpt>
      <trkpt lat="37.76925" lon="-122.47414">
        <ele>89.15</ele>
        <time>2025-01-10T22:09:24Z</time>
      </trkpt>
      <trkpt lat="37.76927" lon="-122.47418">
        <ele>89.17</ele>
        <time>2025-01-10T22:09:28Z</time>
      </trkpt>
      <trkpt lat="37.7693" lon="-122.47421">
        <ele>89.11</ele>
        <time>2025-01-10T22:09:32Z</time>
      </trkpt>
      <trkpt lat="37.76931" lon="-122.47424">
        <ele>89.41</ele>
        <time>2025-01-10T22:09:35Z</time>
      </trkpt>
      <trkpt lat="37.76932" lon="-122.47429">
        <ele>89.94</ele>
        <time>2025-01-10T22:09:38Z</time>
      </trkpt>
      <trkpt lat="37.76934" lon="-122.47433">
        <ele>89.47</ele>
        <time>2025-01-10T22:09:41Z</time>
      </trkpt>
      <trkpt lat="37.76934" lon="-122.47438">
        <ele>89.81</ele>
        <time>2025-01-10T22:09:44Z</time>
      </trkpt>
      <trkpt lat="37.76935" lon="-122.47443">
        <ele>89.14</ele>
        <time>2025-01-10T22:09:47Z</time>
      </trkpt>
      <trkpt lat="37.76936" lon="-122.47446">
        <ele>88.99</ele>
        <time>2025-01-10T22:09:49Z</time>
      </trkpt>
      <trkpt lat="37.76937" lon="-122.47451">
        <ele>89.32</ele>
        <time>2025-01-10T22:09:52Z</time>
      </trkpt>
      <trkpt lat="37.76939" lon="-122.47454">
        <ele>89.21</ele>
        <time>2025-01-10T22:09:55Z</time>
      </trkpt>
      <trkpt lat="37.76941" lon="-122.47457">
        <ele>89.1</ele>
        <time>2025-01-10T22:09:58Z</time>
      </trkpt>
      <trkpt lat="37.76943" lon="-122.47459">
        <ele>88.88</ele>
        <time>2025-01-10T22:10:01Z</time>
      </trkpt>
      <trkpt lat="37.76946" lon="-122.47462">
        <ele>89.21</ele>
        <time>2025-01-10T22:10:04Z</time>
      </trkpt>
      <trkpt lat="37.76949" lon="-122.47463">
        <ele>89.99</ele>
        <time>2025-01-10T22:10:07Z</time>
      </trkpt>
      <trkpt lat="37.76952" lon="-122.47463">
        <ele>90.63</ele>
        <time>2025-01-10T22:10:11Z</time>
      </trkpt>
      <trkpt lat="37.76954" lon="-122.4746">
        <ele>90.34</ele>
        <time>2025-01-10T22:10:17Z</time>
      </trkpt>
      <trkpt lat="37.76956" lon="-122.47458">
        <ele>89.81</ele>
        <time>2025-01-10T22:10:21Z</time>
      </trkpt>
      <trkpt lat="37.76959" lon="-122.47455">
        <ele>89.2</ele>
        <time>2025-01-10T22:10:24Z</time>
      </trkpt>
      <trkpt lat="37.76961" lon="-122.47451">
        <ele>88.94</ele>
        <time>2025-01-10T22:10:27Z</time>
      </trkpt>
      <trkpt lat="37.76962" lon="-122.47447">
        <ele>88.92</ele>
        <time>2025-01-10T22:10:30Z</time>
      </trkpt>
      <trkpt lat="37.76961" lon="-122.47443">
        <ele>88.79</ele>
        <time>2025-01-10T22:10:33Z</time>
      </trkpt>
      <trkpt lat="37.76959" lon="-122.4744">
        <ele>88.57</ele>
        <time>2025-01-10T22:10:35Z</time>
      </trkpt>
      <trkpt lat="37.76956" lon="-122.47436">
        <ele>88.25</ele>
        <time>2025-01-10T22:10:37Z</time>
      </trkpt>
      <trkpt lat="37.76954" lon="-122.47433">
        <ele>88.02</ele>
        <time>2025-01-10T22:10:40Z</time>
      </trkpt>
      <trkpt lat="37.76953" lon="-122.47429">
        <ele>87.97</ele>
        <time>2025-01-10T22:10:43Z</time>
      </trkpt>
      <trkpt lat="37.76951" lon="-122.47425">
        <ele>87.97</ele>
        <time>2025-01-10T22:10:46Z</time>
      </trkpt>
      <trkpt lat="37.76949" lon="-122.47421">
        <ele>87.73</ele>
        <time>2025-01-10T22:10:49Z</time>
      </trkpt>
      <trkpt lat="37.76948" lon="-122.47417">
        <ele>87.41</ele>
        <time>2025-01-10T22:10:52Z</time>
      </trkpt>
      <trkpt lat="37.76947" lon="-122.47412">
        <ele>87.28</ele>
        <time>2025-01-10T22:10:55Z</time>
      </trkpt>
      <trkpt lat="37.76945" lon="-122.47408">
        <ele>87.06</ele>
        <time>2025-01-10T22:10:58Z</time>
      </trkpt>
      <trkpt lat="37.76945" lon="-122.47404">
        <ele>87.06</ele>
        <time>2025-01-10T22:11:00Z</time>
      </trkpt>
      <trkpt lat="37.76944" lon="-122.47401">
        <ele>87.0</ele>
        <time>2025-01-10T22:11:02Z</time>
      </trkpt>
      <trkpt lat="37.76944" lon="-122.47397">
        <ele>87.0</ele>
        <time>2025-01-10T22:11:05Z</time>
      </trkpt>
      <trkpt lat="37.76944" lon="-122.47392">
        <ele>87.0</ele>
        <time>2025-01-10T22:11:08Z</time>
      </trkpt>
      <trkpt lat="37.76945" lon="-122.47387">
        <ele>87.06</ele>
        <time>2025-01-10T22:11:11Z</time>
      </trkpt>
      <trkpt lat="37.76945" lon="-122.47384">
        <ele>87.06</ele>
        <time>2025-01-10T22:11:13Z</time>
      </trkpt>
      <trkpt lat="37.76946" lon="-122.4738">
        <ele>87.17</ele>
        <time>2025-01-10T22:11:15Z</time>
      </trkpt>
      <trkpt lat="37.76946" lon="-122.47376">
        <ele>87.17</ele>
        <time>2025-01-10T22:11:18Z</time>
      </trkpt>
      <trkpt lat="37.76947" lon="-122.47372">
        <ele>87.28</ele>
        <time>2025-01-10T22:11:21Z</time>
      </trkpt>
      <trkpt lat="37.76948" lon="-122.47368">
        <ele>87.38</ele>
        <time>2025-01-10T22:11:24Z</time>
      </trkpt>
      <trkpt lat="37.76948" lon="-122.47363">
        <ele>87.38</ele>
        <time>2025-01-10T22:11:27Z</time>
      </trkpt>
      <trkpt lat="37.76949" lon="-122.47359">
        <ele>87.49</ele>
        <time>2025-01-10T22:11:30Z</time>
      </trkpt>
      <trkpt lat="37.7695" lon="-122.47355">
        <ele>87.6</ele>
        <time>2025-01-10T22:11:33Z</time>
      </trkpt>
      <trkpt lat="37.76952" lon="-122.47351">
        <ele>87.74</ele>
        <time>2025-01-10T22:11:36Z</time>
      </trkpt>
      <trkpt lat="37.76952" lon="-122.47347">
        <ele>87.39</ele>
        <time>2025-01-10T22:11:39Z</time>
      </trkpt>
      <trkpt lat="37.76953" lon="-122.47342">
        <ele>87.0</ele>
        <time>2025-01-10T22:11:42Z</time>
      </trkpt>
      <trkpt lat="37.76953" lon="-122.47339">
        <ele>87.0</ele>
        <time>2025-01-10T22:11:44Z</time>
      </trkpt>
      <trkpt lat="37.76954" lon="-122.47335">
        <ele>87.03</ele>
        <time>2025-01-10T22:11:47Z</time>
      </trkpt>
      <trkpt lat="37.76955" lon="-122.4733">
        <ele>87.14</ele>
        <time>2025-01-10T22:11:50Z</time>
      </trkpt>
      <trkpt lat="37.76956" lon="-122.47326">
        <ele>87.25</ele>
        <time>2025-01-10T22:11:53Z</time>
      </trkpt>
      <trkpt lat="37.76956" lon="-122.47321">
        <ele>87.25</ele>
        <time>2025-01-10T22:11:56Z</time>
      </trkpt>
      <trkpt lat="37.76956" lon="-122.47317">
        <ele>87.25</ele>
        <time>2025-01-10T22:11:58Z</time>
      </trkpt>
      <trkpt lat="37.76958" lon="-122.47313">
        <ele>87.46</ele>
        <time>2025-01-10T22:12:01Z</time>
      </trkpt>
      <trkpt lat="37.76959" lon="-122.47309">
        <ele>87.57</ele>
        <time>2025-01-10T22:12:03Z</time>
      </trkpt>
      <trkpt lat="37.7696" lon="-122.47304">
        <ele>87.68</ele>
        <time>2025-01-10T22:12:06Z</time>
      </trkpt>
      <trkpt lat="37.7696" lon="-122.473">
        <ele>87.68</ele>
        <time>2025-01-10T22:12:09Z</time>
      </trkpt>
      <trkpt lat="37.7696" lon="-122.47295">
        <ele>87.58</ele>
        <time>2025-01-10T22:12:12Z</time>
      </trkpt>
      <trkpt lat="37.76961" lon="-122.47291">
        <ele>87.34</ele>
        <time>2025-01-10T22:12:16Z</time>
      </trkpt>
      <trkpt lat="37.7696" lon="-122.47288">
        <ele>87.07</ele>
        <time>2025-01-10T22:12:19Z</time>
      </trkpt>
      <trkpt lat="37.76959" lon="-122.47284">
        <ele>87.0</ele>
        <time>2025-01-10T22:12:22Z</time>
      </trkpt>
      <trkpt lat="37.7696" lon="-122.4728">
        <ele>87.0</ele>
        <time>2025-01-10T22:12:25Z</time>
      </trkpt>
      <trkpt lat="37.76962" lon="-122.47275">
        <ele>87.27</ele>
        <time>2025-01-10T22:12:28Z</time>
      </trkpt>
      <trkpt lat="37.76962" lon="-122.47271">
        <ele>87.66</ele>
        <time>2025-01-10T22:12:31Z</time>
      </trkpt>
      <trkpt lat="37.76962" lon="-122.47267">
        <ele>87.75</ele>
        <time>2025-01-10T22:12:34Z</time>
      </trkpt>
      <trkpt lat="37.76964" lon="-122.47263">
        <ele>87.47</ele>
        <time>2025-01-10T22:12:38Z</time>
      </trkpt>
      <trkpt lat="37.76964" lon="-122.47259">
        <ele>87.11</ele>
        <time>2025-01-10T22:12:42Z</time>
      </trkpt>
      <trkpt lat="37.76965" lon="-122.47255">
        <ele>87.22</ele>
        <time>2025-01-10T22:12:45Z</time>
      </trkpt>
      <trkpt lat="37.76966" lon="-122.47251">
        <ele>87.33</ele>
        <time>2025-01-10T22:12:48Z</time>
      </trkpt>
      <trkpt lat="37.76968" lon="-122.47246">
        <ele>87.54</ele>
        <time>2025-01-10T22:12:51Z</time>
      </trkpt>
      <trkpt lat="37.76968" lon="-122.47242">
        <ele>87.54</ele>
        <time>2025-01-10T22:12:54Z</time>
      </trkpt>
      <trkpt lat="37.76969" lon="-122.47238">
        <ele>87.65</ele>
        <time>2025-01-10T22:12:57Z</time>
      </trkpt>
      <trkpt lat="37.76969" lon="-122.47234">
        <ele>87.65</ele>
        <time>2025-01-10T22:13:00Z</time>
      </trkpt>
      <trkpt lat="37.7697" lon="-122.4723">
        <ele>87.76</ele>
        <time>2025-01-10T22:13:03Z</time>
      </trkpt>
      <trkpt lat="37.7697" lon="-122.47226">
        <ele>87.76</ele>
        <time>2025-01-10T22:13:05Z</time>
      </trkpt>
      <trkpt lat="37.7697" lon="-122.47222">
        <ele>87.76</ele>
        <time>2025-01-10T22:13:07Z</time>
      </trkpt>
      <trkpt lat="37.76971" lon="-122.47217">
        <ele>87.87</ele>
        <time>2025-01-10T22:13:10Z</time>
      </trkpt>
      <trkpt lat="37.76972" lon="-122.47213">
        <ele>87.98</ele>
        <time>2025-01-10T22:13:13Z</time>
      </trkpt>
      <trkpt lat="37.76973" lon="-122.47208">
        <ele>87.51</ele>
        <time>2025-01-10T22:13:16Z</time>
      </trkpt>
      <trkpt lat="37.76974" lon="-122.47203">
        <ele>87.19</ele>
        <time>2025-01-10T22:13:19Z</time>
      </trkpt>
      <trkpt lat="37.76975" lon="-122.47198">
        <ele>87.3</ele>
        <time>2025-01-10T22:13:22Z</time>
      </trkpt>
      <trkpt lat="37.76975" lon="-122.47193">
        <ele>87.3</ele>
        <time>2025-01-10T22:13:25Z</time>
      </trkpt>
      <trkpt lat="37.76976" lon="-122.4719">
        <ele>87.41</ele>
        <time>2025-01-10T22:13:27Z</time>
      </trkpt>
      <trkpt lat="37.76978" lon="-122.47186">
        <ele>87.62</ele>
        <time>2025-01-10T22:13:29Z</time>
      </trkpt>
      <trkpt lat="37.76978" lon="-122.47183">
        <ele>87.62</ele>
        <time>2025-01-10T22:13:31Z</time>
      </trkpt>
      <trkpt lat="37.7698" lon="-122.47179">
        <ele>87.84</ele>
        <time>2025-01-10T22:13:34Z</time>
      </trkpt>
      <trkpt lat="37.76982" lon="-122.47174">
        <ele>88.0</ele>
        <time>2025-01-10T22:13:37Z</time>
      </trkpt>
      <trkpt lat="37.76982" lon="-122.47171">
        <ele>88.0</ele>
        <time>2025-01-10T22:13:39Z</time>
      </trkpt>
      <trkpt lat="37.76982" lon="-122.47166">
        <ele>88.0</ele>
        <time>2025-01-10T22:13:42Z</time>
      </trkpt>
      <trkpt lat="37.76982" lon="-122.47161">
        <ele>88.0</ele>
        <time>2025-01-10T22:13:45Z</time>
      </trkpt>
      <trkpt lat="37.7698" lon="-122.47157">
        <ele>88.0</ele>
        <time>2025-01-10T22:13:48Z</time>
      </trkpt>
      <trkpt lat="37.76979" lon="-122.47153">
        <ele>88.0</ele>
        <time>2025-01-10T22:13:51Z</time>
      </trkpt>
      <trkpt lat="37.76979" lon="-122.47149">
        <ele>88.0</ele>
        <time>2025-01-10T22:13:54Z</time>
      </trkpt>
      <trkpt lat="37.76979" lon="-122.47144">
        <ele>88.0</ele>
        <time>2025-01-10T22:13:57Z</time>
      </trkpt>
      <trkpt lat="37.76978" lon="-122.47141">
        <ele>88.0</ele>
        <time>2025-01-10T22:13:59Z</time>
      </trkpt>
      <trkpt lat="37.76977" lon="-122.47136">
        <ele>88.0</ele>
        <time>2025-01-10T22:14:02Z</time>
      </trkpt>
      <trkpt lat="37.76978" lon="-122.47132">
        <ele>88.0</ele>
        <time>2025-01-10T22:14:04Z</time>
      </trkpt>
      <trkpt lat="37.76979" lon="-122.47129">
        <ele>87.86</ele>
        <time>2025-01-10T22:14:06Z</time>
      </trkpt>
      <trkpt lat="37.76981" lon="-122.47125">
        <ele>87.0</ele>
        <time>2025-01-10T22:14:09Z</time>
      </trkpt>
      <trkpt lat="37.76981" lon="-122.47121">
        <ele>86.14</ele>
        <time>2025-01-10T22:14:12Z</time>
      </trkpt>
      <trkpt lat="37.76981" lon="-122.47117">
        <ele>84.93</ele>
        <time>2025-01-10T22:14:15Z</time>
      </trkpt>
      <trkpt lat="37.76979" lon="-122.47115">
        <ele>84.42</ele>
        <time>2025-01-10T22:14:18Z</time>
      </trkpt>
      <trkpt lat="37.76976" lon="-122.47114">
        <ele>84.34</ele>
        <time>2025-01-10T22:14:20Z</time>
      </trkpt>
      <trkpt lat="37.76973" lon="-122.47112">
        <ele>84.12</ele>
        <time>2025-01-10T22:14:23Z</time>
      </trkpt>
      <trkpt lat="37.76975" lon="-122.47109">
        <ele>82.92</ele>
        <time>2025-01-10T22:14:29Z</time>
      </trkpt>
      <trkpt lat="37.76976" lon="-122.47105">
        <ele>81.49</ele>
        <time>2025-01-10T22:14:35Z</time>
      </trkpt>
      <trkpt lat="37.76978" lon="-122.47101">
        <ele>80.44</ele>
        <time>2025-01-10T22:14:40Z</time>
      </trkpt>
      <trkpt lat="37.76978" lon="-122.47098">
        <ele>79.79</ele>
        <time>2025-01-10T22:14:43Z</time>
      </trkpt>
      <trkpt lat="37.76977" lon="-122.47093">
        <ele>78.6</ele>
        <time>2025-01-10T22:14:47Z</time>
      </trkpt>
      <trkpt lat="37.76977" lon="-122.47088">
        <ele>78.02</ele>
        <time>2025-01-10T22:14:50Z</time>
      </trkpt>
      <trkpt lat="37.76977" lon="-122.47084">
        <ele>77.59</ele>
        <time>2025-01-10T22:14:53Z</time>
      </trkpt>
      <trkpt lat="37.76977" lon="-122.47081">
        <ele>77.26</ele>
        <time>2025-01-10T22:14:55Z</time>
      </trkpt>
      <trkpt lat="37.76978" lon="-122.47077">
        <ele>76.94</ele>
        <time>2025-01-10T22:14:57Z</time>
      </trkpt>
      <trkpt lat="37.7698" lon="-122.47074">
        <ele>76.84</ele>
        <time>2025-01-10T22:14:59Z</time>
      </trkpt>
      <trkpt lat="37.76983" lon="-122.47071">
        <ele>77.05</ele>
        <time>2025-01-10T22:15:02Z</time>
      </trkpt>
      <trkpt lat="37.76986" lon="-122.47071">
        <ele>77.16</ele>
        <time>2025-01-10T22:15:05Z</time>
      </trkpt>
      <trkpt lat="37.7699" lon="-122.47072">
        <ele>77.21</ele>
        <time>2025-01-10T22:15:08Z</time>
      </trkpt>
      <trkpt lat="37.76992" lon="-122.47074">
        <ele>77.14</ele>
        <time>2025-01-10T22:15:11Z</time>
      </trkpt>
      <trkpt lat="37.76995" lon="-122.47077">
        <ele>77.63</ele>
        <time>2025-01-10T22:15:14Z</time>
      </trkpt>
      <trkpt lat="37.76998" lon="-122.4708">
        <ele>77.92</ele>
        <time>2025-01-10T22:15:17Z</time>
      </trkpt>
      <trkpt lat="37.77001" lon="-122.47081">
        <ele>78.0</ele>
        <time>2025-01-10T22:15:20Z</time>
      </trkpt>
      <trkpt lat="37.77003" lon="-122.47084">
        <ele>78.0</ele>
        <time>2025-01-10T22:15:23Z</time>
      </trkpt>
      <trkpt lat="37.77007" lon="-122.47085">
        <ele>78.0</ele>
        <time>2025-01-10T22:15:27Z</time>
      </trkpt>
      <trkpt lat="37.77009" lon="-122.47087">
        <ele>78.0</ele>
        <time>2025-01-10T22:15:29Z</time>
      </trkpt>
      <trkpt lat="37.77013" lon="-122.47089">
        <ele>77.84</ele>
        <time>2025-01-10T22:15:32Z</time>
      </trkpt>
      <trkpt lat="37.77016" lon="-122.4709">
        <ele>77.8</ele>
        <time>2025-01-10T22:15:35Z</time>
      </trkpt>
      <trkpt lat="37.77019" lon="-122.47089">
        <ele>77.58</ele>
        <time>2025-01-10T22:15:38Z</time>
      </trkpt>
      <trkpt lat="37.77022" lon="-122.47087">
        <ele>77.25</ele>
        <time>2025-01-10T22:15:41Z</time>
      </trkpt>
      <trkpt lat="37.77025" lon="-122.47087">
        <ele>77.12</ele>
        <time>2025-01-10T22:15:44Z</time>
      </trkpt>
      <trkpt lat="37.7703" lon="-122.47087">
        <ele>77.0</ele>
        <time>2025-01-10T22:15:47Z</time>
      </trkpt>
      <trkpt lat="37.77033" lon="-122.47087">
        <ele>77.0</ele>
        <time>2025-01-10T22:15:49Z</time>
      </trkpt>
      <trkpt lat="37.77036" lon="-122.47087">
        <ele>77.0</ele>
        <time>2025-01-10T22:15:51Z</time>
      </trkpt>
      <trkpt lat="37.77038" lon="-122.47086">
        <ele>77.0</ele>
        <time>2025-01-10T22:15:53Z</time>
      </trkpt>
      <trkpt lat="37.77042" lon="-122.47085">
        <ele>77.0</ele>
        <time>2025-01-10T22:15:56Z</time>
      </trkpt>
      <trkpt lat="37.77046" lon="-122.47084">
        <ele>77.0</ele>
        <time>2025-01-10T22:15:59Z</time>
      </trkpt>
      <trkpt lat="37.7705" lon="-122.47084">
        <ele>76.6</ele>
        <time>2025-01-10T22:16:02Z</time>
      </trkpt>
      <trkpt lat="37.77052" lon="-122.47085">
        <ele>76.38</ele>
        <time>2025-01-10T22:16:04Z</time>
      </trkpt>
      <trkpt lat="37.77055" lon="-122.47086">
        <ele>76.06</ele>
        <time>2025-01-10T22:16:06Z</time>
      </trkpt>
      <trkpt lat="37.77056" lon="-122.4708">
        <ele>75.95</ele>
        <time>2025-01-10T22:16:13Z</time>
      </trkpt>
      <trkpt lat="37.77057" lon="-122.47076">
        <ele>75.84</ele>
        <time>2025-01-10T22:16:15Z</time>
      </trkpt>
      <trkpt lat="37.77059" lon="-122.47072">
        <ele>75.85</ele>
        <time>2025-01-10T22:16:17Z</time>
      </trkpt>
      <trkpt lat="37.7706" lon="-122.4707">
        <ele>75.96</ele>
        <time>2025-01-10T22:16:19Z</time>
      </trkpt>
      <trkpt lat="37.77063" lon="-122.47066">
        <ele>76.07</ele>
        <time>2025-01-10T22:16:22Z</time>
      </trkpt>
      <trkpt lat="37.77065" lon="-122.47062">
        <ele>75.64</ele>
        <time>2025-01-10T22:16:24Z</time>
      </trkpt>
      <trkpt lat="37.7706" lon="-122.47072">
        <ele>75.74</ele>
        <time>2025-01-10T22:16:54Z</time>
      </trkpt>
      <trkpt lat="37.77056" lon="-122.47079">
        <ele>75.95</ele>
        <time>2025-01-10T22:16:58Z</time>
      </trkpt>
      <trkpt lat="37.77056" lon="-122.47086">
        <ele>75.95</ele>
        <time>2025-01-10T22:17:02Z</time>
      </trkpt>
      <trkpt lat="37.7706" lon="-122.4709">
        <ele>75.52</ele>
        <time>2025-01-10T22:17:05Z</time>
      </trkpt>
      <trkpt lat="37.77064" lon="-122.47092">
        <ele>75.09</ele>
        <time>2025-01-10T22:17:09Z</time>
      </trkpt>
      <trkpt lat="37.77069" lon="-122.47092">
        <ele>74.1</ele>
        <time>2025-01-10T22:17:13Z</time>
      </trkpt>
      <trkpt lat="37.77074" lon="-122.4709">
        <ele>73.02</ele>
        <time>2025-01-10T22:17:17Z</time>
      </trkpt>
      <trkpt lat="37.77078" lon="-122.47087">
        <ele>72.58</ele>
        <time>2025-01-10T22:17:21Z</time>
      </trkpt>
      <trkpt lat="37.77082" lon="-122.47086">
        <ele>72.14</ele>
        <time>2025-01-10T22:17:25Z</time>
      </trkpt>
      <trkpt lat="37.77086" lon="-122.47085">
        <ele>71.48</ele>
        <time>2025-01-10T22:17:29Z</time>
      </trkpt>
      <trkpt lat="37.77089" lon="-122.47084">
        <ele>70.82</ele>
        <time>2025-01-10T22:17:32Z</time>
      </trkpt>
      <trkpt lat="37.77093" lon="-122.47084">
        <ele>70.07</ele>
        <time>2025-01-10T22:17:35Z</time>
      </trkpt>
      <trkpt lat="37.77096" lon="-122.47083">
        <ele>69.99</ele>
        <time>2025-01-10T22:17:38Z</time>
      </trkpt>
      <trkpt lat="37.771" lon="-122.47083">
        <ele>69.97</ele>
        <time>2025-01-10T22:17:41Z</time>
      </trkpt>
      <trkpt lat="37.77103" lon="-122.47083">
        <ele>69.97</ele>
        <time>2025-01-10T22:17:44Z</time>
      </trkpt>
      <trkpt lat="37.77107" lon="-122.47082">
        <ele>69.94</ele>
        <time>2025-01-10T22:17:47Z</time>
      </trkpt>
      <trkpt lat="37.7711" lon="-122.4708">
        <ele>69.96</ele>
        <time>2025-01-10T22:17:50Z</time>
      </trkpt>
      <trkpt lat="37.77113" lon="-122.47077">
        <ele>70.0</ele>
        <time>2025-01-10T22:17:53Z</time>
      </trkpt>
      <trkpt lat="37.77116" lon="-122.47076">
        <ele>70.0</ele>
        <time>2025-01-10T22:17:56Z</time>
      </trkpt>
      <trkpt lat="37.7712" lon="-122.47076">
        <ele>70.0</ele>
        <time>2025-01-10T22:17:59Z</time>
      </trkpt>
      <trkpt lat="37.77123" lon="-122.47075">
        <ele>70.26</ele>
        <time>2025-01-10T22:18:02Z</time>
      </trkpt>
      <trkpt lat="37.77126" lon="-122.47074">
        <ele>70.61</ele>
        <time>2025-01-10T22:18:05Z</time>
      </trkpt>
      <trkpt lat="37.77129" lon="-122.47071">
        <ele>70.93</ele>
        <time>2025-01-10T22:18:08Z</time>
      </trkpt>
      <trkpt lat="37.77132" lon="-122.47069">
        <ele>71.0</ele>
        <time>2025-01-10T22:18:10Z</time>
      </trkpt>
      <trkpt lat="37.77135" lon="-122.47068">
        <ele>71.0</ele>
        <time>2025-01-10T22:18:13Z</time>
      </trkpt>
      <trkpt lat="37.77138" lon="-122.47066">
        <ele>71.0</ele>
        <time>2025-01-10T22:18:16Z</time>
      </trkpt>
      <trkpt lat="37.77141" lon="-122.47064">
        <ele>71.0</ele>
        <time>2025-01-10T22:18:20Z</time>
      </trkpt>
      <trkpt lat="37.77144" lon="-122.47066">
        <ele>71.0</ele>
        <time>2025-01-10T22:18:23Z</time>
      </trkpt>
      <trkpt lat="37.77147" lon="-122.47069">
        <ele>71.0</ele>
        <time>2025-01-10T22:18:26Z</time>
      </trkpt>
      <trkpt lat="37.77149" lon="-122.47072">
        <ele>71.0</ele>
        <time>2025-01-10T22:18:28Z</time>
      </trkpt>
      <trkpt lat="37.77151" lon="-122.47076">
        <ele>70.94</ele>
        <time>2025-01-10T22:18:31Z</time>
      </trkpt>
      <trkpt lat="37.77152" lon="-122.47079">
        <ele>70.78</ele>
        <time>2025-01-10T22:18:33Z</time>
      </trkpt>
      <trkpt lat="37.77155" lon="-122.47082">
        <ele>70.37</ele>
        <time>2025-01-10T22:18:36Z</time>
      </trkpt>
      <trkpt lat="37.77157" lon="-122.47085">
        <ele>70.04</ele>
        <time>2025-01-10T22:18:39Z</time>
      </trkpt>
      <trkpt lat="37.7716" lon="-122.47087">
        <ele>70.0</ele>
        <time>2025-01-10T22:18:42Z</time>
      </trkpt>
      <trkpt lat="37.77163" lon="-122.4709">
        <ele>70.0</ele>
        <time>2025-01-10T22:18:45Z</time>
      </trkpt>
      <trkpt lat="37.77166" lon="-122.47092">
        <ele>70.0</ele>
        <time>2025-01-10T22:18:48Z</time>
      </trkpt>
      <trkpt lat="37.77169" lon="-122.47094">
        <ele>70.0</ele>
        <time>2025-01-10T22:18:52Z</time>
      </trkpt>
      <trkpt lat="37.77172" lon="-122.47097">
        <ele>70.0</ele>
        <time>2025-01-10T22:18:55Z</time>
      </trkpt>
      <trkpt lat="37.77175" lon="-122.47098">
        <ele>70.0</ele>
        <time>2025-01-10T22:18:57Z</time>
      </trkpt>
      <trkpt lat="37.77178" lon="-122.47099">
        <ele>69.86</ele>
        <time>2025-01-10T22:18:59Z</time>
      </trkpt>
      <trkpt lat="37.77181" lon="-122.471">
        <ele>69.78</ele>
        <time>2025-01-10T22:19:01Z</time>
      </trkpt>
      <trkpt lat="37.77184" lon="-122.47102">
        <ele>70.0</ele>
        <time>2025-01-10T22:19:05Z</time>
      </trkpt>
      <trkpt lat="37.77188" lon="-122.47104">
        <ele>69.53</ele>
        <time>2025-01-10T22:19:08Z</time>
      </trkpt>
      <trkpt lat="37.77191" lon="-122.47106">
        <ele>69.31</ele>
        <time>2025-01-10T22:19:11Z</time>
      </trkpt>
      <trkpt lat="37.77195" lon="-122.47108">
        <ele>69.25</ele>
        <time>2025-01-10T22:19:14Z</time>
      </trkpt>
      <trkpt lat="37.77198" lon="-122.47111">
        <ele>69.59</ele>
        <time>2025-01-10T22:19:17Z</time>
      </trkpt>
      <trkpt lat="37.77202" lon="-122.47112">
        <ele>69.26</ele>
        <time>2025-01-10T22:19:20Z</time>
      </trkpt>
      <trkpt lat="37.77205" lon="-122.47114">
        <ele>69.12</ele>
        <time>2025-01-10T22:19:23Z</time>
      </trkpt>
      <trkpt lat="37.77208" lon="-122.47117">
        <ele>69.3</ele>
        <time>2025-01-10T22:19:26Z</time>
      </trkpt>
      <trkpt lat="37.77211" lon="-122.4712">
        <ele>69.9</ele>
        <time>2025-01-10T22:19:29Z</time>
      </trkpt>
      <trkpt lat="37.77214" lon="-122.47122">
        <ele>69.99</ele>
        <time>2025-01-10T22:19:32Z</time>
      </trkpt>
      <trkpt lat="37.77217" lon="-122.47124">
        <ele>69.86</ele>
        <time>2025-01-10T22:19:35Z</time>
      </trkpt>
      <trkpt lat="37.7722" lon="-122.47126">
        <ele>70.01</ele>
        <time>2025-01-10T22:19:38Z</time>
      </trkpt>
      <trkpt lat="37.77223" lon="-122.47127">
        <ele>70.06</ele>
        <time>2025-01-10T22:19:40Z</time>
      </trkpt>
      <trkpt lat="37.77226" lon="-122.47128">
        <ele>70.06</ele>
        <time>2025-01-10T22:19:42Z</time>
      </trkpt>
      <trkpt lat="37.77229" lon="-122.4713">
        <ele>70.3</ele>
        <time>2025-01-10T22:19:45Z</time>
      </trkpt>
      <trkpt lat="37.77233" lon="-122.47131">
        <ele>69.87</ele>
        <time>2025-01-10T22:19:48Z</time>
      </trkpt>
      <trkpt lat="37.77235" lon="-122.47133">
        <ele>69.88</ele>
        <time>2025-01-10T22:19:50Z</time>
      </trkpt>
      <trkpt lat="37.77238" lon="-122.47135">
        <ele>69.99</ele>
        <time>2025-01-10T22:19:52Z</time>
      </trkpt>
      <trkpt lat="37.77241" lon="-122.47137">
        <ele>70.37</ele>
        <time>2025-01-10T22:19:55Z</time>
      </trkpt>
      <trkpt lat="37.77244" lon="-122.4714">
        <ele>70.69</ele>
        <time>2025-01-10T22:19:58Z</time>
      </trkpt>
      <trkpt lat="37.77247" lon="-122.47142">
        <ele>70.55</ele>
        <time>2025-01-10T22:20:01Z</time>
      </trkpt>
      <trkpt lat="37.77251" lon="-122.47144">
        <ele>70.5</ele>
        <time>2025-01-10T22:20:04Z</time>
      </trkpt>
      <trkpt lat="37.77253" lon="-122.47147">
        <ele>70.84</ele>
        <time>2025-01-10T22:20:06Z</time>
      </trkpt>
      <trkpt lat="37.77255" lon="-122.47149">
        <ele>71.0</ele>
        <time>2025-01-10T22:20:08Z</time>
      </trkpt>
      <trkpt lat="37.77258" lon="-122.47152">
        <ele>71.0</ele>
        <time>2025-01-10T22:20:11Z</time>
      </trkpt>
      <trkpt lat="37.7726" lon="-122.47155">
        <ele>70.98</ele>
        <time>2025-01-10T22:20:13Z</time>
      </trkpt>
      <trkpt lat="37.77263" lon="-122.47156">
        <ele>70.94</ele>
        <time>2025-01-10T22:20:16Z</time>
      </trkpt>
      <trkpt lat="37.77266" lon="-122.47156">
        <ele>70.89</ele>
        <time>2025-01-10T22:20:18Z</time>
      </trkpt>
      <trkpt lat="37.7727" lon="-122.47156">
        <ele>70.85</ele>
        <time>2025-01-10T22:20:21Z</time>
      </trkpt>
      <trkpt lat="37.77273" lon="-122.47158">
        <ele>71.0</ele>
        <time>2025-01-10T22:20:24Z</time>
      </trkpt>
      <trkpt lat="37.77277" lon="-122.47159">
        <ele>71.0</ele>
        <time>2025-01-10T22:20:27Z</time>
      </trkpt>
      <trkpt lat="37.7728" lon="-122.4716">
        <ele>71.0</ele>
        <time>2025-01-10T22:20:30Z</time>
      </trkpt>
      <trkpt lat="37.77284" lon="-122.47161">
        <ele>71.0</ele>
        <time>2025-01-10T22:20:33Z</time>
      </trkpt>
      <trkpt lat="37.77288" lon="-122.47161">
        <ele>70.94</ele>
        <time>2025-01-10T22:20:35Z</time>
      </trkpt>
      <trkpt lat="37.77291" lon="-122.47161">
        <ele>70.74</ele>
        <time>2025-01-10T22:20:38Z</time>
      </trkpt>
      <trkpt lat="37.77294" lon="-122.47161">
        <ele>70.54</ele>
        <time>2025-01-10T22:20:41Z</time>
      </trkpt>
      <trkpt lat="37.77297" lon="-122.47162">
        <ele>70.53</ele>
        <time>2025-01-10T22:20:45Z</time>
      </trkpt>
      <trkpt lat="37.773" lon="-122.47162">
        <ele>70.7</ele>
        <time>2025-01-10T22:20:48Z</time>
      </trkpt>
      <trkpt lat="37.77304" lon="-122.47162">
        <ele>70.92</ele>
        <time>2025-01-10T22:20:51Z</time>
      </trkpt>
      <trkpt lat="37.77308" lon="-122.47162">
        <ele>71.0</ele>
        <time>2025-01-10T22:20:54Z</time>
      </trkpt>
      <trkpt lat="37.77311" lon="-122.47162">
        <ele>71.0</ele>
        <time>2025-01-10T22:20:56Z</time>
      </trkpt>
      <trkpt lat="37.77315" lon="-122.47161">
        <ele>71.0</ele>
        <time>2025-01-10T22:20:58Z</time>
      </trkpt>
      <trkpt lat="37.77318" lon="-122.4716">
        <ele>71.0</ele>
        <time>2025-01-10T22:21:01Z</time>
      </trkpt>
      <trkpt lat="37.77321" lon="-122.47159">
        <ele>71.0</ele>
        <time>2025-01-10T22:21:04Z</time>
      </trkpt>
      <trkpt lat="37.77324" lon="-122.47159">
        <ele>71.0</ele>
        <time>2025-01-10T22:21:07Z</time>
      </trkpt>
      <trkpt lat="37.77328" lon="-122.47158">
        <ele>71.0</ele>
        <time>2025-01-10T22:21:11Z</time>
      </trkpt>
      <trkpt lat="37.77331" lon="-122.47157">
        <ele>70.99</ele>
        <time>2025-01-10T22:21:14Z</time>
      </trkpt>
      <trkpt lat="37.77334" lon="-122.47158">
        <ele>71.0</ele>
        <time>2025-01-10T22:21:16Z</time>
      </trkpt>
      <trkpt lat="37.77337" lon="-122.47159">
        <ele>71.0</ele>
        <time>2025-01-10T22:21:19Z</time>
      </trkpt>
      <trkpt lat="37.77341" lon="-122.4716">
        <ele>71.0</ele>
        <time>2025-01-10T22:21:22Z</time>
      </trkpt>
      <trkpt lat="37.77344" lon="-122.47161">
        <ele>71.0</ele>
        <time>2025-01-10T22:21:25Z</time>
      </trkpt>
      <trkpt lat="37.77346" lon="-122.47165">
        <ele>71.0</ele>
        <time>2025-01-10T22:21:28Z</time>
      </trkpt>
      <trkpt lat="37.77347" lon="-122.47168">
        <ele>70.93</ele>
        <time>2025-01-10T22:21:34Z</time>
      </trkpt>
      <trkpt lat="37.77349" lon="-122.47172">
        <ele>70.6</ele>
        <time>2025-01-10T22:21:41Z</time>
      </trkpt>
      <trkpt lat="37.77349" lon="-122.47177">
        <ele>70.39</ele>
        <time>2025-01-10T22:21:51Z</time>
      </trkpt>
      <trkpt lat="37.77354" lon="-122.47171">
        <ele>70.53</ele>
        <time>2025-01-10T22:25:08Z</time>
      </trkpt>
      <trkpt lat="37.7736" lon="-122.47173">
        <ele>70.32</ele>
        <time>2025-01-10T22:25:10Z</time>
      </trkpt>
      <trkpt lat="37.7738" lon="-122.47176">
        <ele>70.0</ele>
        <time>2025-01-10T22:25:11Z</time>
      </trkpt>
      <trkpt lat="37.77389" lon="-122.47176">
        <ele>70.0</ele>
        <time>2025-01-10T22:25:13Z</time>
      </trkpt>
      <trkpt lat="37.77399" lon="-122.47176">
        <ele>70.0</ele>
        <time>2025-01-10T22:25:14Z</time>
      </trkpt>
      <trkpt lat="37.7741" lon="-122.47175">
        <ele>70.1</ele>
        <time>2025-01-10T22:25:16Z</time>
      </trkpt>
      <trkpt lat="37.77421" lon="-122.47175">
        <ele>70.1</ele>
        <time>2025-01-10T22:25:18Z</time>
      </trkpt>
      <trkpt lat="37.77431" lon="-122.47175">
        <ele>70.1</ele>
        <time>2025-01-10T22:25:20Z</time>
      </trkpt>
      <trkpt lat="37.7744" lon="-122.4718">
        <ele>70.0</ele>
        <time>2025-01-10T22:25:30Z</time>
      </trkpt>
      <trkpt lat="37.77448" lon="-122.47182">
        <ele>70.0</ele>
        <time>2025-01-10T22:25:35Z</time>
      </trkpt>
      <trkpt lat="37.77458" lon="-122.47183">
        <ele>70.0</ele>
        <time>2025-01-10T22:25:37Z</time>
      </trkpt>
      <trkpt lat="37.77472" lon="-122.47184">
        <ele>69.15</ele>
        <time>2025-01-10T22:25:39Z</time>
      </trkpt>
      <trkpt lat="37.77486" lon="-122.47185">
        <ele>69.02</ele>
        <time>2025-01-10T22:25:41Z</time>
      </trkpt>
      <trkpt lat="37.77494" lon="-122.47186">
        <ele>69.0</ele>
        <time>2025-01-10T22:25:42Z</time>
      </trkpt>
      <trkpt lat="37.77515" lon="-122.47186">
        <ele>69.0</ele>
        <time>2025-01-10T22:25:45Z</time>
      </trkpt>
    </trkseg>
    <trkseg>
      <trkpt lat="37.78606" lon="-122.47243">
        <ele>45.76</ele>
        <time>2025-01-10T22:32:18Z</time>
      </trkpt>
      <trkpt lat="37.78609" lon="-122.47245">
        <ele>45.54</ele>
        <time>2025-01-10T22:32:21Z</time>
      </trkpt>
      <trkpt lat="37.78612" lon="-122.47247">
        <ele>45.32</ele>
        <time>2025-01-10T22:32:24Z</time>
      </trkpt>
      <trkpt lat="37.78615" lon="-122.47246">
        <ele>45.43</ele>
        <time>2025-01-10T22:32:28Z</time>
      </trkpt>
      <trkpt lat="37.78617" lon="-122.47245">
        <ele>45.54</ele>
        <time>2025-01-10T22:32:31Z</time>
      </trkpt>
      <trkpt lat="37.78621" lon="-122.47243">
        <ele>45.69</ele>
        <time>2025-01-10T22:32:34Z</time>
      </trkpt>
      <trkpt lat="37.78624" lon="-122.47243">
        <ele>45.36</ele>
        <time>2025-01-10T22:32:36Z</time>
      </trkpt>
      <trkpt lat="37.78627" lon="-122.47243">
        <ele>45.04</ele>
        <time>2025-01-10T22:32:38Z</time>
      </trkpt>
      <trkpt lat="37.7863" lon="-122.47244">
        <ele>44.65</ele>
        <time>2025-01-10T22:32:40Z</time>
      </trkpt>
      <trkpt lat="37.78634" lon="-122.47245">
        <ele>44.54</ele>
        <time>2025-01-10T22:32:42Z</time>
      </trkpt>
      <trkpt lat="37.78637" lon="-122.47246">
        <ele>44.43</ele>
        <time>2025-01-10T22:32:44Z</time>
      </trkpt>
      <trkpt lat="37.7864" lon="-122.47246">
        <ele>44.43</ele>
        <time>2025-01-10T22:32:46Z</time>
      </trkpt>
      <trkpt lat="37.78643" lon="-122.47245">
        <ele>44.54</ele>
        <time>2025-01-10T22:32:48Z</time>
      </trkpt>
      <trkpt lat="37.78645" lon="-122.47243">
        <ele>44.76</ele>
        <time>2025-01-10T22:32:50Z</time>
      </trkpt>
      <trkpt lat="37.78646" lon="-122.4724">
        <ele>45.0</ele>
        <time>2025-01-10T22:32:52Z</time>
      </trkpt>
      <trkpt lat="37.78648" lon="-122.47236">
        <ele>45.0</ele>
        <time>2025-01-10T22:32:55Z</time>
      </trkpt>
      <trkpt lat="37.7865" lon="-122.47235">
        <ele>45.08</ele>
        <time>2025-01-10T22:32:58Z</time>
      </trkpt>
      <trkpt lat="37.78653" lon="-122.47234">
        <ele>45.14</ele>
        <time>2025-01-10T22:33:01Z</time>
      </trkpt>
      <trkpt lat="37.78657" lon="-122.47233">
        <ele>45.16</ele>
        <time>2025-01-10T22:33:04Z</time>
      </trkpt>
      <trkpt lat="37.7866" lon="-122.47232">
        <ele>45.34</ele>
        <time>2025-01-10T22:33:07Z</time>
      </trkpt>
      <trkpt lat="37.78663" lon="-122.4723">
        <ele>45.6</ele>
        <time>2025-01-10T22:33:10Z</time>
      </trkpt>
      <trkpt lat="37.78666" lon="-122.47228">
        <ele>45.93</ele>
        <time>2025-01-10T22:33:13Z</time>
      </trkpt>
      <trkpt lat="37.78669" lon="-122.47226">
        <ele>46.76</ele>
        <time>2025-01-10T22:33:16Z</time>
      </trkpt>
      <trkpt lat="37.78671" lon="-122.47223">
        <ele>47.4</ele>
        <time>2025-01-10T22:33:19Z</time>
      </trkpt>
      <trkpt lat="37.78673" lon="-122.4722">
        <ele>47.89</ele>
        <time>2025-01-10T22:33:22Z</time>
      </trkpt>
      <trkpt lat="37.78676" lon="-122.47217">
        <ele>48.46</ele>
        <time>2025-01-10T22:33:25Z</time>
      </trkpt>
      <trkpt lat="37.78679" lon="-122.47215">
        <ele>49.4</ele>
        <time>2025-01-10T22:33:27Z</time>
      </trkpt>
      <trkpt lat="37.78682" lon="-122.47214">
        <ele>50.59</ele>
        <time>2025-01-10T22:33:30Z</time>
      </trkpt>
      <trkpt lat="37.78684" lon="-122.47213">
        <ele>51.49</ele>
        <time>2025-01-10T22:33:33Z</time>
      </trkpt>
      <trkpt lat="37.78687" lon="-122.4721">
        <ele>51.49</ele>
        <time>2025-01-10T22:33:36Z</time>
      </trkpt>
      <trkpt lat="37.7869" lon="-122.47208">
        <ele>51.49</ele>
        <time>2025-01-10T22:33:39Z</time>
      </trkpt>
      <trkpt lat="37.78693" lon="-122.47205">
        <ele>51.73</ele>
        <time>2025-01-10T22:33:42Z</time>
      </trkpt>
      <trkpt lat="37.78695" lon="-122.47203">
        <ele>51.72</ele>
        <time>2025-01-10T22:33:45Z</time>
      </trkpt>
      <trkpt lat="37.78698" lon="-122.47201">
        <ele>50.85</ele>
        <time>2025-01-10T22:33:49Z</time>
      </trkpt>
      <trkpt lat="37.78701" lon="-122.47199">
        <ele>50.13</ele>
        <time>2025-01-10T22:33:52Z</time>
      </trkpt>
      <trkpt lat="37.78704" lon="-122.47195">
        <ele>49.12</ele>
        <time>2025-01-10T22:33:55Z</time>
      </trkpt>
      <trkpt lat="37.78706" lon="-122.47192">
        <ele>48.47</ele>
        <time>2025-01-10T22:33:58Z</time>
      </trkpt>
      <trkpt lat="37.78709" lon="-122.47189">
        <ele>47.82</ele>
        <time>2025-01-10T22:34:01Z</time>
      </trkpt>
      <trkpt lat="37.78711" lon="-122.47185">
        <ele>46.98</ele>
        <time>2025-01-10T22:34:04Z</time>
      </trkpt>
      <trkpt lat="37.78713" lon="-122.4718">
        <ele>46.44</ele>
        <time>2025-01-10T22:34:07Z</time>
      </trkpt>
      <trkpt lat="37.78715" lon="-122.47176">
        <ele>45.79</ele>
        <time>2025-01-10T22:34:10Z</time>
      </trkpt>
      <trkpt lat="37.78716" lon="-122.47172">
        <ele>45.39</ele>
        <time>2025-01-10T22:34:13Z</time>
      </trkpt>
      <trkpt lat="37.78717" lon="-122.47167">
        <ele>45.02</ele>
        <time>2025-01-10T22:34:16Z</time>
      </trkpt>
      <trkpt lat="37.78718" lon="-122.47163">
        <ele>44.6</ele>
        <time>2025-01-10T22:34:18Z</time>
      </trkpt>
      <trkpt lat="37.78719" lon="-122.47159">
        <ele>44.17</ele>
        <time>2025-01-10T22:34:21Z</time>
      </trkpt>
      <trkpt lat="37.78719" lon="-122.47154">
        <ele>44.0</ele>
        <time>2025-01-10T22:34:24Z</time>
      </trkpt>
      <trkpt lat="37.78719" lon="-122.47149">
        <ele>44.0</ele>
        <time>2025-01-10T22:34:27Z</time>
      </trkpt>
      <trkpt lat="37.7872" lon="-122.47145">
        <ele>44.0</ele>
        <time>2025-01-10T22:34:30Z</time>
      </trkpt>
      <trkpt lat="37.7872" lon="-122.4714">
        <ele>44.0</ele>
        <time>2025-01-10T22:34:33Z</time>
      </trkpt>
      <trkpt lat="37.78721" lon="-122.47136">
        <ele>44.04</ele>
        <time>2025-01-10T22:34:36Z</time>
      </trkpt>
      <trkpt lat="37.78721" lon="-122.47131">
        <ele>44.11</ele>
        <time>2025-01-10T22:34:39Z</time>
      </trkpt>
      <trkpt lat="37.78722" lon="-122.47127">
        <ele>44.02</ele>
        <time>2025-01-10T22:34:42Z</time>
      </trkpt>
      <trkpt lat="37.78723" lon="-122.47123">
        <ele>43.98</ele>
        <time>2025-01-10T22:34:45Z</time>
      </trkpt>
      <trkpt lat="37.78726" lon="-122.47122">
        <ele>43.93</ele>
        <time>2025-01-10T22:34:49Z</time>
      </trkpt>
      <trkpt lat="37.78727" lon="-122.47125">
        <ele>43.74</ele>
        <time>2025-01-10T22:34:54Z</time>
      </trkpt>
      <trkpt lat="37.78725" lon="-122.47124">
        <ele>43.88</ele>
        <time>2025-01-10T22:35:33Z</time>
      </trkpt>
      <trkpt lat="37.78724" lon="-122.4712">
        <ele>43.99</ele>
        <time>2025-01-10T22:35:52Z</time>
      </trkpt>
      <trkpt lat="37.78724" lon="-122.47116">
        <ele>43.91</ele>
        <time>2025-01-10T22:36:31Z</time>
      </trkpt>
      <trkpt lat="37.78724" lon="-122.47112">
        <ele>43.83</ele>
        <time>2025-01-10T22:36:34Z</time>
      </trkpt>
      <trkpt lat="37.78724" lon="-122.47108">
        <ele>43.81</ele>
        <time>2025-01-10T22:36:36Z</time>
      </trkpt>
      <trkpt lat="37.78724" lon="-122.47105">
        <ele>43.81</ele>
        <time>2025-01-10T22:36:38Z</time>
      </trkpt>
      <trkpt lat="37.78724" lon="-122.47101">
        <ele>43.88</ele>
        <time>2025-01-10T22:36:40Z</time>
      </trkpt>
      <trkpt lat="37.78724" lon="-122.47097">
        <ele>44.23</ele>
        <time>2025-01-10T22:36:42Z</time>
      </trkpt>
      <trkpt lat="37.78725" lon="-122.47092">
        <ele>44.4</ele>
        <time>2025-01-10T22:36:45Z</time>
      </trkpt>
      <trkpt lat="37.78726" lon="-122.47088">
        <ele>44.18</ele>
        <time>2025-01-10T22:36:48Z</time>
      </trkpt>
      <trkpt lat="37.78727" lon="-122.47085">
        <ele>43.97</ele>
        <time>2025-01-10T22:36:51Z</time>
      </trkpt>
      <trkpt lat="37.78728" lon="-122.4708">
        <ele>43.75</ele>
        <time>2025-01-10T22:36:54Z</time>
      </trkpt>
      <trkpt lat="37.78728" lon="-122.47075">
        <ele>43.75</ele>
        <time>2025-01-10T22:36:57Z</time>
      </trkpt>
      <trkpt lat="37.78729" lon="-122.4707">
        <ele>43.54</ele>
        <time>2025-01-10T22:37:00Z</time>
      </trkpt>
      <trkpt lat="37.7873" lon="-122.47066">
        <ele>43.32</ele>
        <time>2025-01-10T22:37:03Z</time>
      </trkpt>
      <trkpt lat="37.78731" lon="-122.47061">
        <ele>43.49</ele>
        <time>2025-01-10T22:37:06Z</time>
      </trkpt>
      <trkpt lat="37.78732" lon="-122.47057">
        <ele>43.8</ele>
        <time>2025-01-10T22:37:09Z</time>
      </trkpt>
      <trkpt lat="37.78733" lon="-122.47052">
        <ele>43.84</ele>
        <time>2025-01-10T22:37:12Z</time>
      </trkpt>
      <trkpt lat="37.78734" lon="-122.47048">
        <ele>43.73</ele>
        <time>2025-01-10T22:37:15Z</time>
      </trkpt>
      <trkpt lat="37.78736" lon="-122.47043">
        <ele>43.51</ele>
        <time>2025-01-10T22:37:18Z</time>
      </trkpt>
      <trkpt lat="37.78737" lon="-122.4704">
        <ele>43.4</ele>
        <time>2025-01-10T22:37:21Z</time>
      </trkpt>
      <trkpt lat="37.78738" lon="-122.47035">
        <ele>43.52</ele>
        <time>2025-01-10T22:37:24Z</time>
      </trkpt>
      <trkpt lat="37.78738" lon="-122.47031">
        <ele>43.95</ele>
        <time>2025-01-10T22:37:27Z</time>
      </trkpt>
      <trkpt lat="37.7874" lon="-122.47026">
        <ele>44.08</ele>
        <time>2025-01-10T22:37:30Z</time>
      </trkpt>
      <trkpt lat="37.7874" lon="-122.47023">
        <ele>44.08</ele>
        <time>2025-01-10T22:37:32Z</time>
      </trkpt>
      <trkpt lat="37.78741" lon="-122.4702">
        <ele>43.97</ele>
        <time>2025-01-10T22:37:34Z</time>
      </trkpt>
      <trkpt lat="37.78742" lon="-122.47015">
        <ele>44.24</ele>
        <time>2025-01-10T22:37:37Z</time>
      </trkpt>
      <trkpt lat="37.78743" lon="-122.47011">
        <ele>44.57</ele>
        <time>2025-01-10T22:37:40Z</time>
      </trkpt>
      <trkpt lat="37.78744" lon="-122.47006">
        <ele>44.88</ele>
        <time>2025-01-10T22:37:43Z</time>
      </trkpt>
      <trkpt lat="37.78745" lon="-122.47002">
        <ele>44.96</ele>
        <time>2025-01-10T22:37:46Z</time>
      </trkpt>
      <trkpt lat="37.78746" lon="-122.46997">
        <ele>45.19</ele>
        <time>2025-01-10T22:37:49Z</time>
      </trkpt>
      <trkpt lat="37.78747" lon="-122.46992">
        <ele>45.51</ele>
        <time>2025-01-10T22:37:52Z</time>
      </trkpt>
      <trkpt lat="37.78749" lon="-122.46988">
        <ele>45.81</ele>
        <time>2025-01-10T22:37:55Z</time>
      </trkpt>
      <trkpt lat="37.7875" lon="-122.46984">
        <ele>46.46</ele>
        <time>2025-01-10T22:37:58Z</time>
      </trkpt>
      <trkpt lat="37.78751" lon="-122.46979">
        <ele>47.05</ele>
        <time>2025-01-10T22:38:01Z</time>
      </trkpt>
      <trkpt lat="37.78752" lon="-122.46975">
        <ele>47.27</ele>
        <time>2025-01-10T22:38:04Z</time>
      </trkpt>
      <trkpt lat="37.78752" lon="-122.46971">
        <ele>47.67</ele>
        <time>2025-01-10T22:38:07Z</time>
      </trkpt>
      <trkpt lat="37.78753" lon="-122.46966">
        <ele>47.81</ele>
        <time>2025-01-10T22:38:10Z</time>
      </trkpt>
      <trkpt lat="37.78753" lon="-122.46962">
        <ele>47.99</ele>
        <time>2025-01-10T22:38:13Z</time>
      </trkpt>
      <trkpt lat="37.78753" lon="-122.46958">
        <ele>47.84</ele>
        <time>2025-01-10T22:38:16Z</time>
      </trkpt>
      <trkpt lat="37.78754" lon="-122.46953">
        <ele>47.57</ele>
        <time>2025-01-10T22:38:19Z</time>
      </trkpt>
      <trkpt lat="37.78755" lon="-122.46949">
        <ele>47.46</ele>
        <time>2025-01-10T22:38:22Z</time>
      </trkpt>
      <trkpt lat="37.78756" lon="-122.46945">
        <ele>47.35</ele>
        <time>2025-01-10T22:38:25Z</time>
      </trkpt>
      <trkpt lat="37.78758" lon="-122.46942">
        <ele>47.36</ele>
        <time>2025-01-10T22:38:28Z</time>
      </trkpt>
      <trkpt lat="37.7876" lon="-122.46939">
        <ele>47.46</ele>
        <time>2025-01-10T22:38:30Z</time>
      </trkpt>
      <trkpt lat="37.78762" lon="-122.46936">
        <ele>47.35</ele>
        <time>2025-01-10T22:38:33Z</time>
      </trkpt>
      <trkpt lat="37.78763" lon="-122.46932">
        <ele>47.54</ele>
        <time>2025-01-10T22:38:38Z</time>
      </trkpt>
      <trkpt lat="37.78763" lon="-122.46929">
        <ele>47.86</ele>
        <time>2025-01-10T22:38:45Z</time>
      </trkpt>
      <trkpt lat="37.78763" lon="-122.46925">
        <ele>48.25</ele>
        <time>2025-01-10T22:38:50Z</time>
      </trkpt>
      <trkpt lat="37.78763" lon="-122.46921">
        <ele>48.51</ele>
        <time>2025-01-10T22:38:55Z</time>
      </trkpt>
      <trkpt lat="37.78764" lon="-122.46917">
        <ele>48.45</ele>
        <time>2025-01-10T22:38:59Z</time>
      </trkpt>
      <trkpt lat="37.78765" lon="-122.46913">
        <ele>47.99</ele>
        <time>2025-01-10T22:39:03Z</time>
      </trkpt>
      <trkpt lat="37.78765" lon="-122.46909">
        <ele>47.83</ele>
        <time>2025-01-10T22:39:07Z</time>
      </trkpt>
      <trkpt lat="37.78765" lon="-122.46906">
        <ele>47.91</ele>
        <time>2025-01-10T22:39:10Z</time>
      </trkpt>
      <trkpt lat="37.78766" lon="-122.46903">
        <ele>48.02</ele>
        <time>2025-01-10T22:39:13Z</time>
      </trkpt>
      <trkpt lat="37.78767" lon="-122.46899">
        <ele>48.24</ele>
        <time>2025-01-10T22:39:16Z</time>
      </trkpt>
      <trkpt lat="37.78768" lon="-122.46895">
        <ele>48.43</ele>
        <time>2025-01-10T22:39:19Z</time>
      </trkpt>
      <trkpt lat="37.78769" lon="-122.46892">
        <ele>48.58</ele>
        <time>2025-01-10T22:39:22Z</time>
      </trkpt>
      <trkpt lat="37.7877" lon="-122.46888">
        <ele>48.68</ele>
        <time>2025-01-10T22:39:25Z</time>
      </trkpt>
      <trkpt lat="37.78773" lon="-122.46885">
        <ele>48.03</ele>
        <time>2025-01-10T22:39:28Z</time>
      </trkpt>
      <trkpt lat="37.78775" lon="-122.46883">
        <ele>47.6</ele>
        <time>2025-01-10T22:39:31Z</time>
      </trkpt>
      <trkpt lat="37.78779" lon="-122.46881">
        <ele>47.04</ele>
        <time>2025-01-10T22:39:35Z</time>
      </trkpt>
      <trkpt lat="37.78782" lon="-122.46879">
        <ele>47.04</ele>
        <time>2025-01-10T22:39:38Z</time>
      </trkpt>
      <trkpt lat="37.78786" lon="-122.46877">
        <ele>47.03</ele>
        <time>2025-01-10T22:40:24Z</time>
      </trkpt>
      <trkpt lat="37.78778" lon="-122.46876">
        <ele>47.38</ele>
        <time>2025-01-10T22:41:38Z</time>
      </trkpt>
      <trkpt lat="37.78785" lon="-122.46873">
        <ele>47.16</ele>
        <time>2025-01-10T22:42:31Z</time>
      </trkpt>
      <trkpt lat="37.7879" lon="-122.46878">
        <ele>46.62</ele>
        <time>2025-01-10T22:42:38Z</time>
      </trkpt>
      <trkpt lat="37.78794" lon="-122.46881">
        <ele>46.43</ele>
        <time>2025-01-10T22:42:43Z</time>
      </trkpt>
      <trkpt lat="37.78797" lon="-122.46885">
        <ele>46.44</ele>
        <time>2025-01-10T22:42:46Z</time>
      </trkpt>
      <trkpt lat="37.788" lon="-122.46888">
        <ele>46.43</ele>
        <time>2025-01-10T22:42:50Z</time>
      </trkpt>
      <trkpt lat="37.78805" lon="-122.4689">
        <ele>46.16</ele>
        <time>2025-01-10T22:42:54Z</time>
      </trkpt>
      <trkpt lat="37.78807" lon="-122.46893">
        <ele>46.44</ele>
        <time>2025-01-10T22:42:57Z</time>
      </trkpt>
      <trkpt lat="37.7881" lon="-122.46895">
        <ele>46.66</ele>
        <time>2025-01-10T22:43:00Z</time>
      </trkpt>
      <trkpt lat="37.78813" lon="-122.46897">
        <ele>46.88</ele>
        <time>2025-01-10T22:43:03Z</time>
      </trkpt>
      <trkpt lat="37.78816" lon="-122.46902">
        <ele>47.13</ele>
        <time>2025-01-10T22:43:06Z</time>
      </trkpt>
      <trkpt lat="37.78818" lon="-122.46905">
        <ele>47.34</ele>
        <time>2025-01-10T22:43:08Z</time>
      </trkpt>
      <trkpt lat="37.78819" lon="-122.46908">
        <ele>47.45</ele>
        <time>2025-01-10T22:43:10Z</time>
      </trkpt>
      <trkpt lat="37.7882" lon="-122.46912">
        <ele>47.56</ele>
        <time>2025-01-10T22:43:12Z</time>
      </trkpt>
      <trkpt lat="37.78821" lon="-122.46915">
        <ele>47.67</ele>
        <time>2025-01-10T22:43:14Z</time>
      </trkpt>
      <trkpt lat="37.78822" lon="-122.4692">
        <ele>47.5</ele>
        <time>2025-01-10T22:43:16Z</time>
      </trkpt>
      <trkpt lat="37.78823" lon="-122.46924">
        <ele>47.18</ele>
        <time>2025-01-10T22:43:19Z</time>
      </trkpt>
      <trkpt lat="37.78824" lon="-122.46929">
        <ele>47.0</ele>
        <time>2025-01-10T22:43:22Z</time>
      </trkpt>
      <trkpt lat="37.78825" lon="-122.46932">
        <ele>47.23</ele>
        <time>2025-01-10T22:43:24Z</time>
      </trkpt>
      <trkpt lat="37.78826" lon="-122.46936">
        <ele>47.42</ele>
        <time>2025-01-10T22:43:26Z</time>
      </trkpt>
      <trkpt lat="37.78826" lon="-122.4694">
        <ele>47.42</ele>
        <time>2025-01-10T22:43:29Z</time>
      </trkpt>
      <trkpt lat="37.78826" lon="-122.46944">
        <ele>47.42</ele>
        <time>2025-01-10T22:43:32Z</time>
      </trkpt>
      <trkpt lat="37.78826" lon="-122.46949">
        <ele>47.42</ele>
        <time>2025-01-10T22:43:35Z</time>
      </trkpt>
      <trkpt lat="37.78826" lon="-122.46953">
        <ele>47.42</ele>
        <time>2025-01-10T22:43:38Z</time>
      </trkpt>
      <trkpt lat="37.78827" lon="-122.46958">
        <ele>47.63</ele>
        <time>2025-01-10T22:43:41Z</time>
      </trkpt>
      <trkpt lat="37.78828" lon="-122.46962">
        <ele>47.85</ele>
        <time>2025-01-10T22:43:43Z</time>
      </trkpt>
      <trkpt lat="37.78828" lon="-122.46966">
        <ele>47.71</ele>
        <time>2025-01-10T22:43:45Z</time>
      </trkpt>
      <trkpt lat="37.78828" lon="-122.4697">
        <ele>47.53</ele>
        <time>2025-01-10T22:43:47Z</time>
      </trkpt>
      <trkpt lat="37.78828" lon="-122.46974">
        <ele>47.31</ele>
        <time>2025-01-10T22:43:49Z</time>
      </trkpt>
      <trkpt lat="37.78829" lon="-122.46978">
        <ele>47.24</ele>
        <time>2025-01-10T22:43:51Z</time>
      </trkpt>
      <trkpt lat="37.78829" lon="-122.46982">
        <ele>47.01</ele>
        <time>2025-01-10T22:43:53Z</time>
      </trkpt>
      <trkpt lat="37.7883" lon="-122.46987">
        <ele>46.68</ele>
        <time>2025-01-10T22:43:56Z</time>
      </trkpt>
      <trkpt lat="37.78832" lon="-122.46991">
        <ele>46.74</ele>
        <time>2025-01-10T22:43:59Z</time>
      </trkpt>
      <trkpt lat="37.78834" lon="-122.46994">
        <ele>47.45</ele>
        <time>2025-01-10T22:44:01Z</time>
      </trkpt>
      <trkpt lat="37.78835" lon="-122.46997">
        <ele>47.79</ele>
        <time>2025-01-10T22:44:03Z</time>
      </trkpt>
      <trkpt lat="37.78836" lon="-122.47001">
        <ele>48.0</ele>
        <time>2025-01-10T22:44:05Z</time>
      </trkpt>
      <trkpt lat="37.78836" lon="-122.47005">
        <ele>48.0</ele>
        <time>2025-01-10T22:44:07Z</time>
      </trkpt>
      <trkpt lat="37.78838" lon="-122.47008">
        <ele>48.0</ele>
        <time>2025-01-10T22:44:10Z</time>
      </trkpt>
      <trkpt lat="37.78839" lon="-122.47012">
        <ele>47.89</ele>
        <time>2025-01-10T22:44:12Z</time>
      </trkpt>
      <trkpt lat="37.78841" lon="-122.47016">
        <ele>47.87</ele>
        <time>2025-01-10T22:44:15Z</time>
      </trkpt>
      <trkpt lat="37.78845" lon="-122.47018">
        <ele>48.27</ele>
        <time>2025-01-10T22:44:18Z</time>
      </trkpt>
      <trkpt lat="37.78847" lon="-122.47021">
        <ele>48.35</ele>
        <time>2025-01-10T22:44:21Z</time>
      </trkpt>
      <trkpt lat="37.78849" lon="-122.47025">
        <ele>48.21</ele>
        <time>2025-01-10T22:44:24Z</time>
      </trkpt>
      <trkpt lat="37.78852" lon="-122.47028">
        <ele>48.03</ele>
        <time>2025-01-10T22:44:27Z</time>
      </trkpt>
      <trkpt lat="37.78855" lon="-122.47029">
        <ele>48.59</ele>
        <time>2025-01-10T22:44:29Z</time>
      </trkpt>
      <trkpt lat="37.78859" lon="-122.47031">
        <ele>49.01</ele>
        <time>2025-01-10T22:44:32Z</time>
      </trkpt>
      <trkpt lat="37.78862" lon="-122.47033">
        <ele>48.87</ele>
        <time>2025-01-10T22:44:35Z</time>
      </trkpt>
      <trkpt lat="37.78866" lon="-122.47034">
        <ele>48.66</ele>
        <time>2025-01-10T22:44:38Z</time>
      </trkpt>
      <trkpt lat="37.7887" lon="-122.47034">
        <ele>48.66</ele>
        <time>2025-01-10T22:44:41Z</time>
      </trkpt>
      <trkpt lat="37.78873" lon="-122.47034">
        <ele>48.66</ele>
        <time>2025-01-10T22:44:43Z</time>
      </trkpt>
      <trkpt lat="37.78875" lon="-122.47034">
        <ele>48.66</ele>
        <time>2025-01-10T22:44:45Z</time>
      </trkpt>
      <trkpt lat="37.78879" lon="-122.47033">
        <ele>48.87</ele>
        <time>2025-01-10T22:44:48Z</time>
      </trkpt>
      <trkpt lat="37.78883" lon="-122.47032">
        <ele>49.09</ele>
        <time>2025-01-10T22:44:51Z</time>
      </trkpt>
      <trkpt lat="37.78886" lon="-122.47031">
        <ele>49.3</ele>
        <time>2025-01-10T22:44:53Z</time>
      </trkpt>
      <trkpt lat="37.78889" lon="-122.47031">
        <ele>49.3</ele>
        <time>2025-01-10T22:44:55Z</time>
      </trkpt>
      <trkpt lat="37.78892" lon="-122.4703">
        <ele>49.26</ele>
        <time>2025-01-10T22:44:57Z</time>
      </trkpt>
      <trkpt lat="37.78894" lon="-122.4703">
        <ele>49.1</ele>
        <time>2025-01-10T22:44:59Z</time>
      </trkpt>
      <trkpt lat="37.78897" lon="-122.47029">
        <ele>48.98</ele>
        <time>2025-01-10T22:45:01Z</time>
      </trkpt>
      <trkpt lat="37.789" lon="-122.47028">
        <ele>48.78</ele>
        <time>2025-01-10T22:45:03Z</time>
      </trkpt>
      <trkpt lat="37.78902" lon="-122.47027">
        <ele>48.75</ele>
        <time>2025-01-10T22:45:05Z</time>
      </trkpt>
      <trkpt lat="37.78905" lon="-122.47026">
        <ele>48.64</ele>
        <time>2025-01-10T22:45:07Z</time>
      </trkpt>
      <trkpt lat="37.78909" lon="-122.47025">
        <ele>48.6</ele>
        <time>2025-01-10T22:45:10Z</time>
      </trkpt>
      <trkpt lat="37.78912" lon="-122.47024">
        <ele>48.82</ele>
        <time>2025-01-10T22:45:13Z</time>
      </trkpt>
      <trkpt lat="37.78916" lon="-122.47024">
        <ele>48.82</ele>
        <time>2025-01-10T22:45:16Z</time>
      </trkpt>
      <trkpt lat="37.78919" lon="-122.47023">
        <ele>48.91</ele>
        <time>2025-01-10T22:45:19Z</time>
      </trkpt>
      <trkpt lat="37.78922" lon="-122.47023">
        <ele>48.75</ele>
        <time>2025-01-10T22:45:21Z</time>
      </trkpt>
      <trkpt lat="37.78926" lon="-122.47022">
        <ele>48.87</ele>
        <time>2025-01-10T22:45:24Z</time>
      </trkpt>
      <trkpt lat="37.78929" lon="-122.47021">
        <ele>48.95</ele>
        <time>2025-01-10T22:45:26Z</time>
      </trkpt>
      <trkpt lat="37.78931" lon="-122.47019">
        <ele>49.32</ele>
        <time>2025-01-10T22:45:28Z</time>
      </trkpt>
      <trkpt lat="37.78934" lon="-122.47018">
        <ele>49.23</ele>
        <time>2025-01-10T22:45:30Z</time>
      </trkpt>
      <trkpt lat="37.78937" lon="-122.47017">
        <ele>49.13</ele>
        <time>2025-01-10T22:45:32Z</time>
      </trkpt>
      <trkpt lat="37.78939" lon="-122.47016">
        <ele>49.13</ele>
        <time>2025-01-10T22:45:34Z</time>
      </trkpt>
      <trkpt lat="37.78942" lon="-122.47015">
        <ele>49.02</ele>
        <time>2025-01-10T22:45:36Z</time>
      </trkpt>
      <trkpt lat="37.78945" lon="-122.47014">
        <ele>48.95</ele>
        <time>2025-01-10T22:45:38Z</time>
      </trkpt>
      <trkpt lat="37.78948" lon="-122.47013">
        <ele>49.04</ele>
        <time>2025-01-10T22:45:40Z</time>
      </trkpt>
      <trkpt lat="37.78951" lon="-122.47012">
        <ele>49.2</ele>
        <time>2025-01-10T22:45:42Z</time>
      </trkpt>
      <trkpt lat="37.78953" lon="-122.47011">
        <ele>49.45</ele>
        <time>2025-01-10T22:45:44Z</time>
      </trkpt>
      <trkpt lat="37.78956" lon="-122.4701">
        <ele>49.3</ele>
        <time>2025-01-10T22:45:46Z</time>
      </trkpt>
      <trkpt lat="37.78959" lon="-122.47009">
        <ele>48.9</ele>
        <time>2025-01-10T22:45:48Z</time>
      </trkpt>
      <trkpt lat="37.78961" lon="-122.47008">
        <ele>48.67</ele>
        <time>2025-01-10T22:45:50Z</time>
      </trkpt>
      <trkpt lat="37.78964" lon="-122.47006">
        <ele>48.59</ele>
        <time>2025-01-10T22:45:52Z</time>
      </trkpt>
      <trkpt lat="37.78968" lon="-122.47004">
        <ele>48.59</ele>
        <time>2025-01-10T22:45:55Z</time>
      </trkpt>
      <trkpt lat="37.78971" lon="-122.47003">
        <ele>48.48</ele>
        <time>2025-01-10T22:45:57Z</time>
      </trkpt>
      <trkpt lat="37.78973" lon="-122.47002">
        <ele>48.44</ele>
        <time>2025-01-10T22:45:59Z</time>
      </trkpt>
      <trkpt lat="37.78977" lon="-122.46999">
        <ele>48.29</ele>
        <time>2025-01-10T22:46:02Z</time>
      </trkpt>
      <trkpt lat="37.78979" lon="-122.46997">
        <ele>48.51</ele>
        <time>2025-01-10T22:46:04Z</time>
      </trkpt>
      <trkpt lat="37.78983" lon="-122.46995">
        <ele>48.53</ele>
        <time>2025-01-10T22:46:07Z</time>
      </trkpt>
      <trkpt lat="37.78985" lon="-122.46993">
        <ele>48.98</ele>
        <time>2025-01-10T22:46:09Z</time>
      </trkpt>
      <trkpt lat="37.78988" lon="-122.46991">
        <ele>49.23</ele>
        <time>2025-01-10T22:46:12Z</time>
      </trkpt>
      <trkpt lat="37.78991" lon="-122.46989">
        <ele>49.33</ele>
        <time>2025-01-10T22:46:14Z</time>
      </trkpt>
      <trkpt lat="37.78993" lon="-122.46988">
        <ele>49.18</ele>
        <time>2025-01-10T22:46:16Z</time>
      </trkpt>
      <trkpt lat="37.78996" lon="-122.46986">
        <ele>49.18</ele>
        <time>2025-01-10T22:46:18Z</time>
      </trkpt>
      <trkpt lat="37.78999" lon="-122.46985">
        <ele>49.01</ele>
        <time>2025-01-10T22:46:20Z</time>
      </trkpt>
      <trkpt lat="37.79002" lon="-122.46984">
        <ele>49.09</ele>
        <time>2025-01-10T22:46:22Z</time>
      </trkpt>
      <trkpt lat="37.79004" lon="-122.46982">
        <ele>49.45</ele>
        <time>2025-01-10T22:46:24Z</time>
      </trkpt>
      <trkpt lat="37.79007" lon="-122.46981">
        <ele>49.31</ele>
        <time>2025-01-10T22:46:26Z</time>
      </trkpt>
      <trkpt lat="37.7901" lon="-122.4698">
        <ele>49.01</ele>
        <time>2025-01-10T22:46:28Z</time>
      </trkpt>
      <trkpt lat="37.79013" lon="-122.46978">
        <ele>48.72</ele>
        <time>2025-01-10T22:46:30Z</time>
      </trkpt>
      <trkpt lat="37.79016" lon="-122.46976">
        <ele>48.57</ele>
        <time>2025-01-10T22:46:33Z</time>
      </trkpt>
      <trkpt lat="37.79019" lon="-122.46974">
        <ele>48.57</ele>
        <time>2025-01-10T22:46:36Z</time>
      </trkpt>
      <trkpt lat="37.79022" lon="-122.46973">
        <ele>48.49</ele>
        <time>2025-01-10T22:46:38Z</time>
      </trkpt>
      <trkpt lat="37.79025" lon="-122.46971">
        <ele>48.47</ele>
        <time>2025-01-10T22:46:40Z</time>
      </trkpt>
      <trkpt lat="37.79028" lon="-122.4697">
        <ele>48.23</ele>
        <time>2025-01-10T22:46:42Z</time>
      </trkpt>
      <trkpt lat="37.79031" lon="-122.4697">
        <ele>48.16</ele>
        <time>2025-01-10T22:46:44Z</time>
      </trkpt>
      <trkpt lat="37.79034" lon="-122.46971">
        <ele>48.04</ele>
        <time>2025-01-10T22:46:46Z</time>
      </trkpt>
      <trkpt lat="37.79036" lon="-122.46972">
        <ele>48.0</ele>
        <time>2025-01-10T22:46:48Z</time>
      </trkpt>
      <trkpt lat="37.79039" lon="-122.46973">
        <ele>47.92</ele>
        <time>2025-01-10T22:46:50Z</time>
      </trkpt>
      <trkpt lat="37.79042" lon="-122.46974">
        <ele>47.81</ele>
        <time>2025-01-10T22:46:52Z</time>
      </trkpt>
      <trkpt lat="37.79044" lon="-122.46976">
        <ele>47.59</ele>
        <time>2025-01-10T22:46:54Z</time>
      </trkpt>
      <trkpt lat="37.79047" lon="-122.4698">
        <ele>47.22</ele>
        <time>2025-01-10T22:46:56Z</time>
      </trkpt>
      <trkpt lat="37.79049" lon="-122.46982">
        <ele>47.28</ele>
        <time>2025-01-10T22:46:58Z</time>
      </trkpt>
      <trkpt lat="37.79051" lon="-122.46985">
        <ele>47.31</ele>
        <time>2025-01-10T22:47:00Z</time>
      </trkpt>
      <trkpt lat="37.79053" lon="-122.46988">
        <ele>47.21</ele>
        <time>2025-01-10T22:47:02Z</time>
      </trkpt>
      <trkpt lat="37.79055" lon="-122.46991">
        <ele>46.97</ele>
        <time>2025-01-10T22:47:04Z</time>
      </trkpt>
      <trkpt lat="37.79057" lon="-122.46994">
        <ele>46.86</ele>
        <time>2025-01-10T22:47:06Z</time>
      </trkpt>
      <trkpt lat="37.79058" lon="-122.46998">
        <ele>46.69</ele>
        <time>2025-01-10T22:47:08Z</time>
      </trkpt>
      <trkpt lat="37.79059" lon="-122.47001">
        <ele>46.74</ele>
        <time>2025-01-10T22:47:10Z</time>
      </trkpt>
      <trkpt lat="37.7906" lon="-122.47004">
        <ele>46.96</ele>
        <time>2025-01-10T22:47:12Z</time>
      </trkpt>
      <trkpt lat="37.79061" lon="-122.47008">
        <ele>47.18</ele>
        <time>2025-01-10T22:47:14Z</time>
      </trkpt>
      <trkpt lat="37.79062" lon="-122.47011">
        <ele>47.71</ele>
        <time>2025-01-10T22:47:16Z</time>
      </trkpt>
      <trkpt lat="37.79064" lon="-122.47015">
        <ele>49.01</ele>
        <time>2025-01-10T22:47:18Z</time>
      </trkpt>
      <trkpt lat="37.79064" lon="-122.47018">
        <ele>49.63</ele>
        <time>2025-01-10T22:47:20Z</time>
      </trkpt>
      <trkpt lat="37.79065" lon="-122.47022">
        <ele>50.03</ele>
        <time>2025-01-10T22:47:22Z</time>
      </trkpt>
      <trkpt lat="37.79067" lon="-122.47025">
        <ele>50.05</ele>
        <time>2025-01-10T22:47:25Z</time>
      </trkpt>
      <trkpt lat="37.7907" lon="-122.47028">
        <ele>49.38</ele>
        <time>2025-01-10T22:47:28Z</time>
      </trkpt>
      <trkpt lat="37.7907" lon="-122.47032">
        <ele>48.33</ele>
        <time>2025-01-10T22:47:30Z</time>
      </trkpt>
      <trkpt lat="37.79071" lon="-122.47037">
        <ele>47.01</ele>
        <time>2025-01-10T22:47:33Z</time>
      </trkpt>
      <trkpt lat="37.79072" lon="-122.47041">
        <ele>47.19</ele>
        <time>2025-01-10T22:47:36Z</time>
      </trkpt>
      <trkpt lat="37.79073" lon="-122.47044">
        <ele>47.17</ele>
        <time>2025-01-10T22:47:38Z</time>
      </trkpt>
      <trkpt lat="37.79074" lon="-122.47049">
        <ele>47.02</ele>
        <time>2025-01-10T22:47:41Z</time>
      </trkpt>
      <trkpt lat="37.79074" lon="-122.47053">
        <ele>47.02</ele>
        <time>2025-01-10T22:47:44Z</time>
      </trkpt>
      <trkpt lat="37.79074" lon="-122.47057">
        <ele>47.18</ele>
        <time>2025-01-10T22:47:46Z</time>
      </trkpt>
      <trkpt lat="37.79073" lon="-122.47061">
        <ele>47.73</ele>
        <time>2025-01-10T22:47:48Z</time>
      </trkpt>
      <trkpt lat="37.79072" lon="-122.47065">
        <ele>48.05</ele>
        <time>2025-01-10T22:47:50Z</time>
      </trkpt>
      <trkpt lat="37.7907" lon="-122.47068">
        <ele>48.73</ele>
        <time>2025-01-10T22:47:53Z</time>
      </trkpt>
      <trkpt lat="37.79068" lon="-122.47072">
        <ele>49.31</ele>
        <time>2025-01-10T22:47:55Z</time>
      </trkpt>
      <trkpt lat="37.79067" lon="-122.47074">
        <ele>49.46</ele>
        <time>2025-01-10T22:47:57Z</time>
      </trkpt>
      <trkpt lat="37.79064" lon="-122.47077">
        <ele>49.66</ele>
        <time>2025-01-10T22:47:59Z</time>
      </trkpt>
      <trkpt lat="37.79061" lon="-122.47078">
        <ele>49.91</ele>
        <time>2025-01-10T22:48:01Z</time>
      </trkpt>
      <trkpt lat="37.79058" lon="-122.47081">
        <ele>50.13</ele>
        <time>2025-01-10T22:48:03Z</time>
      </trkpt>
      <trkpt lat="37.79055" lon="-122.47083">
        <ele>50.06</ele>
        <time>2025-01-10T22:48:05Z</time>
      </trkpt>
      <trkpt lat="37.79053" lon="-122.47086">
        <ele>50.69</ele>
        <time>2025-01-10T22:48:08Z</time>
      </trkpt>
      <trkpt lat="37.79051" lon="-122.4709">
        <ele>51.22</ele>
        <time>2025-01-10T22:48:11Z</time>
      </trkpt>
      <trkpt lat="37.79049" lon="-122.47093">
        <ele>51.39</ele>
        <time>2025-01-10T22:48:14Z</time>
      </trkpt>
      <trkpt lat="37.79046" lon="-122.47095">
        <ele>51.54</ele>
        <time>2025-01-10T22:48:17Z</time>
      </trkpt>
      <trkpt lat="37.79044" lon="-122.47099">
        <ele>52.29</ele>
        <time>2025-01-10T22:48:20Z</time>
      </trkpt>
      <trkpt lat="37.79043" lon="-122.47102">
        <ele>52.66</ele>
        <time>2025-01-10T22:48:22Z</time>
      </trkpt>
      <trkpt lat="37.79041" lon="-122.47105">
        <ele>52.77</ele>
        <time>2025-01-10T22:48:24Z</time>
      </trkpt>
      <trkpt lat="37.79038" lon="-122.47107">
        <ele>52.66</ele>
        <time>2025-01-10T22:48:27Z</time>
      </trkpt>
      <trkpt lat="37.79034" lon="-122.4711">
        <ele>52.92</ele>
        <time>2025-01-10T22:48:30Z</time>
      </trkpt>
      <trkpt lat="37.79032" lon="-122.47112">
        <ele>53.04</ele>
        <time>2025-01-10T22:48:32Z</time>
      </trkpt>
      <trkpt lat="37.79029" lon="-122.47114">
        <ele>53.04</ele>
        <time>2025-01-10T22:48:34Z</time>
      </trkpt>
      <trkpt lat="37.79026" lon="-122.47118">
        <ele>53.14</ele>
        <time>2025-01-10T22:48:37Z</time>
      </trkpt>
      <trkpt lat="37.79024" lon="-122.47121">
        <ele>53.42</ele>
        <time>2025-01-10T22:48:40Z</time>
      </trkpt>
      <trkpt lat="37.79023" lon="-122.47126">
        <ele>53.5</ele>
        <time>2025-01-10T22:48:43Z</time>
      </trkpt>
      <trkpt lat="37.79021" lon="-122.4713">
        <ele>53.28</ele>
        <time>2025-01-10T22:48:46Z</time>
      </trkpt>
      <trkpt lat="37.79019" lon="-122.47134">
        <ele>53.08</ele>
        <time>2025-01-10T22:48:49Z</time>
      </trkpt>
      <trkpt lat="37.79018" lon="-122.47137">
        <ele>53.0</ele>
        <time>2025-01-10T22:48:51Z</time>
      </trkpt>
      <trkpt lat="37.79016" lon="-122.4714">
        <ele>53.17</ele>
        <time>2025-01-10T22:48:53Z</time>
      </trkpt>
      <trkpt lat="37.79013" lon="-122.47143">
        <ele>53.36</ele>
        <time>2025-01-10T22:48:55Z</time>
      </trkpt>
      <trkpt lat="37.79011" lon="-122.47146">
        <ele>53.29</ele>
        <time>2025-01-10T22:48:57Z</time>
      </trkpt>
      <trkpt lat="37.79009" lon="-122.47149">
        <ele>53.18</ele>
        <time>2025-01-10T22:48:59Z</time>
      </trkpt>
      <trkpt lat="37.79007" lon="-122.47151">
        <ele>53.47</ele>
        <time>2025-01-10T22:49:01Z</time>
      </trkpt>
      <trkpt lat="37.79004" lon="-122.47153">
        <ele>53.45</ele>
        <time>2025-01-10T22:49:03Z</time>
      </trkpt>
      <trkpt lat="37.79002" lon="-122.47155">
        <ele>53.32</ele>
        <time>2025-01-10T22:49:05Z</time>
      </trkpt>
      <trkpt lat="37.79" lon="-122.47157">
        <ele>53.0</ele>
        <time>2025-01-10T22:49:07Z</time>
      </trkpt>
      <trkpt lat="37.78997" lon="-122.47159">
        <ele>52.96</ele>
        <time>2025-01-10T22:49:09Z</time>
      </trkpt>
      <trkpt lat="37.78995" lon="-122.47161">
        <ele>53.03</ele>
        <time>2025-01-10T22:49:11Z</time>
      </trkpt>
      <trkpt lat="37.78992" lon="-122.47162">
        <ele>52.7</ele>
        <time>2025-01-10T22:49:13Z</time>
      </trkpt>
      <trkpt lat="37.7899" lon="-122.47164">
        <ele>52.66</ele>
        <time>2025-01-10T22:49:15Z</time>
      </trkpt>
      <trkpt lat="37.78988" lon="-122.47166">
        <ele>52.65</ele>
        <time>2025-01-10T22:49:17Z</time>
      </trkpt>
      <trkpt lat="37.78985" lon="-122.47168">
        <ele>52.63</ele>
        <time>2025-01-10T22:49:19Z</time>
      </trkpt>
      <trkpt lat="37.78983" lon="-122.4717">
        <ele>52.64</ele>
        <time>2025-01-10T22:49:21Z</time>
      </trkpt>
      <trkpt lat="37.78981" lon="-122.47172">
        <ele>52.55</ele>
        <time>2025-01-10T22:49:23Z</time>
      </trkpt>
      <trkpt lat="37.78978" lon="-122.47174">
        <ele>52.49</ele>
        <time>2025-01-10T22:49:25Z</time>
      </trkpt>
      <trkpt lat="37.78975" lon="-122.47175">
        <ele>52.27</ele>
        <time>2025-01-10T22:49:27Z</time>
      </trkpt>
      <trkpt lat="37.78971" lon="-122.47176">
        <ele>51.88</ele>
        <time>2025-01-10T22:49:29Z</time>
      </trkpt>
      <trkpt lat="37.78968" lon="-122.47178">
        <ele>51.89</ele>
        <time>2025-01-10T22:49:31Z</time>
      </trkpt>
      <trkpt lat="37.78965" lon="-122.47179">
        <ele>51.63</ele>
        <time>2025-01-10T22:49:33Z</time>
      </trkpt>
      <trkpt lat="37.78963" lon="-122.47182">
        <ele>51.66</ele>
        <time>2025-01-10T22:49:36Z</time>
      </trkpt>
      <trkpt lat="37.78963" lon="-122.47186">
        <ele>52.54</ele>
        <time>2025-01-10T22:49:39Z</time>
      </trkpt>
      <trkpt lat="37.78966" lon="-122.47188">
        <ele>54.28</ele>
        <time>2025-01-10T22:49:42Z</time>
      </trkpt>
      <trkpt lat="37.78969" lon="-122.47187">
        <ele>54.22</ele>
        <time>2025-01-10T22:49:46Z</time>
      </trkpt>
      <trkpt lat="37.78973" lon="-122.47187">
        <ele>55.02</ele>
        <time>2025-01-10T22:49:49Z</time>
      </trkpt>
      <trkpt lat="37.78976" lon="-122.47189">
        <ele>56.7</ele>
        <time>2025-01-10T22:49:53Z</time>
      </trkpt>
      <trkpt lat="37.78979" lon="-122.47192">
        <ele>58.6</ele>
        <time>2025-01-10T22:49:57Z</time>
      </trkpt>
      <trkpt lat="37.78982" lon="-122.47194">
        <ele>59.92</ele>
        <time>2025-01-10T22:50:08Z</time>
      </trkpt>
      <trkpt lat="37.78983" lon="-122.47197">
        <ele>60.25</ele>
        <time>2025-01-10T22:50:11Z</time>
      </trkpt>
      <trkpt lat="37.78985" lon="-122.472">
        <ele>60.84</ele>
        <time>2025-01-10T22:50:14Z</time>
      </trkpt>
      <trkpt lat="37.78987" lon="-122.47203">
        <ele>61.7</ele>
        <time>2025-01-10T22:50:18Z</time>
      </trkpt>
      <trkpt lat="37.78989" lon="-122.47205">
        <ele>62.55</ele>
        <time>2025-01-10T22:50:23Z</time>
      </trkpt>
      <trkpt lat="37.78991" lon="-122.47208">
        <ele>63.55</ele>
        <time>2025-01-10T22:50:28Z</time>
      </trkpt>
      <trkpt lat="37.78995" lon="-122.47209">
        <ele>64.95</ele>
        <time>2025-01-10T22:50:32Z</time>
      </trkpt>
      <trkpt lat="37.78998" lon="-122.47211">
        <ele>66.14</ele>
        <time>2025-01-10T22:50:36Z</time>
      </trkpt>
      <trkpt lat="37.79" lon="-122.47213">
        <ele>67.0</ele>
        <time>2025-01-10T22:50:40Z</time>
      </trkpt>
      <trkpt lat="37.79002" lon="-122.47216">
        <ele>67.69</ele>
        <time>2025-01-10T22:50:44Z</time>
      </trkpt>
      <trkpt lat="37.79004" lon="-122.47215">
        <ele>67.99</ele>
        <time>2025-01-10T22:50:52Z</time>
      </trkpt>
      <trkpt lat="37.79007" lon="-122.47211">
        <ele>68.46</ele>
        <time>2025-01-10T22:50:55Z</time>
      </trkpt>
      <trkpt lat="37.79009" lon="-122.47209">
        <ele>68.93</ele>
        <time>2025-01-10T22:50:57Z</time>
      </trkpt>
      <trkpt lat="37.79012" lon="-122.47206">
        <ele>69.3</ele>
        <time>2025-01-10T22:51:00Z</time>
      </trkpt>
      <trkpt lat="37.79013" lon="-122.47203">
        <ele>69.21</ele>
        <time>2025-01-10T22:51:03Z</time>
      </trkpt>
      <trkpt lat="37.79013" lon="-122.47207">
        <ele>69.4</ele>
        <time>2025-01-10T22:51:34Z</time>
      </trkpt>
      <trkpt lat="37.79011" lon="-122.47211">
        <ele>69.19</ele>
        <time>2025-01-10T22:51:37Z</time>
      </trkpt>
      <trkpt lat="37.79009" lon="-122.47214">
        <ele>68.95</ele>
        <time>2025-01-10T22:51:39Z</time>
      </trkpt>
      <trkpt lat="37.79006" lon="-122.47217">
        <ele>68.45</ele>
        <time>2025-01-10T22:51:42Z</time>
      </trkpt>
      <trkpt lat="37.79005" lon="-122.47221">
        <ele>68.48</ele>
        <time>2025-01-10T22:51:45Z</time>
      </trkpt>
      <trkpt lat="37.79005" lon="-122.47225">
        <ele>68.38</ele>
        <time>2025-01-10T22:51:48Z</time>
      </trkpt>
      <trkpt lat="37.79006" lon="-122.47229">
        <ele>68.17</ele>
        <time>2025-01-10T22:51:52Z</time>
      </trkpt>
      <trkpt lat="37.79007" lon="-122.47232">
        <ele>67.96</ele>
        <time>2025-01-10T22:51:54Z</time>
      </trkpt>
      <trkpt lat="37.79007" lon="-122.47237">
        <ele>67.55</ele>
        <time>2025-01-10T22:51:57Z</time>
      </trkpt>
      <trkpt lat="37.79006" lon="-122.4724">
        <ele>67.4</ele>
        <time>2025-01-10T22:51:59Z</time>
      </trkpt>
      <trkpt lat="37.79005" lon="-122.47245">
        <ele>67.71</ele>
        <time>2025-01-10T22:52:02Z</time>
      </trkpt>
      <trkpt lat="37.79003" lon="-122.47249">
        <ele>67.97</ele>
        <time>2025-01-10T22:52:05Z</time>
      </trkpt>
      <trkpt lat="37.79001" lon="-122.47252">
        <ele>67.98</ele>
        <time>2025-01-10T22:52:07Z</time>
      </trkpt>
      <trkpt lat="37.79" lon="-122.47255">
        <ele>68.0</ele>
        <time>2025-01-10T22:52:09Z</time>
      </trkpt>
      <trkpt lat="37.78998" lon="-122.4726">
        <ele>67.78</ele>
        <time>2025-01-10T22:52:12Z</time>
      </trkpt>
      <trkpt lat="37.78997" lon="-122.47264">
        <ele>67.68</ele>
        <time>2025-01-10T22:52:15Z</time>
      </trkpt>
      <trkpt lat="37.78996" lon="-122.47269">
        <ele>67.57</ele>
        <time>2025-01-10T22:52:18Z</time>
      </trkpt>
      <trkpt lat="37.78995" lon="-122.47274">
        <ele>67.46</ele>
        <time>2025-01-10T22:52:21Z</time>
      </trkpt>
      <trkpt lat="37.78994" lon="-122.47278">
        <ele>67.35</ele>
        <time>2025-01-10T22:52:24Z</time>
      </trkpt>
      <trkpt lat="37.78993" lon="-122.47283">
        <ele>67.24</ele>
        <time>2025-01-10T22:52:27Z</time>
      </trkpt>
      <trkpt lat="37.78993" lon="-122.47288">
        <ele>67.24</ele>
        <time>2025-01-10T22:52:30Z</time>
      </trkpt>
      <trkpt lat="37.78993" lon="-122.47293">
        <ele>67.24</ele>
        <time>2025-01-10T22:52:33Z</time>
      </trkpt>
      <trkpt lat="37.78993" lon="-122.47297">
        <ele>67.3</ele>
        <time>2025-01-10T22:52:36Z</time>
      </trkpt>
      <trkpt lat="37.78992" lon="-122.47302">
        <ele>67.67</ele>
        <time>2025-01-10T22:52:39Z</time>
      </trkpt>
      <trkpt lat="37.78991" lon="-122.47306">
        <ele>68.0</ele>
        <time>2025-01-10T22:52:42Z</time>
      </trkpt>
      <trkpt lat="37.7899" lon="-122.47309">
        <ele>67.97</ele>
        <time>2025-01-10T22:52:45Z</time>
      </trkpt>
      <trkpt lat="37.78989" lon="-122.47312">
        <ele>67.87</ele>
        <time>2025-01-10T22:52:48Z</time>
      </trkpt>
      <trkpt lat="37.78988" lon="-122.47316">
        <ele>67.83</ele>
        <time>2025-01-10T22:52:51Z</time>
      </trkpt>
      <trkpt lat="37.78988" lon="-122.4732">
        <ele>68.26</ele>
        <time>2025-01-10T22:52:54Z</time>
      </trkpt>
      <trkpt lat="37.78989" lon="-122.47324">
        <ele>68.8</ele>
        <time>2025-01-10T22:52:58Z</time>
      </trkpt>
      <trkpt lat="37.78989" lon="-122.47328">
        <ele>68.81</ele>
        <time>2025-01-10T22:53:01Z</time>
      </trkpt>
      <trkpt lat="37.78989" lon="-122.47333">
        <ele>68.81</ele>
        <time>2025-01-10T22:53:05Z</time>
      </trkpt>
      <trkpt lat="37.78989" lon="-122.47337">
        <ele>69.21</ele>
        <time>2025-01-10T22:53:08Z</time>
      </trkpt>
      <trkpt lat="37.78989" lon="-122.47341">
        <ele>69.64</ele>
        <time>2025-01-10T22:53:11Z</time>
      </trkpt>
      <trkpt lat="37.78989" lon="-122.47346">
        <ele>70.18</ele>
        <time>2025-01-10T22:53:14Z</time>
      </trkpt>
      <trkpt lat="37.7899" lon="-122.4735">
        <ele>70.72</ele>
        <time>2025-01-10T22:53:17Z</time>
      </trkpt>
      <trkpt lat="37.7899" lon="-122.47354">
        <ele>70.94</ele>
        <time>2025-01-10T22:53:20Z</time>
      </trkpt>
      <trkpt lat="37.7899" lon="-122.47359">
        <ele>70.98</ele>
        <time>2025-01-10T22:53:23Z</time>
      </trkpt>
      <trkpt lat="37.78989" lon="-122.47363">
        <ele>71.2</ele>
        <time>2025-01-10T22:53:26Z</time>
      </trkpt>
      <trkpt lat="37.78987" lon="-122.47367">
        <ele>71.64</ele>
        <time>2025-01-10T22:53:29Z</time>
      </trkpt>
      <trkpt lat="37.78986" lon="-122.4737">
        <ele>71.96</ele>
        <time>2025-01-10T22:53:32Z</time>
      </trkpt>
      <trkpt lat="37.78984" lon="-122.47374">
        <ele>72.29</ele>
        <time>2025-01-10T22:53:35Z</time>
      </trkpt>
      <trkpt lat="37.78983" lon="-122.47377">
        <ele>72.6</ele>
        <time>2025-01-10T22:53:38Z</time>
      </trkpt>
      <trkpt lat="37.78981" lon="-122.4738">
        <ele>72.94</ele>
        <time>2025-01-10T22:53:41Z</time>
      </trkpt>
      <trkpt lat="37.78978" lon="-122.47384">
        <ele>72.9</ele>
        <time>2025-01-10T22:53:44Z</time>
      </trkpt>
      <trkpt lat="37.78976" lon="-122.47387">
        <ele>73.08</ele>
        <time>2025-01-10T22:53:47Z</time>
      </trkpt>
      <trkpt lat="37.78974" lon="-122.47391">
        <ele>73.38</ele>
        <time>2025-01-10T22:53:50Z</time>
      </trkpt>
      <trkpt lat="37.78972" lon="-122.47395">
        <ele>73.6</ele>
        <time>2025-01-10T22:53:53Z</time>
      </trkpt>
      <trkpt lat="37.7897" lon="-122.47399">
        <ele>73.54</ele>
        <time>2025-01-10T22:53:56Z</time>
      </trkpt>
      <trkpt lat="37.78969" lon="-122.47403">
        <ele>73.49</ele>
        <time>2025-01-10T22:53:59Z</time>
      </trkpt>
      <trkpt lat="37.78968" lon="-122.47408">
        <ele>73.51</ele>
        <time>2025-01-10T22:54:02Z</time>
      </trkpt>
      <trkpt lat="37.78967" lon="-122.47411">
        <ele>73.22</ele>
        <time>2025-01-10T22:54:04Z</time>
      </trkpt>
      <trkpt lat="37.78965" lon="-122.47416">
        <ele>72.5</ele>
        <time>2025-01-10T22:54:07Z</time>
      </trkpt>
      <trkpt lat="37.78965" lon="-122.47421">
        <ele>72.34</ele>
        <time>2025-01-10T22:54:10Z</time>
      </trkpt>
      <trkpt lat="37.78964" lon="-122.47426">
        <ele>72.1</ele>
        <time>2025-01-10T22:54:13Z</time>
      </trkpt>
      <trkpt lat="37.78965" lon="-122.4743">
        <ele>71.78</ele>
        <time>2025-01-10T22:54:16Z</time>
      </trkpt>
      <trkpt lat="37.78965" lon="-122.47435">
        <ele>71.24</ele>
        <time>2025-01-10T22:54:19Z</time>
      </trkpt>
      <trkpt lat="37.78964" lon="-122.47439">
        <ele>71.11</ele>
        <time>2025-01-10T22:54:22Z</time>
      </trkpt>
      <trkpt lat="37.78963" lon="-122.47443">
        <ele>71.0</ele>
        <time>2025-01-10T22:54:25Z</time>
      </trkpt>
      <trkpt lat="37.78962" lon="-122.47447">
        <ele>70.9</ele>
        <time>2025-01-10T22:54:28Z</time>
      </trkpt>
      <trkpt lat="37.78961" lon="-122.47451">
        <ele>70.79</ele>
        <time>2025-01-10T22:54:31Z</time>
      </trkpt>
      <trkpt lat="37.7896" lon="-122.47455">
        <ele>70.68</ele>
        <time>2025-01-10T22:54:34Z</time>
      </trkpt>
      <trkpt lat="37.78962" lon="-122.47459">
        <ele>70.9</ele>
        <time>2025-01-10T22:54:55Z</time>
      </trkpt>
      <trkpt lat="37.7896" lon="-122.47463">
        <ele>70.68</ele>
        <time>2025-01-10T22:54:58Z</time>
      </trkpt>
      <trkpt lat="37.78959" lon="-122.47466">
        <ele>70.76</ele>
        <time>2025-01-10T22:55:01Z</time>
      </trkpt>
      <trkpt lat="37.78958" lon="-122.4747">
        <ele>70.82</ele>
        <time>2025-01-10T22:55:04Z</time>
      </trkpt>
      <trkpt lat="37.78958" lon="-122.47474">
        <ele>71.03</ele>
        <time>2025-01-10T22:55:07Z</time>
      </trkpt>
      <trkpt lat="37.78957" lon="-122.47477">
        <ele>71.04</ele>
        <time>2025-01-10T22:55:10Z</time>
      </trkpt>
      <trkpt lat="37.78957" lon="-122.47481">
        <ele>71.32</ele>
        <time>2025-01-10T22:55:14Z</time>
      </trkpt>
      <trkpt lat="37.78958" lon="-122.47485">
        <ele>71.46</ele>
        <time>2025-01-10T22:55:44Z</time>
      </trkpt>
      <trkpt lat="37.78959" lon="-122.47488">
        <ele>71.57</ele>
        <time>2025-01-10T22:55:55Z</time>
      </trkpt>
      <trkpt lat="37.78958" lon="-122.47492">
        <ele>71.4</ele>
        <time>2025-01-10T22:55:58Z</time>
      </trkpt>
      <trkpt lat="37.78958" lon="-122.47496">
        <ele>71.2</ele>
        <time>2025-01-10T22:56:01Z</time>
      </trkpt>
      <trkpt lat="37.78958" lon="-122.475">
        <ele>71.0</ele>
        <time>2025-01-10T22:56:04Z</time>
      </trkpt>
      <trkpt lat="37.78959" lon="-122.47504">
        <ele>71.0</ele>
        <time>2025-01-10T22:56:07Z</time>
      </trkpt>
      <trkpt lat="37.7896" lon="-122.47509">
        <ele>71.0</ele>
        <time>2025-01-10T22:56:10Z</time>
      </trkpt>
      <trkpt lat="37.78962" lon="-122.47513">
        <ele>71.0</ele>
        <time>2025-01-10T22:56:13Z</time>
      </trkpt>
      <trkpt lat="37.78964" lon="-122.47516">
        <ele>71.0</ele>
        <time>2025-01-10T22:56:15Z</time>
      </trkpt>
      <trkpt lat="37.78966" lon="-122.47519">
        <ele>70.98</ele>
        <time>2025-01-10T22:56:18Z</time>
      </trkpt>
      <trkpt lat="37.7897" lon="-122.47522">
        <ele>70.71</ele>
        <time>2025-01-10T22:56:21Z</time>
      </trkpt>
      <trkpt lat="37.78973" lon="-122.47524">
        <ele>70.37</ele>
        <time>2025-01-10T22:56:24Z</time>
      </trkpt>
      <trkpt lat="37.78977" lon="-122.47525">
        <ele>70.15</ele>
        <time>2025-01-10T22:56:27Z</time>
      </trkpt>
      <trkpt lat="37.78979" lon="-122.47529">
        <ele>70.0</ele>
        <time>2025-01-10T22:56:30Z</time>
      </trkpt>
      <trkpt lat="37.78979" lon="-122.47533">
        <ele>70.0</ele>
        <time>2025-01-10T22:56:32Z</time>
      </trkpt>
      <trkpt lat="37.7898" lon="-122.47538">
        <ele>69.91</ele>
        <time>2025-01-10T22:56:35Z</time>
      </trkpt>
      <trkpt lat="37.78979" lon="-122.47541">
        <ele>69.69</ele>
        <time>2025-01-10T22:56:37Z</time>
      </trkpt>
      <trkpt lat="37.78978" lon="-122.47545">
        <ele>69.46</ele>
        <time>2025-01-10T22:56:39Z</time>
      </trkpt>
      <trkpt lat="37.78978" lon="-122.4755">
        <ele>69.38</ele>
        <time>2025-01-10T22:56:42Z</time>
      </trkpt>
      <trkpt lat="37.78978" lon="-122.47554">
        <ele>69.38</ele>
        <time>2025-01-10T22:56:46Z</time>
      </trkpt>
      <trkpt lat="37.78977" lon="-122.47558">
        <ele>69.36</ele>
        <time>2025-01-10T22:56:49Z</time>
      </trkpt>
      <trkpt lat="37.78976" lon="-122.47562">
        <ele>69.18</ele>
        <time>2025-01-10T22:56:53Z</time>
      </trkpt>
      <trkpt lat="37.78975" lon="-122.47566">
        <ele>68.91</ele>
        <time>2025-01-10T22:57:00Z</time>
      </trkpt>
      <trkpt lat="37.78974" lon="-122.47569">
        <ele>68.63</ele>
        <time>2025-01-10T22:57:03Z</time>
      </trkpt>
      <trkpt lat="37.78973" lon="-122.47574">
        <ele>68.09</ele>
        <time>2025-01-10T22:57:24Z</time>
      </trkpt>
      <trkpt lat="37.78972" lon="-122.47577">
        <ele>68.3</ele>
        <time>2025-01-10T22:57:27Z</time>
      </trkpt>
      <trkpt lat="37.78972" lon="-122.47582">
        <ele>68.85</ele>
        <time>2025-01-10T22:57:30Z</time>
      </trkpt>
      <trkpt lat="37.7897" lon="-122.47585">
        <ele>69.04</ele>
        <time>2025-01-10T22:57:33Z</time>
      </trkpt>
      <trkpt lat="37.78969" lon="-122.47588">
        <ele>69.18</ele>
        <time>2025-01-10T22:57:36Z</time>
      </trkpt>
      <trkpt lat="37.78968" lon="-122.47593">
        <ele>69.48</ele>
        <time>2025-01-10T22:57:40Z</time>
      </trkpt>
      <trkpt lat="37.78968" lon="-122.47597">
        <ele>69.71</ele>
        <time>2025-01-10T22:57:43Z</time>
      </trkpt>
      <trkpt lat="37.78968" lon="-122.47602">
        <ele>70.0</ele>
        <time>2025-01-10T22:57:46Z</time>
      </trkpt>
      <trkpt lat="37.78969" lon="-122.47606">
        <ele>70.0</ele>
        <time>2025-01-10T22:57:49Z</time>
      </trkpt>
      <trkpt lat="37.7897" lon="-122.47611">
        <ele>70.0</ele>
        <time>2025-01-10T22:57:52Z</time>
      </trkpt>
      <trkpt lat="37.78971" lon="-122.47615">
        <ele>70.0</ele>
        <time>2025-01-10T22:57:55Z</time>
      </trkpt>
      <trkpt lat="37.78971" lon="-122.47619">
        <ele>70.0</ele>
        <time>2025-01-10T22:57:58Z</time>
      </trkpt>
      <trkpt lat="37.78972" lon="-122.47624">
        <ele>70.4</ele>
        <time>2025-01-10T22:58:01Z</time>
      </trkpt>
      <trkpt lat="37.78971" lon="-122.47628">
        <ele>70.93</ele>
        <time>2025-01-10T22:58:04Z</time>
      </trkpt>
      <trkpt lat="37.7897" lon="-122.47631">
        <ele>71.24</ele>
        <time>2025-01-10T22:58:07Z</time>
      </trkpt>
      <trkpt lat="37.78968" lon="-122.47634">
        <ele>71.46</ele>
        <time>2025-01-10T22:58:10Z</time>
      </trkpt>
      <trkpt lat="37.78966" lon="-122.47637">
        <ele>71.67</ele>
        <time>2025-01-10T22:58:15Z</time>
      </trkpt>
      <trkpt lat="37.78964" lon="-122.47641">
        <ele>71.69</ele>
        <time>2025-01-10T22:58:18Z</time>
      </trkpt>
      <trkpt lat="37.78964" lon="-122.47645">
        <ele>71.3</ele>
        <time>2025-01-10T22:58:21Z</time>
      </trkpt>
      <trkpt lat="37.78964" lon="-122.47649">
        <ele>71.0</ele>
        <time>2025-01-10T22:58:24Z</time>
      </trkpt>
      <trkpt lat="37.78964" lon="-122.47653">
        <ele>71.0</ele>
        <time>2025-01-10T22:58:27Z</time>
      </trkpt>
      <trkpt lat="37.78965" lon="-122.47658">
        <ele>70.95</ele>
        <time>2025-01-10T22:58:30Z</time>
      </trkpt>
      <trkpt lat="37.78965" lon="-122.47661">
        <ele>70.7</ele>
        <time>2025-01-10T22:58:32Z</time>
      </trkpt>
      <trkpt lat="37.78967" lon="-122.47664">
        <ele>70.6</ele>
        <time>2025-01-10T22:58:34Z</time>
      </trkpt>
      <trkpt lat="37.78967" lon="-122.47669">
        <ele>70.33</ele>
        <time>2025-01-10T22:58:37Z</time>
      </trkpt>
      <trkpt lat="37.78966" lon="-122.47674">
        <ele>70.07</ele>
        <time>2025-01-10T22:58:39Z</time>
      </trkpt>
      <trkpt lat="37.78965" lon="-122.47677">
        <ele>70.0</ele>
        <time>2025-01-10T22:58:41Z</time>
      </trkpt>
      <trkpt lat="37.78964" lon="-122.47681">
        <ele>70.0</ele>
        <time>2025-01-10T22:58:43Z</time>
      </trkpt>
      <trkpt lat="37.78962" lon="-122.47685">
        <ele>69.69</ele>
        <time>2025-01-10T22:58:45Z</time>
      </trkpt>
      <trkpt lat="37.7896" lon="-122.47689">
        <ele>69.04</ele>
        <time>2025-01-10T22:58:47Z</time>
      </trkpt>
      <trkpt lat="37.7896" lon="-122.47692">
        <ele>69.04</ele>
        <time>2025-01-10T22:58:49Z</time>
      </trkpt>
      <trkpt lat="37.7896" lon="-122.47696">
        <ele>69.04</ele>
        <time>2025-01-10T22:58:51Z</time>
      </trkpt>
      <trkpt lat="37.78959" lon="-122.47699">
        <ele>68.72</ele>
        <time>2025-01-10T22:58:54Z</time>
      </trkpt>
      <trkpt lat="37.78957" lon="-122.47703">
        <ele>68.07</ele>
        <time>2025-01-10T22:58:59Z</time>
      </trkpt>
      <trkpt lat="37.78956" lon="-122.47706">
        <ele>67.68</ele>
        <time>2025-01-10T22:59:04Z</time>
      </trkpt>
      <trkpt lat="37.78955" lon="-122.4771">
        <ele>67.32</ele>
        <time>2025-01-10T22:59:10Z</time>
      </trkpt>
      <trkpt lat="37.78954" lon="-122.47714">
        <ele>66.95</ele>
        <time>2025-01-10T22:59:15Z</time>
      </trkpt>
      <trkpt lat="37.78953" lon="-122.47719">
        <ele>66.12</ele>
        <time>2025-01-10T22:59:18Z</time>
      </trkpt>
      <trkpt lat="37.78952" lon="-122.47723">
        <ele>65.36</ele>
        <time>2025-01-10T22:59:21Z</time>
      </trkpt>
      <trkpt lat="37.78951" lon="-122.47728">
        <ele>64.5</ele>
        <time>2025-01-10T22:59:25Z</time>
      </trkpt>
      <trkpt lat="37.78951" lon="-122.47731">
        <ele>64.18</ele>
        <time>2025-01-10T22:59:28Z</time>
      </trkpt>
      <trkpt lat="37.78952" lon="-122.47736">
        <ele>63.56</ele>
        <time>2025-01-10T22:59:32Z</time>
      </trkpt>
      <trkpt lat="37.78952" lon="-122.4774">
        <ele>62.78</ele>
        <time>2025-01-10T22:59:35Z</time>
      </trkpt>
      <trkpt lat="37.78952" lon="-122.47743">
        <ele>62.19</ele>
        <time>2025-01-10T22:59:38Z</time>
      </trkpt>
      <trkpt lat="37.78952" lon="-122.47748">
        <ele>61.21</ele>
        <time>2025-01-10T22:59:42Z</time>
      </trkpt>
      <trkpt lat="37.7895" lon="-122.47752">
        <ele>60.3</ele>
        <time>2025-01-10T22:59:45Z</time>
      </trkpt>
      <trkpt lat="37.78948" lon="-122.47756">
        <ele>59.34</ele>
        <time>2025-01-10T22:59:49Z</time>
      </trkpt>
      <trkpt lat="37.78948" lon="-122.47759">
        <ele>58.81</ele>
        <time>2025-01-10T22:59:51Z</time>
      </trkpt>
      <trkpt lat="37.78947" lon="-122.47764">
        <ele>57.9</ele>
        <time>2025-01-10T22:59:54Z</time>
      </trkpt>
      <trkpt lat="37.78947" lon="-122.47767">
        <ele>57.49</ele>
        <time>2025-01-10T22:59:58Z</time>
      </trkpt>
      <trkpt lat="37.78948" lon="-122.47772">
        <ele>56.63</ele>
        <time>2025-01-10T23:00:04Z</time>
      </trkpt>
      <trkpt lat="37.78948" lon="-122.47776">
        <ele>55.77</ele>
        <time>2025-01-10T23:00:08Z</time>
      </trkpt>
      <trkpt lat="37.78945" lon="-122.47778">
        <ele>55.04</ele>
        <time>2025-01-10T23:00:11Z</time>
      </trkpt>
      <trkpt lat="37.78943" lon="-122.4778">
        <ele>54.45</ele>
        <time>2025-01-10T23:00:14Z</time>
      </trkpt>
      <trkpt lat="37.78941" lon="-122.47783">
        <ele>53.69</ele>
        <time>2025-01-10T23:00:20Z</time>
      </trkpt>
      <trkpt lat="37.78941" lon="-122.47787">
        <ele>53.26</ele>
        <time>2025-01-10T23:00:24Z</time>
      </trkpt>
      <trkpt lat="37.78941" lon="-122.47791">
        <ele>52.56</ele>
        <time>2025-01-10T23:00:27Z</time>
      </trkpt>
      <trkpt lat="37.78939" lon="-122.47795">
        <ele>51.61</ele>
        <time>2025-01-10T23:00:29Z</time>
      </trkpt>
      <trkpt lat="37.78937" lon="-122.47797">
        <ele>51.07</ele>
        <time>2025-01-10T23:00:31Z</time>
      </trkpt>
      <trkpt lat="37.78933" lon="-122.47798">
        <ele>50.2</ele>
        <time>2025-01-10T23:00:33Z</time>
      </trkpt>
      <trkpt lat="37.7893" lon="-122.47799">
        <ele>49.46</ele>
        <time>2025-01-10T23:00:36Z</time>
      </trkpt>
      <trkpt lat="37.78927" lon="-122.47802">
        <ele>48.54</ele>
        <time>2025-01-10T23:00:42Z</time>
      </trkpt>
      <trkpt lat="37.78926" lon="-122.47805">
        <ele>48.07</ele>
        <time>2025-01-10T23:00:45Z</time>
      </trkpt>
      <trkpt lat="37.78923" lon="-122.47806">
        <ele>47.29</ele>
        <time>2025-01-10T23:00:47Z</time>
      </trkpt>
      <trkpt lat="37.7892" lon="-122.47809">
        <ele>46.21</ele>
        <time>2025-01-10T23:00:50Z</time>
      </trkpt>
      <trkpt lat="37.78919" lon="-122.47812">
        <ele>45.63</ele>
        <time>2025-01-10T23:00:54Z</time>
      </trkpt>
      <trkpt lat="37.78919" lon="-122.47816">
        <ele>45.16</ele>
        <time>2025-01-10T23:00:59Z</time>
      </trkpt>
      <trkpt lat="37.7892" lon="-122.4782">
        <ele>45.0</ele>
        <time>2025-01-10T23:01:03Z</time>
      </trkpt>
      <trkpt lat="37.78919" lon="-122.47823">
        <ele>44.59</ele>
        <time>2025-01-10T23:01:07Z</time>
      </trkpt>
      <trkpt lat="37.78918" lon="-122.47827">
        <ele>43.66</ele>
        <time>2025-01-10T23:01:12Z</time>
      </trkpt>
      <trkpt lat="37.78918" lon="-122.47831">
        <ele>42.79</ele>
        <time>2025-01-10T23:01:15Z</time>
      </trkpt>
      <trkpt lat="37.78916" lon="-122.47834">
        <ele>41.86</ele>
        <time>2025-01-10T23:01:17Z</time>
      </trkpt>
      <trkpt lat="37.78913" lon="-122.47838">
        <ele>41.1</ele>
        <time>2025-01-10T23:01:20Z</time>
      </trkpt>
      <trkpt lat="37.7891" lon="-122.4784">
        <ele>40.56</ele>
        <time>2025-01-10T23:01:22Z</time>
      </trkpt>
      <trkpt lat="37.78908" lon="-122.47842">
        <ele>40.13</ele>
        <time>2025-01-10T23:01:24Z</time>
      </trkpt>
      <trkpt lat="37.78905" lon="-122.47844">
        <ele>39.85</ele>
        <time>2025-01-10T23:01:26Z</time>
      </trkpt>
      <trkpt lat="37.78903" lon="-122.47848">
        <ele>39.42</ele>
        <time>2025-01-10T23:01:29Z</time>
      </trkpt>
      <trkpt lat="37.789" lon="-122.47852">
        <ele>38.97</ele>
        <time>2025-01-10T23:01:32Z</time>
      </trkpt>
      <trkpt lat="37.78898" lon="-122.47854">
        <ele>38.52</ele>
        <time>2025-01-10T23:01:34Z</time>
      </trkpt>
      <trkpt lat="37.78895" lon="-122.47857">
        <ele>37.74</ele>
        <time>2025-01-10T23:01:36Z</time>
      </trkpt>
      <trkpt lat="37.78891" lon="-122.47859">
        <ele>37.28</ele>
        <time>2025-01-10T23:01:39Z</time>
      </trkpt>
      <trkpt lat="37.78889" lon="-122.4786">
        <ele>37.12</ele>
        <time>2025-01-10T23:01:43Z</time>
      </trkpt>
      <trkpt lat="37.78886" lon="-122.47862">
        <ele>36.53</ele>
        <time>2025-01-10T23:01:46Z</time>
      </trkpt>
      <trkpt lat="37.78883" lon="-122.47864">
        <ele>35.94</ele>
        <time>2025-01-10T23:01:50Z</time>
      </trkpt>
      <trkpt lat="37.78882" lon="-122.47868">
        <ele>35.32</ele>
        <time>2025-01-10T23:01:54Z</time>
      </trkpt>
      <trkpt lat="37.78879" lon="-122.4787">
        <ele>34.91</ele>
        <time>2025-01-10T23:01:57Z</time>
      </trkpt>
      <trkpt lat="37.78875" lon="-122.4787">
        <ele>34.06</ele>
        <time>2025-01-10T23:02:00Z</time>
      </trkpt>
      <trkpt lat="37.78871" lon="-122.47871">
        <ele>33.13</ele>
        <time>2025-01-10T23:02:03Z</time>
      </trkpt>
      <trkpt lat="37.78868" lon="-122.47874">
        <ele>32.9</ele>
        <time>2025-01-10T23:02:06Z</time>
      </trkpt>
      <trkpt lat="37.78865" lon="-122.47877">
        <ele>32.58</ele>
        <time>2025-01-10T23:02:09Z</time>
      </trkpt>
      <trkpt lat="37.78863" lon="-122.4788">
        <ele>32.2</ele>
        <time>2025-01-10T23:02:12Z</time>
      </trkpt>
      <trkpt lat="37.78863" lon="-122.47884">
        <ele>32.11</ele>
        <time>2025-01-10T23:02:15Z</time>
      </trkpt>
      <trkpt lat="37.78865" lon="-122.47888">
        <ele>32.04</ele>
        <time>2025-01-10T23:02:19Z</time>
      </trkpt>
      <trkpt lat="37.78867" lon="-122.47891">
        <ele>31.77</ele>
        <time>2025-01-10T23:02:22Z</time>
      </trkpt>
      <trkpt lat="37.7887" lon="-122.47894">
        <ele>31.45</ele>
        <time>2025-01-10T23:02:25Z</time>
      </trkpt>
      <trkpt lat="37.78872" lon="-122.47898">
        <ele>31.02</ele>
        <time>2025-01-10T23:02:28Z</time>
      </trkpt>
      <trkpt lat="37.78874" lon="-122.479">
        <ele>30.8</ele>
        <time>2025-01-10T23:02:31Z</time>
      </trkpt>
      <trkpt lat="37.78877" lon="-122.47902">
        <ele>30.58</ele>
        <time>2025-01-10T23:02:34Z</time>
      </trkpt>
      <trkpt lat="37.78879" lon="-122.47906">
        <ele>30.15</ele>
        <time>2025-01-10T23:02:37Z</time>
      </trkpt>
      <trkpt lat="37.78882" lon="-122.47909">
        <ele>29.87</ele>
        <time>2025-01-10T23:02:40Z</time>
      </trkpt>
      <trkpt lat="37.78884" lon="-122.47912">
        <ele>29.74</ele>
        <time>2025-01-10T23:02:42Z</time>
      </trkpt>
      <trkpt lat="37.78886" lon="-122.47916">
        <ele>29.71</ele>
        <time>2025-01-10T23:02:45Z</time>
      </trkpt>
      <trkpt lat="37.78888" lon="-122.4792">
        <ele>29.54</ele>
        <time>2025-01-10T23:02:48Z</time>
      </trkpt>
      <trkpt lat="37.7889" lon="-122.47924">
        <ele>29.33</ele>
        <time>2025-01-10T23:02:51Z</time>
      </trkpt>
      <trkpt lat="37.78891" lon="-122.47927">
        <ele>29.11</ele>
        <time>2025-01-10T23:02:53Z</time>
      </trkpt>
      <trkpt lat="37.78893" lon="-122.47931">
        <ele>28.9</ele>
        <time>2025-01-10T23:02:56Z</time>
      </trkpt>
      <trkpt lat="37.78894" lon="-122.47935">
        <ele>28.57</ele>
        <time>2025-01-10T23:02:59Z</time>
      </trkpt>
      <trkpt lat="37.78896" lon="-122.47938">
        <ele>28.77</ele>
        <time>2025-01-10T23:03:02Z</time>
      </trkpt>
      <trkpt lat="37.78897" lon="-122.47942">
        <ele>28.88</ele>
        <time>2025-01-10T23:03:05Z</time>
      </trkpt>
      <trkpt lat="37.78898" lon="-122.47945">
        <ele>28.98</ele>
        <time>2025-01-10T23:03:08Z</time>
      </trkpt>
      <trkpt lat="37.789" lon="-122.47948">
        <ele>29.2</ele>
        <time>2025-01-10T23:03:11Z</time>
      </trkpt>
      <trkpt lat="37.78902" lon="-122.47951">
        <ele>29.42</ele>
        <time>2025-01-10T23:03:16Z</time>
      </trkpt>
      <trkpt lat="37.78905" lon="-122.47954">
        <ele>29.71</ele>
        <time>2025-01-10T23:03:21Z</time>
      </trkpt>
      <trkpt lat="37.78906" lon="-122.47957">
        <ele>29.49</ele>
        <time>2025-01-10T23:03:27Z</time>
      </trkpt>
      <trkpt lat="37.78907" lon="-122.4796">
        <ele>29.28</ele>
        <time>2025-01-10T23:03:47Z</time>
      </trkpt>
      <trkpt lat="37.78908" lon="-122.47964">
        <ele>29.12</ele>
        <time>2025-01-10T23:03:51Z</time>
      </trkpt>
      <trkpt lat="37.78909" lon="-122.47968">
        <ele>29.25</ele>
        <time>2025-01-10T23:03:55Z</time>
      </trkpt>
      <trkpt lat="37.78911" lon="-122.4797">
        <ele>29.48</ele>
        <time>2025-01-10T23:03:58Z</time>
      </trkpt>
      <trkpt lat="37.78914" lon="-122.47973">
        <ele>29.63</ele>
        <time>2025-01-10T23:04:01Z</time>
      </trkpt>
      <trkpt lat="37.78915" lon="-122.47976">
        <ele>29.41</ele>
        <time>2025-01-10T23:04:04Z</time>
      </trkpt>
      <trkpt lat="37.78916" lon="-122.4798">
        <ele>29.09</ele>
        <time>2025-01-10T23:04:07Z</time>
      </trkpt>
      <trkpt lat="37.78916" lon="-122.47984">
        <ele>29.18</ele>
        <time>2025-01-10T23:04:10Z</time>
      </trkpt>
      <trkpt lat="37.78916" lon="-122.47987">
        <ele>29.48</ele>
        <time>2025-01-10T23:04:13Z</time>
      </trkpt>
      <trkpt lat="37.78917" lon="-122.47992">
        <ele>29.87</ele>
        <time>2025-01-10T23:04:17Z</time>
      </trkpt>
      <trkpt lat="37.78917" lon="-122.47996">
        <ele>29.45</ele>
        <time>2025-01-10T23:04:20Z</time>
      </trkpt>
      <trkpt lat="37.78918" lon="-122.48001">
        <ele>29.13</ele>
        <time>2025-01-10T23:04:23Z</time>
      </trkpt>
      <trkpt lat="37.78919" lon="-122.48004">
        <ele>29.14</ele>
        <time>2025-01-10T23:04:26Z</time>
      </trkpt>
      <trkpt lat="37.78919" lon="-122.48008">
        <ele>29.03</ele>
        <time>2025-01-10T23:04:28Z</time>
      </trkpt>
      <trkpt lat="37.78919" lon="-122.48012">
        <ele>28.78</ele>
        <time>2025-01-10T23:04:31Z</time>
      </trkpt>
      <trkpt lat="37.78919" lon="-122.48016">
        <ele>28.46</ele>
        <time>2025-01-10T23:04:35Z</time>
      </trkpt>
      <trkpt lat="37.7892" lon="-122.48019">
        <ele>28.34</ele>
        <time>2025-01-10T23:04:38Z</time>
      </trkpt>
      <trkpt lat="37.78921" lon="-122.48023">
        <ele>28.24</ele>
        <time>2025-01-10T23:04:41Z</time>
      </trkpt>
      <trkpt lat="37.78923" lon="-122.48027">
        <ele>28.06</ele>
        <time>2025-01-10T23:04:44Z</time>
      </trkpt>
      <trkpt lat="37.78924" lon="-122.48031">
        <ele>27.65</ele>
        <time>2025-01-10T23:04:47Z</time>
      </trkpt>
      <trkpt lat="37.78924" lon="-122.48036">
        <ele>27.11</ele>
        <time>2025-01-10T23:04:50Z</time>
      </trkpt>
      <trkpt lat="37.78924" lon="-122.48041">
        <ele>26.57</ele>
        <time>2025-01-10T23:04:53Z</time>
      </trkpt>
      <trkpt lat="37.78926" lon="-122.48044">
        <ele>26.26</ele>
        <time>2025-01-10T23:04:55Z</time>
      </trkpt>
      <trkpt lat="37.78927" lon="-122.48048">
        <ele>26.12</ele>
        <time>2025-01-10T23:04:58Z</time>
      </trkpt>
      <trkpt lat="37.78927" lon="-122.48053">
        <ele>26.12</ele>
        <time>2025-01-10T23:05:02Z</time>
      </trkpt>
      <trkpt lat="37.78927" lon="-122.48057">
        <ele>25.96</ele>
        <time>2025-01-10T23:05:04Z</time>
      </trkpt>
      <trkpt lat="37.78928" lon="-122.48061">
        <ele>25.64</ele>
        <time>2025-01-10T23:05:06Z</time>
      </trkpt>
      <trkpt lat="37.78929" lon="-122.48066">
        <ele>25.33</ele>
        <time>2025-01-10T23:05:09Z</time>
      </trkpt>
      <trkpt lat="37.7893" lon="-122.4807">
        <ele>25.44</ele>
        <time>2025-01-10T23:05:12Z</time>
      </trkpt>
      <trkpt lat="37.7893" lon="-122.48075">
        <ele>25.44</ele>
        <time>2025-01-10T23:05:15Z</time>
      </trkpt>
      <trkpt lat="37.7893" lon="-122.4808">
        <ele>25.44</ele>
        <time>2025-01-10T23:05:18Z</time>
      </trkpt>
      <trkpt lat="37.7893" lon="-122.48084">
        <ele>25.4</ele>
        <time>2025-01-10T23:05:21Z</time>
      </trkpt>
      <trkpt lat="37.7893" lon="-122.48088">
        <ele>25.16</ele>
        <time>2025-01-10T23:05:23Z</time>
      </trkpt>
      <trkpt lat="37.78929" lon="-122.48091">
        <ele>24.78</ele>
        <time>2025-01-10T23:05:25Z</time>
      </trkpt>
      <trkpt lat="37.78928" lon="-122.48095">
        <ele>24.45</ele>
        <time>2025-01-10T23:05:27Z</time>
      </trkpt>
      <trkpt lat="37.78928" lon="-122.481">
        <ele>24.45</ele>
        <time>2025-01-10T23:05:30Z</time>
      </trkpt>
      <trkpt lat="37.78928" lon="-122.48105">
        <ele>24.45</ele>
        <time>2025-01-10T23:05:33Z</time>
      </trkpt>
      <trkpt lat="37.78929" lon="-122.48109">
        <ele>24.66</ele>
        <time>2025-01-10T23:05:36Z</time>
      </trkpt>
      <trkpt lat="37.78929" lon="-122.48114">
        <ele>24.56</ele>
        <time>2025-01-10T23:05:39Z</time>
      </trkpt>
      <trkpt lat="37.78928" lon="-122.48119">
        <ele>24.26</ele>
        <time>2025-01-10T23:05:42Z</time>
      </trkpt>
      <trkpt lat="37.78928" lon="-122.48124">
        <ele>24.22</ele>
        <time>2025-01-10T23:05:45Z</time>
      </trkpt>
      <trkpt lat="37.78928" lon="-122.48129">
        <ele>24.22</ele>
        <time>2025-01-10T23:05:48Z</time>
      </trkpt>
      <trkpt lat="37.78927" lon="-122.48133">
        <ele>24.12</ele>
        <time>2025-01-10T23:05:51Z</time>
      </trkpt>
      <trkpt lat="37.78928" lon="-122.48137">
        <ele>24.22</ele>
        <time>2025-01-10T23:05:54Z</time>
      </trkpt>
      <trkpt lat="37.78928" lon="-122.48142">
        <ele>24.15</ele>
        <time>2025-01-10T23:05:57Z</time>
      </trkpt>
      <trkpt lat="37.78929" lon="-122.48147">
        <ele>24.04</ele>
        <time>2025-01-10T23:06:00Z</time>
      </trkpt>
      <trkpt lat="37.7893" lon="-122.4815">
        <ele>24.0</ele>
        <time>2025-01-10T23:06:02Z</time>
      </trkpt>
      <trkpt lat="37.78932" lon="-122.48155">
        <ele>24.0</ele>
        <time>2025-01-10T23:06:05Z</time>
      </trkpt>
      <trkpt lat="37.78933" lon="-122.48159">
        <ele>24.0</ele>
        <time>2025-01-10T23:06:08Z</time>
      </trkpt>
      <trkpt lat="37.78932" lon="-122.48164">
        <ele>24.0</ele>
        <time>2025-01-10T23:06:10Z</time>
      </trkpt>
      <trkpt lat="37.78932" lon="-122.48168">
        <ele>23.91</ele>
        <time>2025-01-10T23:06:12Z</time>
      </trkpt>
      <trkpt lat="37.78931" lon="-122.48171">
        <ele>23.74</ele>
        <time>2025-01-10T23:06:14Z</time>
      </trkpt>
      <trkpt lat="37.78931" lon="-122.48176">
        <ele>23.45</ele>
        <time>2025-01-10T23:06:18Z</time>
      </trkpt>
      <trkpt lat="37.78932" lon="-122.4818">
        <ele>23.34</ele>
        <time>2025-01-10T23:06:20Z</time>
      </trkpt>
      <trkpt lat="37.78933" lon="-122.48183">
        <ele>23.24</ele>
        <time>2025-01-10T23:06:24Z</time>
      </trkpt>
      <trkpt lat="37.78935" lon="-122.48188">
        <ele>23.02</ele>
        <time>2025-01-10T23:06:28Z</time>
      </trkpt>
      <trkpt lat="37.78937" lon="-122.48192">
        <ele>23.05</ele>
        <time>2025-01-10T23:06:31Z</time>
      </trkpt>
      <trkpt lat="37.78938" lon="-122.48195">
        <ele>22.94</ele>
        <time>2025-01-10T23:06:34Z</time>
      </trkpt>
      <trkpt lat="37.78941" lon="-122.48196">
        <ele>22.83</ele>
        <time>2025-01-10T23:06:57Z</time>
      </trkpt>
      <trkpt lat="37.78943" lon="-122.48199">
        <ele>22.51</ele>
        <time>2025-01-10T23:07:10Z</time>
      </trkpt>
      <trkpt lat="37.78945" lon="-122.48203">
        <ele>22.07</ele>
        <time>2025-01-10T23:07:13Z</time>
      </trkpt>
      <trkpt lat="37.78947" lon="-122.48206">
        <ele>22.32</ele>
        <time>2025-01-10T23:07:15Z</time>
      </trkpt>
      <trkpt lat="37.78949" lon="-122.48209">
        <ele>22.85</ele>
        <time>2025-01-10T23:07:18Z</time>
      </trkpt>
      <trkpt lat="37.78949" lon="-122.48213">
        <ele>23.49</ele>
        <time>2025-01-10T23:07:22Z</time>
      </trkpt>
      <trkpt lat="37.7895" lon="-122.48217">
        <ele>23.77</ele>
        <time>2025-01-10T23:07:25Z</time>
      </trkpt>
      <trkpt lat="37.78951" lon="-122.4822">
        <ele>23.93</ele>
        <time>2025-01-10T23:07:29Z</time>
      </trkpt>
      <trkpt lat="37.78952" lon="-122.48224">
        <ele>23.65</ele>
        <time>2025-01-10T23:07:32Z</time>
      </trkpt>
      <trkpt lat="37.78952" lon="-122.48228">
        <ele>22.87</ele>
        <time>2025-01-10T23:07:35Z</time>
      </trkpt>
      <trkpt lat="37.78952" lon="-122.48231">
        <ele>22.28</ele>
        <time>2025-01-10T23:07:38Z</time>
      </trkpt>
      <trkpt lat="37.78953" lon="-122.48235">
        <ele>21.64</ele>
        <time>2025-01-10T23:07:41Z</time>
      </trkpt>
      <trkpt lat="37.78953" lon="-122.48239">
        <ele>21.14</ele>
        <time>2025-01-10T23:07:45Z</time>
      </trkpt>
      <trkpt lat="37.78949" lon="-122.48242">
        <ele>20.49</ele>
        <time>2025-01-10T23:07:48Z</time>
      </trkpt>
      <trkpt lat="37.78946" lon="-122.48244">
        <ele>20.17</ele>
        <time>2025-01-10T23:07:51Z</time>
      </trkpt>
      <trkpt lat="37.78943" lon="-122.48245">
        <ele>20.0</ele>
        <time>2025-01-10T23:07:54Z</time>
      </trkpt>
      <trkpt lat="37.7894" lon="-122.48245">
        <ele>20.0</ele>
        <time>2025-01-10T23:07:57Z</time>
      </trkpt>
      <trkpt lat="37.78937" lon="-122.48247">
        <ele>20.0</ele>
        <time>2025-01-10T23:08:00Z</time>
      </trkpt>
      <trkpt lat="37.78933" lon="-122.48249">
        <ele>20.0</ele>
        <time>2025-01-10T23:08:04Z</time>
      </trkpt>
      <trkpt lat="37.7893" lon="-122.48251">
        <ele>20.22</ele>
        <time>2025-01-10T23:08:07Z</time>
      </trkpt>
      <trkpt lat="37.78927" lon="-122.48253">
        <ele>20.65</ele>
        <time>2025-01-10T23:08:10Z</time>
      </trkpt>
      <trkpt lat="37.78925" lon="-122.48254">
        <ele>20.82</ele>
        <time>2025-01-10T23:08:13Z</time>
      </trkpt>
      <trkpt lat="37.78921" lon="-122.48256">
        <ele>20.95</ele>
        <time>2025-01-10T23:08:16Z</time>
      </trkpt>
      <trkpt lat="37.78918" lon="-122.48257">
        <ele>20.86</ele>
        <time>2025-01-10T23:08:19Z</time>
      </trkpt>
      <trkpt lat="37.78915" lon="-122.48257">
        <ele>20.62</ele>
        <time>2025-01-10T23:08:22Z</time>
      </trkpt>
      <trkpt lat="37.78912" lon="-122.48258">
        <ele>20.43</ele>
        <time>2025-01-10T23:08:25Z</time>
      </trkpt>
      <trkpt lat="37.78908" lon="-122.48258">
        <ele>20.06</ele>
        <time>2025-01-10T23:08:28Z</time>
      </trkpt>
      <trkpt lat="37.78905" lon="-122.48258">
        <ele>20.0</ele>
        <time>2025-01-10T23:08:31Z</time>
      </trkpt>
      <trkpt lat="37.78901" lon="-122.48258">
        <ele>20.0</ele>
        <time>2025-01-10T23:08:34Z</time>
      </trkpt>
      <trkpt lat="37.78898" lon="-122.48259">
        <ele>20.0</ele>
        <time>2025-01-10T23:08:37Z</time>
      </trkpt>
      <trkpt lat="37.78895" lon="-122.48259">
        <ele>19.99</ele>
        <time>2025-01-10T23:08:40Z</time>
      </trkpt>
      <trkpt lat="37.78891" lon="-122.48259">
        <ele>19.98</ele>
        <time>2025-01-10T23:08:43Z</time>
      </trkpt>
      <trkpt lat="37.78887" lon="-122.48259">
        <ele>19.98</ele>
        <time>2025-01-10T23:08:46Z</time>
      </trkpt>
      <trkpt lat="37.78884" lon="-122.48258">
        <ele>19.94</ele>
        <time>2025-01-10T23:08:49Z</time>
      </trkpt>
      <trkpt lat="37.7888" lon="-122.48258">
        <ele>19.99</ele>
        <time>2025-01-10T23:08:52Z</time>
      </trkpt>
      <trkpt lat="37.78877" lon="-122.48259">
        <ele>20.0</ele>
        <time>2025-01-10T23:08:55Z</time>
      </trkpt>
      <trkpt lat="37.78874" lon="-122.4826">
        <ele>19.98</ele>
        <time>2025-01-10T23:08:57Z</time>
      </trkpt>
      <trkpt lat="37.78871" lon="-122.48261">
        <ele>19.84</ele>
        <time>2025-01-10T23:08:59Z</time>
      </trkpt>
      <trkpt lat="37.78868" lon="-122.48264">
        <ele>19.62</ele>
        <time>2025-01-10T23:09:02Z</time>
      </trkpt>
      <trkpt lat="37.78866" lon="-122.48267">
        <ele>19.56</ele>
        <time>2025-01-10T23:09:05Z</time>
      </trkpt>
      <trkpt lat="37.78865" lon="-122.48271">
        <ele>19.42</ele>
        <time>2025-01-10T23:09:08Z</time>
      </trkpt>
      <trkpt lat="37.78867" lon="-122.48274">
        <ele>19.15</ele>
        <time>2025-01-10T23:09:12Z</time>
      </trkpt>
      <trkpt lat="37.78869" lon="-122.48277">
        <ele>19.01</ele>
        <time>2025-01-10T23:09:16Z</time>
      </trkpt>
      <trkpt lat="37.78871" lon="-122.4828">
        <ele>19.07</ele>
        <time>2025-01-10T23:09:21Z</time>
      </trkpt>
      <trkpt lat="37.78868" lon="-122.48282">
        <ele>19.0</ele>
        <time>2025-01-10T23:09:27Z</time>
      </trkpt>
      <trkpt lat="37.78866" lon="-122.48285">
        <ele>19.0</ele>
        <time>2025-01-10T23:09:32Z</time>
      </trkpt>
      <trkpt lat="37.78866" lon="-122.48289">
        <ele>18.89</ele>
        <time>2025-01-10T23:09:35Z</time>
      </trkpt>
      <trkpt lat="37.78866" lon="-122.48293">
        <ele>18.66</ele>
        <time>2025-01-10T23:09:38Z</time>
      </trkpt>
      <trkpt lat="37.78866" lon="-122.48297">
        <ele>18.47</ele>
        <time>2025-01-10T23:09:40Z</time>
      </trkpt>
      <trkpt lat="37.78867" lon="-122.483">
        <ele>18.36</ele>
        <time>2025-01-10T23:09:43Z</time>
      </trkpt>
      <trkpt lat="37.78868" lon="-122.48303">
        <ele>18.26</ele>
        <time>2025-01-10T23:09:45Z</time>
      </trkpt>
      <trkpt lat="37.7887" lon="-122.48306">
        <ele>18.04</ele>
        <time>2025-01-10T23:09:47Z</time>
      </trkpt>
      <trkpt lat="37.78872" lon="-122.48309">
        <ele>18.0</ele>
        <time>2025-01-10T23:09:49Z</time>
      </trkpt>
      <trkpt lat="37.78874" lon="-122.48312">
        <ele>18.0</ele>
        <time>2025-01-10T23:09:51Z</time>
      </trkpt>
      <trkpt lat="37.78876" lon="-122.48315">
        <ele>17.99</ele>
        <time>2025-01-10T23:09:53Z</time>
      </trkpt>
      <trkpt lat="37.78878" lon="-122.48318">
        <ele>17.72</ele>
        <time>2025-01-10T23:09:55Z</time>
      </trkpt>
      <trkpt lat="37.78878" lon="-122.48322">
        <ele>17.36</ele>
        <time>2025-01-10T23:09:57Z</time>
      </trkpt>
      <trkpt lat="37.7888" lon="-122.48325">
        <ele>17.03</ele>
        <time>2025-01-10T23:10:00Z</time>
      </trkpt>
      <trkpt lat="37.78883" lon="-122.48328">
        <ele>17.06</ele>
        <time>2025-01-10T23:10:04Z</time>
      </trkpt>
      <trkpt lat="37.78886" lon="-122.48329">
        <ele>16.96</ele>
        <time>2025-01-10T23:10:07Z</time>
      </trkpt>
      <trkpt lat="37.78889" lon="-122.4833">
        <ele>16.73</ele>
        <time>2025-01-10T23:10:10Z</time>
      </trkpt>
      <trkpt lat="37.78892" lon="-122.48331">
        <ele>16.84</ele>
        <time>2025-01-10T23:10:13Z</time>
      </trkpt>
      <trkpt lat="37.78895" lon="-122.48333">
        <ele>16.73</ele>
        <time>2025-01-10T23:10:16Z</time>
      </trkpt>
      <trkpt lat="37.78898" lon="-122.48335">
        <ele>16.63</ele>
        <time>2025-01-10T23:10:19Z</time>
      </trkpt>
      <trkpt lat="37.78902" lon="-122.48338">
        <ele>15.99</ele>
        <time>2025-01-10T23:10:22Z</time>
      </trkpt>
      <trkpt lat="37.78905" lon="-122.48339">
        <ele>15.78</ele>
        <time>2025-01-10T23:10:25Z</time>
      </trkpt>
      <trkpt lat="37.78906" lon="-122.48342">
        <ele>15.13</ele>
        <time>2025-01-10T23:10:30Z</time>
      </trkpt>
      <trkpt lat="37.78907" lon="-122.48346">
        <ele>14.65</ele>
        <time>2025-01-10T23:10:53Z</time>
      </trkpt>
      <trkpt lat="37.78911" lon="-122.48347">
        <ele>14.52</ele>
        <time>2025-01-10T23:11:08Z</time>
      </trkpt>
      <trkpt lat="37.78913" lon="-122.48349">
        <ele>14.31</ele>
        <time>2025-01-10T23:11:13Z</time>
      </trkpt>
      <trkpt lat="37.78916" lon="-122.48351">
        <ele>14.09</ele>
        <time>2025-01-10T23:11:17Z</time>
      </trkpt>
      <trkpt lat="37.78918" lon="-122.48353">
        <ele>14.11</ele>
        <time>2025-01-10T23:11:21Z</time>
      </trkpt>
      <trkpt lat="37.78921" lon="-122.48355">
        <ele>14.15</ele>
        <time>2025-01-10T23:11:24Z</time>
      </trkpt>
      <trkpt lat="37.78924" lon="-122.48357">
        <ele>13.91</ele>
        <time>2025-01-10T23:11:27Z</time>
      </trkpt>
      <trkpt lat="37.78926" lon="-122.48362">
        <ele>13.01</ele>
        <time>2025-01-10T23:11:30Z</time>
      </trkpt>
      <trkpt lat="37.78928" lon="-122.48366">
        <ele>13.21</ele>
        <time>2025-01-10T23:11:32Z</time>
      </trkpt>
      <trkpt lat="37.7893" lon="-122.48368">
        <ele>13.23</ele>
        <time>2025-01-10T23:11:34Z</time>
      </trkpt>
      <trkpt lat="37.78933" lon="-122.4837">
        <ele>13.06</ele>
        <time>2025-01-10T23:11:37Z</time>
      </trkpt>
      <trkpt lat="37.78937" lon="-122.48373">
        <ele>13.34</ele>
        <time>2025-01-10T23:11:40Z</time>
      </trkpt>
      <trkpt lat="37.78939" lon="-122.48375">
        <ele>13.62</ele>
        <time>2025-01-10T23:11:42Z</time>
      </trkpt>
      <trkpt lat="37.78941" lon="-122.48379">
        <ele>13.67</ele>
        <time>2025-01-10T23:11:45Z</time>
      </trkpt>
      <trkpt lat="37.78942" lon="-122.48383">
        <ele>13.28</ele>
        <time>2025-01-10T23:11:48Z</time>
      </trkpt>
      <trkpt lat="37.78944" lon="-122.48386">
        <ele>13.23</ele>
        <time>2025-01-10T23:11:50Z</time>
      </trkpt>
      <trkpt lat="37.78945" lon="-122.4839">
        <ele>12.94</ele>
        <time>2025-01-10T23:11:53Z</time>
      </trkpt>
      <trkpt lat="37.78946" lon="-122.48394">
        <ele>12.62</ele>
        <time>2025-01-10T23:11:56Z</time>
      </trkpt>
      <trkpt lat="37.78947" lon="-122.48398">
        <ele>12.29</ele>
        <time>2025-01-10T23:11:59Z</time>
      </trkpt>
      <trkpt lat="37.78949" lon="-122.48401">
        <ele>12.03</ele>
        <time>2025-01-10T23:12:03Z</time>
      </trkpt>
      <trkpt lat="37.78951" lon="-122.48403">
        <ele>12.03</ele>
        <time>2025-01-10T23:12:06Z</time>
      </trkpt>
      <trkpt lat="37.78952" lon="-122.48407">
        <ele>11.68</ele>
        <time>2025-01-10T23:12:09Z</time>
      </trkpt>
      <trkpt lat="37.78954" lon="-122.4841">
        <ele>12.06</ele>
        <time>2025-01-10T23:12:12Z</time>
      </trkpt>
      <trkpt lat="37.78955" lon="-122.48415">
        <ele>12.28</ele>
        <time>2025-01-10T23:12:15Z</time>
      </trkpt>
      <trkpt lat="37.78955" lon="-122.48419">
        <ele>11.81</ele>
        <time>2025-01-10T23:12:18Z</time>
      </trkpt>
      <trkpt lat="37.78957" lon="-122.48423">
        <ele>11.59</ele>
        <time>2025-01-10T23:12:22Z</time>
      </trkpt>
      <trkpt lat="37.78957" lon="-122.48427">
        <ele>11.1</ele>
        <time>2025-01-10T23:12:25Z</time>
      </trkpt>
      <trkpt lat="37.78958" lon="-122.48432">
        <ele>11.44</ele>
        <time>2025-01-10T23:12:29Z</time>
      </trkpt>
      <trkpt lat="37.78959" lon="-122.48436">
        <ele>11.61</ele>
        <time>2025-01-10T23:12:32Z</time>
      </trkpt>
      <trkpt lat="37.7896" lon="-122.4844">
        <ele>11.85</ele>
        <time>2025-01-10T23:12:34Z</time>
      </trkpt>
      <trkpt lat="37.78962" lon="-122.48443">
        <ele>11.98</ele>
        <time>2025-01-10T23:12:37Z</time>
      </trkpt>
      <trkpt lat="37.78964" lon="-122.48446">
        <ele>12.04</ele>
        <time>2025-01-10T23:12:41Z</time>
      </trkpt>
      <trkpt lat="37.78966" lon="-122.48449">
        <ele>12.0</ele>
        <time>2025-01-10T23:12:44Z</time>
      </trkpt>
      <trkpt lat="37.78968" lon="-122.48452">
        <ele>11.83</ele>
        <time>2025-01-10T23:12:47Z</time>
      </trkpt>
      <trkpt lat="37.78969" lon="-122.48456">
        <ele>11.4</ele>
        <time>2025-01-10T23:12:50Z</time>
      </trkpt>
      <trkpt lat="37.7897" lon="-122.48459">
        <ele>11.19</ele>
        <time>2025-01-10T23:12:54Z</time>
      </trkpt>
      <trkpt lat="37.78972" lon="-122.48463">
        <ele>10.97</ele>
        <time>2025-01-10T23:12:58Z</time>
      </trkpt>
      <trkpt lat="37.78974" lon="-122.48467">
        <ele>10.65</ele>
        <time>2025-01-10T23:13:01Z</time>
      </trkpt>
      <trkpt lat="37.78976" lon="-122.48471">
        <ele>10.49</ele>
        <time>2025-01-10T23:13:04Z</time>
      </trkpt>
      <trkpt lat="37.78977" lon="-122.48475">
        <ele>10.36</ele>
        <time>2025-01-10T23:13:07Z</time>
      </trkpt>
      <trkpt lat="37.78979" lon="-122.48479">
        <ele>10.2</ele>
        <time>2025-01-10T23:13:10Z</time>
      </trkpt>
      <trkpt lat="37.78982" lon="-122.48481">
        <ele>10.05</ele>
        <time>2025-01-10T23:13:13Z</time>
      </trkpt>
      <trkpt lat="37.78985" lon="-122.48482">
        <ele>10.06</ele>
        <time>2025-01-10T23:13:16Z</time>
      </trkpt>
      <trkpt lat="37.78988" lon="-122.48483">
        <ele>10.16</ele>
        <time>2025-01-10T23:13:20Z</time>
      </trkpt>
      <trkpt lat="37.7899" lon="-122.48486">
        <ele>10.49</ele>
        <time>2025-01-10T23:13:23Z</time>
      </trkpt>
      <trkpt lat="37.78993" lon="-122.48488">
        <ele>10.53</ele>
        <time>2025-01-10T23:13:27Z</time>
      </trkpt>
      <trkpt lat="37.78996" lon="-122.4849">
        <ele>10.4</ele>
        <time>2025-01-10T23:13:30Z</time>
      </trkpt>
      <trkpt lat="37.78998" lon="-122.48493">
        <ele>9.87</ele>
        <time>2025-01-10T23:13:33Z</time>
      </trkpt>
      <trkpt lat="37.79002" lon="-122.48495">
        <ele>9.64</ele>
        <time>2025-01-10T23:13:36Z</time>
      </trkpt>
      <trkpt lat="37.79005" lon="-122.48496">
        <ele>9.74</ele>
        <time>2025-01-10T23:13:39Z</time>
      </trkpt>
      <trkpt lat="37.79008" lon="-122.48497">
        <ele>9.91</ele>
        <time>2025-01-10T23:13:42Z</time>
      </trkpt>
      <trkpt lat="37.79012" lon="-122.48498">
        <ele>9.7</ele>
        <time>2025-01-10T23:13:45Z</time>
      </trkpt>
      <trkpt lat="37.79016" lon="-122.48499">
        <ele>9.27</ele>
        <time>2025-01-10T23:13:48Z</time>
      </trkpt>
      <trkpt lat="37.79019" lon="-122.485">
        <ele>9.0</ele>
        <time>2025-01-10T23:13:51Z</time>
      </trkpt>
      <trkpt lat="37.79023" lon="-122.48502">
        <ele>9.1</ele>
        <time>2025-01-10T23:13:54Z</time>
      </trkpt>
      <trkpt lat="37.79026" lon="-122.48505">
        <ele>9.77</ele>
        <time>2025-01-10T23:13:57Z</time>
      </trkpt>
      <trkpt lat="37.79028" lon="-122.48508">
        <ele>10.66</ele>
        <time>2025-01-10T23:14:00Z</time>
      </trkpt>
      <trkpt lat="37.7903" lon="-122.48512">
        <ele>9.76</ele>
        <time>2025-01-10T23:14:03Z</time>
      </trkpt>
      <trkpt lat="37.7903" lon="-122.48516">
        <ele>9.0</ele>
        <time>2025-01-10T23:14:07Z</time>
      </trkpt>
      <trkpt lat="37.7903" lon="-122.4852">
        <ele>8.48</ele>
        <time>2025-01-10T23:14:10Z</time>
      </trkpt>
      <trkpt lat="37.79028" lon="-122.48524">
        <ele>8.94</ele>
        <time>2025-01-10T23:14:14Z</time>
      </trkpt>
      <trkpt lat="37.79026" lon="-122.48528">
        <ele>9.02</ele>
        <time>2025-01-10T23:14:17Z</time>
      </trkpt>
      <trkpt lat="37.79024" lon="-122.48529">
        <ele>9.08</ele>
        <time>2025-01-10T23:14:20Z</time>
      </trkpt>
      <trkpt lat="37.79021" lon="-122.48526">
        <ele>9.28</ele>
        <time>2025-01-10T23:16:53Z</time>
      </trkpt>
      <trkpt lat="37.79021" lon="-122.48534">
        <ele>9.18</ele>
        <time>2025-01-10T23:22:03Z</time>
      </trkpt>
      <trkpt lat="37.79022" lon="-122.48527">
        <ele>9.1</ele>
        <time>2025-01-10T23:24:35Z</time>
      </trkpt>
      <trkpt lat="37.79023" lon="-122.48532">
        <ele>9.22</ele>
        <time>2025-01-10T23:37:57Z</time>
      </trkpt>
      <trkpt lat="37.79022" lon="-122.48527">
        <ele>9.1</ele>
        <time>2025-01-10T23:39:00Z</time>
      </trkpt>
      <trkpt lat="37.79023" lon="-122.48521">
        <ele>9.76</ele>
        <time>2025-01-10T23:39:03Z</time>
      </trkpt>
      <trkpt lat="37.79023" lon="-122.48515">
        <ele>9.81</ele>
        <time>2025-01-10T23:39:06Z</time>
      </trkpt>
      <trkpt lat="37.79021" lon="-122.48511">
        <ele>9.12</ele>
        <time>2025-01-10T23:39:09Z</time>
      </trkpt>
      <trkpt lat="37.79018" lon="-122.48509">
        <ele>8.08</ele>
        <time>2025-01-10T23:39:13Z</time>
      </trkpt>
      <trkpt lat="37.79015" lon="-122.4851">
        <ele>8.59</ele>
        <time>2025-01-10T23:39:17Z</time>
      </trkpt>
      <trkpt lat="37.79012" lon="-122.48513">
        <ele>9.63</ele>
        <time>2025-01-10T23:39:21Z</time>
      </trkpt>
      <trkpt lat="37.79009" lon="-122.48511">
        <ele>9.45</ele>
        <time>2025-01-10T23:39:25Z</time>
      </trkpt>
      <trkpt lat="37.79007" lon="-122.48509">
        <ele>9.73</ele>
        <time>2025-01-10T23:39:28Z</time>
      </trkpt>
      <trkpt lat="37.79004" lon="-122.48507">
        <ele>10.39</ele>
        <time>2025-01-10T23:39:33Z</time>
      </trkpt>
      <trkpt lat="37.79008" lon="-122.48506">
        <ele>9.57</ele>
        <time>2025-01-10T23:40:13Z</time>
      </trkpt>
      <trkpt lat="37.79011" lon="-122.48509">
        <ele>8.84</ele>
        <time>2025-01-10T23:40:18Z</time>
      </trkpt>
      <trkpt lat="37.79014" lon="-122.48512">
        <ele>9.23</ele>
        <time>2025-01-10T23:40:21Z</time>
      </trkpt>
      <trkpt lat="37.79016" lon="-122.48514">
        <ele>9.67</ele>
        <time>2025-01-10T23:40:24Z</time>
      </trkpt>
      <trkpt lat="37.79019" lon="-122.48517">
        <ele>10.45</ele>
        <time>2025-01-10T23:40:27Z</time>
      </trkpt>
      <trkpt lat="37.79021" lon="-122.4852">
        <ele>10.23</ele>
        <time>2025-01-10T23:40:29Z</time>
      </trkpt>
      <trkpt lat="37.79022" lon="-122.48524">
        <ele>9.51</ele>
        <time>2025-01-10T23:40:32Z</time>
      </trkpt>
      <trkpt lat="37.79022" lon="-122.48528">
        <ele>9.01</ele>
        <time>2025-01-10T23:40:36Z</time>
      </trkpt>
      <trkpt lat="37.7902" lon="-122.4853">
        <ele>9.04</ele>
        <time>2025-01-10T23:40:45Z</time>
      </trkpt>
      <trkpt lat="37.79022" lon="-122.48525">
        <ele>9.37</ele>
        <time>2025-01-10T23:42:34Z</time>
      </trkpt>
      <trkpt lat="37.79025" lon="-122.48523">
        <ele>9.31</ele>
        <time>2025-01-10T23:42:41Z</time>
      </trkpt>
      <trkpt lat="37.79028" lon="-122.48522">
        <ele>8.94</ele>
        <time>2025-01-10T23:42:47Z</time>
      </trkpt>
      <trkpt lat="37.7903" lon="-122.48518">
        <ele>8.62</ele>
        <time>2025-01-10T23:42:51Z</time>
      </trkpt>
      <trkpt lat="37.79033" lon="-122.48516">
        <ele>8.26</ele>
        <time>2025-01-10T23:42:55Z</time>
      </trkpt>
      <trkpt lat="37.79035" lon="-122.48512">
        <ele>8.3</ele>
        <time>2025-01-10T23:42:59Z</time>
      </trkpt>
      <trkpt lat="37.79037" lon="-122.48509">
        <ele>8.01</ele>
        <time>2025-01-10T23:43:03Z</time>
      </trkpt>
      <trkpt lat="37.7904" lon="-122.48506">
        <ele>7.79</ele>
        <time>2025-01-10T23:43:07Z</time>
      </trkpt>
      <trkpt lat="37.79042" lon="-122.48504">
        <ele>7.77</ele>
        <time>2025-01-10T23:43:12Z</time>
      </trkpt>
      <trkpt lat="37.79044" lon="-122.48502">
        <ele>7.84</ele>
        <time>2025-01-10T23:43:17Z</time>
      </trkpt>
      <trkpt lat="37.79047" lon="-122.48501">
        <ele>7.82</ele>
        <time>2025-01-10T23:43:21Z</time>
      </trkpt>
      <trkpt lat="37.79049" lon="-122.48498">
        <ele>7.77</ele>
        <time>2025-01-10T23:44:08Z</time>
      </trkpt>
      <trkpt lat="37.79052" lon="-122.48496">
        <ele>7.65</ele>
        <time>2025-01-10T23:44:12Z</time>
      </trkpt>
      <trkpt lat="37.79055" lon="-122.48493">
        <ele>7.77</ele>
        <time>2025-01-10T23:44:16Z</time>
      </trkpt>
      <trkpt lat="37.79057" lon="-122.48491">
        <ele>7.82</ele>
        <time>2025-01-10T23:44:19Z</time>
      </trkpt>
      <trkpt lat="37.7906" lon="-122.48489">
        <ele>7.51</ele>
        <time>2025-01-10T23:44:22Z</time>
      </trkpt>
      <trkpt lat="37.79063" lon="-122.48486">
        <ele>7.51</ele>
        <time>2025-01-10T23:44:26Z</time>
      </trkpt>
      <trkpt lat="37.79065" lon="-122.48483">
        <ele>7.84</ele>
        <time>2025-01-10T23:44:30Z</time>
      </trkpt>
      <trkpt lat="37.79067" lon="-122.4848">
        <ele>7.88</ele>
        <time>2025-01-10T23:44:33Z</time>
      </trkpt>
      <trkpt lat="37.79068" lon="-122.48477">
        <ele>7.68</ele>
        <time>2025-01-10T23:44:36Z</time>
      </trkpt>
      <trkpt lat="37.7907" lon="-122.48474">
        <ele>7.64</ele>
        <time>2025-01-10T23:44:40Z</time>
      </trkpt>
      <trkpt lat="37.79072" lon="-122.48471">
        <ele>7.78</ele>
        <time>2025-01-10T23:44:43Z</time>
      </trkpt>
      <trkpt lat="37.79074" lon="-122.48468">
        <ele>7.99</ele>
        <time>2025-01-10T23:44:46Z</time>
      </trkpt>
      <trkpt lat="37.79075" lon="-122.48466">
        <ele>8.0</ele>
        <time>2025-01-10T23:44:49Z</time>
      </trkpt>
      <trkpt lat="37.79078" lon="-122.48463">
        <ele>8.0</ele>
        <time>2025-01-10T23:44:53Z</time>
      </trkpt>
      <trkpt lat="37.7908" lon="-122.4846">
        <ele>8.0</ele>
        <time>2025-01-10T23:44:57Z</time>
      </trkpt>
      <trkpt lat="37.79082" lon="-122.48458">
        <ele>8.0</ele>
        <time>2025-01-10T23:45:01Z</time>
      </trkpt>
      <trkpt lat="37.79084" lon="-122.48454">
        <ele>8.07</ele>
        <time>2025-01-10T23:45:04Z</time>
      </trkpt>
      <trkpt lat="37.79086" lon="-122.48452">
        <ele>8.29</ele>
        <time>2025-01-10T23:45:07Z</time>
      </trkpt>
      <trkpt lat="37.79088" lon="-122.48449">
        <ele>8.5</ele>
        <time>2025-01-10T23:45:10Z</time>
      </trkpt>
      <trkpt lat="37.79089" lon="-122.48446">
        <ele>8.61</ele>
        <time>2025-01-10T23:45:13Z</time>
      </trkpt>
      <trkpt lat="37.79091" lon="-122.48443">
        <ele>8.83</ele>
        <time>2025-01-10T23:45:16Z</time>
      </trkpt>
      <trkpt lat="37.79093" lon="-122.48439">
        <ele>9.0</ele>
        <time>2025-01-10T23:45:19Z</time>
      </trkpt>
      <trkpt lat="37.79094" lon="-122.48436">
        <ele>9.0</ele>
        <time>2025-01-10T23:45:22Z</time>
      </trkpt>
      <trkpt lat="37.79096" lon="-122.48434">
        <ele>9.05</ele>
        <time>2025-01-10T23:45:25Z</time>
      </trkpt>
      <trkpt lat="37.79098" lon="-122.4843">
        <ele>9.33</ele>
        <time>2025-01-10T23:45:29Z</time>
      </trkpt>
      <trkpt lat="37.79101" lon="-122.48428">
        <ele>9.7</ele>
        <time>2025-01-10T23:45:33Z</time>
      </trkpt>
      <trkpt lat="37.79103" lon="-122.48425">
        <ele>10.0</ele>
        <time>2025-01-10T23:45:36Z</time>
      </trkpt>
      <trkpt lat="37.79104" lon="-122.48422">
        <ele>10.0</ele>
        <time>2025-01-10T23:45:39Z</time>
      </trkpt>
      <trkpt lat="37.79105" lon="-122.48418">
        <ele>10.0</ele>
        <time>2025-01-10T23:45:43Z</time>
      </trkpt>
      <trkpt lat="37.79105" lon="-122.48414">
        <ele>10.0</ele>
        <time>2025-01-10T23:45:48Z</time>
      </trkpt>
      <trkpt lat="37.79106" lon="-122.48411">
        <ele>10.0</ele>
        <time>2025-01-10T23:46:18Z</time>
      </trkpt>
      <trkpt lat="37.79104" lon="-122.48418">
        <ele>10.0</ele>
        <time>2025-01-10T23:56:27Z</time>
      </trkpt>
      <trkpt lat="37.79105" lon="-122.48424">
        <ele>10.0</ele>
        <time>2025-01-10T23:56:31Z</time>
      </trkpt>
      <trkpt lat="37.79102" lon="-122.48429">
        <ele>9.67</ele>
        <time>2025-01-10T23:56:35Z</time>
      </trkpt>
      <trkpt lat="37.79099" lon="-122.48434">
        <ele>9.09</ele>
        <time>2025-01-10T23:56:39Z</time>
      </trkpt>
      <trkpt lat="37.79097" lon="-122.48438">
        <ele>9.0</ele>
        <time>2025-01-10T23:56:42Z</time>
      </trkpt>
      <trkpt lat="37.79095" lon="-122.48441">
        <ele>9.0</ele>
        <time>2025-01-10T23:56:45Z</time>
      </trkpt>
      <trkpt lat="37.79093" lon="-122.48445">
        <ele>9.0</ele>
        <time>2025-01-10T23:56:48Z</time>
      </trkpt>
      <trkpt lat="37.79091" lon="-122.48448">
        <ele>8.83</ele>
        <time>2025-01-10T23:56:51Z</time>
      </trkpt>
      <trkpt lat="37.79088" lon="-122.48451">
        <ele>8.5</ele>
        <time>2025-01-10T23:56:54Z</time>
      </trkpt>
      <trkpt lat="37.79086" lon="-122.48455">
        <ele>8.25</ele>
        <time>2025-01-10T23:56:57Z</time>
      </trkpt>
      <trkpt lat="37.79084" lon="-122.48459">
        <ele>8.03</ele>
        <time>2025-01-10T23:57:00Z</time>
      </trkpt>
      <trkpt lat="37.79083" lon="-122.48461">
        <ele>8.0</ele>
        <time>2025-01-10T23:57:03Z</time>
      </trkpt>
      <trkpt lat="37.7908" lon="-122.48465">
        <ele>8.0</ele>
        <time>2025-01-10T23:57:06Z</time>
      </trkpt>
      <trkpt lat="37.79078" lon="-122.48468">
        <ele>8.0</ele>
        <time>2025-01-10T23:57:09Z</time>
      </trkpt>
      <trkpt lat="37.79075" lon="-122.48471">
        <ele>8.0</ele>
        <time>2025-01-10T23:57:12Z</time>
      </trkpt>
      <trkpt lat="37.79072" lon="-122.48474">
        <ele>7.82</ele>
        <time>2025-01-10T23:57:15Z</time>
      </trkpt>
      <trkpt lat="37.79071" lon="-122.48478">
        <ele>7.88</ele>
        <time>2025-01-10T23:57:18Z</time>
      </trkpt>
      <trkpt lat="37.79069" lon="-122.48481">
        <ele>7.97</ele>
        <time>2025-01-10T23:57:21Z</time>
      </trkpt>
      <trkpt lat="37.79067" lon="-122.48485">
        <ele>7.8</ele>
        <time>2025-01-10T23:57:24Z</time>
      </trkpt>
      <trkpt lat="37.79065" lon="-122.48488">
        <ele>7.32</ele>
        <time>2025-01-10T23:57:27Z</time>
      </trkpt>
      <trkpt lat="37.79063" lon="-122.48491">
        <ele>7.19</ele>
        <time>2025-01-10T23:57:30Z</time>
      </trkpt>
      <trkpt lat="37.7906" lon="-122.48494">
        <ele>7.34</ele>
        <time>2025-01-10T23:57:33Z</time>
      </trkpt>
      <trkpt lat="37.79058" lon="-122.48496">
        <ele>7.32</ele>
        <time>2025-01-10T23:57:36Z</time>
      </trkpt>
      <trkpt lat="37.79055" lon="-122.48498">
        <ele>7.26</ele>
        <time>2025-01-10T23:57:39Z</time>
      </trkpt>
      <trkpt lat="37.79053" lon="-122.485">
        <ele>7.28</ele>
        <time>2025-01-10T23:57:42Z</time>
      </trkpt>
      <trkpt lat="37.7905" lon="-122.48502">
        <ele>7.47</ele>
        <time>2025-01-10T23:57:45Z</time>
      </trkpt>
      <trkpt lat="37.79046" lon="-122.48505">
        <ele>7.48</ele>
        <time>2025-01-10T23:57:48Z</time>
      </trkpt>
      <trkpt lat="37.79043" lon="-122.48507">
        <ele>7.51</ele>
        <time>2025-01-10T23:57:51Z</time>
      </trkpt>
      <trkpt lat="37.7904" lon="-122.48509">
        <ele>7.69</ele>
        <time>2025-01-10T23:57:54Z</time>
      </trkpt>
      <trkpt lat="37.79037" lon="-122.48511">
        <ele>7.82</ele>
        <time>2025-01-10T23:57:58Z</time>
      </trkpt>
      <trkpt lat="37.79035" lon="-122.48513">
        <ele>8.17</ele>
        <time>2025-01-10T23:58:01Z</time>
      </trkpt>
      <trkpt lat="37.79032" lon="-122.48515">
        <ele>8.67</ele>
        <time>2025-01-10T23:58:05Z</time>
      </trkpt>
      <trkpt lat="37.79029" lon="-122.48518">
        <ele>8.84</ele>
        <time>2025-01-10T23:58:08Z</time>
      </trkpt>
      <trkpt lat="37.79027" lon="-122.4852">
        <ele>9.14</ele>
        <time>2025-01-10T23:58:11Z</time>
      </trkpt>
      <trkpt lat="37.79024" lon="-122.48522">
        <ele>9.51</ele>
        <time>2025-01-10T23:58:14Z</time>
      </trkpt>
      <trkpt lat="37.79021" lon="-122.48523">
        <ele>9.76</ele>
        <time>2025-01-10T23:58:17Z</time>
      </trkpt>
      <trkpt lat="37.79018" lon="-122.48522">
        <ele>10.31</ele>
        <time>2025-01-10T23:58:20Z</time>
      </trkpt>
      <trkpt lat="37.79015" lon="-122.48522">
        <ele>10.68</ele>
        <time>2025-01-10T23:58:23Z</time>
      </trkpt>
      <trkpt lat="37.79012" lon="-122.48522">
        <ele>11.04</ele>
        <time>2025-01-10T23:58:26Z</time>
      </trkpt>
      <trkpt lat="37.79009" lon="-122.48522">
        <ele>11.44</ele>
        <time>2025-01-10T23:58:30Z</time>
      </trkpt>
      <trkpt lat="37.79005" lon="-122.48522">
        <ele>12.47</ele>
        <time>2025-01-10T23:58:34Z</time>
      </trkpt>
      <trkpt lat="37.79003" lon="-122.48523">
        <ele>13.16</ele>
        <time>2025-01-10T23:58:38Z</time>
      </trkpt>
      <trkpt lat="37.79002" lon="-122.48527">
        <ele>14.2</ele>
        <time>2025-01-10T23:58:42Z</time>
      </trkpt>
      <trkpt lat="37.79002" lon="-122.48531">
        <ele>15.12</ele>
        <time>2025-01-10T23:58:53Z</time>
      </trkpt>
      <trkpt lat="37.79001" lon="-122.48535">
        <ele>16.32</ele>
        <time>2025-01-10T23:58:55Z</time>
      </trkpt>
      <trkpt lat="37.78999" lon="-122.48539">
        <ele>17.0</ele>
        <time>2025-01-10T23:58:58Z</time>
      </trkpt>
      <trkpt lat="37.78996" lon="-122.48541">
        <ele>17.0</ele>
        <time>2025-01-10T23:59:02Z</time>
      </trkpt>
      <trkpt lat="37.78993" lon="-122.48541">
        <ele>17.0</ele>
        <time>2025-01-10T23:59:06Z</time>
      </trkpt>
      <trkpt lat="37.78991" lon="-122.48544">
        <ele>17.0</ele>
        <time>2025-01-10T23:59:10Z</time>
      </trkpt>
      <trkpt lat="37.78988" lon="-122.48546">
        <ele>17.01</ele>
        <time>2025-01-10T23:59:14Z</time>
      </trkpt>
      <trkpt lat="37.78986" lon="-122.48549">
        <ele>17.29</ele>
        <time>2025-01-10T23:59:16Z</time>
      </trkpt>
      <trkpt lat="37.78983" lon="-122.48552">
        <ele>17.62</ele>
        <time>2025-01-10T23:59:19Z</time>
      </trkpt>
      <trkpt lat="37.78981" lon="-122.48556">
        <ele>18.0</ele>
        <time>2025-01-10T23:59:22Z</time>
      </trkpt>
      <trkpt lat="37.78978" lon="-122.48558">
        <ele>18.0</ele>
        <time>2025-01-10T23:59:25Z</time>
      </trkpt>
      <trkpt lat="37.78976" lon="-122.48561">
        <ele>18.0</ele>
        <time>2025-01-10T23:59:28Z</time>
      </trkpt>
      <trkpt lat="37.78973" lon="-122.48564">
        <ele>18.0</ele>
        <time>2025-01-10T23:59:31Z</time>
      </trkpt>
      <trkpt lat="37.78971" lon="-122.48567">
        <ele>18.1</ele>
        <time>2025-01-10T23:59:33Z</time>
      </trkpt>
      <trkpt lat="37.78968" lon="-122.48569">
        <ele>18.25</ele>
        <time>2025-01-10T23:59:36Z</time>
      </trkpt>
      <trkpt lat="37.78965" lon="-122.48573">
        <ele>18.09</ele>
        <time>2025-01-10T23:59:39Z</time>
      </trkpt>
      <trkpt lat="37.78963" lon="-122.48576">
        <ele>18.0</ele>
        <time>2025-01-10T23:59:42Z</time>
      </trkpt>
      <trkpt lat="37.7896" lon="-122.48578">
        <ele>18.32</ele>
        <time>2025-01-10T23:59:45Z</time>
      </trkpt>
      <trkpt lat="37.78958" lon="-122.48582">
        <ele>18.54</ele>
        <time>2025-01-10T23:59:48Z</time>
      </trkpt>
      <trkpt lat="37.78956" lon="-122.48586">
        <ele>18.75</ele>
        <time>2025-01-10T23:59:51Z</time>
      </trkpt>
      <trkpt lat="37.78954" lon="-122.4859">
        <ele>18.97</ele>
        <time>2025-01-10T23:59:54Z</time>
      </trkpt>
      <trkpt lat="37.78952" lon="-122.48593">
        <ele>19.0</ele>
        <time>2025-01-10T23:59:58Z</time>
      </trkpt>
      <trkpt lat="37.7895" lon="-122.48592">
        <ele>19.0</ele>
        <time>2025-01-11T00:00:02Z</time>
      </trkpt>
      <trkpt lat="37.78948" lon="-122.48588">
        <ele>19.0</ele>
        <time>2025-01-11T00:00:05Z</time>
      </trkpt>
      <trkpt lat="37.78947" lon="-122.48584">
        <ele>19.0</ele>
        <time>2025-01-11T00:00:08Z</time>
      </trkpt>
      <trkpt lat="37.78946" lon="-122.4858">
        <ele>19.0</ele>
        <time>2025-01-11T00:00:11Z</time>
      </trkpt>
      <trkpt lat="37.78945" lon="-122.48576">
        <ele>19.0</ele>
        <time>2025-01-11T00:00:14Z</time>
      </trkpt>
      <trkpt lat="37.78943" lon="-122.48573">
        <ele>19.16</ele>
        <time>2025-01-11T00:00:18Z</time>
      </trkpt>
      <trkpt lat="37.78941" lon="-122.4857">
        <ele>19.37</ele>
        <time>2025-01-11T00:00:21Z</time>
      </trkpt>
      <trkpt lat="37.78939" lon="-122.48566">
        <ele>19.59</ele>
        <time>2025-01-11T00:00:24Z</time>
      </trkpt>
      <trkpt lat="37.78936" lon="-122.48564">
        <ele>19.83</ele>
        <time>2025-01-11T00:00:27Z</time>
      </trkpt>
      <trkpt lat="37.78934" lon="-122.48561">
        <ele>19.64</ele>
        <time>2025-01-11T00:00:30Z</time>
      </trkpt>
      <trkpt lat="37.78931" lon="-122.48558">
        <ele>19.6</ele>
        <time>2025-01-11T00:00:33Z</time>
      </trkpt>
      <trkpt lat="37.78929" lon="-122.48556">
        <ele>19.68</ele>
        <time>2025-01-11T00:00:37Z</time>
      </trkpt>
      <trkpt lat="37.78925" lon="-122.48555">
        <ele>20.09</ele>
        <time>2025-01-11T00:00:40Z</time>
      </trkpt>
      <trkpt lat="37.78922" lon="-122.48554">
        <ele>20.35</ele>
        <time>2025-01-11T00:00:44Z</time>
      </trkpt>
      <trkpt lat="37.7892" lon="-122.48553">
        <ele>20.46</ele>
        <time>2025-01-11T00:00:48Z</time>
      </trkpt>
      <trkpt lat="37.78916" lon="-122.4855">
        <ele>20.44</ele>
        <time>2025-01-11T00:00:51Z</time>
      </trkpt>
      <trkpt lat="37.78913" lon="-122.48549">
        <ele>20.57</ele>
        <time>2025-01-11T00:00:54Z</time>
      </trkpt>
      <trkpt lat="37.7891" lon="-122.48547">
        <ele>20.74</ele>
        <time>2025-01-11T00:00:57Z</time>
      </trkpt>
      <trkpt lat="37.78906" lon="-122.48546">
        <ele>21.0</ele>
        <time>2025-01-11T00:01:00Z</time>
      </trkpt>
      <trkpt lat="37.78903" lon="-122.48544">
        <ele>21.0</ele>
        <time>2025-01-11T00:01:03Z</time>
      </trkpt>
      <trkpt lat="37.789" lon="-122.48547">
        <ele>21.0</ele>
        <time>2025-01-11T00:01:08Z</time>
      </trkpt>
      <trkpt lat="37.789" lon="-122.48551">
        <ele>21.0</ele>
        <time>2025-01-11T00:01:11Z</time>
      </trkpt>
      <trkpt lat="37.78901" lon="-122.48555">
        <ele>21.0</ele>
        <time>2025-01-11T00:01:14Z</time>
      </trkpt>
      <trkpt lat="37.78902" lon="-122.48558">
        <ele>21.0</ele>
        <time>2025-01-11T00:01:16Z</time>
      </trkpt>
      <trkpt lat="37.78902" lon="-122.48562">
        <ele>21.0</ele>
        <time>2025-01-11T00:01:19Z</time>
      </trkpt>
      <trkpt lat="37.78902" lon="-122.48566">
        <ele>21.0</ele>
        <time>2025-01-11T00:01:22Z</time>
      </trkpt>
      <trkpt lat="37.78902" lon="-122.4857">
        <ele>21.0</ele>
        <time>2025-01-11T00:01:24Z</time>
      </trkpt>
      <trkpt lat="37.78901" lon="-122.48574">
        <ele>21.0</ele>
        <time>2025-01-11T00:01:27Z</time>
      </trkpt>
      <trkpt lat="37.78901" lon="-122.48579">
        <ele>21.0</ele>
        <time>2025-01-11T00:01:30Z</time>
      </trkpt>
      <trkpt lat="37.78901" lon="-122.48584">
        <ele>21.0</ele>
        <time>2025-01-11T00:01:33Z</time>
      </trkpt>
      <trkpt lat="37.78901" lon="-122.48588">
        <ele>21.0</ele>
        <time>2025-01-11T00:01:36Z</time>
      </trkpt>
      <trkpt lat="37.78898" lon="-122.48592">
        <ele>21.02</ele>
        <time>2025-01-11T00:01:40Z</time>
      </trkpt>
      <trkpt lat="37.78897" lon="-122.48595">
        <ele>21.12</ele>
        <time>2025-01-11T00:01:42Z</time>
      </trkpt>
      <trkpt lat="37.78896" lon="-122.48598">
        <ele>21.23</ele>
        <time>2025-01-11T00:01:45Z</time>
      </trkpt>
      <trkpt lat="37.78896" lon="-122.48603">
        <ele>21.33</ele>
        <time>2025-01-11T00:01:49Z</time>
      </trkpt>
      <trkpt lat="37.78896" lon="-122.48607">
        <ele>21.66</ele>
        <time>2025-01-11T00:01:52Z</time>
      </trkpt>
      <trkpt lat="37.78895" lon="-122.48612">
        <ele>22.0</ele>
        <time>2025-01-11T00:01:55Z</time>
      </trkpt>
      <trkpt lat="37.78895" lon="-122.48616">
        <ele>22.0</ele>
        <time>2025-01-11T00:01:58Z</time>
      </trkpt>
      <trkpt lat="37.78896" lon="-122.4862">
        <ele>22.0</ele>
        <time>2025-01-11T00:02:01Z</time>
      </trkpt>
      <trkpt lat="37.78897" lon="-122.48625">
        <ele>22.0</ele>
        <time>2025-01-11T00:02:04Z</time>
      </trkpt>
      <trkpt lat="37.78898" lon="-122.48629">
        <ele>22.0</ele>
        <time>2025-01-11T00:02:07Z</time>
      </trkpt>
      <trkpt lat="37.78898" lon="-122.48633">
        <ele>22.0</ele>
        <time>2025-01-11T00:02:09Z</time>
      </trkpt>
      <trkpt lat="37.78898" lon="-122.48637">
        <ele>22.0</ele>
        <time>2025-01-11T00:02:12Z</time>
      </trkpt>
      <trkpt lat="37.78899" lon="-122.48642">
        <ele>22.0</ele>
        <time>2025-01-11T00:02:15Z</time>
      </trkpt>
      <trkpt lat="37.78898" lon="-122.48646">
        <ele>22.0</ele>
        <time>2025-01-11T00:02:18Z</time>
      </trkpt>
      <trkpt lat="37.78898" lon="-122.48649">
        <ele>22.0</ele>
        <time>2025-01-11T00:02:22Z</time>
      </trkpt>
      <trkpt lat="37.78898" lon="-122.48654">
        <ele>22.0</ele>
        <time>2025-01-11T00:02:25Z</time>
      </trkpt>
      <trkpt lat="37.78898" lon="-122.48659">
        <ele>22.17</ele>
        <time>2025-01-11T00:02:29Z</time>
      </trkpt>
      <trkpt lat="37.78897" lon="-122.48663">
        <ele>22.6</ele>
        <time>2025-01-11T00:02:32Z</time>
      </trkpt>
      <trkpt lat="37.78896" lon="-122.48667">
        <ele>23.0</ele>
        <time>2025-01-11T00:02:35Z</time>
      </trkpt>
      <trkpt lat="37.78896" lon="-122.48671">
        <ele>23.0</ele>
        <time>2025-01-11T00:02:39Z</time>
      </trkpt>
      <trkpt lat="37.78896" lon="-122.48675">
        <ele>23.0</ele>
        <time>2025-01-11T00:02:42Z</time>
      </trkpt>
      <trkpt lat="37.78895" lon="-122.48679">
        <ele>23.33</ele>
        <time>2025-01-11T00:02:45Z</time>
      </trkpt>
      <trkpt lat="37.78892" lon="-122.48682">
        <ele>23.66</ele>
        <time>2025-01-11T00:02:49Z</time>
      </trkpt>
      <trkpt lat="37.78889" lon="-122.48681">
        <ele>23.55</ele>
        <time>2025-01-11T00:02:51Z</time>
      </trkpt>
      <trkpt lat="37.78886" lon="-122.48681">
        <ele>23.69</ele>
        <time>2025-01-11T00:03:01Z</time>
      </trkpt>
      <trkpt lat="37.78884" lon="-122.48685">
        <ele>23.99</ele>
        <time>2025-01-11T00:03:06Z</time>
      </trkpt>
      <trkpt lat="37.78884" lon="-122.48694">
        <ele>24.0</ele>
        <time>2025-01-11T00:03:08Z</time>
      </trkpt>
      <trkpt lat="37.78883" lon="-122.48699">
        <ele>24.49</ele>
        <time>2025-01-11T00:03:11Z</time>
      </trkpt>
      <trkpt lat="37.78882" lon="-122.48703">
        <ele>24.92</ele>
        <time>2025-01-11T00:03:15Z</time>
      </trkpt>
      <trkpt lat="37.7888" lon="-122.48707">
        <ele>25.0</ele>
        <time>2025-01-11T00:03:18Z</time>
      </trkpt>
      <trkpt lat="37.7888" lon="-122.48712">
        <ele>25.0</ele>
        <time>2025-01-11T00:03:22Z</time>
      </trkpt>
      <trkpt lat="37.78881" lon="-122.48717">
        <ele>25.0</ele>
        <time>2025-01-11T00:03:25Z</time>
      </trkpt>
      <trkpt lat="37.78881" lon="-122.48723">
        <ele>25.08</ele>
        <time>2025-01-11T00:03:28Z</time>
      </trkpt>
      <trkpt lat="37.7888" lon="-122.48727">
        <ele>25.52</ele>
        <time>2025-01-11T00:03:30Z</time>
      </trkpt>
      <trkpt lat="37.7888" lon="-122.48733">
        <ele>26.0</ele>
        <time>2025-01-11T00:03:33Z</time>
      </trkpt>
      <trkpt lat="37.7888" lon="-122.48737">
        <ele>26.0</ele>
        <time>2025-01-11T00:03:36Z</time>
      </trkpt>
      <trkpt lat="37.7888" lon="-122.48742">
        <ele>26.0</ele>
        <time>2025-01-11T00:03:40Z</time>
      </trkpt>
      <trkpt lat="37.7888" lon="-122.48746">
        <ele>26.0</ele>
        <time>2025-01-11T00:03:43Z</time>
      </trkpt>
      <trkpt lat="37.7888" lon="-122.4875">
        <ele>26.0</ele>
        <time>2025-01-11T00:03:45Z</time>
      </trkpt>
      <trkpt lat="37.78881" lon="-122.48755">
        <ele>26.54</ele>
        <time>2025-01-11T00:03:48Z</time>
      </trkpt>
      <trkpt lat="37.78881" lon="-122.48759">
        <ele>26.97</ele>
        <time>2025-01-11T00:03:51Z</time>
      </trkpt>
      <trkpt lat="37.7888" lon="-122.48764">
        <ele>27.0</ele>
        <time>2025-01-11T00:03:54Z</time>
      </trkpt>
      <trkpt lat="37.7888" lon="-122.48768">
        <ele>27.0</ele>
        <time>2025-01-11T00:03:56Z</time>
      </trkpt>
      <trkpt lat="37.78879" lon="-122.48772">
        <ele>27.42</ele>
        <time>2025-01-11T00:04:01Z</time>
      </trkpt>
      <trkpt lat="37.78879" lon="-122.48776">
        <ele>27.82</ele>
        <time>2025-01-11T00:04:05Z</time>
      </trkpt>
      <trkpt lat="37.78879" lon="-122.4878">
        <ele>28.0</ele>
        <time>2025-01-11T00:04:08Z</time>
      </trkpt>
      <trkpt lat="37.78879" lon="-122.48785">
        <ele>28.0</ele>
        <time>2025-01-11T00:04:11Z</time>
      </trkpt>
      <trkpt lat="37.78879" lon="-122.4879">
        <ele>28.0</ele>
        <time>2025-01-11T00:04:14Z</time>
      </trkpt>
      <trkpt lat="37.78878" lon="-122.48793">
        <ele>28.0</ele>
        <time>2025-01-11T00:04:16Z</time>
      </trkpt>
      <trkpt lat="37.78877" lon="-122.48796">
        <ele>28.0</ele>
        <time>2025-01-11T00:04:19Z</time>
      </trkpt>
      <trkpt lat="37.78876" lon="-122.488">
        <ele>28.4</ele>
        <time>2025-01-11T00:04:22Z</time>
      </trkpt>
      <trkpt lat="37.78875" lon="-122.48805">
        <ele>28.94</ele>
        <time>2025-01-11T00:04:26Z</time>
      </trkpt>
      <trkpt lat="37.78875" lon="-122.48809">
        <ele>29.0</ele>
        <time>2025-01-11T00:04:29Z</time>
      </trkpt>
      <trkpt lat="37.78875" lon="-122.48813">
        <ele>29.0</ele>
        <time>2025-01-11T00:04:32Z</time>
      </trkpt>
      <trkpt lat="37.78875" lon="-122.48818">
        <ele>29.0</ele>
        <time>2025-01-11T00:04:36Z</time>
      </trkpt>
      <trkpt lat="37.78875" lon="-122.48823">
        <ele>29.0</ele>
        <time>2025-01-11T00:04:38Z</time>
      </trkpt>
      <trkpt lat="37.78877" lon="-122.48827">
        <ele>29.23</ele>
        <time>2025-01-11T00:04:42Z</time>
      </trkpt>
      <trkpt lat="37.78877" lon="-122.48831">
        <ele>29.54</ele>
        <time>2025-01-11T00:04:45Z</time>
      </trkpt>
      <trkpt lat="37.78876" lon="-122.48836">
        <ele>29.72</ele>
        <time>2025-01-11T00:04:48Z</time>
      </trkpt>
      <trkpt lat="37.78875" lon="-122.48841">
        <ele>29.91</ele>
        <time>2025-01-11T00:04:51Z</time>
      </trkpt>
      <trkpt lat="37.78875" lon="-122.48844">
        <ele>30.0</ele>
        <time>2025-01-11T00:04:53Z</time>
      </trkpt>
      <trkpt lat="37.78875" lon="-122.48848">
        <ele>30.0</ele>
        <time>2025-01-11T00:04:55Z</time>
      </trkpt>
      <trkpt lat="37.78875" lon="-122.48851">
        <ele>30.0</ele>
        <time>2025-01-11T00:04:57Z</time>
      </trkpt>
      <trkpt lat="37.78875" lon="-122.48856">
        <ele>30.0</ele>
        <time>2025-01-11T00:05:00Z</time>
      </trkpt>
      <trkpt lat="37.78874" lon="-122.48861">
        <ele>30.0</ele>
        <time>2025-01-11T00:05:03Z</time>
      </trkpt>
      <trkpt lat="37.78873" lon="-122.48866">
        <ele>30.38</ele>
        <time>2025-01-11T00:05:06Z</time>
      </trkpt>
      <trkpt lat="37.78872" lon="-122.4887">
        <ele>30.79</ele>
        <time>2025-01-11T00:05:09Z</time>
      </trkpt>
      <trkpt lat="37.78871" lon="-122.48873">
        <ele>30.93</ele>
        <time>2025-01-11T00:05:11Z</time>
      </trkpt>
      <trkpt lat="37.78871" lon="-122.48877">
        <ele>30.93</ele>
        <time>2025-01-11T00:05:13Z</time>
      </trkpt>
      <trkpt lat="37.78871" lon="-122.4888">
        <ele>30.93</ele>
        <time>2025-01-11T00:05:15Z</time>
      </trkpt>
      <trkpt lat="37.7887" lon="-122.48885">
        <ele>31.0</ele>
        <time>2025-01-11T00:05:18Z</time>
      </trkpt>
      <trkpt lat="37.7887" lon="-122.4889">
        <ele>31.0</ele>
        <time>2025-01-11T00:05:21Z</time>
      </trkpt>
      <trkpt lat="37.78869" lon="-122.48895">
        <ele>31.0</ele>
        <time>2025-01-11T00:05:24Z</time>
      </trkpt>
      <trkpt lat="37.78869" lon="-122.489">
        <ele>31.0</ele>
        <time>2025-01-11T00:05:27Z</time>
      </trkpt>
      <trkpt lat="37.78868" lon="-122.48905">
        <ele>31.0</ele>
        <time>2025-01-11T00:05:30Z</time>
      </trkpt>
      <trkpt lat="37.78868" lon="-122.48909">
        <ele>31.0</ele>
        <time>2025-01-11T00:05:32Z</time>
      </trkpt>
      <trkpt lat="37.78868" lon="-122.48913">
        <ele>31.0</ele>
        <time>2025-01-11T00:05:34Z</time>
      </trkpt>
      <trkpt lat="37.78867" lon="-122.48916">
        <ele>31.0</ele>
        <time>2025-01-11T00:05:36Z</time>
      </trkpt>
      <trkpt lat="37.78866" lon="-122.48921">
        <ele>31.0</ele>
        <time>2025-01-11T00:05:39Z</time>
      </trkpt>
      <trkpt lat="37.78866" lon="-122.48926">
        <ele>31.0</ele>
        <time>2025-01-11T00:05:42Z</time>
      </trkpt>
      <trkpt lat="37.78866" lon="-122.4893">
        <ele>31.0</ele>
        <time>2025-01-11T00:05:45Z</time>
      </trkpt>
      <trkpt lat="37.78865" lon="-122.48934">
        <ele>31.0</ele>
        <time>2025-01-11T00:05:48Z</time>
      </trkpt>
      <trkpt lat="37.78865" lon="-122.48939">
        <ele>31.0</ele>
        <time>2025-01-11T00:05:51Z</time>
      </trkpt>
      <trkpt lat="37.78864" lon="-122.48944">
        <ele>31.0</ele>
        <time>2025-01-11T00:05:54Z</time>
      </trkpt>
      <trkpt lat="37.78863" lon="-122.48948">
        <ele>31.0</ele>
        <time>2025-01-11T00:05:57Z</time>
      </trkpt>
      <trkpt lat="37.78861" lon="-122.48952">
        <ele>31.0</ele>
        <time>2025-01-11T00:06:00Z</time>
      </trkpt>
      <trkpt lat="37.78858" lon="-122.48955">
        <ele>31.0</ele>
        <time>2025-01-11T00:06:03Z</time>
      </trkpt>
      <trkpt lat="37.78856" lon="-122.48957">
        <ele>31.0</ele>
        <time>2025-01-11T00:06:05Z</time>
      </trkpt>
      <trkpt lat="37.78853" lon="-122.48958">
        <ele>31.0</ele>
        <time>2025-01-11T00:06:07Z</time>
      </trkpt>
      <trkpt lat="37.7885" lon="-122.48958">
        <ele>31.09</ele>
        <time>2025-01-11T00:06:09Z</time>
      </trkpt>
      <trkpt lat="37.78847" lon="-122.48959">
        <ele>31.3</ele>
        <time>2025-01-11T00:06:11Z</time>
      </trkpt>
      <trkpt lat="37.78844" lon="-122.4896">
        <ele>31.58</ele>
        <time>2025-01-11T00:06:13Z</time>
      </trkpt>
      <trkpt lat="37.78842" lon="-122.48961">
        <ele>31.8</ele>
        <time>2025-01-11T00:06:15Z</time>
      </trkpt>
      <trkpt lat="37.78838" lon="-122.48962">
        <ele>31.95</ele>
        <time>2025-01-11T00:06:18Z</time>
      </trkpt>
      <trkpt lat="37.78834" lon="-122.48962">
        <ele>31.99</ele>
        <time>2025-01-11T00:06:21Z</time>
      </trkpt>
      <trkpt lat="37.7883" lon="-122.48963">
        <ele>32.36</ele>
        <time>2025-01-11T00:06:24Z</time>
      </trkpt>
      <trkpt lat="37.78827" lon="-122.48964">
        <ele>32.61</ele>
        <time>2025-01-11T00:06:27Z</time>
      </trkpt>
      <trkpt lat="37.78825" lon="-122.48965">
        <ele>32.7</ele>
        <time>2025-01-11T00:06:30Z</time>
      </trkpt>
      <trkpt lat="37.78822" lon="-122.48967">
        <ele>32.66</ele>
        <time>2025-01-11T00:06:33Z</time>
      </trkpt>
      <trkpt lat="37.7882" lon="-122.4897">
        <ele>32.57</ele>
        <time>2025-01-11T00:06:36Z</time>
      </trkpt>
      <trkpt lat="37.78818" lon="-122.48973">
        <ele>32.57</ele>
        <time>2025-01-11T00:06:39Z</time>
      </trkpt>
      <trkpt lat="37.78814" lon="-122.48975">
        <ele>32.7</ele>
        <time>2025-01-11T00:06:43Z</time>
      </trkpt>
      <trkpt lat="37.7881" lon="-122.48972">
        <ele>33.01</ele>
        <time>2025-01-11T00:06:46Z</time>
      </trkpt>
      <trkpt lat="37.78807" lon="-122.4897">
        <ele>33.2</ele>
        <time>2025-01-11T00:06:48Z</time>
      </trkpt>
      <trkpt lat="37.78804" lon="-122.48967">
        <ele>33.81</ele>
        <time>2025-01-11T00:06:50Z</time>
      </trkpt>
      <trkpt lat="37.78802" lon="-122.48964">
        <ele>34.32</ele>
        <time>2025-01-11T00:06:52Z</time>
      </trkpt>
      <trkpt lat="37.788" lon="-122.48962">
        <ele>34.6</ele>
        <time>2025-01-11T00:06:55Z</time>
      </trkpt>
      <trkpt lat="37.78797" lon="-122.48963">
        <ele>34.92</ele>
        <time>2025-01-11T00:06:59Z</time>
      </trkpt>
      <trkpt lat="37.78794" lon="-122.48965">
        <ele>35.19</ele>
        <time>2025-01-11T00:07:02Z</time>
      </trkpt>
      <trkpt lat="37.78792" lon="-122.48968">
        <ele>35.21</ele>
        <time>2025-01-11T00:07:04Z</time>
      </trkpt>
      <trkpt lat="37.7879" lon="-122.4897">
        <ele>35.16</ele>
        <time>2025-01-11T00:07:06Z</time>
      </trkpt>
      <trkpt lat="37.78787" lon="-122.48974">
        <ele>35.0</ele>
        <time>2025-01-11T00:07:08Z</time>
      </trkpt>
      <trkpt lat="37.78785" lon="-122.48976">
        <ele>35.22</ele>
        <time>2025-01-11T00:07:10Z</time>
      </trkpt>
      <trkpt lat="37.78783" lon="-122.48979">
        <ele>35.44</ele>
        <time>2025-01-11T00:07:12Z</time>
      </trkpt>
      <trkpt lat="37.7878" lon="-122.48982">
        <ele>35.54</ele>
        <time>2025-01-11T00:07:15Z</time>
      </trkpt>
      <trkpt lat="37.78776" lon="-122.48983">
        <ele>35.63</ele>
        <time>2025-01-11T00:07:18Z</time>
      </trkpt>
      <trkpt lat="37.78773" lon="-122.48984">
        <ele>35.85</ele>
        <time>2025-01-11T00:07:21Z</time>
      </trkpt>
      <trkpt lat="37.7877" lon="-122.48985">
        <ele>36.28</ele>
        <time>2025-01-11T00:07:24Z</time>
      </trkpt>
      <trkpt lat="37.78767" lon="-122.48985">
        <ele>36.74</ele>
        <time>2025-01-11T00:07:26Z</time>
      </trkpt>
      <trkpt lat="37.78764" lon="-122.48984">
        <ele>36.99</ele>
        <time>2025-01-11T00:07:28Z</time>
      </trkpt>
      <trkpt lat="37.78761" lon="-122.48984">
        <ele>37.17</ele>
        <time>2025-01-11T00:07:30Z</time>
      </trkpt>
      <trkpt lat="37.78757" lon="-122.48984">
        <ele>37.38</ele>
        <time>2025-01-11T00:07:33Z</time>
      </trkpt>
      <trkpt lat="37.78755" lon="-122.48985">
        <ele>37.49</ele>
        <time>2025-01-11T00:07:35Z</time>
      </trkpt>
      <trkpt lat="37.78751" lon="-122.48986">
        <ele>37.51</ele>
        <time>2025-01-11T00:07:38Z</time>
      </trkpt>
      <trkpt lat="37.78749" lon="-122.48986">
        <ele>37.56</ele>
        <time>2025-01-11T00:07:40Z</time>
      </trkpt>
      <trkpt lat="37.78746" lon="-122.48986">
        <ele>37.72</ele>
        <time>2025-01-11T00:07:42Z</time>
      </trkpt>
      <trkpt lat="37.78743" lon="-122.48987">
        <ele>37.85</ele>
        <time>2025-01-11T00:07:44Z</time>
      </trkpt>
      <trkpt lat="37.7874" lon="-122.48987">
        <ele>38.0</ele>
        <time>2025-01-11T00:07:46Z</time>
      </trkpt>
      <trkpt lat="37.78736" lon="-122.48987">
        <ele>38.0</ele>
        <time>2025-01-11T00:07:49Z</time>
      </trkpt>
      <trkpt lat="37.78733" lon="-122.48986">
        <ele>38.0</ele>
        <time>2025-01-11T00:07:51Z</time>
      </trkpt>
      <trkpt lat="37.7873" lon="-122.48987">
        <ele>38.16</ele>
        <time>2025-01-11T00:07:53Z</time>
      </trkpt>
      <trkpt lat="37.78727" lon="-122.48987">
        <ele>38.48</ele>
        <time>2025-01-11T00:07:55Z</time>
      </trkpt>
      <trkpt lat="37.78724" lon="-122.48987">
        <ele>38.81</ele>
        <time>2025-01-11T00:07:57Z</time>
      </trkpt>
      <trkpt lat="37.78721" lon="-122.48987">
        <ele>39.0</ele>
        <time>2025-01-11T00:07:59Z</time>
      </trkpt>
      <trkpt lat="37.78718" lon="-122.48987">
        <ele>39.0</ele>
        <time>2025-01-11T00:08:01Z</time>
      </trkpt>
      <trkpt lat="37.78715" lon="-122.48986">
        <ele>39.0</ele>
        <time>2025-01-11T00:08:03Z</time>
      </trkpt>
      <trkpt lat="37.78712" lon="-122.48986">
        <ele>39.1</ele>
        <time>2025-01-11T00:08:05Z</time>
      </trkpt>
      <trkpt lat="37.78709" lon="-122.48986">
        <ele>39.43</ele>
        <time>2025-01-11T00:08:07Z</time>
      </trkpt>
      <trkpt lat="37.78706" lon="-122.48988">
        <ele>39.75</ele>
        <time>2025-01-11T00:08:10Z</time>
      </trkpt>
      <trkpt lat="37.78702" lon="-122.48989">
        <ele>40.03</ele>
        <time>2025-01-11T00:08:13Z</time>
      </trkpt>
      <trkpt lat="37.78699" lon="-122.48989">
        <ele>40.1</ele>
        <time>2025-01-11T00:08:15Z</time>
      </trkpt>
      <trkpt lat="37.78696" lon="-122.48989">
        <ele>40.16</ele>
        <time>2025-01-11T00:08:18Z</time>
      </trkpt>
      <trkpt lat="37.78693" lon="-122.4899">
        <ele>40.25</ele>
        <time>2025-01-11T00:08:21Z</time>
      </trkpt>
      <trkpt lat="37.7869" lon="-122.48992">
        <ele>40.41</ele>
        <time>2025-01-11T00:08:23Z</time>
      </trkpt>
      <trkpt lat="37.78687" lon="-122.48994">
        <ele>40.74</ele>
        <time>2025-01-11T00:08:26Z</time>
      </trkpt>
      <trkpt lat="37.78685" lon="-122.48997">
        <ele>41.03</ele>
        <time>2025-01-11T00:08:29Z</time>
      </trkpt>
      <trkpt lat="37.78682" lon="-122.49">
        <ele>41.34</ele>
        <time>2025-01-11T00:08:32Z</time>
      </trkpt>
      <trkpt lat="37.78679" lon="-122.49003">
        <ele>41.67</ele>
        <time>2025-01-11T00:08:34Z</time>
      </trkpt>
      <trkpt lat="37.78676" lon="-122.49005">
        <ele>41.99</ele>
        <time>2025-01-11T00:08:36Z</time>
      </trkpt>
      <trkpt lat="37.78673" lon="-122.49007">
        <ele>42.15</ele>
        <time>2025-01-11T00:08:38Z</time>
      </trkpt>
      <trkpt lat="37.78669" lon="-122.49009">
        <ele>42.04</ele>
        <time>2025-01-11T00:08:41Z</time>
      </trkpt>
      <trkpt lat="37.78665" lon="-122.49011">
        <ele>42.63</ele>
        <time>2025-01-11T00:08:44Z</time>
      </trkpt>
      <trkpt lat="37.78663" lon="-122.49013">
        <ele>43.11</ele>
        <time>2025-01-11T00:08:46Z</time>
      </trkpt>
      <trkpt lat="37.78662" lon="-122.49016">
        <ele>43.14</ele>
        <time>2025-01-11T00:08:48Z</time>
      </trkpt>
      <trkpt lat="37.78661" lon="-122.49021">
        <ele>43.0</ele>
        <time>2025-01-11T00:08:50Z</time>
      </trkpt>
      <trkpt lat="37.78659" lon="-122.49024">
        <ele>43.0</ele>
        <time>2025-01-11T00:08:52Z</time>
      </trkpt>
      <trkpt lat="37.78657" lon="-122.49027">
        <ele>43.09</ele>
        <time>2025-01-11T00:08:54Z</time>
      </trkpt>
      <trkpt lat="37.78655" lon="-122.4903">
        <ele>43.64</ele>
        <time>2025-01-11T00:08:56Z</time>
      </trkpt>
      <trkpt lat="37.78653" lon="-122.49033">
        <ele>43.98</ele>
        <time>2025-01-11T00:08:58Z</time>
      </trkpt>
      <trkpt lat="37.78651" lon="-122.49036">
        <ele>44.04</ele>
        <time>2025-01-11T00:09:01Z</time>
      </trkpt>
      <trkpt lat="37.78649" lon="-122.4904">
        <ele>44.0</ele>
        <time>2025-01-11T00:09:04Z</time>
      </trkpt>
      <trkpt lat="37.78647" lon="-122.49044">
        <ele>44.12</ele>
        <time>2025-01-11T00:09:07Z</time>
      </trkpt>
      <trkpt lat="37.78645" lon="-122.49049">
        <ele>44.53</ele>
        <time>2025-01-11T00:09:10Z</time>
      </trkpt>
      <trkpt lat="37.78643" lon="-122.49052">
        <ele>44.83</ele>
        <time>2025-01-11T00:09:13Z</time>
      </trkpt>
      <trkpt lat="37.78641" lon="-122.49055">
        <ele>44.99</ele>
        <time>2025-01-11T00:09:16Z</time>
      </trkpt>
      <trkpt lat="37.7864" lon="-122.49059">
        <ele>44.96</ele>
        <time>2025-01-11T00:09:18Z</time>
      </trkpt>
      <trkpt lat="37.78639" lon="-122.49062">
        <ele>44.99</ele>
        <time>2025-01-11T00:09:20Z</time>
      </trkpt>
      <trkpt lat="37.78638" lon="-122.49065">
        <ele>45.11</ele>
        <time>2025-01-11T00:09:22Z</time>
      </trkpt>
      <trkpt lat="37.78636" lon="-122.4907">
        <ele>45.7</ele>
        <time>2025-01-11T00:09:25Z</time>
      </trkpt>
      <trkpt lat="37.78635" lon="-122.49074">
        <ele>46.0</ele>
        <time>2025-01-11T00:09:28Z</time>
      </trkpt>
      <trkpt lat="37.78634" lon="-122.49077">
        <ele>46.0</ele>
        <time>2025-01-11T00:09:32Z</time>
      </trkpt>
      <trkpt lat="37.78632" lon="-122.49082">
        <ele>46.0</ele>
        <time>2025-01-11T00:09:35Z</time>
      </trkpt>
      <trkpt lat="37.78631" lon="-122.49086">
        <ele>46.29</ele>
        <time>2025-01-11T00:09:38Z</time>
      </trkpt>
      <trkpt lat="37.7863" lon="-122.4909">
        <ele>46.72</ele>
        <time>2025-01-11T00:09:41Z</time>
      </trkpt>
      <trkpt lat="37.78628" lon="-122.49095">
        <ele>47.0</ele>
        <time>2025-01-11T00:09:44Z</time>
      </trkpt>
      <trkpt lat="37.78628" lon="-122.49098">
        <ele>47.0</ele>
        <time>2025-01-11T00:09:46Z</time>
      </trkpt>
      <trkpt lat="37.78627" lon="-122.49103">
        <ele>47.12</ele>
        <time>2025-01-11T00:09:49Z</time>
      </trkpt>
      <trkpt lat="37.78626" lon="-122.49107">
        <ele>47.56</ele>
        <time>2025-01-11T00:09:51Z</time>
      </trkpt>
      <trkpt lat="37.78626" lon="-122.49112">
        <ele>48.0</ele>
        <time>2025-01-11T00:09:54Z</time>
      </trkpt>
      <trkpt lat="37.78625" lon="-122.49117">
        <ele>48.0</ele>
        <time>2025-01-11T00:09:57Z</time>
      </trkpt>
      <trkpt lat="37.78625" lon="-122.49122">
        <ele>48.18</ele>
        <time>2025-01-11T00:10:00Z</time>
      </trkpt>
      <trkpt lat="37.78625" lon="-122.49125">
        <ele>48.5</ele>
        <time>2025-01-11T00:10:02Z</time>
      </trkpt>
      <trkpt lat="37.78625" lon="-122.4913">
        <ele>49.0</ele>
        <time>2025-01-11T00:10:05Z</time>
      </trkpt>
      <trkpt lat="37.78624" lon="-122.49135">
        <ele>49.0</ele>
        <time>2025-01-11T00:10:08Z</time>
      </trkpt>
      <trkpt lat="37.78624" lon="-122.49139">
        <ele>49.0</ele>
        <time>2025-01-11T00:10:11Z</time>
      </trkpt>
      <trkpt lat="37.78624" lon="-122.49144">
        <ele>49.0</ele>
        <time>2025-01-11T00:10:13Z</time>
      </trkpt>
      <trkpt lat="37.78624" lon="-122.49148">
        <ele>49.0</ele>
        <time>2025-01-11T00:10:15Z</time>
      </trkpt>
      <trkpt lat="37.78625" lon="-122.49151">
        <ele>49.31</ele>
        <time>2025-01-11T00:10:17Z</time>
      </trkpt>
      <trkpt lat="37.78625" lon="-122.49155">
        <ele>49.74</ele>
        <time>2025-01-11T00:10:19Z</time>
      </trkpt>
      <trkpt lat="37.78626" lon="-122.49158">
        <ele>50.03</ele>
        <time>2025-01-11T00:10:21Z</time>
      </trkpt>
      <trkpt lat="37.78626" lon="-122.49162">
        <ele>50.19</ele>
        <time>2025-01-11T00:10:23Z</time>
      </trkpt>
      <trkpt lat="37.78627" lon="-122.49165">
        <ele>50.23</ele>
        <time>2025-01-11T00:10:25Z</time>
      </trkpt>
      <trkpt lat="37.78628" lon="-122.49169">
        <ele>50.38</ele>
        <time>2025-01-11T00:10:27Z</time>
      </trkpt>
      <trkpt lat="37.78629" lon="-122.49172">
        <ele>50.6</ele>
        <time>2025-01-11T00:10:29Z</time>
      </trkpt>
      <trkpt lat="37.7863" lon="-122.49176">
        <ele>51.05</ele>
        <time>2025-01-11T00:10:31Z</time>
      </trkpt>
      <trkpt lat="37.78631" lon="-122.49179">
        <ele>51.43</ele>
        <time>2025-01-11T00:10:33Z</time>
      </trkpt>
      <trkpt lat="37.78633" lon="-122.49181">
        <ele>51.71</ele>
        <time>2025-01-11T00:10:36Z</time>
      </trkpt>
      <trkpt lat="37.78636" lon="-122.49184">
        <ele>51.96</ele>
        <time>2025-01-11T00:10:39Z</time>
      </trkpt>
      <trkpt lat="37.78638" lon="-122.49188">
        <ele>52.0</ele>
        <time>2025-01-11T00:10:42Z</time>
      </trkpt>
      <trkpt lat="37.7864" lon="-122.49191">
        <ele>52.08</ele>
        <time>2025-01-11T00:10:44Z</time>
      </trkpt>
      <trkpt lat="37.78641" lon="-122.49196">
        <ele>52.4</ele>
        <time>2025-01-11T00:10:47Z</time>
      </trkpt>
      <trkpt lat="37.78643" lon="-122.492">
        <ele>53.04</ele>
        <time>2025-01-11T00:10:51Z</time>
      </trkpt>
      <trkpt lat="37.78645" lon="-122.49203">
        <ele>53.58</ele>
        <time>2025-01-11T00:10:54Z</time>
      </trkpt>
      <trkpt lat="37.78647" lon="-122.49207">
        <ele>53.92</ele>
        <time>2025-01-11T00:10:57Z</time>
      </trkpt>
      <trkpt lat="37.78649" lon="-122.49211">
        <ele>54.07</ele>
        <time>2025-01-11T00:11:00Z</time>
      </trkpt>
      <trkpt lat="37.78652" lon="-122.49214">
        <ele>54.48</ele>
        <time>2025-01-11T00:11:03Z</time>
      </trkpt>
      <trkpt lat="37.78654" lon="-122.49217">
        <ele>54.79</ele>
        <time>2025-01-11T00:11:05Z</time>
      </trkpt>
      <trkpt lat="37.78655" lon="-122.4922">
        <ele>54.94</ele>
        <time>2025-01-11T00:11:07Z</time>
      </trkpt>
      <trkpt lat="37.78657" lon="-122.49222">
        <ele>55.0</ele>
        <time>2025-01-11T00:11:09Z</time>
      </trkpt>
      <trkpt lat="37.78659" lon="-122.49226">
        <ele>55.41</ele>
        <time>2025-01-11T00:11:11Z</time>
      </trkpt>
      <trkpt lat="37.7866" lon="-122.49229">
        <ele>55.73</ele>
        <time>2025-01-11T00:11:14Z</time>
      </trkpt>
      <trkpt lat="37.78662" lon="-122.49233">
        <ele>56.0</ele>
        <time>2025-01-11T00:11:17Z</time>
      </trkpt>
      <trkpt lat="37.78664" lon="-122.49236">
        <ele>56.0</ele>
        <time>2025-01-11T00:11:19Z</time>
      </trkpt>
      <trkpt lat="37.78666" lon="-122.49239">
        <ele>56.0</ele>
        <time>2025-01-11T00:11:21Z</time>
      </trkpt>
      <trkpt lat="37.78668" lon="-122.49242">
        <ele>56.26</ele>
        <time>2025-01-11T00:11:23Z</time>
      </trkpt>
      <trkpt lat="37.7867" lon="-122.49247">
        <ele>56.79</ele>
        <time>2025-01-11T00:11:26Z</time>
      </trkpt>
      <trkpt lat="37.78673" lon="-122.49251">
        <ele>57.0</ele>
        <time>2025-01-11T00:11:29Z</time>
      </trkpt>
      <trkpt lat="37.78675" lon="-122.49254">
        <ele>57.0</ele>
        <time>2025-01-11T00:11:31Z</time>
      </trkpt>
      <trkpt lat="37.78676" lon="-122.49257">
        <ele>57.0</ele>
        <time>2025-01-11T00:11:33Z</time>
      </trkpt>
      <trkpt lat="37.78677" lon="-122.4926">
        <ele>57.08</ele>
        <time>2025-01-11T00:11:35Z</time>
      </trkpt>
      <trkpt lat="37.78678" lon="-122.49264">
        <ele>57.51</ele>
        <time>2025-01-11T00:11:37Z</time>
      </trkpt>
      <trkpt lat="37.78679" lon="-122.49268">
        <ele>57.94</ele>
        <time>2025-01-11T00:11:39Z</time>
      </trkpt>
      <trkpt lat="37.7868" lon="-122.49272">
        <ele>58.0</ele>
        <time>2025-01-11T00:11:41Z</time>
      </trkpt>
      <trkpt lat="37.7868" lon="-122.49275">
        <ele>58.0</ele>
        <time>2025-01-11T00:11:44Z</time>
      </trkpt>
      <trkpt lat="37.78679" lon="-122.49279">
        <ele>58.13</ele>
        <time>2025-01-11T00:11:47Z</time>
      </trkpt>
      <trkpt lat="37.78679" lon="-122.49283">
        <ele>58.56</ele>
        <time>2025-01-11T00:11:49Z</time>
      </trkpt>
      <trkpt lat="37.78679" lon="-122.49287">
        <ele>59.0</ele>
        <time>2025-01-11T00:11:51Z</time>
      </trkpt>
      <trkpt lat="37.78678" lon="-122.49291">
        <ele>59.0</ele>
        <time>2025-01-11T00:11:53Z</time>
      </trkpt>
      <trkpt lat="37.78677" lon="-122.49295">
        <ele>59.0</ele>
        <time>2025-01-11T00:11:56Z</time>
      </trkpt>
      <trkpt lat="37.78675" lon="-122.49299">
        <ele>59.29</ele>
        <time>2025-01-11T00:11:59Z</time>
      </trkpt>
      <trkpt lat="37.78674" lon="-122.49303">
        <ele>59.72</ele>
        <time>2025-01-11T00:12:02Z</time>
      </trkpt>
      <trkpt lat="37.78672" lon="-122.49307">
        <ele>60.07</ele>
        <time>2025-01-11T00:12:05Z</time>
      </trkpt>
      <trkpt lat="37.78671" lon="-122.49312">
        <ele>60.37</ele>
        <time>2025-01-11T00:12:08Z</time>
      </trkpt>
      <trkpt lat="37.7867" lon="-122.49316">
        <ele>60.64</ele>
        <time>2025-01-11T00:12:11Z</time>
      </trkpt>
      <trkpt lat="37.7867" lon="-122.49319">
        <ele>60.64</ele>
        <time>2025-01-11T00:12:13Z</time>
      </trkpt>
      <trkpt lat="37.78669" lon="-122.49323">
        <ele>60.75</ele>
        <time>2025-01-11T00:12:15Z</time>
      </trkpt>
      <trkpt lat="37.78668" lon="-122.49328">
        <ele>60.92</ele>
        <time>2025-01-11T00:12:18Z</time>
      </trkpt>
      <trkpt lat="37.78667" lon="-122.49333">
        <ele>61.0</ele>
        <time>2025-01-11T00:12:21Z</time>
      </trkpt>
      <trkpt lat="37.78666" lon="-122.49338">
        <ele>61.5</ele>
        <time>2025-01-11T00:12:24Z</time>
      </trkpt>
      <trkpt lat="37.78666" lon="-122.49342">
        <ele>61.94</ele>
        <time>2025-01-11T00:12:27Z</time>
      </trkpt>
      <trkpt lat="37.78666" lon="-122.49346">
        <ele>62.0</ele>
        <time>2025-01-11T00:12:30Z</time>
      </trkpt>
      <trkpt lat="37.78664" lon="-122.49349">
        <ele>62.0</ele>
        <time>2025-01-11T00:12:50Z</time>
      </trkpt>
      <trkpt lat="37.78663" lon="-122.49353">
        <ele>62.0</ele>
        <time>2025-01-11T00:12:53Z</time>
      </trkpt>
      <trkpt lat="37.78663" lon="-122.49357">
        <ele>62.0</ele>
        <time>2025-01-11T00:12:55Z</time>
      </trkpt>
      <trkpt lat="37.78662" lon="-122.49361">
        <ele>62.0</ele>
        <time>2025-01-11T00:12:57Z</time>
      </trkpt>
      <trkpt lat="37.78662" lon="-122.49365">
        <ele>62.21</ele>
        <time>2025-01-11T00:13:00Z</time>
      </trkpt>
      <trkpt lat="37.78662" lon="-122.4937">
        <ele>62.48</ele>
        <time>2025-01-11T00:13:03Z</time>
      </trkpt>
      <trkpt lat="37.78661" lon="-122.49374">
        <ele>62.76</ele>
        <time>2025-01-11T00:13:06Z</time>
      </trkpt>
      <trkpt lat="37.7866" lon="-122.49379">
        <ele>62.98</ele>
        <time>2025-01-11T00:13:09Z</time>
      </trkpt>
      <trkpt lat="37.78659" lon="-122.49383">
        <ele>62.87</ele>
        <time>2025-01-11T00:13:13Z</time>
      </trkpt>
      <trkpt lat="37.78658" lon="-122.49387">
        <ele>62.9</ele>
        <time>2025-01-11T00:13:15Z</time>
      </trkpt>
      <trkpt lat="37.78656" lon="-122.4939">
        <ele>63.25</ele>
        <time>2025-01-11T00:13:17Z</time>
      </trkpt>
      <trkpt lat="37.78654" lon="-122.49393">
        <ele>63.65</ele>
        <time>2025-01-11T00:13:19Z</time>
      </trkpt>
      <trkpt lat="37.78652" lon="-122.49396">
        <ele>63.9</ele>
        <time>2025-01-11T00:13:21Z</time>
      </trkpt>
      <trkpt lat="37.78649" lon="-122.49399">
        <ele>64.0</ele>
        <time>2025-01-11T00:13:24Z</time>
      </trkpt>
      <trkpt lat="37.78647" lon="-122.49403">
        <ele>64.06</ele>
        <time>2025-01-11T00:13:27Z</time>
      </trkpt>
      <trkpt lat="37.78646" lon="-122.49407">
        <ele>64.22</ele>
        <time>2025-01-11T00:13:30Z</time>
      </trkpt>
      <trkpt lat="37.78647" lon="-122.4941">
        <ele>64.12</ele>
        <time>2025-01-11T00:13:32Z</time>
      </trkpt>
      <trkpt lat="37.78648" lon="-122.49413">
        <ele>64.02</ele>
        <time>2025-01-11T00:13:34Z</time>
      </trkpt>
      <trkpt lat="37.78649" lon="-122.49417">
        <ele>64.03</ele>
        <time>2025-01-11T00:13:36Z</time>
      </trkpt>
      <trkpt lat="37.78649" lon="-122.4942">
        <ele>64.29</ele>
        <time>2025-01-11T00:13:38Z</time>
      </trkpt>
      <trkpt lat="37.7865" lon="-122.49424">
        <ele>64.48</ele>
        <time>2025-01-11T00:13:40Z</time>
      </trkpt>
      <trkpt lat="37.78651" lon="-122.49427">
        <ele>64.42</ele>
        <time>2025-01-11T00:13:42Z</time>
      </trkpt>
      <trkpt lat="37.78652" lon="-122.49431">
        <ele>64.4</ele>
        <time>2025-01-11T00:13:44Z</time>
      </trkpt>
      <trkpt lat="37.78653" lon="-122.49434">
        <ele>64.41</ele>
        <time>2025-01-11T00:13:46Z</time>
      </trkpt>
      <trkpt lat="37.78654" lon="-122.49437">
        <ele>64.44</ele>
        <time>2025-01-11T00:13:48Z</time>
      </trkpt>
      <trkpt lat="37.78657" lon="-122.49441">
        <ele>64.07</ele>
        <time>2025-01-11T00:13:51Z</time>
      </trkpt>
      <trkpt lat="37.78659" lon="-122.49444">
        <ele>63.61</ele>
        <time>2025-01-11T00:13:53Z</time>
      </trkpt>
      <trkpt lat="37.78661" lon="-122.49448">
        <ele>63.99</ele>
        <time>2025-01-11T00:13:56Z</time>
      </trkpt>
      <trkpt lat="37.78663" lon="-122.4945">
        <ele>63.99</ele>
        <time>2025-01-11T00:13:58Z</time>
      </trkpt>
      <trkpt lat="37.78664" lon="-122.49453">
        <ele>64.42</ele>
        <time>2025-01-11T00:14:00Z</time>
      </trkpt>
      <trkpt lat="37.78666" lon="-122.49456">
        <ele>64.16</ele>
        <time>2025-01-11T00:14:02Z</time>
      </trkpt>
      <trkpt lat="37.78667" lon="-122.49461">
        <ele>63.98</ele>
        <time>2025-01-11T00:14:05Z</time>
      </trkpt>
      <trkpt lat="37.78668" lon="-122.49465">
        <ele>64.03</ele>
        <time>2025-01-11T00:14:07Z</time>
      </trkpt>
      <trkpt lat="37.78668" lon="-122.49468">
        <ele>64.08</ele>
        <time>2025-01-11T00:14:09Z</time>
      </trkpt>
      <trkpt lat="37.78669" lon="-122.49471">
        <ele>64.22</ele>
        <time>2025-01-11T00:14:11Z</time>
      </trkpt>
      <trkpt lat="37.78669" lon="-122.49475">
        <ele>64.25</ele>
        <time>2025-01-11T00:14:13Z</time>
      </trkpt>
      <trkpt lat="37.78668" lon="-122.49479">
        <ele>64.14</ele>
        <time>2025-01-11T00:14:15Z</time>
      </trkpt>
      <trkpt lat="37.78668" lon="-122.49482">
        <ele>64.14</ele>
        <time>2025-01-11T00:14:17Z</time>
      </trkpt>
      <trkpt lat="37.78668" lon="-122.49485">
        <ele>64.09</ele>
        <time>2025-01-11T00:14:19Z</time>
      </trkpt>
      <trkpt lat="37.78667" lon="-122.4949">
        <ele>64.0</ele>
        <time>2025-01-11T00:14:22Z</time>
      </trkpt>
      <trkpt lat="37.78667" lon="-122.49495">
        <ele>63.54</ele>
        <time>2025-01-11T00:14:25Z</time>
      </trkpt>
      <trkpt lat="37.78667" lon="-122.49499">
        <ele>63.11</ele>
        <time>2025-01-11T00:14:27Z</time>
      </trkpt>
      <trkpt lat="37.78666" lon="-122.49503">
        <ele>63.05</ele>
        <time>2025-01-11T00:14:29Z</time>
      </trkpt>
      <trkpt lat="37.78666" lon="-122.49506">
        <ele>63.03</ele>
        <time>2025-01-11T00:14:31Z</time>
      </trkpt>
      <trkpt lat="37.78665" lon="-122.49511">
        <ele>63.0</ele>
        <time>2025-01-11T00:14:33Z</time>
      </trkpt>
      <trkpt lat="37.78665" lon="-122.49515">
        <ele>63.0</ele>
        <time>2025-01-11T00:14:35Z</time>
      </trkpt>
      <trkpt lat="37.78664" lon="-122.4952">
        <ele>63.0</ele>
        <time>2025-01-11T00:14:38Z</time>
      </trkpt>
      <trkpt lat="37.78664" lon="-122.49525">
        <ele>63.0</ele>
        <time>2025-01-11T00:14:41Z</time>
      </trkpt>
      <trkpt lat="37.78664" lon="-122.49529">
        <ele>63.0</ele>
        <time>2025-01-11T00:14:44Z</time>
      </trkpt>
      <trkpt lat="37.78663" lon="-122.49534">
        <ele>63.0</ele>
        <time>2025-01-11T00:14:47Z</time>
      </trkpt>
      <trkpt lat="37.78663" lon="-122.49539">
        <ele>63.0</ele>
        <time>2025-01-11T00:14:50Z</time>
      </trkpt>
      <trkpt lat="37.78663" lon="-122.49544">
        <ele>63.0</ele>
        <time>2025-01-11T00:14:53Z</time>
      </trkpt>
      <trkpt lat="37.78663" lon="-122.49549">
        <ele>63.0</ele>
        <time>2025-01-11T00:14:56Z</time>
      </trkpt>
      <trkpt lat="37.78663" lon="-122.49552">
        <ele>63.0</ele>
        <time>2025-01-11T00:14:58Z</time>
      </trkpt>
      <trkpt lat="37.78663" lon="-122.49557">
        <ele>63.0</ele>
        <time>2025-01-11T00:15:01Z</time>
      </trkpt>
      <trkpt lat="37.78663" lon="-122.49561">
        <ele>63.0</ele>
        <time>2025-01-11T00:15:04Z</time>
      </trkpt>
      <trkpt lat="37.78662" lon="-122.49566">
        <ele>63.06</ele>
        <time>2025-01-11T00:15:07Z</time>
      </trkpt>
      <trkpt lat="37.78662" lon="-122.49571">
        <ele>63.34</ele>
        <time>2025-01-11T00:15:10Z</time>
      </trkpt>
      <trkpt lat="37.78662" lon="-122.49575">
        <ele>63.5</ele>
        <time>2025-01-11T00:15:13Z</time>
      </trkpt>
      <trkpt lat="37.78661" lon="-122.4958">
        <ele>63.76</ele>
        <time>2025-01-11T00:15:16Z</time>
      </trkpt>
      <trkpt lat="37.78659" lon="-122.49584">
        <ele>64.46</ele>
        <time>2025-01-11T00:15:19Z</time>
      </trkpt>
      <trkpt lat="37.78658" lon="-122.49588">
        <ele>64.74</ele>
        <time>2025-01-11T00:15:22Z</time>
      </trkpt>
      <trkpt lat="37.78657" lon="-122.49591">
        <ele>65.04</ele>
        <time>2025-01-11T00:15:24Z</time>
      </trkpt>
      <trkpt lat="37.78657" lon="-122.49595">
        <ele>65.06</ele>
        <time>2025-01-11T00:15:26Z</time>
      </trkpt>
      <trkpt lat="37.78656" lon="-122.496">
        <ele>65.27</ele>
        <time>2025-01-11T00:15:29Z</time>
      </trkpt>
      <trkpt lat="37.78656" lon="-122.49604">
        <ele>64.95</ele>
        <time>2025-01-11T00:15:31Z</time>
      </trkpt>
      <trkpt lat="37.78656" lon="-122.49607">
        <ele>64.45</ele>
        <time>2025-01-11T00:15:33Z</time>
      </trkpt>
      <trkpt lat="37.78657" lon="-122.49611">
        <ele>63.24</ele>
        <time>2025-01-11T00:15:35Z</time>
      </trkpt>
      <trkpt lat="37.78658" lon="-122.49614">
        <ele>62.39</ele>
        <time>2025-01-11T00:15:37Z</time>
      </trkpt>
      <trkpt lat="37.78658" lon="-122.49618">
        <ele>61.98</ele>
        <time>2025-01-11T00:15:39Z</time>
      </trkpt>
      <trkpt lat="37.78658" lon="-122.49621">
        <ele>61.8</ele>
        <time>2025-01-11T00:15:41Z</time>
      </trkpt>
      <trkpt lat="37.78659" lon="-122.49625">
        <ele>61.55</ele>
        <time>2025-01-11T00:15:43Z</time>
      </trkpt>
      <trkpt lat="37.7866" lon="-122.49628">
        <ele>61.01</ele>
        <time>2025-01-11T00:15:45Z</time>
      </trkpt>
      <trkpt lat="37.78661" lon="-122.49632">
        <ele>60.64</ele>
        <time>2025-01-11T00:15:47Z</time>
      </trkpt>
      <trkpt lat="37.78661" lon="-122.49636">
        <ele>61.24</ele>
        <time>2025-01-11T00:15:49Z</time>
      </trkpt>
      <trkpt lat="37.78662" lon="-122.4964">
        <ele>61.32</ele>
        <time>2025-01-11T00:15:51Z</time>
      </trkpt>
      <trkpt lat="37.78663" lon="-122.49643">
        <ele>61.44</ele>
        <time>2025-01-11T00:15:53Z</time>
      </trkpt>
      <trkpt lat="37.78664" lon="-122.49648">
        <ele>61.98</ele>
        <time>2025-01-11T00:15:56Z</time>
      </trkpt>
      <trkpt lat="37.78665" lon="-122.49652">
        <ele>61.6</ele>
        <time>2025-01-11T00:15:58Z</time>
      </trkpt>
      <trkpt lat="37.78664" lon="-122.49657">
        <ele>62.7</ele>
        <time>2025-01-11T00:16:01Z</time>
      </trkpt>
      <trkpt lat="37.78663" lon="-122.4966">
        <ele>63.6</ele>
        <time>2025-01-11T00:16:05Z</time>
      </trkpt>
      <trkpt lat="37.78662" lon="-122.49664">
        <ele>64.37</ele>
        <time>2025-01-11T00:16:09Z</time>
      </trkpt>
      <trkpt lat="37.78662" lon="-122.49668">
        <ele>64.66</ele>
        <time>2025-01-11T00:16:12Z</time>
      </trkpt>
      <trkpt lat="37.78663" lon="-122.49672">
        <ele>64.64</ele>
        <time>2025-01-11T00:16:15Z</time>
      </trkpt>
      <trkpt lat="37.78663" lon="-122.49677">
        <ele>64.98</ele>
        <time>2025-01-11T00:16:18Z</time>
      </trkpt>
      <trkpt lat="37.78663" lon="-122.49681">
        <ele>64.98</ele>
        <time>2025-01-11T00:16:21Z</time>
      </trkpt>
      <trkpt lat="37.78664" lon="-122.49686">
        <ele>64.29</ele>
        <time>2025-01-11T00:16:24Z</time>
      </trkpt>
      <trkpt lat="37.78664" lon="-122.4969">
        <ele>63.55</ele>
        <time>2025-01-11T00:16:26Z</time>
      </trkpt>
      <trkpt lat="37.78665" lon="-122.49695">
        <ele>62.13</ele>
        <time>2025-01-11T00:16:29Z</time>
      </trkpt>
      <trkpt lat="37.78666" lon="-122.49698">
        <ele>61.79</ele>
        <time>2025-01-11T00:16:31Z</time>
      </trkpt>
      <trkpt lat="37.78667" lon="-122.49702">
        <ele>61.7</ele>
        <time>2025-01-11T00:16:33Z</time>
      </trkpt>
      <trkpt lat="37.78667" lon="-122.49705">
        <ele>61.89</ele>
        <time>2025-01-11T00:16:35Z</time>
      </trkpt>
      <trkpt lat="37.78667" lon="-122.49709">
        <ele>61.89</ele>
        <time>2025-01-11T00:16:37Z</time>
      </trkpt>
      <trkpt lat="37.78667" lon="-122.49712">
        <ele>61.89</ele>
        <time>2025-01-11T00:16:39Z</time>
      </trkpt>
      <trkpt lat="37.78667" lon="-122.49716">
        <ele>61.9</ele>
        <time>2025-01-11T00:16:41Z</time>
      </trkpt>
      <trkpt lat="37.78665" lon="-122.4972">
        <ele>62.76</ele>
        <time>2025-01-11T00:16:44Z</time>
      </trkpt>
      <trkpt lat="37.78664" lon="-122.49725">
        <ele>63.45</ele>
        <time>2025-01-11T00:16:47Z</time>
      </trkpt>
      <trkpt lat="37.78664" lon="-122.49729">
        <ele>63.88</ele>
        <time>2025-01-11T00:16:50Z</time>
      </trkpt>
      <trkpt lat="37.78665" lon="-122.49733">
        <ele>64.05</ele>
        <time>2025-01-11T00:16:53Z</time>
      </trkpt>
      <trkpt lat="37.78667" lon="-122.49737">
        <ele>64.08</ele>
        <time>2025-01-11T00:16:56Z</time>
      </trkpt>
      <trkpt lat="37.78669" lon="-122.49739">
        <ele>63.71</ele>
        <time>2025-01-11T00:16:58Z</time>
      </trkpt>
      <trkpt lat="37.78671" lon="-122.49742">
        <ele>63.27</ele>
        <time>2025-01-11T00:17:00Z</time>
      </trkpt>
      <trkpt lat="37.78673" lon="-122.49745">
        <ele>62.55</ele>
        <time>2025-01-11T00:17:02Z</time>
      </trkpt>
      <trkpt lat="37.78675" lon="-122.49748">
        <ele>61.56</ele>
        <time>2025-01-11T00:17:04Z</time>
      </trkpt>
      <trkpt lat="37.78677" lon="-122.49751">
        <ele>60.75</ele>
        <time>2025-01-11T00:17:06Z</time>
      </trkpt>
      <trkpt lat="37.78678" lon="-122.49755">
        <ele>60.75</ele>
        <time>2025-01-11T00:17:09Z</time>
      </trkpt>
      <trkpt lat="37.78679" lon="-122.4976">
        <ele>60.78</ele>
        <time>2025-01-11T00:17:12Z</time>
      </trkpt>
      <trkpt lat="37.7868" lon="-122.49764">
        <ele>60.81</ele>
        <time>2025-01-11T00:17:15Z</time>
      </trkpt>
      <trkpt lat="37.78683" lon="-122.49767">
        <ele>59.34</ele>
        <time>2025-01-11T00:17:18Z</time>
      </trkpt>
      <trkpt lat="37.78685" lon="-122.49771">
        <ele>59.2</ele>
        <time>2025-01-11T00:17:21Z</time>
      </trkpt>
      <trkpt lat="37.78688" lon="-122.49774">
        <ele>59.33</ele>
        <time>2025-01-11T00:17:24Z</time>
      </trkpt>
      <trkpt lat="37.78691" lon="-122.49776">
        <ele>59.23</ele>
        <time>2025-01-11T00:17:27Z</time>
      </trkpt>
      <trkpt lat="37.78693" lon="-122.49779">
        <ele>59.79</ele>
        <time>2025-01-11T00:17:29Z</time>
      </trkpt>
      <trkpt lat="37.78695" lon="-122.49782">
        <ele>59.69</ele>
        <time>2025-01-11T00:17:31Z</time>
      </trkpt>
      <trkpt lat="37.78698" lon="-122.49785">
        <ele>59.75</ele>
        <time>2025-01-11T00:17:34Z</time>
      </trkpt>
      <trkpt lat="37.78701" lon="-122.49788">
        <ele>60.46</ele>
        <time>2025-01-11T00:17:37Z</time>
      </trkpt>
      <trkpt lat="37.78704" lon="-122.49791">
        <ele>60.33</ele>
        <time>2025-01-11T00:17:39Z</time>
      </trkpt>
      <trkpt lat="37.78706" lon="-122.49794">
        <ele>60.13</ele>
        <time>2025-01-11T00:17:41Z</time>
      </trkpt>
      <trkpt lat="37.78708" lon="-122.49796">
        <ele>60.01</ele>
        <time>2025-01-11T00:17:43Z</time>
      </trkpt>
      <trkpt lat="37.7871" lon="-122.49798">
        <ele>59.82</ele>
        <time>2025-01-11T00:17:45Z</time>
      </trkpt>
      <trkpt lat="37.78712" lon="-122.49801">
        <ele>59.72</ele>
        <time>2025-01-11T00:17:47Z</time>
      </trkpt>
      <trkpt lat="37.78715" lon="-122.49804">
        <ele>59.54</ele>
        <time>2025-01-11T00:17:50Z</time>
      </trkpt>
      <trkpt lat="37.78717" lon="-122.49807">
        <ele>59.81</ele>
        <time>2025-01-11T00:17:52Z</time>
      </trkpt>
      <trkpt lat="37.78718" lon="-122.4981">
        <ele>60.15</ele>
        <time>2025-01-11T00:17:54Z</time>
      </trkpt>
      <trkpt lat="37.7872" lon="-122.49812">
        <ele>60.1</ele>
        <time>2025-01-11T00:17:56Z</time>
      </trkpt>
      <trkpt lat="37.78722" lon="-122.49816">
        <ele>60.18</ele>
        <time>2025-01-11T00:17:59Z</time>
      </trkpt>
      <trkpt lat="37.78723" lon="-122.49819">
        <ele>60.32</ele>
        <time>2025-01-11T00:18:01Z</time>
      </trkpt>
      <trkpt lat="37.78725" lon="-122.49824">
        <ele>60.69</ele>
        <time>2025-01-11T00:18:04Z</time>
      </trkpt>
      <trkpt lat="37.78728" lon="-122.49827">
        <ele>60.81</ele>
        <time>2025-01-11T00:18:07Z</time>
      </trkpt>
      <trkpt lat="37.78731" lon="-122.4983">
        <ele>60.73</ele>
        <time>2025-01-11T00:18:10Z</time>
      </trkpt>
      <trkpt lat="37.78734" lon="-122.49832">
        <ele>60.23</ele>
        <time>2025-01-11T00:18:12Z</time>
      </trkpt>
      <trkpt lat="37.78736" lon="-122.49834">
        <ele>59.95</ele>
        <time>2025-01-11T00:18:14Z</time>
      </trkpt>
      <trkpt lat="37.78738" lon="-122.49836">
        <ele>59.3</ele>
        <time>2025-01-11T00:18:16Z</time>
      </trkpt>
      <trkpt lat="37.78739" lon="-122.49839">
        <ele>58.76</ele>
        <time>2025-01-11T00:18:18Z</time>
      </trkpt>
      <trkpt lat="37.78741" lon="-122.49842">
        <ele>57.81</ele>
        <time>2025-01-11T00:18:20Z</time>
      </trkpt>
      <trkpt lat="37.78743" lon="-122.49846">
        <ele>56.44</ele>
        <time>2025-01-11T00:18:23Z</time>
      </trkpt>
      <trkpt lat="37.78744" lon="-122.4985">
        <ele>56.48</ele>
        <time>2025-01-11T00:18:26Z</time>
      </trkpt>
      <trkpt lat="37.78745" lon="-122.49854">
        <ele>56.77</ele>
        <time>2025-01-11T00:18:31Z</time>
      </trkpt>
      <trkpt lat="37.78746" lon="-122.49857">
        <ele>57.17</ele>
        <time>2025-01-11T00:18:35Z</time>
      </trkpt>
      <trkpt lat="37.78748" lon="-122.4986">
        <ele>57.75</ele>
        <time>2025-01-11T00:18:38Z</time>
      </trkpt>
      <trkpt lat="37.7875" lon="-122.49864">
        <ele>58.62</ele>
        <time>2025-01-11T00:18:42Z</time>
      </trkpt>
      <trkpt lat="37.78751" lon="-122.49869">
        <ele>59.5</ele>
        <time>2025-01-11T00:18:46Z</time>
      </trkpt>
      <trkpt lat="37.78753" lon="-122.49872">
        <ele>60.03</ele>
        <time>2025-01-11T00:18:49Z</time>
      </trkpt>
      <trkpt lat="37.78755" lon="-122.49876">
        <ele>60.68</ele>
        <time>2025-01-11T00:18:52Z</time>
      </trkpt>
      <trkpt lat="37.78756" lon="-122.49881">
        <ele>61.36</ele>
        <time>2025-01-11T00:18:56Z</time>
      </trkpt>
      <trkpt lat="37.78757" lon="-122.49885">
        <ele>61.09</ele>
        <time>2025-01-11T00:18:58Z</time>
      </trkpt>
      <trkpt lat="37.78759" lon="-122.49888">
        <ele>60.2</ele>
        <time>2025-01-11T00:19:00Z</time>
      </trkpt>
      <trkpt lat="37.78761" lon="-122.49891">
        <ele>59.52</ele>
        <time>2025-01-11T00:19:02Z</time>
      </trkpt>
      <trkpt lat="37.78762" lon="-122.49895">
        <ele>59.5</ele>
        <time>2025-01-11T00:19:04Z</time>
      </trkpt>
      <trkpt lat="37.78763" lon="-122.499">
        <ele>59.92</ele>
        <time>2025-01-11T00:19:07Z</time>
      </trkpt>
      <trkpt lat="37.78765" lon="-122.49904">
        <ele>60.25</ele>
        <time>2025-01-11T00:19:10Z</time>
      </trkpt>
      <trkpt lat="37.78767" lon="-122.49909">
        <ele>60.33</ele>
        <time>2025-01-11T00:19:13Z</time>
      </trkpt>
      <trkpt lat="37.78768" lon="-122.49913">
        <ele>60.11</ele>
        <time>2025-01-11T00:19:16Z</time>
      </trkpt>
      <trkpt lat="37.78769" lon="-122.49918">
        <ele>59.86</ele>
        <time>2025-01-11T00:19:18Z</time>
      </trkpt>
      <trkpt lat="37.78771" lon="-122.49921">
        <ele>59.45</ele>
        <time>2025-01-11T00:19:21Z</time>
      </trkpt>
      <trkpt lat="37.78772" lon="-122.49925">
        <ele>59.55</ele>
        <time>2025-01-11T00:19:24Z</time>
      </trkpt>
      <trkpt lat="37.78773" lon="-122.49929">
        <ele>59.84</ele>
        <time>2025-01-11T00:19:27Z</time>
      </trkpt>
      <trkpt lat="37.78774" lon="-122.49934">
        <ele>60.44</ele>
        <time>2025-01-11T00:19:30Z</time>
      </trkpt>
      <trkpt lat="37.78775" lon="-122.49938">
        <ele>60.58</ele>
        <time>2025-01-11T00:19:33Z</time>
      </trkpt>
      <trkpt lat="37.78778" lon="-122.4994">
        <ele>60.53</ele>
        <time>2025-01-11T00:19:38Z</time>
      </trkpt>
      <trkpt lat="37.78781" lon="-122.49941">
        <ele>61.25</ele>
        <time>2025-01-11T00:19:42Z</time>
      </trkpt>
      <trkpt lat="37.78784" lon="-122.49943">
        <ele>62.42</ele>
        <time>2025-01-11T00:19:46Z</time>
      </trkpt>
      <trkpt lat="37.78788" lon="-122.49946">
        <ele>63.45</ele>
        <time>2025-01-11T00:19:50Z</time>
      </trkpt>
      <trkpt lat="37.78791" lon="-122.49948">
        <ele>62.09</ele>
        <time>2025-01-11T00:19:54Z</time>
      </trkpt>
      <trkpt lat="37.78794" lon="-122.49947">
        <ele>60.32</ele>
        <time>2025-01-11T00:20:04Z</time>
      </trkpt>
      <trkpt lat="37.78794" lon="-122.49951">
        <ele>61.62</ele>
        <time>2025-01-11T00:20:10Z</time>
      </trkpt>
      <trkpt lat="37.78791" lon="-122.49954">
        <ele>63.24</ele>
        <time>2025-01-11T00:20:12Z</time>
      </trkpt>
      <trkpt lat="37.78788" lon="-122.49955">
        <ele>64.1</ele>
        <time>2025-01-11T00:20:14Z</time>
      </trkpt>
      <trkpt lat="37.78785" lon="-122.49958">
        <ele>63.84</ele>
        <time>2025-01-11T00:20:17Z</time>
      </trkpt>
      <trkpt lat="37.78784" lon="-122.49961">
        <ele>63.75</ele>
        <time>2025-01-11T00:20:20Z</time>
      </trkpt>
      <trkpt lat="37.78782" lon="-122.49963">
        <ele>62.74</ele>
        <time>2025-01-11T00:20:26Z</time>
      </trkpt>
      <trkpt lat="37.78783" lon="-122.49966">
        <ele>63.9</ele>
        <time>2025-01-11T00:21:04Z</time>
      </trkpt>
      <trkpt lat="37.7878" lon="-122.49966">
        <ele>61.85</ele>
        <time>2025-01-11T00:21:22Z</time>
      </trkpt>
      <trkpt lat="37.78782" lon="-122.49961">
        <ele>62.54</ele>
        <time>2025-01-11T00:22:21Z</time>
      </trkpt>
      <trkpt lat="37.78781" lon="-122.49954">
        <ele>61.41</ele>
        <time>2025-01-11T00:22:28Z</time>
      </trkpt>
      <trkpt lat="37.78782" lon="-122.49949">
        <ele>61.82</ele>
        <time>2025-01-11T00:22:34Z</time>
      </trkpt>
      <trkpt lat="37.78782" lon="-122.49944">
        <ele>61.78</ele>
        <time>2025-01-11T00:22:40Z</time>
      </trkpt>
      <trkpt lat="37.78779" lon="-122.49942">
        <ele>60.65</ele>
        <time>2025-01-11T00:22:46Z</time>
      </trkpt>
      <trkpt lat="37.78776" lon="-122.4994">
        <ele>60.49</ele>
        <time>2025-01-11T00:22:54Z</time>
      </trkpt>
      <trkpt lat="37.78773" lon="-122.49937">
        <ele>60.49</ele>
        <time>2025-01-11T00:23:00Z</time>
      </trkpt>
      <trkpt lat="37.78775" lon="-122.49941">
        <ele>60.45</ele>
        <time>2025-01-11T00:23:12Z</time>
      </trkpt>
      <trkpt lat="37.78775" lon="-122.49945">
        <ele>60.32</ele>
        <time>2025-01-11T00:23:16Z</time>
      </trkpt>
      <trkpt lat="37.78775" lon="-122.49949">
        <ele>60.45</ele>
        <time>2025-01-11T00:23:21Z</time>
      </trkpt>
      <trkpt lat="37.78775" lon="-122.49952">
        <ele>60.54</ele>
        <time>2025-01-11T00:23:24Z</time>
      </trkpt>
      <trkpt lat="37.78775" lon="-122.49956">
        <ele>60.53</ele>
        <time>2025-01-11T00:23:28Z</time>
      </trkpt>
      <trkpt lat="37.78774" lon="-122.4996">
        <ele>60.54</ele>
        <time>2025-01-11T00:23:32Z</time>
      </trkpt>
      <trkpt lat="37.78773" lon="-122.49964">
        <ele>60.57</ele>
        <time>2025-01-11T00:23:36Z</time>
      </trkpt>
      <trkpt lat="37.78772" lon="-122.49967">
        <ele>60.79</ele>
        <time>2025-01-11T00:23:41Z</time>
      </trkpt>
      <trkpt lat="37.78772" lon="-122.49971">
        <ele>60.95</ele>
        <time>2025-01-11T00:23:44Z</time>
      </trkpt>
      <trkpt lat="37.78772" lon="-122.49975">
        <ele>61.56</ele>
        <time>2025-01-11T00:23:47Z</time>
      </trkpt>
      <trkpt lat="37.78772" lon="-122.49979">
        <ele>62.37</ele>
        <time>2025-01-11T00:23:49Z</time>
      </trkpt>
      <trkpt lat="37.78772" lon="-122.49982">
        <ele>62.82</ele>
        <time>2025-01-11T00:23:52Z</time>
      </trkpt>
      <trkpt lat="37.78771" lon="-122.49986">
        <ele>62.71</ele>
        <time>2025-01-11T00:23:55Z</time>
      </trkpt>
      <trkpt lat="37.78769" lon="-122.49989">
        <ele>63.03</ele>
        <time>2025-01-11T00:23:58Z</time>
      </trkpt>
      <trkpt lat="37.78766" lon="-122.49991">
        <ele>63.48</ele>
        <time>2025-01-11T00:24:01Z</time>
      </trkpt>
      <trkpt lat="37.78764" lon="-122.49993">
        <ele>63.37</ele>
        <time>2025-01-11T00:24:04Z</time>
      </trkpt>
      <trkpt lat="37.78761" lon="-122.49994">
        <ele>63.63</ele>
        <time>2025-01-11T00:24:08Z</time>
      </trkpt>
      <trkpt lat="37.78757" lon="-122.49995">
        <ele>64.35</ele>
        <time>2025-01-11T00:24:12Z</time>
      </trkpt>
      <trkpt lat="37.78755" lon="-122.49997">
        <ele>64.35</ele>
        <time>2025-01-11T00:24:15Z</time>
      </trkpt>
      <trkpt lat="37.78752" lon="-122.5">
        <ele>64.35</ele>
        <time>2025-01-11T00:24:19Z</time>
      </trkpt>
      <trkpt lat="37.78751" lon="-122.50003">
        <ele>64.03</ele>
        <time>2025-01-11T00:24:22Z</time>
      </trkpt>
      <trkpt lat="37.7875" lon="-122.50007">
        <ele>63.49</ele>
        <time>2025-01-11T00:24:25Z</time>
      </trkpt>
      <trkpt lat="37.78749" lon="-122.50011">
        <ele>63.03</ele>
        <time>2025-01-11T00:24:28Z</time>
      </trkpt>
      <trkpt lat="37.78747" lon="-122.50015">
        <ele>63.03</ele>
        <time>2025-01-11T00:24:31Z</time>
      </trkpt>
      <trkpt lat="37.78745" lon="-122.50019">
        <ele>63.08</ele>
        <time>2025-01-11T00:24:34Z</time>
      </trkpt>
      <trkpt lat="37.78744" lon="-122.50022">
        <ele>63.3</ele>
        <time>2025-01-11T00:24:36Z</time>
      </trkpt>
      <trkpt lat="37.78742" lon="-122.50026">
        <ele>63.73</ele>
        <time>2025-01-11T00:24:39Z</time>
      </trkpt>
      <trkpt lat="37.7874" lon="-122.50029">
        <ele>64.28</ele>
        <time>2025-01-11T00:24:42Z</time>
      </trkpt>
      <trkpt lat="37.78737" lon="-122.50033">
        <ele>65.14</ele>
        <time>2025-01-11T00:24:45Z</time>
      </trkpt>
      <trkpt lat="37.78735" lon="-122.50035">
        <ele>65.54</ele>
        <time>2025-01-11T00:24:48Z</time>
      </trkpt>
      <trkpt lat="37.78733" lon="-122.50039">
        <ele>65.66</ele>
        <time>2025-01-11T00:24:52Z</time>
      </trkpt>
      <trkpt lat="37.78732" lon="-122.50043">
        <ele>65.34</ele>
        <time>2025-01-11T00:24:56Z</time>
      </trkpt>
      <trkpt lat="37.78732" lon="-122.50047">
        <ele>64.93</ele>
        <time>2025-01-11T00:24:59Z</time>
      </trkpt>
      <trkpt lat="37.78733" lon="-122.50052">
        <ele>64.49</ele>
        <time>2025-01-11T00:25:02Z</time>
      </trkpt>
      <trkpt lat="37.78734" lon="-122.50055">
        <ele>64.32</ele>
        <time>2025-01-11T00:25:05Z</time>
      </trkpt>
      <trkpt lat="37.78736" lon="-122.50059">
        <ele>65.04</ele>
        <time>2025-01-11T00:25:09Z</time>
      </trkpt>
      <trkpt lat="37.78737" lon="-122.50063">
        <ele>65.88</ele>
        <time>2025-01-11T00:25:13Z</time>
      </trkpt>
      <trkpt lat="37.78739" lon="-122.50066">
        <ele>66.8</ele>
        <time>2025-01-11T00:25:17Z</time>
      </trkpt>
      <trkpt lat="37.7874" lon="-122.50069">
        <ele>67.36</ele>
        <time>2025-01-11T00:25:22Z</time>
      </trkpt>
      <trkpt lat="37.78739" lon="-122.50075">
        <ele>68.3</ele>
        <time>2025-01-11T00:25:26Z</time>
      </trkpt>
      <trkpt lat="37.78737" lon="-122.50078">
        <ele>69.27</ele>
        <time>2025-01-11T00:25:28Z</time>
      </trkpt>
      <trkpt lat="37.78735" lon="-122.50081">
        <ele>70.24</ele>
        <time>2025-01-11T00:25:31Z</time>
      </trkpt>
      <trkpt lat="37.78734" lon="-122.50085">
        <ele>71.05</ele>
        <time>2025-01-11T00:25:35Z</time>
      </trkpt>
      <trkpt lat="37.78732" lon="-122.50089">
        <ele>71.03</ele>
        <time>2025-01-11T00:25:38Z</time>
      </trkpt>
      <trkpt lat="37.7873" lon="-122.50092">
        <ele>71.47</ele>
        <time>2025-01-11T00:25:41Z</time>
      </trkpt>
      <trkpt lat="37.78729" lon="-122.50095">
        <ele>72.57</ele>
        <time>2025-01-11T00:25:44Z</time>
      </trkpt>
      <trkpt lat="37.78725" lon="-122.50097">
        <ele>73.67</ele>
        <time>2025-01-11T00:25:49Z</time>
      </trkpt>
      <trkpt lat="37.78722" lon="-122.50096">
        <ele>74.06</ele>
        <time>2025-01-11T00:25:51Z</time>
      </trkpt>
      <trkpt lat="37.7872" lon="-122.50099">
        <ele>74.65</ele>
        <time>2025-01-11T00:25:54Z</time>
      </trkpt>
      <trkpt lat="37.78718" lon="-122.50102">
        <ele>75.43</ele>
        <time>2025-01-11T00:25:58Z</time>
      </trkpt>
      <trkpt lat="37.78716" lon="-122.50105">
        <ele>77.26</ele>
        <time>2025-01-11T00:26:03Z</time>
      </trkpt>
      <trkpt lat="37.78713" lon="-122.50107">
        <ele>78.66</ele>
        <time>2025-01-11T00:26:05Z</time>
      </trkpt>
      <trkpt lat="37.7871" lon="-122.50108">
        <ele>78.78</ele>
        <time>2025-01-11T00:26:08Z</time>
      </trkpt>
      <trkpt lat="37.78706" lon="-122.50109">
        <ele>78.74</ele>
        <time>2025-01-11T00:26:11Z</time>
      </trkpt>
      <trkpt lat="37.78703" lon="-122.50111">
        <ele>78.83</ele>
        <time>2025-01-11T00:26:14Z</time>
      </trkpt>
      <trkpt lat="37.78703" lon="-122.50116">
        <ele>79.5</ele>
        <time>2025-01-11T00:26:19Z</time>
      </trkpt>
      <trkpt lat="37.78707" lon="-122.50117">
        <ele>79.99</ele>
        <time>2025-01-11T00:26:20Z</time>
      </trkpt>
      <trkpt lat="37.7871" lon="-122.50118">
        <ele>80.42</ele>
        <time>2025-01-11T00:26:24Z</time>
      </trkpt>
      <trkpt lat="37.78713" lon="-122.5012">
        <ele>80.96</ele>
        <time>2025-01-11T00:26:28Z</time>
      </trkpt>
      <trkpt lat="37.78716" lon="-122.50123">
        <ele>81.38</ele>
        <time>2025-01-11T00:26:32Z</time>
      </trkpt>
      <trkpt lat="37.78717" lon="-122.50127">
        <ele>81.81</ele>
        <time>2025-01-11T00:26:37Z</time>
      </trkpt>
      <trkpt lat="37.78718" lon="-122.50132">
        <ele>82.42</ele>
        <time>2025-01-11T00:26:43Z</time>
      </trkpt>
      <trkpt lat="37.78719" lon="-122.50136">
        <ele>83.07</ele>
        <time>2025-01-11T00:26:47Z</time>
      </trkpt>
      <trkpt lat="37.78721" lon="-122.5014">
        <ele>83.4</ele>
        <time>2025-01-11T00:26:49Z</time>
      </trkpt>
      <trkpt lat="37.78723" lon="-122.50143">
        <ele>83.4</ele>
        <time>2025-01-11T00:26:52Z</time>
      </trkpt>
      <trkpt lat="37.78726" lon="-122.50147">
        <ele>83.83</ele>
        <time>2025-01-11T00:26:55Z</time>
      </trkpt>
      <trkpt lat="37.78728" lon="-122.50151">
        <ele>84.73</ele>
        <time>2025-01-11T00:26:58Z</time>
      </trkpt>
      <trkpt lat="37.7873" lon="-122.50154">
        <ele>85.37</ele>
        <time>2025-01-11T00:27:00Z</time>
      </trkpt>
      <trkpt lat="37.78732" lon="-122.50158">
        <ele>85.78</ele>
        <time>2025-01-11T00:27:03Z</time>
      </trkpt>
      <trkpt lat="37.78732" lon="-122.50161">
        <ele>86.09</ele>
        <time>2025-01-11T00:27:07Z</time>
      </trkpt>
      <trkpt lat="37.78731" lon="-122.50165">
        <ele>86.96</ele>
        <time>2025-01-11T00:27:10Z</time>
      </trkpt>
      <trkpt lat="37.78731" lon="-122.50169">
        <ele>87.39</ele>
        <time>2025-01-11T00:27:14Z</time>
      </trkpt>
      <trkpt lat="37.7873" lon="-122.50174">
        <ele>88.15</ele>
        <time>2025-01-11T00:27:17Z</time>
      </trkpt>
      <trkpt lat="37.78729" lon="-122.50178">
        <ele>87.98</ele>
        <time>2025-01-11T00:27:20Z</time>
      </trkpt>
      <trkpt lat="37.7873" lon="-122.50182">
        <ele>86.56</ele>
        <time>2025-01-11T00:27:23Z</time>
      </trkpt>
      <trkpt lat="37.78731" lon="-122.50186">
        <ele>85.12</ele>
        <time>2025-01-11T00:27:26Z</time>
      </trkpt>
      <trkpt lat="37.78731" lon="-122.5019">
        <ele>84.72</ele>
        <time>2025-01-11T00:27:28Z</time>
      </trkpt>
      <trkpt lat="37.78731" lon="-122.50195">
        <ele>84.26</ele>
        <time>2025-01-11T00:27:31Z</time>
      </trkpt>
      <trkpt lat="37.78733" lon="-122.50198">
        <ele>82.79</ele>
        <time>2025-01-11T00:27:33Z</time>
      </trkpt>
      <trkpt lat="37.78734" lon="-122.50202">
        <ele>81.87</ele>
        <time>2025-01-11T00:27:37Z</time>
      </trkpt>
      <trkpt lat="37.78734" lon="-122.50206">
        <ele>81.69</ele>
        <time>2025-01-11T00:27:40Z</time>
      </trkpt>
      <trkpt lat="37.78735" lon="-122.50209">
        <ele>80.53</ele>
        <time>2025-01-11T00:27:43Z</time>
      </trkpt>
      <trkpt lat="37.78736" lon="-122.50213">
        <ele>79.1</ele>
        <time>2025-01-11T00:27:48Z</time>
      </trkpt>
      <trkpt lat="37.78736" lon="-122.50218">
        <ele>76.36</ele>
        <time>2025-01-11T00:27:52Z</time>
      </trkpt>
      <trkpt lat="37.78734" lon="-122.50222">
        <ele>75.06</ele>
        <time>2025-01-11T00:27:55Z</time>
      </trkpt>
      <trkpt lat="37.78732" lon="-122.50226">
        <ele>74.91</ele>
        <time>2025-01-11T00:27:58Z</time>
      </trkpt>
      <trkpt lat="37.78731" lon="-122.5023">
        <ele>74.74</ele>
        <time>2025-01-11T00:28:00Z</time>
      </trkpt>
      <trkpt lat="37.7873" lon="-122.50233">
        <ele>74.6</ele>
        <time>2025-01-11T00:28:02Z</time>
      </trkpt>
      <trkpt lat="37.78729" lon="-122.50237">
        <ele>73.6</ele>
        <time>2025-01-11T00:28:05Z</time>
      </trkpt>
      <trkpt lat="37.78728" lon="-122.5024">
        <ele>72.98</ele>
        <time>2025-01-11T00:28:08Z</time>
      </trkpt>
      <trkpt lat="37.78727" lon="-122.50244">
        <ele>72.33</ele>
        <time>2025-01-11T00:28:12Z</time>
      </trkpt>
      <trkpt lat="37.78727" lon="-122.5025">
        <ele>70.39</ele>
        <time>2025-01-11T00:28:16Z</time>
      </trkpt>
      <trkpt lat="37.78726" lon="-122.50254">
        <ele>69.77</ele>
        <time>2025-01-11T00:28:21Z</time>
      </trkpt>
      <trkpt lat="37.78725" lon="-122.50259">
        <ele>68.6</ele>
        <time>2025-01-11T00:28:24Z</time>
      </trkpt>
      <trkpt lat="37.78724" lon="-122.50263">
        <ele>68.23</ele>
        <time>2025-01-11T00:28:27Z</time>
      </trkpt>
      <trkpt lat="37.78724" lon="-122.50267">
        <ele>67.37</ele>
        <time>2025-01-11T00:28:30Z</time>
      </trkpt>
      <trkpt lat="37.78723" lon="-122.50271">
        <ele>66.04</ele>
        <time>2025-01-11T00:28:34Z</time>
      </trkpt>
      <trkpt lat="37.78722" lon="-122.50274">
        <ele>64.58</ele>
        <time>2025-01-11T00:28:37Z</time>
      </trkpt>
      <trkpt lat="37.78721" lon="-122.50278">
        <ele>62.6</ele>
        <time>2025-01-11T00:28:40Z</time>
      </trkpt>
      <trkpt lat="37.7872" lon="-122.50283">
        <ele>61.53</ele>
        <time>2025-01-11T00:28:43Z</time>
      </trkpt>
      <trkpt lat="37.7872" lon="-122.50287">
        <ele>60.25</ele>
        <time>2025-01-11T00:28:46Z</time>
      </trkpt>
      <trkpt lat="37.78719" lon="-122.50291">
        <ele>60.35</ele>
        <time>2025-01-11T00:28:49Z</time>
      </trkpt>
      <trkpt lat="37.78718" lon="-122.50295">
        <ele>60.46</ele>
        <time>2025-01-11T00:28:51Z</time>
      </trkpt>
      <trkpt lat="37.78717" lon="-122.50299">
        <ele>60.14</ele>
        <time>2025-01-11T00:28:53Z</time>
      </trkpt>
      <trkpt lat="37.78716" lon="-122.50302">
        <ele>59.85</ele>
        <time>2025-01-11T00:28:55Z</time>
      </trkpt>
      <trkpt lat="37.78714" lon="-122.50306">
        <ele>59.72</ele>
        <time>2025-01-11T00:28:58Z</time>
      </trkpt>
      <trkpt lat="37.78713" lon="-122.5031">
        <ele>59.51</ele>
        <time>2025-01-11T00:29:01Z</time>
      </trkpt>
      <trkpt lat="37.78712" lon="-122.50315">
        <ele>59.21</ele>
        <time>2025-01-11T00:29:04Z</time>
      </trkpt>
      <trkpt lat="37.78711" lon="-122.50319">
        <ele>59.33</ele>
        <time>2025-01-11T00:29:07Z</time>
      </trkpt>
      <trkpt lat="37.7871" lon="-122.50324">
        <ele>59.32</ele>
        <time>2025-01-11T00:29:10Z</time>
      </trkpt>
      <trkpt lat="37.78708" lon="-122.50328">
        <ele>58.72</ele>
        <time>2025-01-11T00:29:13Z</time>
      </trkpt>
      <trkpt lat="37.78707" lon="-122.50332">
        <ele>58.18</ele>
        <time>2025-01-11T00:29:16Z</time>
      </trkpt>
      <trkpt lat="37.78705" lon="-122.50337">
        <ele>58.58</ele>
        <time>2025-01-11T00:29:19Z</time>
      </trkpt>
      <trkpt lat="37.78704" lon="-122.50341">
        <ele>58.9</ele>
        <time>2025-01-11T00:29:22Z</time>
      </trkpt>
      <trkpt lat="37.78702" lon="-122.50345">
        <ele>59.14</ele>
        <time>2025-01-11T00:29:25Z</time>
      </trkpt>
      <trkpt lat="37.78701" lon="-122.50349">
        <ele>59.09</ele>
        <time>2025-01-11T00:29:28Z</time>
      </trkpt>
      <trkpt lat="37.787" lon="-122.50352">
        <ele>58.98</ele>
        <time>2025-01-11T00:29:32Z</time>
      </trkpt>
      <trkpt lat="37.78699" lon="-122.50356">
        <ele>58.56</ele>
        <time>2025-01-11T00:29:35Z</time>
      </trkpt>
      <trkpt lat="37.78699" lon="-122.5036">
        <ele>58.13</ele>
        <time>2025-01-11T00:29:39Z</time>
      </trkpt>
      <trkpt lat="37.78699" lon="-122.50364">
        <ele>57.56</ele>
        <time>2025-01-11T00:29:41Z</time>
      </trkpt>
      <trkpt lat="37.78698" lon="-122.50368">
        <ele>57.37</ele>
        <time>2025-01-11T00:29:44Z</time>
      </trkpt>
      <trkpt lat="37.78696" lon="-122.50371">
        <ele>58.13</ele>
        <time>2025-01-11T00:29:46Z</time>
      </trkpt>
      <trkpt lat="37.78694" lon="-122.50374">
        <ele>59.05</ele>
        <time>2025-01-11T00:29:48Z</time>
      </trkpt>
      <trkpt lat="37.78693" lon="-122.50378">
        <ele>59.16</ele>
        <time>2025-01-11T00:29:51Z</time>
      </trkpt>
      <trkpt lat="37.78691" lon="-122.50382">
        <ele>59.12</ele>
        <time>2025-01-11T00:29:54Z</time>
      </trkpt>
      <trkpt lat="37.7869" lon="-122.50385">
        <ele>58.9</ele>
        <time>2025-01-11T00:29:57Z</time>
      </trkpt>
      <trkpt lat="37.7869" lon="-122.50389">
        <ele>58.46</ele>
        <time>2025-01-11T00:30:01Z</time>
      </trkpt>
      <trkpt lat="37.7869" lon="-122.50394">
        <ele>57.62</ele>
        <time>2025-01-11T00:30:05Z</time>
      </trkpt>
      <trkpt lat="37.78689" lon="-122.50398">
        <ele>57.37</ele>
        <time>2025-01-11T00:30:08Z</time>
      </trkpt>
      <trkpt lat="37.78688" lon="-122.50403">
        <ele>57.62</ele>
        <time>2025-01-11T00:30:12Z</time>
      </trkpt>
      <trkpt lat="37.78687" lon="-122.50407">
        <ele>58.03</ele>
        <time>2025-01-11T00:30:14Z</time>
      </trkpt>
      <trkpt lat="37.78686" lon="-122.50411">
        <ele>58.56</ele>
        <time>2025-01-11T00:30:16Z</time>
      </trkpt>
      <trkpt lat="37.78685" lon="-122.50414">
        <ele>59.13</ele>
        <time>2025-01-11T00:30:18Z</time>
      </trkpt>
      <trkpt lat="37.78685" lon="-122.50418">
        <ele>59.15</ele>
        <time>2025-01-11T00:30:20Z</time>
      </trkpt>
      <trkpt lat="37.78684" lon="-122.50422">
        <ele>60.04</ele>
        <time>2025-01-11T00:30:23Z</time>
      </trkpt>
      <trkpt lat="37.78683" lon="-122.50426">
        <ele>61.12</ele>
        <time>2025-01-11T00:30:25Z</time>
      </trkpt>
      <trkpt lat="37.78682" lon="-122.50431">
        <ele>61.72</ele>
        <time>2025-01-11T00:30:28Z</time>
      </trkpt>
      <trkpt lat="37.78681" lon="-122.50435">
        <ele>62.18</ele>
        <time>2025-01-11T00:30:30Z</time>
      </trkpt>
      <trkpt lat="37.78681" lon="-122.5044">
        <ele>61.93</ele>
        <time>2025-01-11T00:30:33Z</time>
      </trkpt>
      <trkpt lat="37.78681" lon="-122.50444">
        <ele>61.73</ele>
        <time>2025-01-11T00:30:35Z</time>
      </trkpt>
      <trkpt lat="37.78681" lon="-122.50449">
        <ele>61.49</ele>
        <time>2025-01-11T00:30:38Z</time>
      </trkpt>
      <trkpt lat="37.78681" lon="-122.50453">
        <ele>61.29</ele>
        <time>2025-01-11T00:30:41Z</time>
      </trkpt>
      <trkpt lat="37.78682" lon="-122.50458">
        <ele>60.24</ele>
        <time>2025-01-11T00:30:44Z</time>
      </trkpt>
      <trkpt lat="37.78682" lon="-122.50461">
        <ele>59.91</ele>
        <time>2025-01-11T00:30:46Z</time>
      </trkpt>
      <trkpt lat="37.78681" lon="-122.50466">
        <ele>59.76</ele>
        <time>2025-01-11T00:30:49Z</time>
      </trkpt>
      <trkpt lat="37.7868" lon="-122.5047">
        <ele>59.69</ele>
        <time>2025-01-11T00:30:52Z</time>
      </trkpt>
      <trkpt lat="37.7868" lon="-122.50474">
        <ele>59.56</ele>
        <time>2025-01-11T00:30:55Z</time>
      </trkpt>
      <trkpt lat="37.78679" lon="-122.50479">
        <ele>59.67</ele>
        <time>2025-01-11T00:30:57Z</time>
      </trkpt>
      <trkpt lat="37.78678" lon="-122.50483">
        <ele>59.52</ele>
        <time>2025-01-11T00:30:59Z</time>
      </trkpt>
      <trkpt lat="37.78676" lon="-122.50487">
        <ele>58.81</ele>
        <time>2025-01-11T00:31:01Z</time>
      </trkpt>
      <trkpt lat="37.78675" lon="-122.5049">
        <ele>58.38</ele>
        <time>2025-01-11T00:31:03Z</time>
      </trkpt>
      <trkpt lat="37.78674" lon="-122.50494">
        <ele>58.27</ele>
        <time>2025-01-11T00:31:06Z</time>
      </trkpt>
      <trkpt lat="37.78673" lon="-122.50498">
        <ele>58.14</ele>
        <time>2025-01-11T00:31:09Z</time>
      </trkpt>
      <trkpt lat="37.78671" lon="-122.50501">
        <ele>58.06</ele>
        <time>2025-01-11T00:31:11Z</time>
      </trkpt>
      <trkpt lat="37.78668" lon="-122.50503">
        <ele>58.28</ele>
        <time>2025-01-11T00:31:13Z</time>
      </trkpt>
      <trkpt lat="37.78665" lon="-122.50505">
        <ele>58.62</ele>
        <time>2025-01-11T00:31:15Z</time>
      </trkpt>
      <trkpt lat="37.78663" lon="-122.50507">
        <ele>58.85</ele>
        <time>2025-01-11T00:31:17Z</time>
      </trkpt>
      <trkpt lat="37.78659" lon="-122.5051">
        <ele>58.99</ele>
        <time>2025-01-11T00:31:20Z</time>
      </trkpt>
      <trkpt lat="37.78656" lon="-122.50511">
        <ele>59.12</ele>
        <time>2025-01-11T00:31:23Z</time>
      </trkpt>
      <trkpt lat="37.78653" lon="-122.50513">
        <ele>59.28</ele>
        <time>2025-01-11T00:31:26Z</time>
      </trkpt>
      <trkpt lat="37.78649" lon="-122.50515">
        <ele>59.35</ele>
        <time>2025-01-11T00:31:30Z</time>
      </trkpt>
      <trkpt lat="37.78646" lon="-122.50517">
        <ele>59.24</ele>
        <time>2025-01-11T00:31:34Z</time>
      </trkpt>
      <trkpt lat="37.78643" lon="-122.50518">
        <ele>59.12</ele>
        <time>2025-01-11T00:31:37Z</time>
      </trkpt>
      <trkpt lat="37.7864" lon="-122.50519">
        <ele>58.95</ele>
        <time>2025-01-11T00:31:41Z</time>
      </trkpt>
      <trkpt lat="37.78636" lon="-122.5052">
        <ele>58.89</ele>
        <time>2025-01-11T00:31:44Z</time>
      </trkpt>
      <trkpt lat="37.78633" lon="-122.5052">
        <ele>58.94</ele>
        <time>2025-01-11T00:31:46Z</time>
      </trkpt>
      <trkpt lat="37.7863" lon="-122.5052">
        <ele>58.99</ele>
        <time>2025-01-11T00:31:48Z</time>
      </trkpt>
      <trkpt lat="37.78626" lon="-122.5052">
        <ele>58.94</ele>
        <time>2025-01-11T00:31:51Z</time>
      </trkpt>
      <trkpt lat="37.78623" lon="-122.50521">
        <ele>58.81</ele>
        <time>2025-01-11T00:31:54Z</time>
      </trkpt>
      <trkpt lat="37.7862" lon="-122.50521">
        <ele>58.74</ele>
        <time>2025-01-11T00:31:57Z</time>
      </trkpt>
      <trkpt lat="37.78616" lon="-122.50519">
        <ele>58.97</ele>
        <time>2025-01-11T00:32:00Z</time>
      </trkpt>
      <trkpt lat="37.78613" lon="-122.50517">
        <ele>59.33</ele>
        <time>2025-01-11T00:32:03Z</time>
      </trkpt>
      <trkpt lat="37.78609" lon="-122.50515">
        <ele>59.67</ele>
        <time>2025-01-11T00:32:06Z</time>
      </trkpt>
      <trkpt lat="37.78606" lon="-122.50513">
        <ele>59.86</ele>
        <time>2025-01-11T00:32:09Z</time>
      </trkpt>
      <trkpt lat="37.78602" lon="-122.50512">
        <ele>59.72</ele>
        <time>2025-01-11T00:32:12Z</time>
      </trkpt>
      <trkpt lat="37.786" lon="-122.50512">
        <ele>59.7</ele>
        <time>2025-01-11T00:32:14Z</time>
      </trkpt>
      <trkpt lat="37.78597" lon="-122.50513">
        <ele>59.6</ele>
        <time>2025-01-11T00:32:16Z</time>
      </trkpt>
      <trkpt lat="37.78594" lon="-122.50515">
        <ele>59.38</ele>
        <time>2025-01-11T00:32:18Z</time>
      </trkpt>
      <trkpt lat="37.78592" lon="-122.50517">
        <ele>59.16</ele>
        <time>2025-01-11T00:32:20Z</time>
      </trkpt>
      <trkpt lat="37.78588" lon="-122.50519">
        <ele>58.95</ele>
        <time>2025-01-11T00:32:23Z</time>
      </trkpt>
      <trkpt lat="37.78585" lon="-122.50521">
        <ele>58.73</ele>
        <time>2025-01-11T00:32:26Z</time>
      </trkpt>
      <trkpt lat="37.78582" lon="-122.50522">
        <ele>58.68</ele>
        <time>2025-01-11T00:32:29Z</time>
      </trkpt>
      <trkpt lat="37.78579" lon="-122.50523">
        <ele>58.74</ele>
        <time>2025-01-11T00:32:31Z</time>
      </trkpt>
      <trkpt lat="37.78576" lon="-122.50524">
        <ele>58.88</ele>
        <time>2025-01-11T00:32:33Z</time>
      </trkpt>
      <trkpt lat="37.78573" lon="-122.50524">
        <ele>59.0</ele>
        <time>2025-01-11T00:32:35Z</time>
      </trkpt>
      <trkpt lat="37.78571" lon="-122.50525">
        <ele>59.0</ele>
        <time>2025-01-11T00:32:37Z</time>
      </trkpt>
      <trkpt lat="37.78567" lon="-122.50525">
        <ele>59.0</ele>
        <time>2025-01-11T00:32:40Z</time>
      </trkpt>
      <trkpt lat="37.78563" lon="-122.50523">
        <ele>58.9</ele>
        <time>2025-01-11T00:32:43Z</time>
      </trkpt>
      <trkpt lat="37.78559" lon="-122.50522">
        <ele>58.61</ele>
        <time>2025-01-11T00:32:46Z</time>
      </trkpt>
      <trkpt lat="37.78556" lon="-122.50521">
        <ele>58.3</ele>
        <time>2025-01-11T00:32:48Z</time>
      </trkpt>
      <trkpt lat="37.78554" lon="-122.5052">
        <ele>58.11</ele>
        <time>2025-01-11T00:32:50Z</time>
      </trkpt>
      <trkpt lat="37.7855" lon="-122.50519">
        <ele>57.99</ele>
        <time>2025-01-11T00:32:53Z</time>
      </trkpt>
      <trkpt lat="37.78546" lon="-122.50519">
        <ele>57.98</ele>
        <time>2025-01-11T00:32:56Z</time>
      </trkpt>
      <trkpt lat="37.78542" lon="-122.50518">
        <ele>58.49</ele>
        <time>2025-01-11T00:32:59Z</time>
      </trkpt>
      <trkpt lat="37.7854" lon="-122.50518">
        <ele>58.7</ele>
        <time>2025-01-11T00:33:01Z</time>
      </trkpt>
      <trkpt lat="37.78537" lon="-122.50518">
        <ele>59.0</ele>
        <time>2025-01-11T00:33:03Z</time>
      </trkpt>
      <trkpt lat="37.78533" lon="-122.50517">
        <ele>58.64</ele>
        <time>2025-01-11T00:33:06Z</time>
      </trkpt>
      <trkpt lat="37.78529" lon="-122.50516">
        <ele>58.37</ele>
        <time>2025-01-11T00:33:09Z</time>
      </trkpt>
      <trkpt lat="37.78526" lon="-122.50516">
        <ele>58.27</ele>
        <time>2025-01-11T00:33:11Z</time>
      </trkpt>
      <trkpt lat="37.78524" lon="-122.50517">
        <ele>58.16</ele>
        <time>2025-01-11T00:33:13Z</time>
      </trkpt>
      <trkpt lat="37.78521" lon="-122.50518">
        <ele>58.06</ele>
        <time>2025-01-11T00:33:15Z</time>
      </trkpt>
      <trkpt lat="37.78518" lon="-122.5052">
        <ele>57.68</ele>
        <time>2025-01-11T00:33:18Z</time>
      </trkpt>
      <trkpt lat="37.78515" lon="-122.50523">
        <ele>57.03</ele>
        <time>2025-01-11T00:33:21Z</time>
      </trkpt>
      <trkpt lat="37.78513" lon="-122.50525">
        <ele>56.6</ele>
        <time>2025-01-11T00:33:24Z</time>
      </trkpt>
      <trkpt lat="37.78511" lon="-122.50529">
        <ele>55.74</ele>
        <time>2025-01-11T00:33:28Z</time>
      </trkpt>
      <trkpt lat="37.7851" lon="-122.50532">
        <ele>55.09</ele>
        <time>2025-01-11T00:33:32Z</time>
      </trkpt>
      <trkpt lat="37.78508" lon="-122.50536">
        <ele>54.5</ele>
        <time>2025-01-11T00:33:35Z</time>
      </trkpt>
      <trkpt lat="37.78507" lon="-122.5054">
        <ele>54.65</ele>
        <time>2025-01-11T00:33:38Z</time>
      </trkpt>
      <trkpt lat="37.78505" lon="-122.50544">
        <ele>54.98</ele>
        <time>2025-01-11T00:33:41Z</time>
      </trkpt>
      <trkpt lat="37.78503" lon="-122.50549">
        <ele>54.91</ele>
        <time>2025-01-11T00:33:44Z</time>
      </trkpt>
      <trkpt lat="37.78501" lon="-122.50552">
        <ele>54.93</ele>
        <time>2025-01-11T00:33:47Z</time>
      </trkpt>
      <trkpt lat="37.78498" lon="-122.50555">
        <ele>55.43</ele>
        <time>2025-01-11T00:33:50Z</time>
      </trkpt>
      <trkpt lat="37.78496" lon="-122.50558">
        <ele>55.79</ele>
        <time>2025-01-11T00:33:53Z</time>
      </trkpt>
      <trkpt lat="37.78494" lon="-122.50562">
        <ele>55.64</ele>
        <time>2025-01-11T00:33:56Z</time>
      </trkpt>
      <trkpt lat="37.78492" lon="-122.50566">
        <ele>55.07</ele>
        <time>2025-01-11T00:33:59Z</time>
      </trkpt>
      <trkpt lat="37.7849" lon="-122.5057">
        <ele>55.14</ele>
        <time>2025-01-11T00:34:02Z</time>
      </trkpt>
      <trkpt lat="37.78488" lon="-122.50574">
        <ele>55.01</ele>
        <time>2025-01-11T00:34:05Z</time>
      </trkpt>
      <trkpt lat="37.78486" lon="-122.50577">
        <ele>54.7</ele>
        <time>2025-01-11T00:34:08Z</time>
      </trkpt>
      <trkpt lat="37.78482" lon="-122.5058">
        <ele>55.5</ele>
        <time>2025-01-11T00:34:11Z</time>
      </trkpt>
      <trkpt lat="37.7848" lon="-122.50582">
        <ele>56.36</ele>
        <time>2025-01-11T00:34:14Z</time>
      </trkpt>
      <trkpt lat="37.78477" lon="-122.50584">
        <ele>57.41</ele>
        <time>2025-01-11T00:34:17Z</time>
      </trkpt>
      <trkpt lat="37.78473" lon="-122.50585">
        <ele>58.73</ele>
        <time>2025-01-11T00:34:20Z</time>
      </trkpt>
      <trkpt lat="37.7847" lon="-122.50587">
        <ele>59.86</ele>
        <time>2025-01-11T00:34:23Z</time>
      </trkpt>
      <trkpt lat="37.78469" lon="-122.5059">
        <ele>60.14</ele>
        <time>2025-01-11T00:34:27Z</time>
      </trkpt>
      <trkpt lat="37.78468" lon="-122.50594">
        <ele>60.23</ele>
        <time>2025-01-11T00:34:31Z</time>
      </trkpt>
      <trkpt lat="37.78466" lon="-122.50598">
        <ele>60.23</ele>
        <time>2025-01-11T00:34:36Z</time>
      </trkpt>
      <trkpt lat="37.78466" lon="-122.50602">
        <ele>59.66</ele>
        <time>2025-01-11T00:34:39Z</time>
      </trkpt>
      <trkpt lat="37.78465" lon="-122.50606">
        <ele>59.43</ele>
        <time>2025-01-11T00:34:42Z</time>
      </trkpt>
      <trkpt lat="37.78465" lon="-122.5061">
        <ele>59.09</ele>
        <time>2025-01-11T00:34:45Z</time>
      </trkpt>
      <trkpt lat="37.78465" lon="-122.50614">
        <ele>58.86</ele>
        <time>2025-01-11T00:34:48Z</time>
      </trkpt>
      <trkpt lat="37.78465" lon="-122.50618">
        <ele>58.67</ele>
        <time>2025-01-11T00:34:51Z</time>
      </trkpt>
      <trkpt lat="37.78465" lon="-122.50622">
        <ele>58.56</ele>
        <time>2025-01-11T00:34:53Z</time>
      </trkpt>
      <trkpt lat="37.78464" lon="-122.50625">
        <ele>58.78</ele>
        <time>2025-01-11T00:34:55Z</time>
      </trkpt>
      <trkpt lat="37.78464" lon="-122.50629">
        <ele>58.78</ele>
        <time>2025-01-11T00:34:57Z</time>
      </trkpt>
      <trkpt lat="37.78463" lon="-122.50634">
        <ele>58.99</ele>
        <time>2025-01-11T00:35:00Z</time>
      </trkpt>
      <trkpt lat="37.78462" lon="-122.50637">
        <ele>59.31</ele>
        <time>2025-01-11T00:35:02Z</time>
      </trkpt>
      <trkpt lat="37.78462" lon="-122.50641">
        <ele>59.11</ele>
        <time>2025-01-11T00:35:04Z</time>
      </trkpt>
      <trkpt lat="37.78462" lon="-122.50645">
        <ele>58.72</ele>
        <time>2025-01-11T00:35:06Z</time>
      </trkpt>
      <trkpt lat="37.78463" lon="-122.50648">
        <ele>58.02</ele>
        <time>2025-01-11T00:35:08Z</time>
      </trkpt>
      <trkpt lat="37.78465" lon="-122.50651">
        <ele>57.86</ele>
        <time>2025-01-11T00:35:10Z</time>
      </trkpt>
      <trkpt lat="37.78465" lon="-122.50655">
        <ele>57.67</ele>
        <time>2025-01-11T00:35:13Z</time>
      </trkpt>
      <trkpt lat="37.78465" lon="-122.50659">
        <ele>57.41</ele>
        <time>2025-01-11T00:35:17Z</time>
      </trkpt>
      <trkpt lat="37.78464" lon="-122.50662">
        <ele>57.55</ele>
        <time>2025-01-11T00:35:20Z</time>
      </trkpt>
      <trkpt lat="37.78464" lon="-122.50666">
        <ele>57.36</ele>
        <time>2025-01-11T00:35:23Z</time>
      </trkpt>
      <trkpt lat="37.78463" lon="-122.5067">
        <ele>57.62</ele>
        <time>2025-01-11T00:35:26Z</time>
      </trkpt>
      <trkpt lat="37.78462" lon="-122.50674">
        <ele>57.5</ele>
        <time>2025-01-11T00:35:29Z</time>
      </trkpt>
      <trkpt lat="37.7846" lon="-122.50678">
        <ele>57.36</ele>
        <time>2025-01-11T00:35:32Z</time>
      </trkpt>
      <trkpt lat="37.78458" lon="-122.50682">
        <ele>56.99</ele>
        <time>2025-01-11T00:35:35Z</time>
      </trkpt>
      <trkpt lat="37.78457" lon="-122.50685">
        <ele>56.62</ele>
        <time>2025-01-11T00:35:38Z</time>
      </trkpt>
      <trkpt lat="37.78456" lon="-122.50689">
        <ele>56.91</ele>
        <time>2025-01-11T00:35:41Z</time>
      </trkpt>
      <trkpt lat="37.78457" lon="-122.50692">
        <ele>56.31</ele>
        <time>2025-01-11T00:35:43Z</time>
      </trkpt>
      <trkpt lat="37.78458" lon="-122.50697">
        <ele>56.06</ele>
        <time>2025-01-11T00:35:46Z</time>
      </trkpt>
      <trkpt lat="37.78459" lon="-122.507">
        <ele>56.17</ele>
        <time>2025-01-11T00:35:50Z</time>
      </trkpt>
      <trkpt lat="37.7846" lon="-122.50705">
        <ele>56.69</ele>
        <time>2025-01-11T00:35:53Z</time>
      </trkpt>
      <trkpt lat="37.78462" lon="-122.50708">
        <ele>56.58</ele>
        <time>2025-01-11T00:35:55Z</time>
      </trkpt>
      <trkpt lat="37.78463" lon="-122.50711">
        <ele>56.79</ele>
        <time>2025-01-11T00:35:57Z</time>
      </trkpt>
      <trkpt lat="37.78465" lon="-122.50716">
        <ele>57.26</ele>
        <time>2025-01-11T00:36:00Z</time>
      </trkpt>
      <trkpt lat="37.78465" lon="-122.50719">
        <ele>57.51</ele>
        <time>2025-01-11T00:36:02Z</time>
      </trkpt>
      <trkpt lat="37.78465" lon="-122.50724">
        <ele>57.78</ele>
        <time>2025-01-11T00:36:05Z</time>
      </trkpt>
      <trkpt lat="37.78465" lon="-122.50729">
        <ele>57.78</ele>
        <time>2025-01-11T00:36:08Z</time>
      </trkpt>
      <trkpt lat="37.78466" lon="-122.50732">
        <ele>57.65</ele>
        <time>2025-01-11T00:36:10Z</time>
      </trkpt>
      <trkpt lat="37.78467" lon="-122.50737">
        <ele>57.3</ele>
        <time>2025-01-11T00:36:13Z</time>
      </trkpt>
      <trkpt lat="37.78467" lon="-122.50742">
        <ele>57.25</ele>
        <time>2025-01-11T00:36:17Z</time>
      </trkpt>
      <trkpt lat="37.78467" lon="-122.50746">
        <ele>57.62</ele>
        <time>2025-01-11T00:36:20Z</time>
      </trkpt>
      <trkpt lat="37.78467" lon="-122.50751">
        <ele>58.11</ele>
        <time>2025-01-11T00:36:23Z</time>
      </trkpt>
      <trkpt lat="37.78467" lon="-122.50755">
        <ele>58.54</ele>
        <time>2025-01-11T00:36:25Z</time>
      </trkpt>
      <trkpt lat="37.78468" lon="-122.50759">
        <ele>58.97</ele>
        <time>2025-01-11T00:36:28Z</time>
      </trkpt>
      <trkpt lat="37.78468" lon="-122.50763">
        <ele>58.96</ele>
        <time>2025-01-11T00:36:31Z</time>
      </trkpt>
      <trkpt lat="37.78468" lon="-122.50767">
        <ele>58.93</ele>
        <time>2025-01-11T00:36:34Z</time>
      </trkpt>
      <trkpt lat="37.78467" lon="-122.50772">
        <ele>58.92</ele>
        <time>2025-01-11T00:36:37Z</time>
      </trkpt>
      <trkpt lat="37.78467" lon="-122.50776">
        <ele>58.67</ele>
        <time>2025-01-11T00:36:40Z</time>
      </trkpt>
      <trkpt lat="37.78466" lon="-122.50781">
        <ele>58.32</ele>
        <time>2025-01-11T00:36:43Z</time>
      </trkpt>
      <trkpt lat="37.78465" lon="-122.50785">
        <ele>58.0</ele>
        <time>2025-01-11T00:36:46Z</time>
      </trkpt>
      <trkpt lat="37.78462" lon="-122.50788">
        <ele>58.3</ele>
        <time>2025-01-11T00:36:49Z</time>
      </trkpt>
      <trkpt lat="37.7846" lon="-122.50791">
        <ele>58.61</ele>
        <time>2025-01-11T00:36:51Z</time>
      </trkpt>
      <trkpt lat="37.78458" lon="-122.50793">
        <ele>59.05</ele>
        <time>2025-01-11T00:36:53Z</time>
      </trkpt>
      <trkpt lat="37.78456" lon="-122.50798">
        <ele>58.82</ele>
        <time>2025-01-11T00:36:56Z</time>
      </trkpt>
      <trkpt lat="37.78454" lon="-122.50801">
        <ele>59.36</ele>
        <time>2025-01-11T00:36:59Z</time>
      </trkpt>
      <trkpt lat="37.78451" lon="-122.50806">
        <ele>60.15</ele>
        <time>2025-01-11T00:37:02Z</time>
      </trkpt>
      <trkpt lat="37.7845" lon="-122.50809">
        <ele>60.45</ele>
        <time>2025-01-11T00:37:04Z</time>
      </trkpt>
      <trkpt lat="37.78447" lon="-122.50813">
        <ele>61.31</ele>
        <time>2025-01-11T00:37:07Z</time>
      </trkpt>
      <trkpt lat="37.78446" lon="-122.50817">
        <ele>61.14</ele>
        <time>2025-01-11T00:37:10Z</time>
      </trkpt>
      <trkpt lat="37.78446" lon="-122.50822">
        <ele>60.34</ele>
        <time>2025-01-11T00:37:13Z</time>
      </trkpt>
      <trkpt lat="37.78447" lon="-122.50826">
        <ele>59.94</ele>
        <time>2025-01-11T00:37:16Z</time>
      </trkpt>
      <trkpt lat="37.78447" lon="-122.50831">
        <ele>59.79</ele>
        <time>2025-01-11T00:37:19Z</time>
      </trkpt>
      <trkpt lat="37.78446" lon="-122.50836">
        <ele>59.59</ele>
        <time>2025-01-11T00:37:22Z</time>
      </trkpt>
      <trkpt lat="37.78445" lon="-122.5084">
        <ele>59.26</ele>
        <time>2025-01-11T00:37:25Z</time>
      </trkpt>
      <trkpt lat="37.78443" lon="-122.50844">
        <ele>60.02</ele>
        <time>2025-01-11T00:37:28Z</time>
      </trkpt>
      <trkpt lat="37.78442" lon="-122.50849">
        <ele>60.3</ele>
        <time>2025-01-11T00:37:31Z</time>
      </trkpt>
      <trkpt lat="37.78442" lon="-122.50853">
        <ele>59.87</ele>
        <time>2025-01-11T00:37:33Z</time>
      </trkpt>
      <trkpt lat="37.78441" lon="-122.50858">
        <ele>59.33</ele>
        <time>2025-01-11T00:37:36Z</time>
      </trkpt>
      <trkpt lat="37.78439" lon="-122.50861">
        <ele>59.2</ele>
        <time>2025-01-11T00:37:39Z</time>
      </trkpt>
      <trkpt lat="37.78437" lon="-122.50865">
        <ele>59.11</ele>
        <time>2025-01-11T00:37:42Z</time>
      </trkpt>
      <trkpt lat="37.78435" lon="-122.5087">
        <ele>59.14</ele>
        <time>2025-01-11T00:37:45Z</time>
      </trkpt>
      <trkpt lat="37.78433" lon="-122.50874">
        <ele>59.6</ele>
        <time>2025-01-11T00:37:48Z</time>
      </trkpt>
      <trkpt lat="37.78431" lon="-122.50878">
        <ele>59.69</ele>
        <time>2025-01-11T00:37:51Z</time>
      </trkpt>
      <trkpt lat="37.78429" lon="-122.50882">
        <ele>59.66</ele>
        <time>2025-01-11T00:37:54Z</time>
      </trkpt>
      <trkpt lat="37.78427" lon="-122.50885">
        <ele>59.63</ele>
        <time>2025-01-11T00:37:56Z</time>
      </trkpt>
      <trkpt lat="37.78426" lon="-122.50889">
        <ele>58.98</ele>
        <time>2025-01-11T00:37:59Z</time>
      </trkpt>
      <trkpt lat="37.78424" lon="-122.50893">
        <ele>59.3</ele>
        <time>2025-01-11T00:38:02Z</time>
      </trkpt>
      <trkpt lat="37.78422" lon="-122.50898">
        <ele>59.29</ele>
        <time>2025-01-11T00:38:05Z</time>
      </trkpt>
      <trkpt lat="37.7842" lon="-122.50902">
        <ele>59.65</ele>
        <time>2025-01-11T00:38:08Z</time>
      </trkpt>
      <trkpt lat="37.78418" lon="-122.50906">
        <ele>59.84</ele>
        <time>2025-01-11T00:38:11Z</time>
      </trkpt>
      <trkpt lat="37.78416" lon="-122.5091">
        <ele>60.2</ele>
        <time>2025-01-11T00:38:14Z</time>
      </trkpt>
      <trkpt lat="37.78414" lon="-122.50912">
        <ele>61.38</ele>
        <time>2025-01-11T00:38:16Z</time>
      </trkpt>
      <trkpt lat="37.78412" lon="-122.50917">
        <ele>61.97</ele>
        <time>2025-01-11T00:38:19Z</time>
      </trkpt>
      <trkpt lat="37.7841" lon="-122.50921">
        <ele>62.31</ele>
        <time>2025-01-11T00:38:22Z</time>
      </trkpt>
      <trkpt lat="37.7841" lon="-122.50926">
        <ele>61.14</ele>
        <time>2025-01-11T00:38:25Z</time>
      </trkpt>
      <trkpt lat="37.78409" lon="-122.50931">
        <ele>60.12</ele>
        <time>2025-01-11T00:38:28Z</time>
      </trkpt>
      <trkpt lat="37.78408" lon="-122.50935">
        <ele>59.06</ele>
        <time>2025-01-11T00:38:31Z</time>
      </trkpt>
      <trkpt lat="37.78406" lon="-122.50939">
        <ele>60.03</ele>
        <time>2025-01-11T00:38:34Z</time>
      </trkpt>
      <trkpt lat="37.78404" lon="-122.50943">
        <ele>61.01</ele>
        <time>2025-01-11T00:38:37Z</time>
      </trkpt>
      <trkpt lat="37.78402" lon="-122.50947">
        <ele>61.16</ele>
        <time>2025-01-11T00:38:40Z</time>
      </trkpt>
      <trkpt lat="37.78401" lon="-122.50952">
        <ele>59.95</ele>
        <time>2025-01-11T00:38:43Z</time>
      </trkpt>
      <trkpt lat="37.78398" lon="-122.50956">
        <ele>59.88</ele>
        <time>2025-01-11T00:38:46Z</time>
      </trkpt>
      <trkpt lat="37.78397" lon="-122.50958">
        <ele>60.42</ele>
        <time>2025-01-11T00:38:48Z</time>
      </trkpt>
      <trkpt lat="37.78394" lon="-122.50962">
        <ele>61.53</ele>
        <time>2025-01-11T00:38:51Z</time>
      </trkpt>
      <trkpt lat="37.78393" lon="-122.50965">
        <ele>61.29</ele>
        <time>2025-01-11T00:38:53Z</time>
      </trkpt>
      <trkpt lat="37.78391" lon="-122.50968">
        <ele>61.18</ele>
        <time>2025-01-11T00:38:55Z</time>
      </trkpt>
      <trkpt lat="37.78389" lon="-122.50972">
        <ele>60.08</ele>
        <time>2025-01-11T00:38:58Z</time>
      </trkpt>
      <trkpt lat="37.78387" lon="-122.50976">
        <ele>60.48</ele>
        <time>2025-01-11T00:39:01Z</time>
      </trkpt>
      <trkpt lat="37.78384" lon="-122.5098">
        <ele>60.55</ele>
        <time>2025-01-11T00:39:04Z</time>
      </trkpt>
      <trkpt lat="37.78382" lon="-122.50984">
        <ele>60.01</ele>
        <time>2025-01-11T00:39:07Z</time>
      </trkpt>
      <trkpt lat="37.78379" lon="-122.50988">
        <ele>59.9</ele>
        <time>2025-01-11T00:39:10Z</time>
      </trkpt>
      <trkpt lat="37.78377" lon="-122.50991">
        <ele>60.08</ele>
        <time>2025-01-11T00:39:13Z</time>
      </trkpt>
      <trkpt lat="37.78375" lon="-122.50994">
        <ele>60.12</ele>
        <time>2025-01-11T00:39:15Z</time>
      </trkpt>
      <trkpt lat="37.78372" lon="-122.50997">
        <ele>59.95</ele>
        <time>2025-01-11T00:39:18Z</time>
      </trkpt>
      <trkpt lat="37.78369" lon="-122.51001">
        <ele>59.58</ele>
        <time>2025-01-11T00:39:21Z</time>
      </trkpt>
      <trkpt lat="37.78367" lon="-122.51003">
        <ele>60.14</ele>
        <time>2025-01-11T00:39:23Z</time>
      </trkpt>
      <trkpt lat="37.78365" lon="-122.51008">
        <ele>59.53</ele>
        <time>2025-01-11T00:39:26Z</time>
      </trkpt>
      <trkpt lat="37.78363" lon="-122.51011">
        <ele>59.25</ele>
        <time>2025-01-11T00:39:28Z</time>
      </trkpt>
      <trkpt lat="37.78362" lon="-122.51015">
        <ele>58.63</ele>
        <time>2025-01-11T00:39:30Z</time>
      </trkpt>
      <trkpt lat="37.78361" lon="-122.51018">
        <ele>58.17</ele>
        <time>2025-01-11T00:39:32Z</time>
      </trkpt>
      <trkpt lat="37.78359" lon="-122.5102">
        <ele>59.03</ele>
        <time>2025-01-11T00:39:34Z</time>
      </trkpt>
      <trkpt lat="37.78356" lon="-122.51022">
        <ele>60.14</ele>
        <time>2025-01-11T00:39:36Z</time>
      </trkpt>
      <trkpt lat="37.78354" lon="-122.51025">
        <ele>60.23</ele>
        <time>2025-01-11T00:39:38Z</time>
      </trkpt>
      <trkpt lat="37.78352" lon="-122.51029">
        <ele>59.84</ele>
        <time>2025-01-11T00:39:41Z</time>
      </trkpt>
      <trkpt lat="37.78351" lon="-122.51033">
        <ele>59.98</ele>
        <time>2025-01-11T00:39:44Z</time>
      </trkpt>
      <trkpt lat="37.7835" lon="-122.51038">
        <ele>59.98</ele>
        <time>2025-01-11T00:39:47Z</time>
      </trkpt>
      <trkpt lat="37.7835" lon="-122.51041">
        <ele>59.91</ele>
        <time>2025-01-11T00:39:49Z</time>
      </trkpt>
      <trkpt lat="37.78351" lon="-122.51045">
        <ele>59.38</ele>
        <time>2025-01-11T00:39:51Z</time>
      </trkpt>
      <trkpt lat="37.78351" lon="-122.51049">
        <ele>59.37</ele>
        <time>2025-01-11T00:39:54Z</time>
      </trkpt>
      <trkpt lat="37.78351" lon="-122.51054">
        <ele>59.37</ele>
        <time>2025-01-11T00:39:57Z</time>
      </trkpt>
      <trkpt lat="37.78352" lon="-122.51059">
        <ele>58.99</ele>
        <time>2025-01-11T00:40:00Z</time>
      </trkpt>
      <trkpt lat="37.78354" lon="-122.51063">
        <ele>58.95</ele>
        <time>2025-01-11T00:40:03Z</time>
      </trkpt>
      <trkpt lat="37.78356" lon="-122.51068">
        <ele>59.0</ele>
        <time>2025-01-11T00:40:06Z</time>
      </trkpt>
      <trkpt lat="37.78355" lon="-122.51071">
        <ele>59.0</ele>
        <time>2025-01-11T00:40:08Z</time>
      </trkpt>
      <trkpt lat="37.78355" lon="-122.51075">
        <ele>58.97</ele>
        <time>2025-01-11T00:40:10Z</time>
      </trkpt>
      <trkpt lat="37.78354" lon="-122.51079">
        <ele>58.88</ele>
        <time>2025-01-11T00:40:13Z</time>
      </trkpt>
      <trkpt lat="37.78353" lon="-122.51084">
        <ele>58.87</ele>
        <time>2025-01-11T00:40:16Z</time>
      </trkpt>
      <trkpt lat="37.78353" lon="-122.51088">
        <ele>58.81</ele>
        <time>2025-01-11T00:40:18Z</time>
      </trkpt>
      <trkpt lat="37.78353" lon="-122.51091">
        <ele>58.77</ele>
        <time>2025-01-11T00:40:20Z</time>
      </trkpt>
      <trkpt lat="37.78353" lon="-122.51095">
        <ele>58.49</ele>
        <time>2025-01-11T00:40:22Z</time>
      </trkpt>
      <trkpt lat="37.78353" lon="-122.51099">
        <ele>58.06</ele>
        <time>2025-01-11T00:40:24Z</time>
      </trkpt>
      <trkpt lat="37.78352" lon="-122.51102">
        <ele>57.97</ele>
        <time>2025-01-11T00:40:26Z</time>
      </trkpt>
      <trkpt lat="37.7835" lon="-122.51106">
        <ele>58.31</ele>
        <time>2025-01-11T00:40:28Z</time>
      </trkpt>
      <trkpt lat="37.78349" lon="-122.5111">
        <ele>58.34</ele>
        <time>2025-01-11T00:40:30Z</time>
      </trkpt>
      <trkpt lat="37.78347" lon="-122.51113">
        <ele>58.52</ele>
        <time>2025-01-11T00:40:32Z</time>
      </trkpt>
      <trkpt lat="37.78346" lon="-122.51117">
        <ele>58.63</ele>
        <time>2025-01-11T00:40:35Z</time>
      </trkpt>
      <trkpt lat="37.78345" lon="-122.51122">
        <ele>58.61</ele>
        <time>2025-01-11T00:40:38Z</time>
      </trkpt>
      <trkpt lat="37.78344" lon="-122.51126">
        <ele>58.33</ele>
        <time>2025-01-11T00:40:41Z</time>
      </trkpt>
      <trkpt lat="37.78342" lon="-122.51129">
        <ele>58.26</ele>
        <time>2025-01-11T00:40:43Z</time>
      </trkpt>
      <trkpt lat="37.7834" lon="-122.51133">
        <ele>59.0</ele>
        <time>2025-01-11T00:40:46Z</time>
      </trkpt>
      <trkpt lat="37.78339" lon="-122.51137">
        <ele>59.34</ele>
        <time>2025-01-11T00:40:49Z</time>
      </trkpt>
      <trkpt lat="37.78337" lon="-122.51142">
        <ele>59.4</ele>
        <time>2025-01-11T00:40:52Z</time>
      </trkpt>
      <trkpt lat="37.78335" lon="-122.51146">
        <ele>59.19</ele>
        <time>2025-01-11T00:40:55Z</time>
      </trkpt>
      <trkpt lat="37.78332" lon="-122.51149">
        <ele>59.52</ele>
        <time>2025-01-11T00:40:58Z</time>
      </trkpt>
      <trkpt lat="37.7833" lon="-122.51153">
        <ele>59.69</ele>
        <time>2025-01-11T00:41:01Z</time>
      </trkpt>
      <trkpt lat="37.78329" lon="-122.51156">
        <ele>59.28</ele>
        <time>2025-01-11T00:41:03Z</time>
      </trkpt>
      <trkpt lat="37.78327" lon="-122.51159">
        <ele>58.95</ele>
        <time>2025-01-11T00:41:05Z</time>
      </trkpt>
      <trkpt lat="37.78325" lon="-122.51162">
        <ele>58.95</ele>
        <time>2025-01-11T00:41:07Z</time>
      </trkpt>
      <trkpt lat="37.78322" lon="-122.51165">
        <ele>59.16</ele>
        <time>2025-01-11T00:41:10Z</time>
      </trkpt>
      <trkpt lat="37.7832" lon="-122.51167">
        <ele>58.98</ele>
        <time>2025-01-11T00:41:12Z</time>
      </trkpt>
      <trkpt lat="37.78317" lon="-122.51169">
        <ele>58.94</ele>
        <time>2025-01-11T00:41:14Z</time>
      </trkpt>
      <trkpt lat="37.78314" lon="-122.51171">
        <ele>59.09</ele>
        <time>2025-01-11T00:41:16Z</time>
      </trkpt>
      <trkpt lat="37.78311" lon="-122.51173">
        <ele>59.26</ele>
        <time>2025-01-11T00:41:18Z</time>
      </trkpt>
      <trkpt lat="37.78308" lon="-122.51174">
        <ele>59.31</ele>
        <time>2025-01-11T00:41:20Z</time>
      </trkpt>
      <trkpt lat="37.78306" lon="-122.51176">
        <ele>58.98</ele>
        <time>2025-01-11T00:41:22Z</time>
      </trkpt>
      <trkpt lat="37.78303" lon="-122.51178">
        <ele>58.61</ele>
        <time>2025-01-11T00:41:24Z</time>
      </trkpt>
      <trkpt lat="37.78301" lon="-122.5118">
        <ele>58.34</ele>
        <time>2025-01-11T00:41:26Z</time>
      </trkpt>
      <trkpt lat="37.78298" lon="-122.51181">
        <ele>58.35</ele>
        <time>2025-01-11T00:41:28Z</time>
      </trkpt>
      <trkpt lat="37.78294" lon="-122.51181">
        <ele>58.45</ele>
        <time>2025-01-11T00:41:31Z</time>
      </trkpt>
      <trkpt lat="37.78291" lon="-122.51181">
        <ele>58.45</ele>
        <time>2025-01-11T00:41:33Z</time>
      </trkpt>
      <trkpt lat="37.78287" lon="-122.51182">
        <ele>58.35</ele>
        <time>2025-01-11T00:41:36Z</time>
      </trkpt>
      <trkpt lat="37.78284" lon="-122.51183">
        <ele>58.31</ele>
        <time>2025-01-11T00:41:38Z</time>
      </trkpt>
      <trkpt lat="37.78281" lon="-122.51185">
        <ele>58.03</ele>
        <time>2025-01-11T00:41:41Z</time>
      </trkpt>
      <trkpt lat="37.78277" lon="-122.51186">
        <ele>57.65</ele>
        <time>2025-01-11T00:41:44Z</time>
      </trkpt>
      <trkpt lat="37.78273" lon="-122.51186">
        <ele>57.65</ele>
        <time>2025-01-11T00:41:47Z</time>
      </trkpt>
      <trkpt lat="37.7827" lon="-122.51185">
        <ele>58.02</ele>
        <time>2025-01-11T00:41:50Z</time>
      </trkpt>
      <trkpt lat="37.78267" lon="-122.51186">
        <ele>57.63</ele>
        <time>2025-01-11T00:41:53Z</time>
      </trkpt>
      <trkpt lat="37.78264" lon="-122.51185">
        <ele>58.02</ele>
        <time>2025-01-11T00:41:57Z</time>
      </trkpt>
      <trkpt lat="37.7826" lon="-122.51186">
        <ele>57.57</ele>
        <time>2025-01-11T00:42:02Z</time>
      </trkpt>
      <trkpt lat="37.78257" lon="-122.51186">
        <ele>57.11</ele>
        <time>2025-01-11T00:42:05Z</time>
      </trkpt>
      <trkpt lat="37.78254" lon="-122.51185">
        <ele>56.91</ele>
        <time>2025-01-11T00:42:08Z</time>
      </trkpt>
      <trkpt lat="37.7825" lon="-122.51182">
        <ele>57.03</ele>
        <time>2025-01-11T00:42:11Z</time>
      </trkpt>
      <trkpt lat="37.78247" lon="-122.5118">
        <ele>57.54</ele>
        <time>2025-01-11T00:42:14Z</time>
      </trkpt>
      <trkpt lat="37.78244" lon="-122.51178">
        <ele>58.18</ele>
        <time>2025-01-11T00:42:17Z</time>
      </trkpt>
      <trkpt lat="37.7824" lon="-122.51174">
        <ele>58.81</ele>
        <time>2025-01-11T00:42:20Z</time>
      </trkpt>
      <trkpt lat="37.78238" lon="-122.5117">
        <ele>58.68</ele>
        <time>2025-01-11T00:42:22Z</time>
      </trkpt>
      <trkpt lat="37.78236" lon="-122.51166">
        <ele>59.0</ele>
        <time>2025-01-11T00:42:24Z</time>
      </trkpt>
      <trkpt lat="37.78234" lon="-122.51162">
        <ele>59.0</ele>
        <time>2025-01-11T00:42:26Z</time>
      </trkpt>
      <trkpt lat="37.78232" lon="-122.51157">
        <ele>59.04</ele>
        <time>2025-01-11T00:42:28Z</time>
      </trkpt>
      <trkpt lat="37.78229" lon="-122.51156">
        <ele>59.11</ele>
        <time>2025-01-11T00:42:30Z</time>
      </trkpt>
      <trkpt lat="37.78226" lon="-122.51154">
        <ele>59.15</ele>
        <time>2025-01-11T00:42:32Z</time>
      </trkpt>
      <trkpt lat="37.78223" lon="-122.51153">
        <ele>59.04</ele>
        <time>2025-01-11T00:42:34Z</time>
      </trkpt>
      <trkpt lat="37.7822" lon="-122.51154">
        <ele>58.85</ele>
        <time>2025-01-11T00:42:38Z</time>
      </trkpt>
      <trkpt lat="37.78216" lon="-122.51154">
        <ele>58.58</ele>
        <time>2025-01-11T00:42:41Z</time>
      </trkpt>
      <trkpt lat="37.78213" lon="-122.51155">
        <ele>58.26</ele>
        <time>2025-01-11T00:42:43Z</time>
      </trkpt>
      <trkpt lat="37.7821" lon="-122.51156">
        <ele>58.15</ele>
        <time>2025-01-11T00:42:46Z</time>
      </trkpt>
      <trkpt lat="37.78207" lon="-122.51159">
        <ele>57.89</ele>
        <time>2025-01-11T00:42:49Z</time>
      </trkpt>
      <trkpt lat="37.78204" lon="-122.51161">
        <ele>57.62</ele>
        <time>2025-01-11T00:42:52Z</time>
      </trkpt>
      <trkpt lat="37.782" lon="-122.51161">
        <ele>57.21</ele>
        <time>2025-01-11T00:42:55Z</time>
      </trkpt>
      <trkpt lat="37.78196" lon="-122.5116">
        <ele>56.89</ele>
        <time>2025-01-11T00:42:58Z</time>
      </trkpt>
      <trkpt lat="37.78193" lon="-122.51158">
        <ele>56.94</ele>
        <time>2025-01-11T00:43:01Z</time>
      </trkpt>
      <trkpt lat="37.7819" lon="-122.51157">
        <ele>57.04</ele>
        <time>2025-01-11T00:43:03Z</time>
      </trkpt>
      <trkpt lat="37.78186" lon="-122.51156">
        <ele>57.15</ele>
        <time>2025-01-11T00:43:06Z</time>
      </trkpt>
      <trkpt lat="37.78182" lon="-122.51156">
        <ele>56.81</ele>
        <time>2025-01-11T00:43:09Z</time>
      </trkpt>
      <trkpt lat="37.78179" lon="-122.51158">
        <ele>56.27</ele>
        <time>2025-01-11T00:43:12Z</time>
      </trkpt>
      <trkpt lat="37.78175" lon="-122.51158">
        <ele>55.94</ele>
        <time>2025-01-11T00:43:15Z</time>
      </trkpt>
      <trkpt lat="37.78172" lon="-122.51157">
        <ele>56.03</ele>
        <time>2025-01-11T00:43:17Z</time>
      </trkpt>
      <trkpt lat="37.7817" lon="-122.51157">
        <ele>56.02</ele>
        <time>2025-01-11T00:43:19Z</time>
      </trkpt>
      <trkpt lat="37.78166" lon="-122.51158">
        <ele>55.93</ele>
        <time>2025-01-11T00:43:22Z</time>
      </trkpt>
      <trkpt lat="37.78165" lon="-122.51161">
        <ele>55.82</ele>
        <time>2025-01-11T00:43:25Z</time>
      </trkpt>
      <trkpt lat="37.78167" lon="-122.51164">
        <ele>55.97</ele>
        <time>2025-01-11T00:43:28Z</time>
      </trkpt>
      <trkpt lat="37.78169" lon="-122.51166">
        <ele>55.77</ele>
        <time>2025-01-11T00:43:30Z</time>
      </trkpt>
      <trkpt lat="37.78172" lon="-122.51168">
        <ele>55.36</ele>
        <time>2025-01-11T00:43:32Z</time>
      </trkpt>
      <trkpt lat="37.78174" lon="-122.51171">
        <ele>55.11</ele>
        <time>2025-01-11T00:43:34Z</time>
      </trkpt>
      <trkpt lat="37.78175" lon="-122.51174">
        <ele>55.02</ele>
        <time>2025-01-11T00:43:36Z</time>
      </trkpt>
      <trkpt lat="37.78177" lon="-122.51176">
        <ele>55.12</ele>
        <time>2025-01-11T00:43:38Z</time>
      </trkpt>
      <trkpt lat="37.78179" lon="-122.51179">
        <ele>55.22</ele>
        <time>2025-01-11T00:43:40Z</time>
      </trkpt>
      <trkpt lat="37.7818" lon="-122.51182">
        <ele>55.15</ele>
        <time>2025-01-11T00:43:42Z</time>
      </trkpt>
      <trkpt lat="37.78181" lon="-122.51185">
        <ele>55.01</ele>
        <time>2025-01-11T00:43:44Z</time>
      </trkpt>
      <trkpt lat="37.78184" lon="-122.51189">
        <ele>54.59</ele>
        <time>2025-01-11T00:43:47Z</time>
      </trkpt>
      <trkpt lat="37.78187" lon="-122.51192">
        <ele>54.41</ele>
        <time>2025-01-11T00:43:50Z</time>
      </trkpt>
      <trkpt lat="37.7819" lon="-122.51195">
        <ele>54.49</ele>
        <time>2025-01-11T00:43:53Z</time>
      </trkpt>
      <trkpt lat="37.78194" lon="-122.51198">
        <ele>54.59</ele>
        <time>2025-01-11T00:43:56Z</time>
      </trkpt>
      <trkpt lat="37.78196" lon="-122.51201">
        <ele>54.12</ele>
        <time>2025-01-11T00:43:59Z</time>
      </trkpt>
      <trkpt lat="37.78199" lon="-122.51204">
        <ele>53.49</ele>
        <time>2025-01-11T00:44:02Z</time>
      </trkpt>
      <trkpt lat="37.78199" lon="-122.51208">
        <ele>53.27</ele>
        <time>2025-01-11T00:44:04Z</time>
      </trkpt>
      <trkpt lat="37.78196" lon="-122.51211">
        <ele>53.18</ele>
        <time>2025-01-11T00:44:06Z</time>
      </trkpt>
      <trkpt lat="37.78194" lon="-122.51213">
        <ele>53.0</ele>
        <time>2025-01-11T00:44:08Z</time>
      </trkpt>
      <trkpt lat="37.78191" lon="-122.51214">
        <ele>52.89</ele>
        <time>2025-01-11T00:44:10Z</time>
      </trkpt>
      <trkpt lat="37.78187" lon="-122.51215">
        <ele>52.78</ele>
        <time>2025-01-11T00:44:12Z</time>
      </trkpt>
      <trkpt lat="37.78185" lon="-122.51216">
        <ele>52.67</ele>
        <time>2025-01-11T00:44:14Z</time>
      </trkpt>
      <trkpt lat="37.78182" lon="-122.51216">
        <ele>52.67</ele>
        <time>2025-01-11T00:44:16Z</time>
      </trkpt>
      <trkpt lat="37.78179" lon="-122.51218">
        <ele>52.46</ele>
        <time>2025-01-11T00:44:18Z</time>
      </trkpt>
      <trkpt lat="37.78176" lon="-122.51219">
        <ele>52.35</ele>
        <time>2025-01-11T00:44:20Z</time>
      </trkpt>
      <trkpt lat="37.78173" lon="-122.5122">
        <ele>52.24</ele>
        <time>2025-01-11T00:44:22Z</time>
      </trkpt>
      <trkpt lat="37.7817" lon="-122.5122">
        <ele>52.24</ele>
        <time>2025-01-11T00:44:24Z</time>
      </trkpt>
      <trkpt lat="37.78167" lon="-122.51221">
        <ele>52.13</ele>
        <time>2025-01-11T00:44:26Z</time>
      </trkpt>
      <trkpt lat="37.78164" lon="-122.51222">
        <ele>52.02</ele>
        <time>2025-01-11T00:44:29Z</time>
      </trkpt>
      <trkpt lat="37.7816" lon="-122.51223">
        <ele>51.86</ele>
        <time>2025-01-11T00:44:32Z</time>
      </trkpt>
      <trkpt lat="37.78157" lon="-122.51223">
        <ele>51.74</ele>
        <time>2025-01-11T00:44:34Z</time>
      </trkpt>
      <trkpt lat="37.78154" lon="-122.51223">
        <ele>51.1</ele>
        <time>2025-01-11T00:44:36Z</time>
      </trkpt>
      <trkpt lat="37.78151" lon="-122.51222">
        <ele>50.63</ele>
        <time>2025-01-11T00:44:38Z</time>
      </trkpt>
      <trkpt lat="37.78149" lon="-122.51221">
        <ele>50.3</ele>
        <time>2025-01-11T00:44:40Z</time>
      </trkpt>
      <trkpt lat="37.78146" lon="-122.51218">
        <ele>49.99</ele>
        <time>2025-01-11T00:44:43Z</time>
      </trkpt>
      <trkpt lat="37.78144" lon="-122.51215">
        <ele>49.88</ele>
        <time>2025-01-11T00:44:45Z</time>
      </trkpt>
      <trkpt lat="37.78143" lon="-122.51212">
        <ele>49.95</ele>
        <time>2025-01-11T00:44:47Z</time>
      </trkpt>
      <trkpt lat="37.78141" lon="-122.51208">
        <ele>49.87</ele>
        <time>2025-01-11T00:44:49Z</time>
      </trkpt>
      <trkpt lat="37.78141" lon="-122.51205">
        <ele>50.12</ele>
        <time>2025-01-11T00:44:51Z</time>
      </trkpt>
      <trkpt lat="37.78139" lon="-122.51199">
        <ele>50.02</ele>
        <time>2025-01-11T00:44:54Z</time>
      </trkpt>
      <trkpt lat="37.78137" lon="-122.51196">
        <ele>49.8</ele>
        <time>2025-01-11T00:44:56Z</time>
      </trkpt>
      <trkpt lat="37.78135" lon="-122.51192">
        <ele>49.69</ele>
        <time>2025-01-11T00:44:59Z</time>
      </trkpt>
      <trkpt lat="37.78133" lon="-122.51188">
        <ele>49.81</ele>
        <time>2025-01-11T00:45:02Z</time>
      </trkpt>
      <trkpt lat="37.78131" lon="-122.51184">
        <ele>50.04</ele>
        <time>2025-01-11T00:45:05Z</time>
      </trkpt>
      <trkpt lat="37.78128" lon="-122.51182">
        <ele>49.82</ele>
        <time>2025-01-11T00:45:08Z</time>
      </trkpt>
      <trkpt lat="37.78125" lon="-122.5118">
        <ele>49.5</ele>
        <time>2025-01-11T00:45:11Z</time>
      </trkpt>
      <trkpt lat="37.78122" lon="-122.5118">
        <ele>49.18</ele>
        <time>2025-01-11T00:45:14Z</time>
      </trkpt>
      <trkpt lat="37.78118" lon="-122.5118">
        <ele>49.0</ele>
        <time>2025-01-11T00:45:17Z</time>
      </trkpt>
      <trkpt lat="37.78114" lon="-122.5118">
        <ele>49.0</ele>
        <time>2025-01-11T00:45:20Z</time>
      </trkpt>
      <trkpt lat="37.78111" lon="-122.51179">
        <ele>48.99</ele>
        <time>2025-01-11T00:45:23Z</time>
      </trkpt>
      <trkpt lat="37.78107" lon="-122.51179">
        <ele>48.56</ele>
        <time>2025-01-11T00:45:26Z</time>
      </trkpt>
      <trkpt lat="37.78103" lon="-122.51179">
        <ele>48.12</ele>
        <time>2025-01-11T00:45:29Z</time>
      </trkpt>
      <trkpt lat="37.78099" lon="-122.51179">
        <ele>47.79</ele>
        <time>2025-01-11T00:45:32Z</time>
      </trkpt>
      <trkpt lat="37.78095" lon="-122.51178">
        <ele>47.43</ele>
        <time>2025-01-11T00:45:35Z</time>
      </trkpt>
      <trkpt lat="37.78092" lon="-122.51177">
        <ele>47.11</ele>
        <time>2025-01-11T00:45:38Z</time>
      </trkpt>
      <trkpt lat="37.78088" lon="-122.51177">
        <ele>47.06</ele>
        <time>2025-01-11T00:45:41Z</time>
      </trkpt>
      <trkpt lat="37.78085" lon="-122.51177">
        <ele>47.02</ele>
        <time>2025-01-11T00:45:44Z</time>
      </trkpt>
      <trkpt lat="37.78081" lon="-122.51178">
        <ele>47.0</ele>
        <time>2025-01-11T00:45:47Z</time>
      </trkpt>
      <trkpt lat="37.78077" lon="-122.51179">
        <ele>47.0</ele>
        <time>2025-01-11T00:45:50Z</time>
      </trkpt>
      <trkpt lat="37.78073" lon="-122.5118">
        <ele>46.95</ele>
        <time>2025-01-11T00:45:53Z</time>
      </trkpt>
      <trkpt lat="37.7807" lon="-122.51182">
        <ele>46.71</ele>
        <time>2025-01-11T00:45:56Z</time>
      </trkpt>
      <trkpt lat="37.78068" lon="-122.51184">
        <ele>46.43</ele>
        <time>2025-01-11T00:45:58Z</time>
      </trkpt>
      <trkpt lat="37.78064" lon="-122.51186">
        <ele>46.0</ele>
        <time>2025-01-11T00:46:01Z</time>
      </trkpt>
      <trkpt lat="37.78061" lon="-122.51186">
        <ele>46.0</ele>
        <time>2025-01-11T00:46:03Z</time>
      </trkpt>
      <trkpt lat="37.78058" lon="-122.51186">
        <ele>46.0</ele>
        <time>2025-01-11T00:46:05Z</time>
      </trkpt>
      <trkpt lat="37.78055" lon="-122.51186">
        <ele>46.0</ele>
        <time>2025-01-11T00:46:08Z</time>
      </trkpt>
      <trkpt lat="37.78052" lon="-122.51183">
        <ele>46.0</ele>
        <time>2025-01-11T00:46:11Z</time>
      </trkpt>
      <trkpt lat="37.7805" lon="-122.5118">
        <ele>46.0</ele>
        <time>2025-01-11T00:46:14Z</time>
      </trkpt>
      <trkpt lat="37.78046" lon="-122.51179">
        <ele>46.0</ele>
        <time>2025-01-11T00:46:17Z</time>
      </trkpt>
      <trkpt lat="37.78043" lon="-122.51179">
        <ele>46.0</ele>
        <time>2025-01-11T00:46:20Z</time>
      </trkpt>
      <trkpt lat="37.78039" lon="-122.51179">
        <ele>46.0</ele>
        <time>2025-01-11T00:46:23Z</time>
      </trkpt>
      <trkpt lat="37.78035" lon="-122.51178">
        <ele>46.0</ele>
        <time>2025-01-11T00:46:26Z</time>
      </trkpt>
      <trkpt lat="37.78032" lon="-122.51177">
        <ele>46.0</ele>
        <time>2025-01-11T00:46:29Z</time>
      </trkpt>
      <trkpt lat="37.78028" lon="-122.51176">
        <ele>46.0</ele>
        <time>2025-01-11T00:46:32Z</time>
      </trkpt>
      <trkpt lat="37.78025" lon="-122.51176">
        <ele>46.0</ele>
        <time>2025-01-11T00:46:35Z</time>
      </trkpt>
      <trkpt lat="37.78021" lon="-122.51176">
        <ele>46.0</ele>
        <time>2025-01-11T00:46:38Z</time>
      </trkpt>
      <trkpt lat="37.78018" lon="-122.51176">
        <ele>46.0</ele>
        <time>2025-01-11T00:46:41Z</time>
      </trkpt>
      <trkpt lat="37.78015" lon="-122.51175">
        <ele>46.0</ele>
        <time>2025-01-11T00:46:44Z</time>
      </trkpt>
      <trkpt lat="37.78011" lon="-122.51174">
        <ele>46.0</ele>
        <time>2025-01-11T00:46:47Z</time>
      </trkpt>
      <trkpt lat="37.78008" lon="-122.51174">
        <ele>46.0</ele>
        <time>2025-01-11T00:46:50Z</time>
      </trkpt>
      <trkpt lat="37.78005" lon="-122.51174">
        <ele>46.0</ele>
        <time>2025-01-11T00:46:52Z</time>
      </trkpt>
      <trkpt lat="37.78002" lon="-122.51173">
        <ele>46.0</ele>
        <time>2025-01-11T00:46:55Z</time>
      </trkpt>
      <trkpt lat="37.77999" lon="-122.51172">
        <ele>46.05</ele>
        <time>2025-01-11T00:46:58Z</time>
      </trkpt>
      <trkpt lat="37.77995" lon="-122.51171">
        <ele>46.29</ele>
        <time>2025-01-11T00:47:02Z</time>
      </trkpt>
      <trkpt lat="37.77993" lon="-122.51173">
        <ele>46.24</ele>
        <time>2025-01-11T00:47:05Z</time>
      </trkpt>
      <trkpt lat="37.77991" lon="-122.51176">
        <ele>45.99</ele>
        <time>2025-01-11T00:47:07Z</time>
      </trkpt>
      <trkpt lat="37.77989" lon="-122.51178">
        <ele>45.73</ele>
        <time>2025-01-11T00:47:09Z</time>
      </trkpt>
      <trkpt lat="37.77986" lon="-122.5118">
        <ele>45.33</ele>
        <time>2025-01-11T00:47:12Z</time>
      </trkpt>
      <trkpt lat="37.77985" lon="-122.51176">
        <ele>45.99</ele>
        <time>2025-01-11T00:47:24Z</time>
      </trkpt>
    </trkseg>
  </trk>
</gpx>
