<?xml version="1.0"?>
<gpx xmlns="http://www.topografix.com/GPX/1/1" xmlns:xsi="http://www.w3.org/2001/XMLSchema-instance" version="1.1" creator="AllTrails.com" xsi:schemaLocation="http://www.topografix.com/GPX/1/1 http://www.topografix.com/GPX/1/1/gpx.xsd">
  <metadata>
    <name><![CDATA[Afternoon hike at Double Cross Trail]]></name>
    <desc><![CDATA[]]></desc>
    <link href="http://www.alltrails.com">
      <text>AllTrails, LLC</text>
    </link>
    <bounds minlat="37.75111" minlon="-122.44861" maxlat="37.77743" maxlon="-122.41594"/>
  </metadata>
  <trk>
    <name><![CDATA[Afternoon hike at Double Cross Trail]]></name>
    <src>AllTrails</src>
    <trkseg>
      <trkpt lat="37.7749" lon="-122.41632">
        <ele>13.06</ele>
        <time>2024-12-26T17:18:33Z</time>
      </trkpt>
      <trkpt lat="37.77491" lon="-122.41625">
        <ele>13.49</ele>
        <time>2024-12-26T17:18:37Z</time>
      </trkpt>
      <trkpt lat="37.77495" lon="-122.4162">
        <ele>13.54</ele>
        <time>2024-12-26T17:18:42Z</time>
      </trkpt>
      <trkpt lat="37.77499" lon="-122.41615">
        <ele>13.11</ele>
        <time>2024-12-26T17:18:46Z</time>
      </trkpt>
      <trkpt lat="37.77502" lon="-122.41609">
        <ele>13.23</ele>
        <time>2024-12-26T17:18:50Z</time>
      </trkpt>
      <trkpt lat="37.77507" lon="-122.41606">
        <ele>13.55</ele>
        <time>2024-12-26T17:18:54Z</time>
      </trkpt>
      <trkpt lat="37.7751" lon="-122.416">
        <ele>13.92</ele>
        <time>2024-12-26T17:18:59Z</time>
      </trkpt>
      <trkpt lat="37.77514" lon="-122.41594">
        <ele>13.49</ele>
        <time>2024-12-26T17:19:04Z</time>
      </trkpt>
      <trkpt lat="37.77519" lon="-122.41596">
        <ele>13.05</ele>
        <time>2024-12-26T17:19:47Z</time>
      </trkpt>
      <trkpt lat="37.7752" lon="-122.41603">
        <ele>13.26</ele>
        <time>2024-12-26T17:19:56Z</time>
      </trkpt>
      <trkpt lat="37.77523" lon="-122.41608">
        <ele>13.83</ele>
        <time>2024-12-26T17:20:00Z</time>
      </trkpt>
      <trkpt lat="37.77529" lon="-122.41611">
        <ele>14.0</ele>
        <time>2024-12-26T17:20:10Z</time>
      </trkpt>
      <trkpt lat="37.77534" lon="-122.41614">
        <ele>14.0</ele>
        <time>2024-12-26T17:20:16Z</time>
      </trkpt>
      <trkpt lat="37.7754" lon="-122.41618">
        <ele>14.0</ele>
        <time>2024-12-26T17:20:19Z</time>
      </trkpt>
      <trkpt lat="37.77543" lon="-122.41624">
        <ele>14.0</ele>
        <time>2024-12-26T17:20:20Z</time>
      </trkpt>
      <trkpt lat="37.77547" lon="-122.41628">
        <ele>14.0</ele>
        <time>2024-12-26T17:20:24Z</time>
      </trkpt>
      <trkpt lat="37.77551" lon="-122.41633">
        <ele>14.0</ele>
        <time>2024-12-26T17:20:28Z</time>
      </trkpt>
      <trkpt lat="37.77555" lon="-122.41638">
        <ele>14.0</ele>
        <time>2024-12-26T17:20:32Z</time>
      </trkpt>
      <trkpt lat="37.7756" lon="-122.41642">
        <ele>14.49</ele>
        <time>2024-12-26T17:20:36Z</time>
      </trkpt>
      <trkpt lat="37.77564" lon="-122.41647">
        <ele>14.19</ele>
        <time>2024-12-26T17:20:40Z</time>
      </trkpt>
      <trkpt lat="37.77567" lon="-122.41653">
        <ele>14.64</ele>
        <time>2024-12-26T17:20:46Z</time>
      </trkpt>
      <trkpt lat="37.77571" lon="-122.41658">
        <ele>15.0</ele>
        <time>2024-12-26T17:20:51Z</time>
      </trkpt>
      <trkpt lat="37.77575" lon="-122.41663">
        <ele>15.0</ele>
        <time>2024-12-26T17:20:57Z</time>
      </trkpt>
      <trkpt lat="37.77579" lon="-122.41668">
        <ele>15.0</ele>
        <time>2024-12-26T17:21:02Z</time>
      </trkpt>
      <trkpt lat="37.77583" lon="-122.41672">
        <ele>15.0</ele>
        <time>2024-12-26T17:21:07Z</time>
      </trkpt>
      <trkpt lat="37.77587" lon="-122.41677">
        <ele>15.0</ele>
        <time>2024-12-26T17:21:11Z</time>
      </trkpt>
      <trkpt lat="37.77591" lon="-122.41683">
        <ele>15.0</ele>
        <time>2024-12-26T17:21:16Z</time>
      </trkpt>
      <trkpt lat="37.77595" lon="-122.41687">
        <ele>15.41</ele>
        <time>2024-12-26T17:21:22Z</time>
      </trkpt>
      <trkpt lat="37.77599" lon="-122.41693">
        <ele>15.95</ele>
        <time>2024-12-26T17:21:27Z</time>
      </trkpt>
      <trkpt lat="37.77604" lon="-122.41698">
        <ele>16.0</ele>
        <time>2024-12-26T17:21:32Z</time>
      </trkpt>
      <trkpt lat="37.77608" lon="-122.41703">
        <ele>16.0</ele>
        <time>2024-12-26T17:21:38Z</time>
      </trkpt>
      <trkpt lat="37.77612" lon="-122.41707">
        <ele>16.0</ele>
        <time>2024-12-26T17:21:42Z</time>
      </trkpt>
      <trkpt lat="37.77616" lon="-122.41712">
        <ele>16.0</ele>
        <time>2024-12-26T17:21:46Z</time>
      </trkpt>
      <trkpt lat="37.7762" lon="-122.41716">
        <ele>15.99</ele>
        <time>2024-12-26T17:21:50Z</time>
      </trkpt>
      <trkpt lat="37.77624" lon="-122.41721">
        <ele>16.34</ele>
        <time>2024-12-26T17:21:54Z</time>
      </trkpt>
      <trkpt lat="37.77628" lon="-122.41726">
        <ele>16.75</ele>
        <time>2024-12-26T17:22:00Z</time>
      </trkpt>
      <trkpt lat="37.77631" lon="-122.41732">
        <ele>16.95</ele>
        <time>2024-12-26T17:22:05Z</time>
      </trkpt>
      <trkpt lat="37.77635" lon="-122.41736">
        <ele>16.8</ele>
        <time>2024-12-26T17:22:09Z</time>
      </trkpt>
      <trkpt lat="37.77632" lon="-122.41754">
        <ele>15.41</ele>
        <time>2024-12-26T17:22:14Z</time>
      </trkpt>
      <trkpt lat="37.77628" lon="-122.41759">
        <ele>15.6</ele>
        <time>2024-12-26T17:22:19Z</time>
      </trkpt>
      <trkpt lat="37.77625" lon="-122.41764">
        <ele>15.51</ele>
        <time>2024-12-26T17:22:24Z</time>
      </trkpt>
      <trkpt lat="37.77621" lon="-122.4177">
        <ele>15.43</ele>
        <time>2024-12-26T17:22:30Z</time>
      </trkpt>
      <trkpt lat="37.77624" lon="-122.41782">
        <ele>17.0</ele>
        <time>2024-12-26T17:22:36Z</time>
      </trkpt>
      <trkpt lat="37.77628" lon="-122.41786">
        <ele>17.0</ele>
        <time>2024-12-26T17:22:39Z</time>
      </trkpt>
      <trkpt lat="37.77632" lon="-122.41792">
        <ele>17.0</ele>
        <time>2024-12-26T17:22:43Z</time>
      </trkpt>
      <trkpt lat="37.77636" lon="-122.41797">
        <ele>17.0</ele>
        <time>2024-12-26T17:22:47Z</time>
      </trkpt>
      <trkpt lat="37.77642" lon="-122.41794">
        <ele>17.0</ele>
        <time>2024-12-26T17:22:50Z</time>
      </trkpt>
      <trkpt lat="37.77646" lon="-122.41789">
        <ele>17.0</ele>
        <time>2024-12-26T17:22:57Z</time>
      </trkpt>
      <trkpt lat="37.77645" lon="-122.41797">
        <ele>17.0</ele>
        <time>2024-12-26T17:23:05Z</time>
      </trkpt>
      <trkpt lat="37.77649" lon="-122.4181">
        <ele>17.0</ele>
        <time>2024-12-26T17:23:08Z</time>
      </trkpt>
      <trkpt lat="37.77652" lon="-122.41814">
        <ele>17.0</ele>
        <time>2024-12-26T17:23:11Z</time>
      </trkpt>
      <trkpt lat="37.77657" lon="-122.41817">
        <ele>17.0</ele>
        <time>2024-12-26T17:23:13Z</time>
      </trkpt>
      <trkpt lat="37.77656" lon="-122.41824">
        <ele>17.0</ele>
        <time>2024-12-26T17:23:17Z</time>
      </trkpt>
      <trkpt lat="37.77654" lon="-122.4183">
        <ele>17.0</ele>
        <time>2024-12-26T17:23:22Z</time>
      </trkpt>
      <trkpt lat="37.77657" lon="-122.41825">
        <ele>17.0</ele>
        <time>2024-12-26T17:23:39Z</time>
      </trkpt>
      <trkpt lat="37.77661" lon="-122.4182">
        <ele>17.0</ele>
        <time>2024-12-26T17:23:46Z</time>
      </trkpt>
      <trkpt lat="37.77662" lon="-122.41813">
        <ele>17.0</ele>
        <time>2024-12-26T17:23:51Z</time>
      </trkpt>
      <trkpt lat="37.77663" lon="-122.41806">
        <ele>17.0</ele>
        <time>2024-12-26T17:23:55Z</time>
      </trkpt>
      <trkpt lat="37.77664" lon="-122.41799">
        <ele>17.0</ele>
        <time>2024-12-26T17:24:01Z</time>
      </trkpt>
      <trkpt lat="37.77666" lon="-122.41792">
        <ele>17.0</ele>
        <time>2024-12-26T17:24:09Z</time>
      </trkpt>
      <trkpt lat="37.77689" lon="-122.41792">
        <ele>17.0</ele>
        <time>2024-12-26T17:24:12Z</time>
      </trkpt>
      <trkpt lat="37.77694" lon="-122.41794">
        <ele>17.0</ele>
        <time>2024-12-26T17:24:15Z</time>
      </trkpt>
      <trkpt lat="37.77699" lon="-122.41797">
        <ele>17.0</ele>
        <time>2024-12-26T17:24:19Z</time>
      </trkpt>
      <trkpt lat="37.77705" lon="-122.41797">
        <ele>17.0</ele>
        <time>2024-12-26T17:24:23Z</time>
      </trkpt>
      <trkpt lat="37.7771" lon="-122.41795">
        <ele>17.1</ele>
        <time>2024-12-26T17:24:27Z</time>
      </trkpt>
      <trkpt lat="37.77717" lon="-122.41794">
        <ele>17.14</ele>
        <time>2024-12-26T17:24:32Z</time>
      </trkpt>
      <trkpt lat="37.77722" lon="-122.41795">
        <ele>17.0</ele>
        <time>2024-12-26T17:24:36Z</time>
      </trkpt>
      <trkpt lat="37.77727" lon="-122.41799">
        <ele>17.0</ele>
        <time>2024-12-26T17:24:40Z</time>
      </trkpt>
      <trkpt lat="37.77732" lon="-122.41803">
        <ele>17.0</ele>
        <time>2024-12-26T17:24:44Z</time>
      </trkpt>
      <trkpt lat="37.77736" lon="-122.41807">
        <ele>17.0</ele>
        <time>2024-12-26T17:24:51Z</time>
      </trkpt>
      <trkpt lat="37.77741" lon="-122.4181">
        <ele>17.03</ele>
        <time>2024-12-26T17:24:55Z</time>
      </trkpt>
      <trkpt lat="37.77743" lon="-122.41817">
        <ele>17.36</ele>
        <time>2024-12-26T17:25:02Z</time>
      </trkpt>
      <trkpt lat="37.77743" lon="-122.41824">
        <ele>17.75</ele>
        <time>2024-12-26T17:25:05Z</time>
      </trkpt>
      <trkpt lat="37.77743" lon="-122.41836">
        <ele>17.83</ele>
        <time>2024-12-26T17:25:07Z</time>
      </trkpt>
      <trkpt lat="37.77742" lon="-122.41843">
        <ele>18.0</ele>
        <time>2024-12-26T17:25:12Z</time>
      </trkpt>
      <trkpt lat="37.77741" lon="-122.4185">
        <ele>18.0</ele>
        <time>2024-12-26T17:25:16Z</time>
      </trkpt>
      <trkpt lat="37.7774" lon="-122.41857">
        <ele>18.0</ele>
        <time>2024-12-26T17:25:21Z</time>
      </trkpt>
      <trkpt lat="37.77739" lon="-122.41864">
        <ele>18.0</ele>
        <time>2024-12-26T17:25:25Z</time>
      </trkpt>
      <trkpt lat="37.77738" lon="-122.41871">
        <ele>18.02</ele>
        <time>2024-12-26T17:25:29Z</time>
      </trkpt>
      <trkpt lat="37.77737" lon="-122.41878">
        <ele>18.33</ele>
        <time>2024-12-26T17:25:34Z</time>
      </trkpt>
      <trkpt lat="37.77736" lon="-122.41884">
        <ele>18.27</ele>
        <time>2024-12-26T17:25:38Z</time>
      </trkpt>
      <trkpt lat="37.77736" lon="-122.41891">
        <ele>18.0</ele>
        <time>2024-12-26T17:25:42Z</time>
      </trkpt>
      <trkpt lat="37.77735" lon="-122.41898">
        <ele>18.0</ele>
        <time>2024-12-26T17:25:46Z</time>
      </trkpt>
      <trkpt lat="37.77734" lon="-122.41906">
        <ele>18.0</ele>
        <time>2024-12-26T17:25:51Z</time>
      </trkpt>
      <trkpt lat="37.77732" lon="-122.41914">
        <ele>18.0</ele>
        <time>2024-12-26T17:25:57Z</time>
      </trkpt>
      <trkpt lat="37.77732" lon="-122.41921">
        <ele>18.0</ele>
        <time>2024-12-26T17:26:01Z</time>
      </trkpt>
      <trkpt lat="37.77731" lon="-122.41929">
        <ele>18.0</ele>
        <time>2024-12-26T17:26:06Z</time>
      </trkpt>
      <trkpt lat="37.7773" lon="-122.41937">
        <ele>18.0</ele>
        <time>2024-12-26T17:26:11Z</time>
      </trkpt>
      <trkpt lat="37.77729" lon="-122.41944">
        <ele>18.0</ele>
        <time>2024-12-26T17:26:15Z</time>
      </trkpt>
      <trkpt lat="37.77728" lon="-122.41951">
        <ele>18.0</ele>
        <time>2024-12-26T17:26:20Z</time>
      </trkpt>
      <trkpt lat="37.77727" lon="-122.41959">
        <ele>18.0</ele>
        <time>2024-12-26T17:26:24Z</time>
      </trkpt>
      <trkpt lat="37.77726" lon="-122.41967">
        <ele>18.0</ele>
        <time>2024-12-26T17:26:28Z</time>
      </trkpt>
      <trkpt lat="37.77725" lon="-122.41974">
        <ele>18.0</ele>
        <time>2024-12-26T17:26:32Z</time>
      </trkpt>
      <trkpt lat="37.77723" lon="-122.41981">
        <ele>18.0</ele>
        <time>2024-12-26T17:26:35Z</time>
      </trkpt>
      <trkpt lat="37.77721" lon="-122.41987">
        <ele>18.0</ele>
        <time>2024-12-26T17:26:39Z</time>
      </trkpt>
      <trkpt lat="37.7772" lon="-122.41994">
        <ele>18.0</ele>
        <time>2024-12-26T17:26:43Z</time>
      </trkpt>
      <trkpt lat="37.77719" lon="-122.42001">
        <ele>18.0</ele>
        <time>2024-12-26T17:26:48Z</time>
      </trkpt>
      <trkpt lat="37.77718" lon="-122.42008">
        <ele>18.0</ele>
        <time>2024-12-26T17:26:52Z</time>
      </trkpt>
      <trkpt lat="37.77717" lon="-122.42016">
        <ele>18.0</ele>
        <time>2024-12-26T17:26:57Z</time>
      </trkpt>
      <trkpt lat="37.77716" lon="-122.42024">
        <ele>18.4</ele>
        <time>2024-12-26T17:27:02Z</time>
      </trkpt>
      <trkpt lat="37.77715" lon="-122.4203">
        <ele>18.78</ele>
        <time>2024-12-26T17:27:06Z</time>
      </trkpt>
      <trkpt lat="37.77714" lon="-122.42038">
        <ele>18.9</ele>
        <time>2024-12-26T17:27:10Z</time>
      </trkpt>
      <trkpt lat="37.77714" lon="-122.42045">
        <ele>18.98</ele>
        <time>2024-12-26T17:27:15Z</time>
      </trkpt>
      <trkpt lat="37.77713" lon="-122.42052">
        <ele>19.0</ele>
        <time>2024-12-26T17:27:19Z</time>
      </trkpt>
      <trkpt lat="37.77712" lon="-122.42058">
        <ele>19.0</ele>
        <time>2024-12-26T17:27:23Z</time>
      </trkpt>
      <trkpt lat="37.77711" lon="-122.42066">
        <ele>19.0</ele>
        <time>2024-12-26T17:27:28Z</time>
      </trkpt>
      <trkpt lat="37.7771" lon="-122.42073">
        <ele>19.0</ele>
        <time>2024-12-26T17:27:32Z</time>
      </trkpt>
      <trkpt lat="37.7771" lon="-122.4208">
        <ele>19.0</ele>
        <time>2024-12-26T17:27:35Z</time>
      </trkpt>
      <trkpt lat="37.77708" lon="-122.42087">
        <ele>19.0</ele>
        <time>2024-12-26T17:27:40Z</time>
      </trkpt>
      <trkpt lat="37.77708" lon="-122.42094">
        <ele>19.0</ele>
        <time>2024-12-26T17:27:47Z</time>
      </trkpt>
      <trkpt lat="37.77707" lon="-122.421">
        <ele>19.0</ele>
        <time>2024-12-26T17:27:52Z</time>
      </trkpt>
      <trkpt lat="37.77706" lon="-122.42107">
        <ele>19.0</ele>
        <time>2024-12-26T17:27:56Z</time>
      </trkpt>
      <trkpt lat="37.77705" lon="-122.42113">
        <ele>19.0</ele>
        <time>2024-12-26T17:28:00Z</time>
      </trkpt>
      <trkpt lat="37.77704" lon="-122.4212">
        <ele>19.0</ele>
        <time>2024-12-26T17:28:04Z</time>
      </trkpt>
      <trkpt lat="37.777" lon="-122.42124">
        <ele>19.0</ele>
        <time>2024-12-26T17:28:52Z</time>
      </trkpt>
      <trkpt lat="37.77699" lon="-122.42131">
        <ele>19.0</ele>
        <time>2024-12-26T17:28:57Z</time>
      </trkpt>
      <trkpt lat="37.77699" lon="-122.42139">
        <ele>19.0</ele>
        <time>2024-12-26T17:29:02Z</time>
      </trkpt>
      <trkpt lat="37.77699" lon="-122.42146">
        <ele>19.0</ele>
        <time>2024-12-26T17:29:06Z</time>
      </trkpt>
      <trkpt lat="37.77702" lon="-122.42152">
        <ele>19.0</ele>
        <time>2024-12-26T17:29:10Z</time>
      </trkpt>
      <trkpt lat="37.77704" lon="-122.4216">
        <ele>19.0</ele>
        <time>2024-12-26T17:29:14Z</time>
      </trkpt>
      <trkpt lat="37.77704" lon="-122.42166">
        <ele>19.0</ele>
        <time>2024-12-26T17:29:19Z</time>
      </trkpt>
      <trkpt lat="37.77702" lon="-122.42172">
        <ele>19.0</ele>
        <time>2024-12-26T17:29:23Z</time>
      </trkpt>
      <trkpt lat="37.77699" lon="-122.42178">
        <ele>19.0</ele>
        <time>2024-12-26T17:29:26Z</time>
      </trkpt>
      <trkpt lat="37.77697" lon="-122.42184">
        <ele>19.0</ele>
        <time>2024-12-26T17:29:30Z</time>
      </trkpt>
      <trkpt lat="37.77695" lon="-122.42191">
        <ele>19.63</ele>
        <time>2024-12-26T17:29:34Z</time>
      </trkpt>
      <trkpt lat="37.77693" lon="-122.42197">
        <ele>20.0</ele>
        <time>2024-12-26T17:29:37Z</time>
      </trkpt>
      <trkpt lat="37.77694" lon="-122.42205">
        <ele>19.99</ele>
        <time>2024-12-26T17:29:42Z</time>
      </trkpt>
      <trkpt lat="37.77695" lon="-122.42212">
        <ele>20.0</ele>
        <time>2024-12-26T17:29:46Z</time>
      </trkpt>
      <trkpt lat="37.77694" lon="-122.42219">
        <ele>19.95</ele>
        <time>2024-12-26T17:29:51Z</time>
      </trkpt>
      <trkpt lat="37.77692" lon="-122.42226">
        <ele>19.74</ele>
        <time>2024-12-26T17:29:55Z</time>
      </trkpt>
      <trkpt lat="37.77689" lon="-122.42233">
        <ele>19.51</ele>
        <time>2024-12-26T17:29:59Z</time>
      </trkpt>
      <trkpt lat="37.77688" lon="-122.4224">
        <ele>19.94</ele>
        <time>2024-12-26T17:30:04Z</time>
      </trkpt>
      <trkpt lat="37.77688" lon="-122.42247">
        <ele>20.0</ele>
        <time>2024-12-26T17:30:08Z</time>
      </trkpt>
      <trkpt lat="37.77689" lon="-122.42254">
        <ele>20.0</ele>
        <time>2024-12-26T17:30:13Z</time>
      </trkpt>
      <trkpt lat="37.77689" lon="-122.42262">
        <ele>20.0</ele>
        <time>2024-12-26T17:30:17Z</time>
      </trkpt>
      <trkpt lat="37.7769" lon="-122.42268">
        <ele>20.0</ele>
        <time>2024-12-26T17:30:20Z</time>
      </trkpt>
      <trkpt lat="37.77692" lon="-122.42274">
        <ele>20.0</ele>
        <time>2024-12-26T17:30:24Z</time>
      </trkpt>
      <trkpt lat="37.77693" lon="-122.42282">
        <ele>20.0</ele>
        <time>2024-12-26T17:30:28Z</time>
      </trkpt>
      <trkpt lat="37.77691" lon="-122.42288">
        <ele>20.0</ele>
        <time>2024-12-26T17:30:32Z</time>
      </trkpt>
      <trkpt lat="37.77685" lon="-122.4229">
        <ele>20.0</ele>
        <time>2024-12-26T17:30:38Z</time>
      </trkpt>
      <trkpt lat="37.77681" lon="-122.42293">
        <ele>20.0</ele>
        <time>2024-12-26T17:31:02Z</time>
      </trkpt>
      <trkpt lat="37.7768" lon="-122.42301">
        <ele>20.0</ele>
        <time>2024-12-26T17:31:06Z</time>
      </trkpt>
      <trkpt lat="37.77679" lon="-122.42309">
        <ele>20.0</ele>
        <time>2024-12-26T17:31:11Z</time>
      </trkpt>
      <trkpt lat="37.77679" lon="-122.42315">
        <ele>20.0</ele>
        <time>2024-12-26T17:31:15Z</time>
      </trkpt>
      <trkpt lat="37.77679" lon="-122.42323">
        <ele>20.0</ele>
        <time>2024-12-26T17:31:20Z</time>
      </trkpt>
      <trkpt lat="37.77677" lon="-122.4233">
        <ele>20.64</ele>
        <time>2024-12-26T17:31:25Z</time>
      </trkpt>
      <trkpt lat="37.77676" lon="-122.42338">
        <ele>21.0</ele>
        <time>2024-12-26T17:31:30Z</time>
      </trkpt>
      <trkpt lat="37.77675" lon="-122.42345">
        <ele>20.97</ele>
        <time>2024-12-26T17:31:35Z</time>
      </trkpt>
      <trkpt lat="37.77674" lon="-122.42351">
        <ele>20.81</ele>
        <time>2024-12-26T17:31:39Z</time>
      </trkpt>
      <trkpt lat="37.77673" lon="-122.42358">
        <ele>20.89</ele>
        <time>2024-12-26T17:31:43Z</time>
      </trkpt>
      <trkpt lat="37.77672" lon="-122.42366">
        <ele>21.0</ele>
        <time>2024-12-26T17:31:48Z</time>
      </trkpt>
      <trkpt lat="37.77671" lon="-122.42374">
        <ele>20.79</ele>
        <time>2024-12-26T17:31:53Z</time>
      </trkpt>
      <trkpt lat="37.7767" lon="-122.42382">
        <ele>20.36</ele>
        <time>2024-12-26T17:31:58Z</time>
      </trkpt>
      <trkpt lat="37.7767" lon="-122.42389">
        <ele>20.37</ele>
        <time>2024-12-26T17:32:03Z</time>
      </trkpt>
      <trkpt lat="37.77668" lon="-122.42396">
        <ele>20.8</ele>
        <time>2024-12-26T17:32:08Z</time>
      </trkpt>
      <trkpt lat="37.77667" lon="-122.42404">
        <ele>21.0</ele>
        <time>2024-12-26T17:32:13Z</time>
      </trkpt>
      <trkpt lat="37.77666" lon="-122.42412">
        <ele>21.0</ele>
        <time>2024-12-26T17:32:18Z</time>
      </trkpt>
      <trkpt lat="37.77666" lon="-122.4242">
        <ele>21.03</ele>
        <time>2024-12-26T17:32:23Z</time>
      </trkpt>
      <trkpt lat="37.77664" lon="-122.42427">
        <ele>21.37</ele>
        <time>2024-12-26T17:32:28Z</time>
      </trkpt>
      <trkpt lat="37.77663" lon="-122.42433">
        <ele>21.86</ele>
        <time>2024-12-26T17:32:34Z</time>
      </trkpt>
      <trkpt lat="37.77662" lon="-122.42441">
        <ele>22.0</ele>
        <time>2024-12-26T17:32:40Z</time>
      </trkpt>
      <trkpt lat="37.77661" lon="-122.42448">
        <ele>22.0</ele>
        <time>2024-12-26T17:32:46Z</time>
      </trkpt>
      <trkpt lat="37.7766" lon="-122.42455">
        <ele>22.0</ele>
        <time>2024-12-26T17:33:21Z</time>
      </trkpt>
      <trkpt lat="37.7766" lon="-122.42462">
        <ele>22.0</ele>
        <time>2024-12-26T17:33:28Z</time>
      </trkpt>
      <trkpt lat="37.77659" lon="-122.4247">
        <ele>22.0</ele>
        <time>2024-12-26T17:33:34Z</time>
      </trkpt>
      <trkpt lat="37.77659" lon="-122.42477">
        <ele>22.0</ele>
        <time>2024-12-26T17:33:39Z</time>
      </trkpt>
      <trkpt lat="37.77659" lon="-122.42484">
        <ele>22.0</ele>
        <time>2024-12-26T17:33:46Z</time>
      </trkpt>
      <trkpt lat="37.77658" lon="-122.42492">
        <ele>22.0</ele>
        <time>2024-12-26T17:33:52Z</time>
      </trkpt>
      <trkpt lat="37.77657" lon="-122.42499">
        <ele>22.0</ele>
        <time>2024-12-26T17:33:58Z</time>
      </trkpt>
      <trkpt lat="37.77658" lon="-122.42507">
        <ele>22.0</ele>
        <time>2024-12-26T17:34:03Z</time>
      </trkpt>
      <trkpt lat="37.77657" lon="-122.42514">
        <ele>22.0</ele>
        <time>2024-12-26T17:34:07Z</time>
      </trkpt>
      <trkpt lat="37.77656" lon="-122.42521">
        <ele>22.04</ele>
        <time>2024-12-26T17:34:26Z</time>
      </trkpt>
      <trkpt lat="37.77655" lon="-122.42528">
        <ele>22.28</ele>
        <time>2024-12-26T17:35:17Z</time>
      </trkpt>
      <trkpt lat="37.77654" lon="-122.42535">
        <ele>22.86</ele>
        <time>2024-12-26T17:35:23Z</time>
      </trkpt>
      <trkpt lat="37.77653" lon="-122.42542">
        <ele>23.0</ele>
        <time>2024-12-26T17:35:29Z</time>
      </trkpt>
      <trkpt lat="37.7765" lon="-122.42548">
        <ele>23.0</ele>
        <time>2024-12-26T17:35:48Z</time>
      </trkpt>
      <trkpt lat="37.7765" lon="-122.42555">
        <ele>23.0</ele>
        <time>2024-12-26T17:35:53Z</time>
      </trkpt>
      <trkpt lat="37.77648" lon="-122.42562">
        <ele>23.02</ele>
        <time>2024-12-26T17:35:58Z</time>
      </trkpt>
      <trkpt lat="37.77648" lon="-122.42569">
        <ele>23.02</ele>
        <time>2024-12-26T17:36:03Z</time>
      </trkpt>
      <trkpt lat="37.77647" lon="-122.42577">
        <ele>23.08</ele>
        <time>2024-12-26T17:36:08Z</time>
      </trkpt>
      <trkpt lat="37.77645" lon="-122.42583">
        <ele>23.01</ele>
        <time>2024-12-26T17:36:13Z</time>
      </trkpt>
      <trkpt lat="37.77644" lon="-122.4259">
        <ele>23.0</ele>
        <time>2024-12-26T17:36:18Z</time>
      </trkpt>
      <trkpt lat="37.77644" lon="-122.42598">
        <ele>23.26</ele>
        <time>2024-12-26T17:36:23Z</time>
      </trkpt>
      <trkpt lat="37.77643" lon="-122.42604">
        <ele>23.66</ele>
        <time>2024-12-26T17:36:27Z</time>
      </trkpt>
      <trkpt lat="37.77641" lon="-122.42611">
        <ele>24.0</ele>
        <time>2024-12-26T17:36:32Z</time>
      </trkpt>
      <trkpt lat="37.7764" lon="-122.42619">
        <ele>24.0</ele>
        <time>2024-12-26T17:36:38Z</time>
      </trkpt>
      <trkpt lat="37.77639" lon="-122.42626">
        <ele>24.0</ele>
        <time>2024-12-26T17:36:43Z</time>
      </trkpt>
      <trkpt lat="37.77639" lon="-122.42633">
        <ele>24.0</ele>
        <time>2024-12-26T17:36:48Z</time>
      </trkpt>
      <trkpt lat="37.77638" lon="-122.4264">
        <ele>24.0</ele>
        <time>2024-12-26T17:36:53Z</time>
      </trkpt>
      <trkpt lat="37.77637" lon="-122.42648">
        <ele>24.0</ele>
        <time>2024-12-26T17:36:57Z</time>
      </trkpt>
      <trkpt lat="37.77637" lon="-122.42655">
        <ele>24.74</ele>
        <time>2024-12-26T17:37:03Z</time>
      </trkpt>
      <trkpt lat="37.77636" lon="-122.42662">
        <ele>25.0</ele>
        <time>2024-12-26T17:37:23Z</time>
      </trkpt>
      <trkpt lat="37.77635" lon="-122.42669">
        <ele>25.15</ele>
        <time>2024-12-26T17:37:28Z</time>
      </trkpt>
      <trkpt lat="37.77635" lon="-122.42677">
        <ele>25.63</ele>
        <time>2024-12-26T17:37:35Z</time>
      </trkpt>
      <trkpt lat="37.77633" lon="-122.42683">
        <ele>25.85</ele>
        <time>2024-12-26T17:37:39Z</time>
      </trkpt>
      <trkpt lat="37.77632" lon="-122.4269">
        <ele>26.52</ele>
        <time>2024-12-26T17:37:45Z</time>
      </trkpt>
      <trkpt lat="37.77632" lon="-122.42697">
        <ele>27.21</ele>
        <time>2024-12-26T17:37:51Z</time>
      </trkpt>
      <trkpt lat="37.77631" lon="-122.42704">
        <ele>27.88</ele>
        <time>2024-12-26T17:37:57Z</time>
      </trkpt>
      <trkpt lat="37.77628" lon="-122.42711">
        <ele>28.96</ele>
        <time>2024-12-26T17:38:02Z</time>
      </trkpt>
      <trkpt lat="37.77627" lon="-122.42719">
        <ele>29.28</ele>
        <time>2024-12-26T17:38:08Z</time>
      </trkpt>
      <trkpt lat="37.77627" lon="-122.42727">
        <ele>29.28</ele>
        <time>2024-12-26T17:38:12Z</time>
      </trkpt>
      <trkpt lat="37.77626" lon="-122.42734">
        <ele>29.39</ele>
        <time>2024-12-26T17:38:17Z</time>
      </trkpt>
      <trkpt lat="37.77625" lon="-122.42741">
        <ele>29.53</ele>
        <time>2024-12-26T17:38:22Z</time>
      </trkpt>
      <trkpt lat="37.77625" lon="-122.42748">
        <ele>30.28</ele>
        <time>2024-12-26T17:38:27Z</time>
      </trkpt>
      <trkpt lat="37.77624" lon="-122.42755">
        <ele>30.61</ele>
        <time>2024-12-26T17:38:32Z</time>
      </trkpt>
      <trkpt lat="37.77624" lon="-122.42761">
        <ele>30.8</ele>
        <time>2024-12-26T17:38:37Z</time>
      </trkpt>
      <trkpt lat="37.77624" lon="-122.42769">
        <ele>31.61</ele>
        <time>2024-12-26T17:38:42Z</time>
      </trkpt>
      <trkpt lat="37.77623" lon="-122.42776">
        <ele>31.72</ele>
        <time>2024-12-26T17:38:47Z</time>
      </trkpt>
      <trkpt lat="37.7762" lon="-122.42782">
        <ele>32.0</ele>
        <time>2024-12-26T17:38:53Z</time>
      </trkpt>
      <trkpt lat="37.77617" lon="-122.42788">
        <ele>32.0</ele>
        <time>2024-12-26T17:39:38Z</time>
      </trkpt>
      <trkpt lat="37.77618" lon="-122.42796">
        <ele>32.0</ele>
        <time>2024-12-26T17:39:43Z</time>
      </trkpt>
      <trkpt lat="37.77617" lon="-122.42803">
        <ele>32.26</ele>
        <time>2024-12-26T17:39:49Z</time>
      </trkpt>
      <trkpt lat="37.77618" lon="-122.4281">
        <ele>32.5</ele>
        <time>2024-12-26T17:39:55Z</time>
      </trkpt>
      <trkpt lat="37.77623" lon="-122.42809">
        <ele>32.0</ele>
        <time>2024-12-26T17:40:07Z</time>
      </trkpt>
      <trkpt lat="37.77629" lon="-122.42806">
        <ele>32.0</ele>
        <time>2024-12-26T17:40:10Z</time>
      </trkpt>
      <trkpt lat="37.77634" lon="-122.42805">
        <ele>32.0</ele>
        <time>2024-12-26T17:40:18Z</time>
      </trkpt>
      <trkpt lat="37.7764" lon="-122.42805">
        <ele>31.88</ele>
        <time>2024-12-26T17:40:22Z</time>
      </trkpt>
      <trkpt lat="37.77646" lon="-122.42806">
        <ele>31.23</ele>
        <time>2024-12-26T17:40:25Z</time>
      </trkpt>
      <trkpt lat="37.77652" lon="-122.42808">
        <ele>31.11</ele>
        <time>2024-12-26T17:40:30Z</time>
      </trkpt>
      <trkpt lat="37.77658" lon="-122.42809">
        <ele>31.35</ele>
        <time>2024-12-26T17:40:34Z</time>
      </trkpt>
      <trkpt lat="37.77664" lon="-122.4281">
        <ele>31.14</ele>
        <time>2024-12-26T17:40:39Z</time>
      </trkpt>
      <trkpt lat="37.7767" lon="-122.42811">
        <ele>31.0</ele>
        <time>2024-12-26T17:40:44Z</time>
      </trkpt>
      <trkpt lat="37.77677" lon="-122.42812">
        <ele>30.88</ele>
        <time>2024-12-26T17:40:50Z</time>
      </trkpt>
      <trkpt lat="37.77683" lon="-122.42814">
        <ele>30.24</ele>
        <time>2024-12-26T17:40:55Z</time>
      </trkpt>
      <trkpt lat="37.77688" lon="-122.42815">
        <ele>30.01</ele>
        <time>2024-12-26T17:40:59Z</time>
      </trkpt>
      <trkpt lat="37.77694" lon="-122.42815">
        <ele>30.0</ele>
        <time>2024-12-26T17:41:03Z</time>
      </trkpt>
      <trkpt lat="37.777" lon="-122.42816">
        <ele>30.0</ele>
        <time>2024-12-26T17:41:08Z</time>
      </trkpt>
      <trkpt lat="37.77706" lon="-122.42818">
        <ele>30.0</ele>
        <time>2024-12-26T17:41:14Z</time>
      </trkpt>
      <trkpt lat="37.77711" lon="-122.42819">
        <ele>30.0</ele>
        <time>2024-12-26T17:41:20Z</time>
      </trkpt>
      <trkpt lat="37.77711" lon="-122.42828">
        <ele>30.0</ele>
        <time>2024-12-26T17:41:28Z</time>
      </trkpt>
      <trkpt lat="37.7771" lon="-122.42834">
        <ele>30.02</ele>
        <time>2024-12-26T17:41:30Z</time>
      </trkpt>
      <trkpt lat="37.7771" lon="-122.42841">
        <ele>30.26</ele>
        <time>2024-12-26T17:41:35Z</time>
      </trkpt>
      <trkpt lat="37.77708" lon="-122.42848">
        <ele>30.81</ele>
        <time>2024-12-26T17:41:40Z</time>
      </trkpt>
      <trkpt lat="37.77708" lon="-122.42856">
        <ele>31.0</ele>
        <time>2024-12-26T17:41:45Z</time>
      </trkpt>
      <trkpt lat="37.77708" lon="-122.42863">
        <ele>31.0</ele>
        <time>2024-12-26T17:41:50Z</time>
      </trkpt>
      <trkpt lat="37.77708" lon="-122.42871">
        <ele>31.04</ele>
        <time>2024-12-26T17:41:55Z</time>
      </trkpt>
      <trkpt lat="37.77708" lon="-122.42878">
        <ele>31.44</ele>
        <time>2024-12-26T17:42:02Z</time>
      </trkpt>
      <trkpt lat="37.77708" lon="-122.42885">
        <ele>31.54</ele>
        <time>2024-12-26T17:42:08Z</time>
      </trkpt>
      <trkpt lat="37.77708" lon="-122.42892">
        <ele>31.69</ele>
        <time>2024-12-26T17:42:13Z</time>
      </trkpt>
      <trkpt lat="37.77706" lon="-122.42899">
        <ele>32.0</ele>
        <time>2024-12-26T17:42:18Z</time>
      </trkpt>
      <trkpt lat="37.77704" lon="-122.42906">
        <ele>32.0</ele>
        <time>2024-12-26T17:42:23Z</time>
      </trkpt>
      <trkpt lat="37.77702" lon="-122.42913">
        <ele>32.18</ele>
        <time>2024-12-26T17:42:29Z</time>
      </trkpt>
      <trkpt lat="37.77701" lon="-122.4292">
        <ele>32.55</ele>
        <time>2024-12-26T17:42:34Z</time>
      </trkpt>
      <trkpt lat="37.77699" lon="-122.42926">
        <ele>33.0</ele>
        <time>2024-12-26T17:42:39Z</time>
      </trkpt>
      <trkpt lat="37.77698" lon="-122.42933">
        <ele>33.47</ele>
        <time>2024-12-26T17:42:44Z</time>
      </trkpt>
      <trkpt lat="37.77698" lon="-122.4294">
        <ele>33.62</ele>
        <time>2024-12-26T17:42:49Z</time>
      </trkpt>
      <trkpt lat="37.77695" lon="-122.42947">
        <ele>33.96</ele>
        <time>2024-12-26T17:42:55Z</time>
      </trkpt>
      <trkpt lat="37.77694" lon="-122.42954">
        <ele>34.05</ele>
        <time>2024-12-26T17:43:43Z</time>
      </trkpt>
      <trkpt lat="37.77693" lon="-122.42962">
        <ele>34.16</ele>
        <time>2024-12-26T17:43:47Z</time>
      </trkpt>
      <trkpt lat="37.77692" lon="-122.42968">
        <ele>34.26</ele>
        <time>2024-12-26T17:43:52Z</time>
      </trkpt>
      <trkpt lat="37.77692" lon="-122.42976">
        <ele>34.26</ele>
        <time>2024-12-26T17:43:56Z</time>
      </trkpt>
      <trkpt lat="37.77691" lon="-122.42984">
        <ele>34.37</ele>
        <time>2024-12-26T17:44:01Z</time>
      </trkpt>
      <trkpt lat="37.7769" lon="-122.4299">
        <ele>34.48</ele>
        <time>2024-12-26T17:44:06Z</time>
      </trkpt>
      <trkpt lat="37.7769" lon="-122.42998">
        <ele>35.26</ele>
        <time>2024-12-26T17:44:11Z</time>
      </trkpt>
      <trkpt lat="37.77689" lon="-122.43006">
        <ele>35.85</ele>
        <time>2024-12-26T17:44:16Z</time>
      </trkpt>
      <trkpt lat="37.77688" lon="-122.43013">
        <ele>36.28</ele>
        <time>2024-12-26T17:44:22Z</time>
      </trkpt>
      <trkpt lat="37.77688" lon="-122.4302">
        <ele>36.86</ele>
        <time>2024-12-26T17:44:29Z</time>
      </trkpt>
      <trkpt lat="37.77686" lon="-122.43027">
        <ele>37.83</ele>
        <time>2024-12-26T17:44:38Z</time>
      </trkpt>
      <trkpt lat="37.77685" lon="-122.43033">
        <ele>38.03</ele>
        <time>2024-12-26T17:44:47Z</time>
      </trkpt>
      <trkpt lat="37.77685" lon="-122.4304">
        <ele>38.36</ele>
        <time>2024-12-26T17:44:54Z</time>
      </trkpt>
      <trkpt lat="37.77684" lon="-122.43046">
        <ele>39.22</ele>
        <time>2024-12-26T17:45:01Z</time>
      </trkpt>
      <trkpt lat="37.77681" lon="-122.43053">
        <ele>40.3</ele>
        <time>2024-12-26T17:45:18Z</time>
      </trkpt>
      <trkpt lat="37.77681" lon="-122.4306">
        <ele>40.93</ele>
        <time>2024-12-26T17:45:24Z</time>
      </trkpt>
      <trkpt lat="37.7768" lon="-122.43066">
        <ele>41.63</ele>
        <time>2024-12-26T17:45:30Z</time>
      </trkpt>
      <trkpt lat="37.7768" lon="-122.43073">
        <ele>42.06</ele>
        <time>2024-12-26T17:45:37Z</time>
      </trkpt>
      <trkpt lat="37.77679" lon="-122.4308">
        <ele>42.55</ele>
        <time>2024-12-26T17:45:43Z</time>
      </trkpt>
      <trkpt lat="37.77678" lon="-122.43088">
        <ele>42.89</ele>
        <time>2024-12-26T17:45:49Z</time>
      </trkpt>
      <trkpt lat="37.77676" lon="-122.43095">
        <ele>43.26</ele>
        <time>2024-12-26T17:45:56Z</time>
      </trkpt>
      <trkpt lat="37.77676" lon="-122.43102">
        <ele>44.01</ele>
        <time>2024-12-26T17:46:01Z</time>
      </trkpt>
      <trkpt lat="37.77676" lon="-122.43109">
        <ele>44.76</ele>
        <time>2024-12-26T17:46:07Z</time>
      </trkpt>
      <trkpt lat="37.77675" lon="-122.43116">
        <ele>45.15</ele>
        <time>2024-12-26T17:46:13Z</time>
      </trkpt>
      <trkpt lat="37.77674" lon="-122.43123">
        <ele>45.64</ele>
        <time>2024-12-26T17:46:19Z</time>
      </trkpt>
      <trkpt lat="37.77672" lon="-122.43129">
        <ele>46.38</ele>
        <time>2024-12-26T17:46:24Z</time>
      </trkpt>
      <trkpt lat="37.77672" lon="-122.43137">
        <ele>46.42</ele>
        <time>2024-12-26T17:46:29Z</time>
      </trkpt>
      <trkpt lat="37.77672" lon="-122.43144">
        <ele>46.42</ele>
        <time>2024-12-26T17:46:34Z</time>
      </trkpt>
      <trkpt lat="37.77671" lon="-122.43151">
        <ele>46.53</ele>
        <time>2024-12-26T17:46:39Z</time>
      </trkpt>
      <trkpt lat="37.7767" lon="-122.43158">
        <ele>46.7</ele>
        <time>2024-12-26T17:46:44Z</time>
      </trkpt>
      <trkpt lat="37.7767" lon="-122.43165">
        <ele>47.46</ele>
        <time>2024-12-26T17:46:49Z</time>
      </trkpt>
      <trkpt lat="37.77668" lon="-122.43172">
        <ele>48.43</ele>
        <time>2024-12-26T17:46:55Z</time>
      </trkpt>
      <trkpt lat="37.77667" lon="-122.43179">
        <ele>49.3</ele>
        <time>2024-12-26T17:47:01Z</time>
      </trkpt>
      <trkpt lat="37.77665" lon="-122.43185">
        <ele>49.98</ele>
        <time>2024-12-26T17:47:05Z</time>
      </trkpt>
      <trkpt lat="37.77664" lon="-122.43192">
        <ele>50.74</ele>
        <time>2024-12-26T17:47:12Z</time>
      </trkpt>
      <trkpt lat="37.77662" lon="-122.43199">
        <ele>51.49</ele>
        <time>2024-12-26T17:47:17Z</time>
      </trkpt>
      <trkpt lat="37.77662" lon="-122.43207">
        <ele>52.36</ele>
        <time>2024-12-26T17:47:23Z</time>
      </trkpt>
      <trkpt lat="37.77662" lon="-122.43213">
        <ele>53.0</ele>
        <time>2024-12-26T17:47:28Z</time>
      </trkpt>
      <trkpt lat="37.77661" lon="-122.43221">
        <ele>53.53</ele>
        <time>2024-12-26T17:47:34Z</time>
      </trkpt>
      <trkpt lat="37.77661" lon="-122.43228">
        <ele>54.24</ele>
        <time>2024-12-26T17:47:40Z</time>
      </trkpt>
      <trkpt lat="37.7766" lon="-122.43234">
        <ele>55.19</ele>
        <time>2024-12-26T17:47:45Z</time>
      </trkpt>
      <trkpt lat="37.7766" lon="-122.43239">
        <ele>56.12</ele>
        <time>2024-12-26T17:47:50Z</time>
      </trkpt>
      <trkpt lat="37.7766" lon="-122.43244">
        <ele>56.54</ele>
        <time>2024-12-26T17:47:54Z</time>
      </trkpt>
      <trkpt lat="37.77659" lon="-122.43248">
        <ele>56.79</ele>
        <time>2024-12-26T17:47:58Z</time>
      </trkpt>
      <trkpt lat="37.77658" lon="-122.43253">
        <ele>57.26</ele>
        <time>2024-12-26T17:48:02Z</time>
      </trkpt>
      <trkpt lat="37.77657" lon="-122.43258">
        <ele>58.0</ele>
        <time>2024-12-26T17:48:05Z</time>
      </trkpt>
      <trkpt lat="37.77656" lon="-122.43261">
        <ele>58.62</ele>
        <time>2024-12-26T17:48:09Z</time>
      </trkpt>
      <trkpt lat="37.77655" lon="-122.43265">
        <ele>59.24</ele>
        <time>2024-12-26T17:48:12Z</time>
      </trkpt>
      <trkpt lat="37.77655" lon="-122.4327">
        <ele>59.64</ele>
        <time>2024-12-26T17:48:15Z</time>
      </trkpt>
      <trkpt lat="37.77654" lon="-122.43273">
        <ele>60.04</ele>
        <time>2024-12-26T17:48:19Z</time>
      </trkpt>
      <trkpt lat="37.77653" lon="-122.43277">
        <ele>60.43</ele>
        <time>2024-12-26T17:48:22Z</time>
      </trkpt>
      <trkpt lat="37.77652" lon="-122.43281">
        <ele>60.93</ele>
        <time>2024-12-26T17:48:25Z</time>
      </trkpt>
      <trkpt lat="37.77651" lon="-122.43285">
        <ele>61.47</ele>
        <time>2024-12-26T17:48:28Z</time>
      </trkpt>
      <trkpt lat="37.77651" lon="-122.43289">
        <ele>61.69</ele>
        <time>2024-12-26T17:48:31Z</time>
      </trkpt>
      <trkpt lat="37.77651" lon="-122.43293">
        <ele>61.69</ele>
        <time>2024-12-26T17:48:34Z</time>
      </trkpt>
      <trkpt lat="37.7765" lon="-122.43296">
        <ele>61.8</ele>
        <time>2024-12-26T17:48:37Z</time>
      </trkpt>
      <trkpt lat="37.77649" lon="-122.433">
        <ele>61.91</ele>
        <time>2024-12-26T17:48:39Z</time>
      </trkpt>
      <trkpt lat="37.77649" lon="-122.43304">
        <ele>61.91</ele>
        <time>2024-12-26T17:48:42Z</time>
      </trkpt>
      <trkpt lat="37.77649" lon="-122.43308">
        <ele>61.91</ele>
        <time>2024-12-26T17:48:45Z</time>
      </trkpt>
      <trkpt lat="37.77649" lon="-122.43312">
        <ele>61.91</ele>
        <time>2024-12-26T17:48:48Z</time>
      </trkpt>
      <trkpt lat="37.77652" lon="-122.43315">
        <ele>61.62</ele>
        <time>2024-12-26T17:48:52Z</time>
      </trkpt>
      <trkpt lat="37.77653" lon="-122.43319">
        <ele>62.38</ele>
        <time>2024-12-26T17:48:57Z</time>
      </trkpt>
      <trkpt lat="37.77654" lon="-122.43323">
        <ele>63.14</ele>
        <time>2024-12-26T17:49:02Z</time>
      </trkpt>
      <trkpt lat="37.77654" lon="-122.43326">
        <ele>63.92</ele>
        <time>2024-12-26T17:49:06Z</time>
      </trkpt>
      <trkpt lat="37.77653" lon="-122.4333">
        <ele>65.09</ele>
        <time>2024-12-26T17:49:12Z</time>
      </trkpt>
      <trkpt lat="37.77652" lon="-122.43334">
        <ele>66.0</ele>
        <time>2024-12-26T17:49:15Z</time>
      </trkpt>
      <trkpt lat="37.7765" lon="-122.43337">
        <ele>66.0</ele>
        <time>2024-12-26T17:49:18Z</time>
      </trkpt>
      <trkpt lat="37.77648" lon="-122.43339">
        <ele>66.02</ele>
        <time>2024-12-26T17:49:21Z</time>
      </trkpt>
      <trkpt lat="37.77644" lon="-122.4334">
        <ele>66.45</ele>
        <time>2024-12-26T17:49:24Z</time>
      </trkpt>
      <trkpt lat="37.77641" lon="-122.43342">
        <ele>66.77</ele>
        <time>2024-12-26T17:49:27Z</time>
      </trkpt>
      <trkpt lat="37.77638" lon="-122.43342">
        <ele>67.19</ele>
        <time>2024-12-26T17:49:30Z</time>
      </trkpt>
      <trkpt lat="37.77635" lon="-122.43343">
        <ele>67.94</ele>
        <time>2024-12-26T17:49:33Z</time>
      </trkpt>
      <trkpt lat="37.77632" lon="-122.43344">
        <ele>68.72</ele>
        <time>2024-12-26T17:49:36Z</time>
      </trkpt>
      <trkpt lat="37.77629" lon="-122.43346">
        <ele>69.5</ele>
        <time>2024-12-26T17:49:40Z</time>
      </trkpt>
      <trkpt lat="37.77627" lon="-122.43348">
        <ele>70.15</ele>
        <time>2024-12-26T17:49:45Z</time>
      </trkpt>
      <trkpt lat="37.77624" lon="-122.4335">
        <ele>71.02</ele>
        <time>2024-12-26T17:49:49Z</time>
      </trkpt>
      <trkpt lat="37.77622" lon="-122.43353">
        <ele>71.67</ele>
        <time>2024-12-26T17:49:53Z</time>
      </trkpt>
      <trkpt lat="37.7762" lon="-122.43355">
        <ele>72.01</ele>
        <time>2024-12-26T17:49:57Z</time>
      </trkpt>
      <trkpt lat="37.77617" lon="-122.43357">
        <ele>72.2</ele>
        <time>2024-12-26T17:50:01Z</time>
      </trkpt>
      <trkpt lat="37.77615" lon="-122.4336">
        <ele>72.51</ele>
        <time>2024-12-26T17:50:05Z</time>
      </trkpt>
      <trkpt lat="37.77613" lon="-122.43363">
        <ele>73.04</ele>
        <time>2024-12-26T17:50:09Z</time>
      </trkpt>
      <trkpt lat="37.77611" lon="-122.43366">
        <ele>73.53</ele>
        <time>2024-12-26T17:50:12Z</time>
      </trkpt>
      <trkpt lat="37.77609" lon="-122.43369">
        <ele>73.85</ele>
        <time>2024-12-26T17:50:17Z</time>
      </trkpt>
      <trkpt lat="37.77607" lon="-122.43372">
        <ele>74.18</ele>
        <time>2024-12-26T17:50:21Z</time>
      </trkpt>
      <trkpt lat="37.77601" lon="-122.43379">
        <ele>75.02</ele>
        <time>2024-12-26T17:53:16Z</time>
      </trkpt>
      <trkpt lat="37.776" lon="-122.43387">
        <ele>75.84</ele>
        <time>2024-12-26T17:53:23Z</time>
      </trkpt>
      <trkpt lat="37.77605" lon="-122.43394">
        <ele>76.21</ele>
        <time>2024-12-26T17:53:28Z</time>
      </trkpt>
      <trkpt lat="37.77607" lon="-122.43402">
        <ele>76.68</ele>
        <time>2024-12-26T17:53:35Z</time>
      </trkpt>
      <trkpt lat="37.77608" lon="-122.43408">
        <ele>77.02</ele>
        <time>2024-12-26T17:53:39Z</time>
      </trkpt>
      <trkpt lat="37.7761" lon="-122.43413">
        <ele>77.07</ele>
        <time>2024-12-26T17:53:42Z</time>
      </trkpt>
      <trkpt lat="37.77611" lon="-122.43418">
        <ele>77.15</ele>
        <time>2024-12-26T17:53:46Z</time>
      </trkpt>
      <trkpt lat="37.77612" lon="-122.43424">
        <ele>77.7</ele>
        <time>2024-12-26T17:53:49Z</time>
      </trkpt>
      <trkpt lat="37.77613" lon="-122.43428">
        <ele>77.8</ele>
        <time>2024-12-26T17:53:54Z</time>
      </trkpt>
      <trkpt lat="37.77615" lon="-122.43432">
        <ele>77.58</ele>
        <time>2024-12-26T17:53:57Z</time>
      </trkpt>
      <trkpt lat="37.77617" lon="-122.43437">
        <ele>77.36</ele>
        <time>2024-12-26T17:53:59Z</time>
      </trkpt>
      <trkpt lat="37.77615" lon="-122.4344">
        <ele>77.58</ele>
        <time>2024-12-26T17:54:03Z</time>
      </trkpt>
      <trkpt lat="37.77612" lon="-122.43436">
        <ele>77.9</ele>
        <time>2024-12-26T17:54:25Z</time>
      </trkpt>
      <trkpt lat="37.77617" lon="-122.43435">
        <ele>77.36</ele>
        <time>2024-12-26T17:55:30Z</time>
      </trkpt>
      <trkpt lat="37.77615" lon="-122.43428">
        <ele>77.58</ele>
        <time>2024-12-26T17:55:34Z</time>
      </trkpt>
      <trkpt lat="37.77614" lon="-122.43422">
        <ele>77.26</ele>
        <time>2024-12-26T17:55:38Z</time>
      </trkpt>
      <trkpt lat="37.77611" lon="-122.43418">
        <ele>77.15</ele>
        <time>2024-12-26T17:55:43Z</time>
      </trkpt>
      <trkpt lat="37.77608" lon="-122.43416">
        <ele>77.31</ele>
        <time>2024-12-26T17:55:48Z</time>
      </trkpt>
      <trkpt lat="37.77607" lon="-122.43412">
        <ele>77.22</ele>
        <time>2024-12-26T17:55:54Z</time>
      </trkpt>
      <trkpt lat="37.77607" lon="-122.43408">
        <ele>77.03</ele>
        <time>2024-12-26T17:56:07Z</time>
      </trkpt>
      <trkpt lat="37.77605" lon="-122.4341">
        <ele>77.18</ele>
        <time>2024-12-26T17:56:20Z</time>
      </trkpt>
      <trkpt lat="37.77602" lon="-122.43412">
        <ele>77.49</ele>
        <time>2024-12-26T17:56:22Z</time>
      </trkpt>
      <trkpt lat="37.776" lon="-122.43414">
        <ele>77.77</ele>
        <time>2024-12-26T17:56:24Z</time>
      </trkpt>
      <trkpt lat="37.77597" lon="-122.43418">
        <ele>78.08</ele>
        <time>2024-12-26T17:56:27Z</time>
      </trkpt>
      <trkpt lat="37.77596" lon="-122.43421">
        <ele>78.3</ele>
        <time>2024-12-26T17:56:30Z</time>
      </trkpt>
      <trkpt lat="37.77595" lon="-122.43425">
        <ele>78.67</ele>
        <time>2024-12-26T17:56:33Z</time>
      </trkpt>
      <trkpt lat="37.77595" lon="-122.43429">
        <ele>79.07</ele>
        <time>2024-12-26T17:56:36Z</time>
      </trkpt>
      <trkpt lat="37.77593" lon="-122.43433">
        <ele>79.72</ele>
        <time>2024-12-26T17:56:40Z</time>
      </trkpt>
      <trkpt lat="37.7759" lon="-122.43435">
        <ele>79.99</ele>
        <time>2024-12-26T17:56:43Z</time>
      </trkpt>
      <trkpt lat="37.77587" lon="-122.43438">
        <ele>80.18</ele>
        <time>2024-12-26T17:56:46Z</time>
      </trkpt>
      <trkpt lat="37.77584" lon="-122.4344">
        <ele>80.48</ele>
        <time>2024-12-26T17:56:49Z</time>
      </trkpt>
      <trkpt lat="37.7758" lon="-122.43441">
        <ele>80.99</ele>
        <time>2024-12-26T17:56:52Z</time>
      </trkpt>
      <trkpt lat="37.77578" lon="-122.43443">
        <ele>81.42</ele>
        <time>2024-12-26T17:56:55Z</time>
      </trkpt>
      <trkpt lat="37.77575" lon="-122.43446">
        <ele>81.9</ele>
        <time>2024-12-26T17:56:58Z</time>
      </trkpt>
      <trkpt lat="37.77573" lon="-122.43448">
        <ele>82.0</ele>
        <time>2024-12-26T17:57:00Z</time>
      </trkpt>
      <trkpt lat="37.7757" lon="-122.43451">
        <ele>82.0</ele>
        <time>2024-12-26T17:57:04Z</time>
      </trkpt>
      <trkpt lat="37.77569" lon="-122.43455">
        <ele>82.0</ele>
        <time>2024-12-26T17:57:06Z</time>
      </trkpt>
      <trkpt lat="37.77569" lon="-122.43459">
        <ele>82.0</ele>
        <time>2024-12-26T17:57:09Z</time>
      </trkpt>
      <trkpt lat="37.77569" lon="-122.43463">
        <ele>82.0</ele>
        <time>2024-12-26T17:57:13Z</time>
      </trkpt>
      <trkpt lat="37.77566" lon="-122.43462">
        <ele>82.0</ele>
        <time>2024-12-26T17:57:54Z</time>
      </trkpt>
      <trkpt lat="37.77573" lon="-122.43459">
        <ele>82.0</ele>
        <time>2024-12-26T17:59:27Z</time>
      </trkpt>
      <trkpt lat="37.77566" lon="-122.43455">
        <ele>82.0</ele>
        <time>2024-12-26T17:59:45Z</time>
      </trkpt>
      <trkpt lat="37.77559" lon="-122.43456">
        <ele>80.12</ele>
        <time>2024-12-26T17:59:52Z</time>
      </trkpt>
      <trkpt lat="37.77554" lon="-122.43453">
        <ele>79.0</ele>
        <time>2024-12-26T17:59:59Z</time>
      </trkpt>
      <trkpt lat="37.77549" lon="-122.4345">
        <ele>79.0</ele>
        <time>2024-12-26T18:00:07Z</time>
      </trkpt>
      <trkpt lat="37.77544" lon="-122.43449">
        <ele>79.0</ele>
        <time>2024-12-26T18:00:12Z</time>
      </trkpt>
      <trkpt lat="37.7754" lon="-122.43445">
        <ele>79.0</ele>
        <time>2024-12-26T18:00:16Z</time>
      </trkpt>
      <trkpt lat="37.77535" lon="-122.43442">
        <ele>79.21</ele>
        <time>2024-12-26T18:00:22Z</time>
      </trkpt>
      <trkpt lat="37.77529" lon="-122.43441">
        <ele>79.05</ele>
        <time>2024-12-26T18:00:27Z</time>
      </trkpt>
      <trkpt lat="37.77524" lon="-122.43438">
        <ele>79.0</ele>
        <time>2024-12-26T18:00:32Z</time>
      </trkpt>
      <trkpt lat="37.77518" lon="-122.43437">
        <ele>78.94</ele>
        <time>2024-12-26T18:00:37Z</time>
      </trkpt>
      <trkpt lat="37.77512" lon="-122.43438">
        <ele>78.3</ele>
        <time>2024-12-26T18:00:41Z</time>
      </trkpt>
      <trkpt lat="37.77506" lon="-122.43437">
        <ele>77.36</ele>
        <time>2024-12-26T18:00:46Z</time>
      </trkpt>
      <trkpt lat="37.77501" lon="-122.43438">
        <ele>76.49</ele>
        <time>2024-12-26T18:00:49Z</time>
      </trkpt>
      <trkpt lat="37.77495" lon="-122.43439">
        <ele>75.65</ele>
        <time>2024-12-26T18:00:55Z</time>
      </trkpt>
      <trkpt lat="37.77489" lon="-122.43439">
        <ele>74.7</ele>
        <time>2024-12-26T18:00:59Z</time>
      </trkpt>
      <trkpt lat="37.77484" lon="-122.43439">
        <ele>73.84</ele>
        <time>2024-12-26T18:01:03Z</time>
      </trkpt>
      <trkpt lat="37.77478" lon="-122.43439">
        <ele>72.88</ele>
        <time>2024-12-26T18:01:07Z</time>
      </trkpt>
      <trkpt lat="37.77473" lon="-122.43437">
        <ele>72.1</ele>
        <time>2024-12-26T18:01:14Z</time>
      </trkpt>
      <trkpt lat="37.77469" lon="-122.43432">
        <ele>72.1</ele>
        <time>2024-12-26T18:01:28Z</time>
      </trkpt>
      <trkpt lat="37.77464" lon="-122.43431">
        <ele>71.21</ele>
        <time>2024-12-26T18:01:34Z</time>
      </trkpt>
      <trkpt lat="37.77459" lon="-122.4343">
        <ele>71.0</ele>
        <time>2024-12-26T18:01:40Z</time>
      </trkpt>
      <trkpt lat="37.77453" lon="-122.43426">
        <ele>71.0</ele>
        <time>2024-12-26T18:01:44Z</time>
      </trkpt>
      <trkpt lat="37.77448" lon="-122.43424">
        <ele>71.0</ele>
        <time>2024-12-26T18:01:49Z</time>
      </trkpt>
      <trkpt lat="37.77443" lon="-122.43423">
        <ele>70.69</ele>
        <time>2024-12-26T18:01:55Z</time>
      </trkpt>
      <trkpt lat="37.77437" lon="-122.4342">
        <ele>69.39</ele>
        <time>2024-12-26T18:02:34Z</time>
      </trkpt>
      <trkpt lat="37.77433" lon="-122.43416">
        <ele>68.54</ele>
        <time>2024-12-26T18:02:38Z</time>
      </trkpt>
      <trkpt lat="37.77428" lon="-122.43415">
        <ele>67.59</ele>
        <time>2024-12-26T18:02:42Z</time>
      </trkpt>
      <trkpt lat="37.77422" lon="-122.43417">
        <ele>66.58</ele>
        <time>2024-12-26T18:02:47Z</time>
      </trkpt>
      <trkpt lat="37.77417" lon="-122.43418">
        <ele>66.04</ele>
        <time>2024-12-26T18:02:52Z</time>
      </trkpt>
      <trkpt lat="37.77411" lon="-122.43417">
        <ele>64.8</ele>
        <time>2024-12-26T18:02:57Z</time>
      </trkpt>
      <trkpt lat="37.77406" lon="-122.43416">
        <ele>63.91</ele>
        <time>2024-12-26T18:03:02Z</time>
      </trkpt>
      <trkpt lat="37.774" lon="-122.43414">
        <ele>63.26</ele>
        <time>2024-12-26T18:03:08Z</time>
      </trkpt>
      <trkpt lat="37.77394" lon="-122.43414">
        <ele>62.23</ele>
        <time>2024-12-26T18:03:13Z</time>
      </trkpt>
      <trkpt lat="37.77389" lon="-122.43412">
        <ele>61.52</ele>
        <time>2024-12-26T18:03:17Z</time>
      </trkpt>
      <trkpt lat="37.77384" lon="-122.4341">
        <ele>60.81</ele>
        <time>2024-12-26T18:03:21Z</time>
      </trkpt>
      <trkpt lat="37.77378" lon="-122.43409">
        <ele>59.82</ele>
        <time>2024-12-26T18:03:26Z</time>
      </trkpt>
      <trkpt lat="37.77372" lon="-122.43408">
        <ele>59.18</ele>
        <time>2024-12-26T18:03:30Z</time>
      </trkpt>
      <trkpt lat="37.77367" lon="-122.43407">
        <ele>59.0</ele>
        <time>2024-12-26T18:03:36Z</time>
      </trkpt>
      <trkpt lat="37.77361" lon="-122.43406">
        <ele>58.99</ele>
        <time>2024-12-26T18:04:18Z</time>
      </trkpt>
      <trkpt lat="37.77356" lon="-122.43403">
        <ele>58.45</ele>
        <time>2024-12-26T18:04:23Z</time>
      </trkpt>
      <trkpt lat="37.77349" lon="-122.43404">
        <ele>57.69</ele>
        <time>2024-12-26T18:04:27Z</time>
      </trkpt>
      <trkpt lat="37.77343" lon="-122.43405">
        <ele>57.04</ele>
        <time>2024-12-26T18:04:31Z</time>
      </trkpt>
      <trkpt lat="37.77338" lon="-122.43406">
        <ele>56.92</ele>
        <time>2024-12-26T18:04:35Z</time>
      </trkpt>
      <trkpt lat="37.77332" lon="-122.43406">
        <ele>56.73</ele>
        <time>2024-12-26T18:04:41Z</time>
      </trkpt>
      <trkpt lat="37.77327" lon="-122.43401">
        <ele>56.1</ele>
        <time>2024-12-26T18:04:46Z</time>
      </trkpt>
      <trkpt lat="37.77322" lon="-122.43397">
        <ele>55.58</ele>
        <time>2024-12-26T18:04:50Z</time>
      </trkpt>
      <trkpt lat="37.77317" lon="-122.43396">
        <ele>54.65</ele>
        <time>2024-12-26T18:04:56Z</time>
      </trkpt>
      <trkpt lat="37.77312" lon="-122.43394">
        <ele>54.31</ele>
        <time>2024-12-26T18:05:01Z</time>
      </trkpt>
      <trkpt lat="37.77305" lon="-122.43393">
        <ele>53.94</ele>
        <time>2024-12-26T18:05:07Z</time>
      </trkpt>
      <trkpt lat="37.773" lon="-122.43392">
        <ele>53.4</ele>
        <time>2024-12-26T18:05:12Z</time>
      </trkpt>
      <trkpt lat="37.77294" lon="-122.43391">
        <ele>52.75</ele>
        <time>2024-12-26T18:05:16Z</time>
      </trkpt>
      <trkpt lat="37.77289" lon="-122.43389">
        <ele>52.21</ele>
        <time>2024-12-26T18:05:20Z</time>
      </trkpt>
      <trkpt lat="37.77283" lon="-122.43389">
        <ele>51.56</ele>
        <time>2024-12-26T18:05:25Z</time>
      </trkpt>
      <trkpt lat="37.77277" lon="-122.43388">
        <ele>51.0</ele>
        <time>2024-12-26T18:05:29Z</time>
      </trkpt>
      <trkpt lat="37.77272" lon="-122.43388">
        <ele>51.0</ele>
        <time>2024-12-26T18:05:33Z</time>
      </trkpt>
      <trkpt lat="37.77267" lon="-122.43386">
        <ele>51.0</ele>
        <time>2024-12-26T18:05:38Z</time>
      </trkpt>
      <trkpt lat="37.77261" lon="-122.43383">
        <ele>51.0</ele>
        <time>2024-12-26T18:05:44Z</time>
      </trkpt>
      <trkpt lat="37.77256" lon="-122.43381">
        <ele>50.65</ele>
        <time>2024-12-26T18:05:49Z</time>
      </trkpt>
      <trkpt lat="37.7725" lon="-122.43381">
        <ele>50.0</ele>
        <time>2024-12-26T18:05:54Z</time>
      </trkpt>
      <trkpt lat="37.77244" lon="-122.4338">
        <ele>50.0</ele>
        <time>2024-12-26T18:05:58Z</time>
      </trkpt>
      <trkpt lat="37.77239" lon="-122.43379">
        <ele>49.81</ele>
        <time>2024-12-26T18:06:02Z</time>
      </trkpt>
      <trkpt lat="37.77233" lon="-122.43378">
        <ele>49.16</ele>
        <time>2024-12-26T18:06:06Z</time>
      </trkpt>
      <trkpt lat="37.77227" lon="-122.43377">
        <ele>49.0</ele>
        <time>2024-12-26T18:06:10Z</time>
      </trkpt>
      <trkpt lat="37.77223" lon="-122.43374">
        <ele>49.0</ele>
        <time>2024-12-26T18:06:15Z</time>
      </trkpt>
      <trkpt lat="37.77217" lon="-122.43374">
        <ele>48.44</ele>
        <time>2024-12-26T18:06:19Z</time>
      </trkpt>
      <trkpt lat="37.77212" lon="-122.43375">
        <ele>47.9</ele>
        <time>2024-12-26T18:06:23Z</time>
      </trkpt>
      <trkpt lat="37.77205" lon="-122.43375">
        <ele>47.14</ele>
        <time>2024-12-26T18:06:28Z</time>
      </trkpt>
      <trkpt lat="37.772" lon="-122.43375">
        <ele>47.0</ele>
        <time>2024-12-26T18:06:32Z</time>
      </trkpt>
      <trkpt lat="37.77194" lon="-122.43375">
        <ele>46.95</ele>
        <time>2024-12-26T18:06:36Z</time>
      </trkpt>
      <trkpt lat="37.77189" lon="-122.43373">
        <ele>46.41</ele>
        <time>2024-12-26T18:06:40Z</time>
      </trkpt>
      <trkpt lat="37.77184" lon="-122.4337">
        <ele>46.0</ele>
        <time>2024-12-26T18:06:45Z</time>
      </trkpt>
      <trkpt lat="37.77179" lon="-122.43366">
        <ele>46.0</ele>
        <time>2024-12-26T18:06:53Z</time>
      </trkpt>
      <trkpt lat="37.77174" lon="-122.43365">
        <ele>46.0</ele>
        <time>2024-12-26T18:07:11Z</time>
      </trkpt>
      <trkpt lat="37.77168" lon="-122.43365">
        <ele>46.0</ele>
        <time>2024-12-26T18:07:15Z</time>
      </trkpt>
      <trkpt lat="37.77163" lon="-122.43364">
        <ele>46.0</ele>
        <time>2024-12-26T18:07:21Z</time>
      </trkpt>
      <trkpt lat="37.77157" lon="-122.43362">
        <ele>46.0</ele>
        <time>2024-12-26T18:07:26Z</time>
      </trkpt>
      <trkpt lat="37.77151" lon="-122.43361">
        <ele>46.0</ele>
        <time>2024-12-26T18:07:30Z</time>
      </trkpt>
      <trkpt lat="37.77146" lon="-122.43359">
        <ele>46.0</ele>
        <time>2024-12-26T18:07:36Z</time>
      </trkpt>
      <trkpt lat="37.77141" lon="-122.43358">
        <ele>46.0</ele>
        <time>2024-12-26T18:07:40Z</time>
      </trkpt>
      <trkpt lat="37.77134" lon="-122.43357">
        <ele>45.47</ele>
        <time>2024-12-26T18:07:45Z</time>
      </trkpt>
      <trkpt lat="37.77129" lon="-122.43356">
        <ele>45.0</ele>
        <time>2024-12-26T18:07:49Z</time>
      </trkpt>
      <trkpt lat="37.77123" lon="-122.43356">
        <ele>45.0</ele>
        <time>2024-12-26T18:07:53Z</time>
      </trkpt>
      <trkpt lat="37.77116" lon="-122.43355">
        <ele>45.0</ele>
        <time>2024-12-26T18:07:58Z</time>
      </trkpt>
      <trkpt lat="37.7711" lon="-122.43356">
        <ele>45.0</ele>
        <time>2024-12-26T18:08:02Z</time>
      </trkpt>
      <trkpt lat="37.77105" lon="-122.43356">
        <ele>45.0</ele>
        <time>2024-12-26T18:08:06Z</time>
      </trkpt>
      <trkpt lat="37.771" lon="-122.43351">
        <ele>44.98</ele>
        <time>2024-12-26T18:08:10Z</time>
      </trkpt>
      <trkpt lat="37.77095" lon="-122.4335">
        <ele>44.85</ele>
        <time>2024-12-26T18:08:15Z</time>
      </trkpt>
      <trkpt lat="37.77089" lon="-122.43348">
        <ele>44.75</ele>
        <time>2024-12-26T18:08:21Z</time>
      </trkpt>
      <trkpt lat="37.77084" lon="-122.43347">
        <ele>44.96</ele>
        <time>2024-12-26T18:08:25Z</time>
      </trkpt>
      <trkpt lat="37.77078" lon="-122.43348">
        <ele>45.0</ele>
        <time>2024-12-26T18:08:30Z</time>
      </trkpt>
      <trkpt lat="37.77073" lon="-122.43346">
        <ele>45.0</ele>
        <time>2024-12-26T18:08:35Z</time>
      </trkpt>
      <trkpt lat="37.77067" lon="-122.43344">
        <ele>45.0</ele>
        <time>2024-12-26T18:08:40Z</time>
      </trkpt>
      <trkpt lat="37.77062" lon="-122.43342">
        <ele>45.0</ele>
        <time>2024-12-26T18:08:44Z</time>
      </trkpt>
      <trkpt lat="37.77057" lon="-122.43341">
        <ele>45.0</ele>
        <time>2024-12-26T18:08:49Z</time>
      </trkpt>
      <trkpt lat="37.77051" lon="-122.4334">
        <ele>45.0</ele>
        <time>2024-12-26T18:08:53Z</time>
      </trkpt>
      <trkpt lat="37.77046" lon="-122.43339">
        <ele>45.03</ele>
        <time>2024-12-26T18:08:56Z</time>
      </trkpt>
      <trkpt lat="37.7704" lon="-122.43338">
        <ele>45.68</ele>
        <time>2024-12-26T18:09:00Z</time>
      </trkpt>
      <trkpt lat="37.77032" lon="-122.43339">
        <ele>46.0</ele>
        <time>2024-12-26T18:09:06Z</time>
      </trkpt>
      <trkpt lat="37.77027" lon="-122.43339">
        <ele>46.0</ele>
        <time>2024-12-26T18:09:11Z</time>
      </trkpt>
      <trkpt lat="37.77021" lon="-122.43338">
        <ele>46.0</ele>
        <time>2024-12-26T18:09:16Z</time>
      </trkpt>
      <trkpt lat="37.77014" lon="-122.43337">
        <ele>46.49</ele>
        <time>2024-12-26T18:09:21Z</time>
      </trkpt>
      <trkpt lat="37.77008" lon="-122.43336">
        <ele>47.0</ele>
        <time>2024-12-26T18:09:25Z</time>
      </trkpt>
      <trkpt lat="37.77003" lon="-122.43334">
        <ele>47.0</ele>
        <time>2024-12-26T18:09:30Z</time>
      </trkpt>
      <trkpt lat="37.76998" lon="-122.43333">
        <ele>47.18</ele>
        <time>2024-12-26T18:09:34Z</time>
      </trkpt>
      <trkpt lat="37.76993" lon="-122.43333">
        <ele>47.72</ele>
        <time>2024-12-26T18:09:39Z</time>
      </trkpt>
      <trkpt lat="37.76989" lon="-122.43336">
        <ele>48.05</ele>
        <time>2024-12-26T18:09:43Z</time>
      </trkpt>
      <trkpt lat="37.76986" lon="-122.4334">
        <ele>48.37</ele>
        <time>2024-12-26T18:09:47Z</time>
      </trkpt>
      <trkpt lat="37.76981" lon="-122.43341">
        <ele>48.84</ele>
        <time>2024-12-26T18:09:50Z</time>
      </trkpt>
      <trkpt lat="37.76978" lon="-122.4334">
        <ele>48.83</ele>
        <time>2024-12-26T18:09:57Z</time>
      </trkpt>
      <trkpt lat="37.76975" lon="-122.43341">
        <ele>48.95</ele>
        <time>2024-12-26T18:10:01Z</time>
      </trkpt>
      <trkpt lat="37.76972" lon="-122.4334">
        <ele>49.05</ele>
        <time>2024-12-26T18:10:04Z</time>
      </trkpt>
      <trkpt lat="37.76969" lon="-122.4334">
        <ele>49.7</ele>
        <time>2024-12-26T18:10:07Z</time>
      </trkpt>
      <trkpt lat="37.76966" lon="-122.43341">
        <ele>50.34</ele>
        <time>2024-12-26T18:10:09Z</time>
      </trkpt>
      <trkpt lat="37.76964" lon="-122.43343">
        <ele>50.74</ele>
        <time>2024-12-26T18:10:12Z</time>
      </trkpt>
      <trkpt lat="37.76962" lon="-122.43346">
        <ele>50.67</ele>
        <time>2024-12-26T18:10:15Z</time>
      </trkpt>
      <trkpt lat="37.7696" lon="-122.43349">
        <ele>50.53</ele>
        <time>2024-12-26T18:10:19Z</time>
      </trkpt>
      <trkpt lat="37.76957" lon="-122.43351">
        <ele>50.68</ele>
        <time>2024-12-26T18:10:22Z</time>
      </trkpt>
      <trkpt lat="37.76954" lon="-122.43352">
        <ele>50.97</ele>
        <time>2024-12-26T18:10:25Z</time>
      </trkpt>
      <trkpt lat="37.76951" lon="-122.43353">
        <ele>51.0</ele>
        <time>2024-12-26T18:10:28Z</time>
      </trkpt>
      <trkpt lat="37.76948" lon="-122.43354">
        <ele>51.0</ele>
        <time>2024-12-26T18:10:31Z</time>
      </trkpt>
      <trkpt lat="37.76944" lon="-122.43355">
        <ele>51.0</ele>
        <time>2024-12-26T18:10:35Z</time>
      </trkpt>
      <trkpt lat="37.76941" lon="-122.43355">
        <ele>51.0</ele>
        <time>2024-12-26T18:10:38Z</time>
      </trkpt>
      <trkpt lat="37.76938" lon="-122.43354">
        <ele>51.0</ele>
        <time>2024-12-26T18:10:41Z</time>
      </trkpt>
      <trkpt lat="37.76935" lon="-122.43354">
        <ele>51.0</ele>
        <time>2024-12-26T18:10:45Z</time>
      </trkpt>
      <trkpt lat="37.76933" lon="-122.43356">
        <ele>51.0</ele>
        <time>2024-12-26T18:10:47Z</time>
      </trkpt>
      <trkpt lat="37.7693" lon="-122.43358">
        <ele>51.0</ele>
        <time>2024-12-26T18:10:49Z</time>
      </trkpt>
      <trkpt lat="37.76928" lon="-122.43362">
        <ele>51.0</ele>
        <time>2024-12-26T18:10:53Z</time>
      </trkpt>
      <trkpt lat="37.76926" lon="-122.43365">
        <ele>51.0</ele>
        <time>2024-12-26T18:10:57Z</time>
      </trkpt>
      <trkpt lat="37.76925" lon="-122.43369">
        <ele>51.0</ele>
        <time>2024-12-26T18:11:00Z</time>
      </trkpt>
      <trkpt lat="37.76925" lon="-122.43373">
        <ele>51.0</ele>
        <time>2024-12-26T18:11:03Z</time>
      </trkpt>
      <trkpt lat="37.76926" lon="-122.43377">
        <ele>50.99</ele>
        <time>2024-12-26T18:11:06Z</time>
      </trkpt>
      <trkpt lat="37.76927" lon="-122.43381">
        <ele>50.88</ele>
        <time>2024-12-26T18:11:09Z</time>
      </trkpt>
      <trkpt lat="37.76927" lon="-122.43385">
        <ele>50.88</ele>
        <time>2024-12-26T18:11:13Z</time>
      </trkpt>
      <trkpt lat="37.76927" lon="-122.4339">
        <ele>50.99</ele>
        <time>2024-12-26T18:11:17Z</time>
      </trkpt>
      <trkpt lat="37.76926" lon="-122.43394">
        <ele>51.54</ele>
        <time>2024-12-26T18:11:20Z</time>
      </trkpt>
      <trkpt lat="37.76927" lon="-122.43399">
        <ele>51.77</ele>
        <time>2024-12-26T18:11:23Z</time>
      </trkpt>
      <trkpt lat="37.76926" lon="-122.43404">
        <ele>51.98</ele>
        <time>2024-12-26T18:11:26Z</time>
      </trkpt>
      <trkpt lat="37.76925" lon="-122.43408">
        <ele>52.2</ele>
        <time>2024-12-26T18:11:29Z</time>
      </trkpt>
      <trkpt lat="37.76925" lon="-122.43413">
        <ele>52.2</ele>
        <time>2024-12-26T18:11:31Z</time>
      </trkpt>
      <trkpt lat="37.76925" lon="-122.43417">
        <ele>52.2</ele>
        <time>2024-12-26T18:11:34Z</time>
      </trkpt>
      <trkpt lat="37.76925" lon="-122.43422">
        <ele>52.26</ele>
        <time>2024-12-26T18:11:36Z</time>
      </trkpt>
      <trkpt lat="37.76924" lon="-122.43427">
        <ele>52.65</ele>
        <time>2024-12-26T18:11:41Z</time>
      </trkpt>
      <trkpt lat="37.76924" lon="-122.43433">
        <ele>52.78</ele>
        <time>2024-12-26T18:11:46Z</time>
      </trkpt>
      <trkpt lat="37.76923" lon="-122.43439">
        <ele>53.39</ele>
        <time>2024-12-26T18:11:50Z</time>
      </trkpt>
      <trkpt lat="37.76922" lon="-122.43445">
        <ele>54.15</ele>
        <time>2024-12-26T18:11:54Z</time>
      </trkpt>
      <trkpt lat="37.76922" lon="-122.43452">
        <ele>54.47</ele>
        <time>2024-12-26T18:11:59Z</time>
      </trkpt>
      <trkpt lat="37.76921" lon="-122.43458">
        <ele>56.74</ele>
        <time>2024-12-26T18:12:05Z</time>
      </trkpt>
      <trkpt lat="37.76921" lon="-122.43465">
        <ele>58.85</ele>
        <time>2024-12-26T18:12:13Z</time>
      </trkpt>
      <trkpt lat="37.76927" lon="-122.43466">
        <ele>58.62</ele>
        <time>2024-12-26T18:12:20Z</time>
      </trkpt>
      <trkpt lat="37.76934" lon="-122.43468">
        <ele>58.61</ele>
        <time>2024-12-26T18:12:23Z</time>
      </trkpt>
      <trkpt lat="37.7694" lon="-122.43471">
        <ele>59.39</ele>
        <time>2024-12-26T18:12:26Z</time>
      </trkpt>
      <trkpt lat="37.76946" lon="-122.43472">
        <ele>59.97</ele>
        <time>2024-12-26T18:12:29Z</time>
      </trkpt>
      <trkpt lat="37.76951" lon="-122.43469">
        <ele>59.41</ele>
        <time>2024-12-26T18:12:38Z</time>
      </trkpt>
      <trkpt lat="37.76956" lon="-122.43471">
        <ele>59.49</ele>
        <time>2024-12-26T18:12:48Z</time>
      </trkpt>
      <trkpt lat="37.76955" lon="-122.43436">
        <ele>54.22</ele>
        <time>2024-12-26T18:13:27Z</time>
      </trkpt>
      <trkpt lat="37.76946" lon="-122.43451">
        <ele>55.71</ele>
        <time>2024-12-26T18:13:40Z</time>
      </trkpt>
      <trkpt lat="37.76951" lon="-122.43451">
        <ele>55.71</ele>
        <time>2024-12-26T18:13:50Z</time>
      </trkpt>
      <trkpt lat="37.76956" lon="-122.43453">
        <ele>55.69</ele>
        <time>2024-12-26T18:14:04Z</time>
      </trkpt>
      <trkpt lat="37.7695" lon="-122.43454">
        <ele>56.08</ele>
        <time>2024-12-26T18:15:21Z</time>
      </trkpt>
      <trkpt lat="37.76955" lon="-122.43452">
        <ele>55.7</ele>
        <time>2024-12-26T18:16:08Z</time>
      </trkpt>
      <trkpt lat="37.76958" lon="-122.4346">
        <ele>56.9</ele>
        <time>2024-12-26T18:17:30Z</time>
      </trkpt>
      <trkpt lat="37.76953" lon="-122.43464">
        <ele>58.29</ele>
        <time>2024-12-26T18:17:39Z</time>
      </trkpt>
      <trkpt lat="37.76944" lon="-122.43471">
        <ele>59.82</ele>
        <time>2024-12-26T18:18:09Z</time>
      </trkpt>
      <trkpt lat="37.76945" lon="-122.43478">
        <ele>60.0</ele>
        <time>2024-12-26T18:18:17Z</time>
      </trkpt>
      <trkpt lat="37.76946" lon="-122.43485">
        <ele>60.32</ele>
        <time>2024-12-26T18:18:22Z</time>
      </trkpt>
      <trkpt lat="37.76945" lon="-122.43492">
        <ele>60.94</ele>
        <time>2024-12-26T18:18:31Z</time>
      </trkpt>
      <trkpt lat="37.76944" lon="-122.43498">
        <ele>61.04</ele>
        <time>2024-12-26T18:18:36Z</time>
      </trkpt>
      <trkpt lat="37.76939" lon="-122.43503">
        <ele>61.59</ele>
        <time>2024-12-26T18:18:41Z</time>
      </trkpt>
      <trkpt lat="37.76933" lon="-122.43507">
        <ele>62.18</ele>
        <time>2024-12-26T18:18:45Z</time>
      </trkpt>
      <trkpt lat="37.76927" lon="-122.43506">
        <ele>62.57</ele>
        <time>2024-12-26T18:18:50Z</time>
      </trkpt>
      <trkpt lat="37.76922" lon="-122.43504">
        <ele>62.43</ele>
        <time>2024-12-26T18:18:55Z</time>
      </trkpt>
      <trkpt lat="37.76919" lon="-122.4351">
        <ele>63.08</ele>
        <time>2024-12-26T18:19:05Z</time>
      </trkpt>
      <trkpt lat="37.76916" lon="-122.43518">
        <ele>63.94</ele>
        <time>2024-12-26T18:19:08Z</time>
      </trkpt>
      <trkpt lat="37.76915" lon="-122.43525">
        <ele>64.7</ele>
        <time>2024-12-26T18:19:10Z</time>
      </trkpt>
      <trkpt lat="37.76916" lon="-122.43532">
        <ele>65.03</ele>
        <time>2024-12-26T18:19:16Z</time>
      </trkpt>
      <trkpt lat="37.76916" lon="-122.43539">
        <ele>65.27</ele>
        <time>2024-12-26T18:19:21Z</time>
      </trkpt>
      <trkpt lat="37.76915" lon="-122.43546">
        <ele>65.97</ele>
        <time>2024-12-26T18:19:25Z</time>
      </trkpt>
      <trkpt lat="37.76915" lon="-122.43554">
        <ele>66.83</ele>
        <time>2024-12-26T18:19:30Z</time>
      </trkpt>
      <trkpt lat="37.76914" lon="-122.43562">
        <ele>67.7</ele>
        <time>2024-12-26T18:19:36Z</time>
      </trkpt>
      <trkpt lat="37.76913" lon="-122.43569">
        <ele>68.45</ele>
        <time>2024-12-26T18:19:40Z</time>
      </trkpt>
      <trkpt lat="37.76913" lon="-122.43577">
        <ele>69.0</ele>
        <time>2024-12-26T18:19:46Z</time>
      </trkpt>
      <trkpt lat="37.76912" lon="-122.43584">
        <ele>69.07</ele>
        <time>2024-12-26T18:19:51Z</time>
      </trkpt>
      <trkpt lat="37.76911" lon="-122.4359">
        <ele>69.72</ele>
        <time>2024-12-26T18:19:55Z</time>
      </trkpt>
      <trkpt lat="37.76911" lon="-122.43598">
        <ele>70.58</ele>
        <time>2024-12-26T18:20:00Z</time>
      </trkpt>
      <trkpt lat="37.7691" lon="-122.43605">
        <ele>71.68</ele>
        <time>2024-12-26T18:20:08Z</time>
      </trkpt>
      <trkpt lat="37.7691" lon="-122.43612">
        <ele>73.19</ele>
        <time>2024-12-26T18:20:17Z</time>
      </trkpt>
      <trkpt lat="37.76909" lon="-122.43619">
        <ele>74.7</ele>
        <time>2024-12-26T18:20:27Z</time>
      </trkpt>
      <trkpt lat="37.76909" lon="-122.43627">
        <ele>77.02</ele>
        <time>2024-12-26T18:20:38Z</time>
      </trkpt>
      <trkpt lat="37.76908" lon="-122.43635">
        <ele>79.1</ele>
        <time>2024-12-26T18:20:44Z</time>
      </trkpt>
      <trkpt lat="37.76908" lon="-122.43642">
        <ele>80.63</ele>
        <time>2024-12-26T18:20:50Z</time>
      </trkpt>
      <trkpt lat="37.76908" lon="-122.43649">
        <ele>82.09</ele>
        <time>2024-12-26T18:20:58Z</time>
      </trkpt>
      <trkpt lat="37.76908" lon="-122.43655">
        <ele>82.74</ele>
        <time>2024-12-26T18:21:04Z</time>
      </trkpt>
      <trkpt lat="37.76904" lon="-122.4366">
        <ele>83.0</ele>
        <time>2024-12-26T18:21:15Z</time>
      </trkpt>
      <trkpt lat="37.76899" lon="-122.43661">
        <ele>83.0</ele>
        <time>2024-12-26T18:21:20Z</time>
      </trkpt>
      <trkpt lat="37.76893" lon="-122.4366">
        <ele>83.0</ele>
        <time>2024-12-26T18:21:25Z</time>
      </trkpt>
      <trkpt lat="37.76887" lon="-122.43659">
        <ele>83.0</ele>
        <time>2024-12-26T18:21:33Z</time>
      </trkpt>
      <trkpt lat="37.76892" lon="-122.43665">
        <ele>83.0</ele>
        <time>2024-12-26T18:22:04Z</time>
      </trkpt>
      <trkpt lat="37.76896" lon="-122.43669">
        <ele>83.0</ele>
        <time>2024-12-26T18:22:09Z</time>
      </trkpt>
      <trkpt lat="37.76894" lon="-122.43676">
        <ele>83.02</ele>
        <time>2024-12-26T18:22:24Z</time>
      </trkpt>
      <trkpt lat="37.76896" lon="-122.43684">
        <ele>84.28</ele>
        <time>2024-12-26T18:22:33Z</time>
      </trkpt>
      <trkpt lat="37.76897" lon="-122.43692">
        <ele>85.63</ele>
        <time>2024-12-26T18:22:36Z</time>
      </trkpt>
      <trkpt lat="37.76898" lon="-122.43699">
        <ele>87.0</ele>
        <time>2024-12-26T18:22:39Z</time>
      </trkpt>
      <trkpt lat="37.76897" lon="-122.43706">
        <ele>88.62</ele>
        <time>2024-12-26T18:22:46Z</time>
      </trkpt>
      <trkpt lat="37.76897" lon="-122.43713">
        <ele>90.13</ele>
        <time>2024-12-26T18:22:57Z</time>
      </trkpt>
      <trkpt lat="37.76902" lon="-122.43717">
        <ele>90.87</ele>
        <time>2024-12-26T18:23:05Z</time>
      </trkpt>
      <trkpt lat="37.76904" lon="-122.43724">
        <ele>92.53</ele>
        <time>2024-12-26T18:23:14Z</time>
      </trkpt>
      <trkpt lat="37.76902" lon="-122.4373">
        <ele>94.66</ele>
        <time>2024-12-26T18:23:23Z</time>
      </trkpt>
      <trkpt lat="37.76903" lon="-122.43737">
        <ele>95.86</ele>
        <time>2024-12-26T18:23:30Z</time>
      </trkpt>
      <trkpt lat="37.76903" lon="-122.43745">
        <ele>97.64</ele>
        <time>2024-12-26T18:23:37Z</time>
      </trkpt>
      <trkpt lat="37.76902" lon="-122.43752">
        <ele>99.09</ele>
        <time>2024-12-26T18:23:46Z</time>
      </trkpt>
      <trkpt lat="37.76902" lon="-122.43759">
        <ele>99.4</ele>
        <time>2024-12-26T18:23:53Z</time>
      </trkpt>
      <trkpt lat="37.76902" lon="-122.43766">
        <ele>100.27</ele>
        <time>2024-12-26T18:23:59Z</time>
      </trkpt>
      <trkpt lat="37.76908" lon="-122.43768">
        <ele>100.0</ele>
        <time>2024-12-26T18:24:16Z</time>
      </trkpt>
      <trkpt lat="37.76913" lon="-122.43772">
        <ele>100.75</ele>
        <time>2024-12-26T18:24:22Z</time>
      </trkpt>
      <trkpt lat="37.76912" lon="-122.43779">
        <ele>102.4</ele>
        <time>2024-12-26T18:24:30Z</time>
      </trkpt>
      <trkpt lat="37.76914" lon="-122.43784">
        <ele>104.02</ele>
        <time>2024-12-26T18:24:41Z</time>
      </trkpt>
      <trkpt lat="37.76912" lon="-122.43789">
        <ele>105.32</ele>
        <time>2024-12-26T18:24:50Z</time>
      </trkpt>
      <trkpt lat="37.76908" lon="-122.43787">
        <ele>104.99</ele>
        <time>2024-12-26T18:25:32Z</time>
      </trkpt>
      <trkpt lat="37.76907" lon="-122.43793">
        <ele>106.29</ele>
        <time>2024-12-26T18:25:36Z</time>
      </trkpt>
      <trkpt lat="37.7691" lon="-122.43797">
        <ele>106.89</ele>
        <time>2024-12-26T18:25:41Z</time>
      </trkpt>
      <trkpt lat="37.76911" lon="-122.43804">
        <ele>108.6</ele>
        <time>2024-12-26T18:25:48Z</time>
      </trkpt>
      <trkpt lat="37.76909" lon="-122.43808">
        <ele>109.53</ele>
        <time>2024-12-26T18:25:55Z</time>
      </trkpt>
      <trkpt lat="37.76911" lon="-122.43814">
        <ele>110.82</ele>
        <time>2024-12-26T18:26:05Z</time>
      </trkpt>
      <trkpt lat="37.76909" lon="-122.4382">
        <ele>112.02</ele>
        <time>2024-12-26T18:26:12Z</time>
      </trkpt>
      <trkpt lat="37.76904" lon="-122.43825">
        <ele>113.04</ele>
        <time>2024-12-26T18:26:37Z</time>
      </trkpt>
      <trkpt lat="37.76899" lon="-122.43828">
        <ele>113.38</ele>
        <time>2024-12-26T18:26:43Z</time>
      </trkpt>
      <trkpt lat="37.76905" lon="-122.43825">
        <ele>113.03</ele>
        <time>2024-12-26T18:27:45Z</time>
      </trkpt>
      <trkpt lat="37.7691" lon="-122.43822">
        <ele>112.33</ele>
        <time>2024-12-26T18:27:51Z</time>
      </trkpt>
      <trkpt lat="37.76915" lon="-122.4382">
        <ele>111.66</ele>
        <time>2024-12-26T18:27:56Z</time>
      </trkpt>
      <trkpt lat="37.76919" lon="-122.43822">
        <ele>111.52</ele>
        <time>2024-12-26T18:28:01Z</time>
      </trkpt>
      <trkpt lat="37.76923" lon="-122.43826">
        <ele>111.32</ele>
        <time>2024-12-26T18:28:05Z</time>
      </trkpt>
      <trkpt lat="37.76925" lon="-122.4383">
        <ele>111.1</ele>
        <time>2024-12-26T18:28:09Z</time>
      </trkpt>
      <trkpt lat="37.76928" lon="-122.43833">
        <ele>110.77</ele>
        <time>2024-12-26T18:28:15Z</time>
      </trkpt>
      <trkpt lat="37.76931" lon="-122.43834">
        <ele>110.45</ele>
        <time>2024-12-26T18:28:17Z</time>
      </trkpt>
      <trkpt lat="37.76934" lon="-122.43836">
        <ele>110.13</ele>
        <time>2024-12-26T18:28:19Z</time>
      </trkpt>
      <trkpt lat="37.76937" lon="-122.43837">
        <ele>109.8</ele>
        <time>2024-12-26T18:28:21Z</time>
      </trkpt>
      <trkpt lat="37.76939" lon="-122.43841">
        <ele>109.59</ele>
        <time>2024-12-26T18:28:24Z</time>
      </trkpt>
      <trkpt lat="37.76941" lon="-122.43844">
        <ele>109.28</ele>
        <time>2024-12-26T18:28:27Z</time>
      </trkpt>
      <trkpt lat="37.76944" lon="-122.43846">
        <ele>108.7</ele>
        <time>2024-12-26T18:28:31Z</time>
      </trkpt>
      <trkpt lat="37.76947" lon="-122.43848">
        <ele>108.3</ele>
        <time>2024-12-26T18:28:34Z</time>
      </trkpt>
      <trkpt lat="37.7695" lon="-122.4385">
        <ele>108.08</ele>
        <time>2024-12-26T18:28:37Z</time>
      </trkpt>
      <trkpt lat="37.76952" lon="-122.43854">
        <ele>107.81</ele>
        <time>2024-12-26T18:28:39Z</time>
      </trkpt>
      <trkpt lat="37.76953" lon="-122.43858">
        <ele>107.39</ele>
        <time>2024-12-26T18:28:42Z</time>
      </trkpt>
      <trkpt lat="37.76955" lon="-122.43861">
        <ele>107.01</ele>
        <time>2024-12-26T18:28:46Z</time>
      </trkpt>
      <trkpt lat="37.76958" lon="-122.43864">
        <ele>106.86</ele>
        <time>2024-12-26T18:28:50Z</time>
      </trkpt>
      <trkpt lat="37.76961" lon="-122.43866">
        <ele>106.58</ele>
        <time>2024-12-26T18:28:53Z</time>
      </trkpt>
      <trkpt lat="37.76963" lon="-122.43868">
        <ele>106.25</ele>
        <time>2024-12-26T18:28:56Z</time>
      </trkpt>
      <trkpt lat="37.76966" lon="-122.4387">
        <ele>105.69</ele>
        <time>2024-12-26T18:28:59Z</time>
      </trkpt>
      <trkpt lat="37.76967" lon="-122.43874">
        <ele>105.56</ele>
        <time>2024-12-26T18:29:02Z</time>
      </trkpt>
      <trkpt lat="37.76968" lon="-122.43877">
        <ele>105.46</ele>
        <time>2024-12-26T18:29:04Z</time>
      </trkpt>
      <trkpt lat="37.7697" lon="-122.4388">
        <ele>105.21</ele>
        <time>2024-12-26T18:29:07Z</time>
      </trkpt>
      <trkpt lat="37.76974" lon="-122.43883">
        <ele>104.51</ele>
        <time>2024-12-26T18:29:10Z</time>
      </trkpt>
      <trkpt lat="37.76977" lon="-122.43884">
        <ele>104.26</ele>
        <time>2024-12-26T18:29:12Z</time>
      </trkpt>
      <trkpt lat="37.7698" lon="-122.43886">
        <ele>104.05</ele>
        <time>2024-12-26T18:29:14Z</time>
      </trkpt>
      <trkpt lat="37.76983" lon="-122.43888">
        <ele>103.66</ele>
        <time>2024-12-26T18:29:17Z</time>
      </trkpt>
      <trkpt lat="37.76985" lon="-122.43892">
        <ele>103.03</ele>
        <time>2024-12-26T18:29:20Z</time>
      </trkpt>
      <trkpt lat="37.76987" lon="-122.43894">
        <ele>102.58</ele>
        <time>2024-12-26T18:29:22Z</time>
      </trkpt>
      <trkpt lat="37.76988" lon="-122.43897">
        <ele>102.33</ele>
        <time>2024-12-26T18:29:25Z</time>
      </trkpt>
      <trkpt lat="37.76989" lon="-122.43901">
        <ele>102.19</ele>
        <time>2024-12-26T18:29:41Z</time>
      </trkpt>
      <trkpt lat="37.76986" lon="-122.43904">
        <ele>102.51</ele>
        <time>2024-12-26T18:29:46Z</time>
      </trkpt>
      <trkpt lat="37.7699" lon="-122.43905">
        <ele>102.08</ele>
        <time>2024-12-26T18:29:59Z</time>
      </trkpt>
      <trkpt lat="37.76993" lon="-122.43906">
        <ele>101.72</ele>
        <time>2024-12-26T18:30:01Z</time>
      </trkpt>
      <trkpt lat="37.76996" lon="-122.43907">
        <ele>101.41</ele>
        <time>2024-12-26T18:30:04Z</time>
      </trkpt>
      <trkpt lat="37.76998" lon="-122.43905">
        <ele>101.01</ele>
        <time>2024-12-26T18:30:17Z</time>
      </trkpt>
      <trkpt lat="37.77" lon="-122.43909">
        <ele>101.0</ele>
        <time>2024-12-26T18:30:26Z</time>
      </trkpt>
      <trkpt lat="37.77" lon="-122.43914">
        <ele>101.0</ele>
        <time>2024-12-26T18:30:30Z</time>
      </trkpt>
      <trkpt lat="37.76998" lon="-122.43919">
        <ele>100.86</ele>
        <time>2024-12-26T18:30:33Z</time>
      </trkpt>
      <trkpt lat="37.76997" lon="-122.43924">
        <ele>100.72</ele>
        <time>2024-12-26T18:30:37Z</time>
      </trkpt>
      <trkpt lat="37.76998" lon="-122.43928">
        <ele>100.66</ele>
        <time>2024-12-26T18:30:40Z</time>
      </trkpt>
      <trkpt lat="37.76999" lon="-122.43932">
        <ele>100.87</ele>
        <time>2024-12-26T18:30:44Z</time>
      </trkpt>
      <trkpt lat="37.76996" lon="-122.43931">
        <ele>101.41</ele>
        <time>2024-12-26T18:30:56Z</time>
      </trkpt>
      <trkpt lat="37.76993" lon="-122.4393">
        <ele>101.95</ele>
        <time>2024-12-26T18:30:57Z</time>
      </trkpt>
      <trkpt lat="37.7699" lon="-122.43929">
        <ele>102.63</ele>
        <time>2024-12-26T18:30:58Z</time>
      </trkpt>
      <trkpt lat="37.76987" lon="-122.43927">
        <ele>103.42</ele>
        <time>2024-12-26T18:31:00Z</time>
      </trkpt>
      <trkpt lat="37.76984" lon="-122.43925">
        <ele>104.08</ele>
        <time>2024-12-26T18:31:02Z</time>
      </trkpt>
      <trkpt lat="37.76981" lon="-122.43923">
        <ele>104.91</ele>
        <time>2024-12-26T18:31:05Z</time>
      </trkpt>
      <trkpt lat="37.76979" lon="-122.43921">
        <ele>105.52</ele>
        <time>2024-12-26T18:31:08Z</time>
      </trkpt>
      <trkpt lat="37.76976" lon="-122.43918">
        <ele>106.09</ele>
        <time>2024-12-26T18:31:11Z</time>
      </trkpt>
      <trkpt lat="37.76974" lon="-122.43915">
        <ele>106.1</ele>
        <time>2024-12-26T18:31:14Z</time>
      </trkpt>
      <trkpt lat="37.76972" lon="-122.43912">
        <ele>106.1</ele>
        <time>2024-12-26T18:31:17Z</time>
      </trkpt>
      <trkpt lat="37.76971" lon="-122.43908">
        <ele>105.66</ele>
        <time>2024-12-26T18:31:22Z</time>
      </trkpt>
      <trkpt lat="37.7697" lon="-122.43905">
        <ele>105.64</ele>
        <time>2024-12-26T18:31:25Z</time>
      </trkpt>
      <trkpt lat="37.76968" lon="-122.43902">
        <ele>105.97</ele>
        <time>2024-12-26T18:31:28Z</time>
      </trkpt>
      <trkpt lat="37.76965" lon="-122.43899">
        <ele>106.5</ele>
        <time>2024-12-26T18:31:31Z</time>
      </trkpt>
      <trkpt lat="37.76963" lon="-122.43897">
        <ele>106.86</ele>
        <time>2024-12-26T18:31:34Z</time>
      </trkpt>
      <trkpt lat="37.76959" lon="-122.43895">
        <ele>108.08</ele>
        <time>2024-12-26T18:31:37Z</time>
      </trkpt>
      <trkpt lat="37.76957" lon="-122.43892">
        <ele>108.06</ele>
        <time>2024-12-26T18:31:40Z</time>
      </trkpt>
      <trkpt lat="37.76955" lon="-122.43889">
        <ele>107.75</ele>
        <time>2024-12-26T18:31:43Z</time>
      </trkpt>
      <trkpt lat="37.76954" lon="-122.43886">
        <ele>107.63</ele>
        <time>2024-12-26T18:31:46Z</time>
      </trkpt>
      <trkpt lat="37.76951" lon="-122.43884">
        <ele>108.33</ele>
        <time>2024-12-26T18:31:49Z</time>
      </trkpt>
      <trkpt lat="37.76947" lon="-122.43882">
        <ele>109.07</ele>
        <time>2024-12-26T18:31:52Z</time>
      </trkpt>
      <trkpt lat="37.76945" lon="-122.4388">
        <ele>109.0</ele>
        <time>2024-12-26T18:31:55Z</time>
      </trkpt>
      <trkpt lat="37.76942" lon="-122.43878">
        <ele>109.57</ele>
        <time>2024-12-26T18:31:58Z</time>
      </trkpt>
      <trkpt lat="37.76939" lon="-122.43877">
        <ele>110.31</ele>
        <time>2024-12-26T18:32:00Z</time>
      </trkpt>
      <trkpt lat="37.76937" lon="-122.43874">
        <ele>110.32</ele>
        <time>2024-12-26T18:32:03Z</time>
      </trkpt>
      <trkpt lat="37.76934" lon="-122.43871">
        <ele>110.65</ele>
        <time>2024-12-26T18:32:06Z</time>
      </trkpt>
      <trkpt lat="37.76932" lon="-122.43868">
        <ele>111.03</ele>
        <time>2024-12-26T18:32:09Z</time>
      </trkpt>
      <trkpt lat="37.76929" lon="-122.43866">
        <ele>111.88</ele>
        <time>2024-12-26T18:32:15Z</time>
      </trkpt>
      <trkpt lat="37.76926" lon="-122.43866">
        <ele>113.03</ele>
        <time>2024-12-26T18:32:19Z</time>
      </trkpt>
      <trkpt lat="37.76925" lon="-122.43861">
        <ele>112.29</ele>
        <time>2024-12-26T18:32:23Z</time>
      </trkpt>
      <trkpt lat="37.76922" lon="-122.43857">
        <ele>112.64</ele>
        <time>2024-12-26T18:32:25Z</time>
      </trkpt>
      <trkpt lat="37.76919" lon="-122.43854">
        <ele>112.9</ele>
        <time>2024-12-26T18:32:28Z</time>
      </trkpt>
      <trkpt lat="37.76917" lon="-122.43851">
        <ele>112.84</ele>
        <time>2024-12-26T18:32:31Z</time>
      </trkpt>
      <trkpt lat="37.76914" lon="-122.4385">
        <ele>112.86</ele>
        <time>2024-12-26T18:32:34Z</time>
      </trkpt>
      <trkpt lat="37.7691" lon="-122.43849">
        <ele>112.91</ele>
        <time>2024-12-26T18:32:38Z</time>
      </trkpt>
      <trkpt lat="37.76908" lon="-122.43848">
        <ele>112.97</ele>
        <time>2024-12-26T18:32:42Z</time>
      </trkpt>
      <trkpt lat="37.76904" lon="-122.43847">
        <ele>113.37</ele>
        <time>2024-12-26T18:32:46Z</time>
      </trkpt>
      <trkpt lat="37.76902" lon="-122.43846">
        <ele>113.58</ele>
        <time>2024-12-26T18:32:51Z</time>
      </trkpt>
      <trkpt lat="37.76899" lon="-122.43843">
        <ele>113.91</ele>
        <time>2024-12-26T18:33:04Z</time>
      </trkpt>
      <trkpt lat="37.76898" lon="-122.43847">
        <ele>114.0</ele>
        <time>2024-12-26T18:33:25Z</time>
      </trkpt>
      <trkpt lat="37.76898" lon="-122.43852">
        <ele>114.02</ele>
        <time>2024-12-26T18:33:27Z</time>
      </trkpt>
      <trkpt lat="37.76898" lon="-122.43856">
        <ele>114.44</ele>
        <time>2024-12-26T18:33:31Z</time>
      </trkpt>
      <trkpt lat="37.76901" lon="-122.4386">
        <ele>115.11</ele>
        <time>2024-12-26T18:33:37Z</time>
      </trkpt>
      <trkpt lat="37.76901" lon="-122.43863">
        <ele>116.06</ele>
        <time>2024-12-26T18:33:44Z</time>
      </trkpt>
      <trkpt lat="37.769" lon="-122.43867">
        <ele>117.62</ele>
        <time>2024-12-26T18:33:47Z</time>
      </trkpt>
      <trkpt lat="37.76901" lon="-122.43871">
        <ele>119.14</ele>
        <time>2024-12-26T18:33:50Z</time>
      </trkpt>
      <trkpt lat="37.76902" lon="-122.43874">
        <ele>119.78</ele>
        <time>2024-12-26T18:33:53Z</time>
      </trkpt>
      <trkpt lat="37.76902" lon="-122.43878">
        <ele>120.65</ele>
        <time>2024-12-26T18:33:58Z</time>
      </trkpt>
      <trkpt lat="37.76899" lon="-122.43881">
        <ele>121.28</ele>
        <time>2024-12-26T18:34:01Z</time>
      </trkpt>
      <trkpt lat="37.76896" lon="-122.43883">
        <ele>121.58</ele>
        <time>2024-12-26T18:34:03Z</time>
      </trkpt>
      <trkpt lat="37.76893" lon="-122.43886">
        <ele>122.2</ele>
        <time>2024-12-26T18:34:05Z</time>
      </trkpt>
      <trkpt lat="37.7689" lon="-122.43887">
        <ele>122.41</ele>
        <time>2024-12-26T18:34:07Z</time>
      </trkpt>
      <trkpt lat="37.76887" lon="-122.43889">
        <ele>123.02</ele>
        <time>2024-12-26T18:34:11Z</time>
      </trkpt>
      <trkpt lat="37.76885" lon="-122.43892">
        <ele>123.67</ele>
        <time>2024-12-26T18:34:15Z</time>
      </trkpt>
      <trkpt lat="37.76882" lon="-122.43895">
        <ele>124.32</ele>
        <time>2024-12-26T18:34:17Z</time>
      </trkpt>
      <trkpt lat="37.76879" lon="-122.43897">
        <ele>124.67</ele>
        <time>2024-12-26T18:34:19Z</time>
      </trkpt>
      <trkpt lat="37.76877" lon="-122.43899">
        <ele>124.9</ele>
        <time>2024-12-26T18:34:22Z</time>
      </trkpt>
      <trkpt lat="37.76875" lon="-122.43902">
        <ele>125.33</ele>
        <time>2024-12-26T18:34:25Z</time>
      </trkpt>
      <trkpt lat="37.76872" lon="-122.43905">
        <ele>125.66</ele>
        <time>2024-12-26T18:34:28Z</time>
      </trkpt>
      <trkpt lat="37.76872" lon="-122.43909">
        <ele>126.49</ele>
        <time>2024-12-26T18:34:31Z</time>
      </trkpt>
      <trkpt lat="37.76872" lon="-122.43913">
        <ele>127.28</ele>
        <time>2024-12-26T18:34:34Z</time>
      </trkpt>
      <trkpt lat="37.76872" lon="-122.43917">
        <ele>128.07</ele>
        <time>2024-12-26T18:34:47Z</time>
      </trkpt>
      <trkpt lat="37.76875" lon="-122.43921">
        <ele>128.7</ele>
        <time>2024-12-26T18:34:49Z</time>
      </trkpt>
      <trkpt lat="37.76878" lon="-122.43923">
        <ele>128.8</ele>
        <time>2024-12-26T18:34:50Z</time>
      </trkpt>
      <trkpt lat="37.7688" lon="-122.43926">
        <ele>129.02</ele>
        <time>2024-12-26T18:34:52Z</time>
      </trkpt>
      <trkpt lat="37.76879" lon="-122.4393">
        <ele>129.95</ele>
        <time>2024-12-26T18:34:54Z</time>
      </trkpt>
      <trkpt lat="37.76877" lon="-122.43932">
        <ele>130.6</ele>
        <time>2024-12-26T18:34:57Z</time>
      </trkpt>
      <trkpt lat="37.76874" lon="-122.43933">
        <ele>131.14</ele>
        <time>2024-12-26T18:35:02Z</time>
      </trkpt>
      <trkpt lat="37.76871" lon="-122.43935">
        <ele>131.89</ele>
        <time>2024-12-26T18:35:04Z</time>
      </trkpt>
      <trkpt lat="37.76868" lon="-122.43937">
        <ele>132.04</ele>
        <time>2024-12-26T18:35:06Z</time>
      </trkpt>
      <trkpt lat="37.76865" lon="-122.43939">
        <ele>132.31</ele>
        <time>2024-12-26T18:35:08Z</time>
      </trkpt>
      <trkpt lat="37.76864" lon="-122.43943">
        <ele>133.32</ele>
        <time>2024-12-26T18:35:11Z</time>
      </trkpt>
      <trkpt lat="37.76862" lon="-122.43946">
        <ele>134.09</ele>
        <time>2024-12-26T18:35:15Z</time>
      </trkpt>
      <trkpt lat="37.76862" lon="-122.4395">
        <ele>134.56</ele>
        <time>2024-12-26T18:35:21Z</time>
      </trkpt>
      <trkpt lat="37.76861" lon="-122.43953">
        <ele>134.92</ele>
        <time>2024-12-26T18:35:26Z</time>
      </trkpt>
      <trkpt lat="37.76859" lon="-122.43956">
        <ele>135.5</ele>
        <time>2024-12-26T18:35:28Z</time>
      </trkpt>
      <trkpt lat="37.76859" lon="-122.4396">
        <ele>136.36</ele>
        <time>2024-12-26T18:35:34Z</time>
      </trkpt>
      <trkpt lat="37.76859" lon="-122.43963">
        <ele>137.01</ele>
        <time>2024-12-26T18:35:36Z</time>
      </trkpt>
      <trkpt lat="37.7686" lon="-122.43967">
        <ele>137.87</ele>
        <time>2024-12-26T18:35:39Z</time>
      </trkpt>
      <trkpt lat="37.76859" lon="-122.43972">
        <ele>138.95</ele>
        <time>2024-12-26T18:35:44Z</time>
      </trkpt>
      <trkpt lat="37.76858" lon="-122.43975">
        <ele>139.6</ele>
        <time>2024-12-26T18:35:48Z</time>
      </trkpt>
      <trkpt lat="37.76861" lon="-122.43977">
        <ele>140.03</ele>
        <time>2024-12-26T18:35:52Z</time>
      </trkpt>
      <trkpt lat="37.76863" lon="-122.43974">
        <ele>139.38</ele>
        <time>2024-12-26T18:36:06Z</time>
      </trkpt>
      <trkpt lat="37.76866" lon="-122.43971">
        <ele>138.74</ele>
        <time>2024-12-26T18:36:08Z</time>
      </trkpt>
      <trkpt lat="37.76869" lon="-122.4397">
        <ele>138.52</ele>
        <time>2024-12-26T18:36:10Z</time>
      </trkpt>
      <trkpt lat="37.76872" lon="-122.4397">
        <ele>138.34</ele>
        <time>2024-12-26T18:36:13Z</time>
      </trkpt>
      <trkpt lat="37.76874" lon="-122.43973">
        <ele>138.78</ele>
        <time>2024-12-26T18:36:16Z</time>
      </trkpt>
      <trkpt lat="37.76876" lon="-122.43977">
        <ele>139.42</ele>
        <time>2024-12-26T18:36:19Z</time>
      </trkpt>
      <trkpt lat="37.76878" lon="-122.43981">
        <ele>140.07</ele>
        <time>2024-12-26T18:36:21Z</time>
      </trkpt>
      <trkpt lat="37.76879" lon="-122.43985">
        <ele>140.83</ele>
        <time>2024-12-26T18:36:23Z</time>
      </trkpt>
      <trkpt lat="37.76879" lon="-122.43989">
        <ele>141.69</ele>
        <time>2024-12-26T18:36:26Z</time>
      </trkpt>
      <trkpt lat="37.76879" lon="-122.43993">
        <ele>142.56</ele>
        <time>2024-12-26T18:36:30Z</time>
      </trkpt>
      <trkpt lat="37.7688" lon="-122.43997">
        <ele>143.27</ele>
        <time>2024-12-26T18:36:34Z</time>
      </trkpt>
      <trkpt lat="37.76881" lon="-122.44001">
        <ele>144.01</ele>
        <time>2024-12-26T18:36:39Z</time>
      </trkpt>
      <trkpt lat="37.76881" lon="-122.44005">
        <ele>145.24</ele>
        <time>2024-12-26T18:36:42Z</time>
      </trkpt>
      <trkpt lat="37.76881" lon="-122.44008">
        <ele>146.17</ele>
        <time>2024-12-26T18:36:45Z</time>
      </trkpt>
      <trkpt lat="37.7688" lon="-122.44012">
        <ele>147.47</ele>
        <time>2024-12-26T18:36:50Z</time>
      </trkpt>
      <trkpt lat="37.7688" lon="-122.44016">
        <ele>148.34</ele>
        <time>2024-12-26T18:36:52Z</time>
      </trkpt>
      <trkpt lat="37.7688" lon="-122.4402">
        <ele>149.21</ele>
        <time>2024-12-26T18:36:55Z</time>
      </trkpt>
      <trkpt lat="37.76879" lon="-122.44024">
        <ele>150.25</ele>
        <time>2024-12-26T18:36:58Z</time>
      </trkpt>
      <trkpt lat="37.76877" lon="-122.44027">
        <ele>151.12</ele>
        <time>2024-12-26T18:37:03Z</time>
      </trkpt>
      <trkpt lat="37.76876" lon="-122.4403">
        <ele>152.11</ele>
        <time>2024-12-26T18:37:06Z</time>
      </trkpt>
      <trkpt lat="37.76874" lon="-122.44033">
        <ele>153.3</ele>
        <time>2024-12-26T18:37:09Z</time>
      </trkpt>
      <trkpt lat="37.76872" lon="-122.44036">
        <ele>154.49</ele>
        <time>2024-12-26T18:37:12Z</time>
      </trkpt>
      <trkpt lat="37.76871" lon="-122.44041">
        <ele>155.76</ele>
        <time>2024-12-26T18:37:15Z</time>
      </trkpt>
      <trkpt lat="37.76868" lon="-122.44044">
        <ele>156.7</ele>
        <time>2024-12-26T18:37:18Z</time>
      </trkpt>
      <trkpt lat="37.76865" lon="-122.44044">
        <ele>156.94</ele>
        <time>2024-12-26T18:37:21Z</time>
      </trkpt>
      <trkpt lat="37.76861" lon="-122.44044">
        <ele>157.25</ele>
        <time>2024-12-26T18:37:24Z</time>
      </trkpt>
      <trkpt lat="37.76859" lon="-122.44046">
        <ele>157.68</ele>
        <time>2024-12-26T18:37:27Z</time>
      </trkpt>
      <trkpt lat="37.76856" lon="-122.4405">
        <ele>157.67</ele>
        <time>2024-12-26T18:37:30Z</time>
      </trkpt>
      <trkpt lat="37.76854" lon="-122.44053">
        <ele>157.79</ele>
        <time>2024-12-26T18:37:33Z</time>
      </trkpt>
      <trkpt lat="37.76852" lon="-122.44056">
        <ele>157.95</ele>
        <time>2024-12-26T18:37:36Z</time>
      </trkpt>
      <trkpt lat="37.7685" lon="-122.4406">
        <ele>157.51</ele>
        <time>2024-12-26T18:37:39Z</time>
      </trkpt>
      <trkpt lat="37.76848" lon="-122.44063">
        <ele>157.45</ele>
        <time>2024-12-26T18:37:42Z</time>
      </trkpt>
      <trkpt lat="37.76845" lon="-122.44066">
        <ele>157.61</ele>
        <time>2024-12-26T18:37:45Z</time>
      </trkpt>
      <trkpt lat="37.76843" lon="-122.44069">
        <ele>157.5</ele>
        <time>2024-12-26T18:37:48Z</time>
      </trkpt>
      <trkpt lat="37.76839" lon="-122.44071">
        <ele>157.07</ele>
        <time>2024-12-26T18:37:51Z</time>
      </trkpt>
      <trkpt lat="37.76837" lon="-122.44073">
        <ele>156.98</ele>
        <time>2024-12-26T18:37:53Z</time>
      </trkpt>
      <trkpt lat="37.76835" lon="-122.44075">
        <ele>156.98</ele>
        <time>2024-12-26T18:37:55Z</time>
      </trkpt>
      <trkpt lat="37.76832" lon="-122.44078">
        <ele>156.92</ele>
        <time>2024-12-26T18:37:57Z</time>
      </trkpt>
      <trkpt lat="37.76829" lon="-122.4408">
        <ele>156.83</ele>
        <time>2024-12-26T18:38:00Z</time>
      </trkpt>
      <trkpt lat="37.76827" lon="-122.44082">
        <ele>156.9</ele>
        <time>2024-12-26T18:38:03Z</time>
      </trkpt>
      <trkpt lat="37.76823" lon="-122.44085">
        <ele>157.22</ele>
        <time>2024-12-26T18:38:06Z</time>
      </trkpt>
      <trkpt lat="37.76819" lon="-122.44087">
        <ele>157.83</ele>
        <time>2024-12-26T18:38:09Z</time>
      </trkpt>
      <trkpt lat="37.76816" lon="-122.44089">
        <ele>158.68</ele>
        <time>2024-12-26T18:38:12Z</time>
      </trkpt>
      <trkpt lat="37.76813" lon="-122.44092">
        <ele>159.61</ele>
        <time>2024-12-26T18:38:15Z</time>
      </trkpt>
      <trkpt lat="37.76811" lon="-122.44095">
        <ele>160.22</ele>
        <time>2024-12-26T18:38:18Z</time>
      </trkpt>
      <trkpt lat="37.76809" lon="-122.44098">
        <ele>160.91</ele>
        <time>2024-12-26T18:38:21Z</time>
      </trkpt>
      <trkpt lat="37.76806" lon="-122.44101">
        <ele>161.73</ele>
        <time>2024-12-26T18:38:24Z</time>
      </trkpt>
      <trkpt lat="37.76805" lon="-122.44105">
        <ele>162.6</ele>
        <time>2024-12-26T18:38:27Z</time>
      </trkpt>
      <trkpt lat="37.76804" lon="-122.4411">
        <ele>163.72</ele>
        <time>2024-12-26T18:38:30Z</time>
      </trkpt>
      <trkpt lat="37.76804" lon="-122.44115">
        <ele>164.91</ele>
        <time>2024-12-26T18:38:33Z</time>
      </trkpt>
      <trkpt lat="37.76804" lon="-122.44118">
        <ele>165.61</ele>
        <time>2024-12-26T18:38:37Z</time>
      </trkpt>
      <trkpt lat="37.76804" lon="-122.44122">
        <ele>166.37</ele>
        <time>2024-12-26T18:38:40Z</time>
      </trkpt>
      <trkpt lat="37.76803" lon="-122.44125">
        <ele>166.91</ele>
        <time>2024-12-26T18:38:42Z</time>
      </trkpt>
      <trkpt lat="37.76801" lon="-122.44127">
        <ele>167.56</ele>
        <time>2024-12-26T18:38:45Z</time>
      </trkpt>
      <trkpt lat="37.76799" lon="-122.4413">
        <ele>168.51</ele>
        <time>2024-12-26T18:38:49Z</time>
      </trkpt>
      <trkpt lat="37.76796" lon="-122.44133">
        <ele>170.14</ele>
        <time>2024-12-26T18:38:53Z</time>
      </trkpt>
      <trkpt lat="37.76794" lon="-122.44135">
        <ele>171.09</ele>
        <time>2024-12-26T18:38:57Z</time>
      </trkpt>
      <trkpt lat="37.76791" lon="-122.44137">
        <ele>172.08</ele>
        <time>2024-12-26T18:39:03Z</time>
      </trkpt>
      <trkpt lat="37.76789" lon="-122.44139">
        <ele>172.8</ele>
        <time>2024-12-26T18:39:08Z</time>
      </trkpt>
      <trkpt lat="37.76786" lon="-122.44141">
        <ele>173.14</ele>
        <time>2024-12-26T18:39:13Z</time>
      </trkpt>
      <trkpt lat="37.76784" lon="-122.44144">
        <ele>173.41</ele>
        <time>2024-12-26T18:39:17Z</time>
      </trkpt>
      <trkpt lat="37.76781" lon="-122.44146">
        <ele>173.62</ele>
        <time>2024-12-26T18:39:22Z</time>
      </trkpt>
      <trkpt lat="37.76778" lon="-122.44145">
        <ele>173.33</ele>
        <time>2024-12-26T18:39:27Z</time>
      </trkpt>
      <trkpt lat="37.76774" lon="-122.44145">
        <ele>172.77</ele>
        <time>2024-12-26T18:39:46Z</time>
      </trkpt>
      <trkpt lat="37.76772" lon="-122.44147">
        <ele>173.05</ele>
        <time>2024-12-26T18:39:49Z</time>
      </trkpt>
      <trkpt lat="37.76769" lon="-122.44149">
        <ele>173.14</ele>
        <time>2024-12-26T18:39:52Z</time>
      </trkpt>
      <trkpt lat="37.76766" lon="-122.44151">
        <ele>172.58</ele>
        <time>2024-12-26T18:39:55Z</time>
      </trkpt>
      <trkpt lat="37.76764" lon="-122.44154">
        <ele>172.48</ele>
        <time>2024-12-26T18:39:58Z</time>
      </trkpt>
      <trkpt lat="37.76762" lon="-122.44158">
        <ele>172.64</ele>
        <time>2024-12-26T18:40:01Z</time>
      </trkpt>
      <trkpt lat="37.76763" lon="-122.44162">
        <ele>173.1</ele>
        <time>2024-12-26T18:40:07Z</time>
      </trkpt>
      <trkpt lat="37.7676" lon="-122.44166">
        <ele>173.01</ele>
        <time>2024-12-26T18:40:10Z</time>
      </trkpt>
      <trkpt lat="37.76758" lon="-122.44168">
        <ele>172.49</ele>
        <time>2024-12-26T18:40:12Z</time>
      </trkpt>
      <trkpt lat="37.76755" lon="-122.4417">
        <ele>171.59</ele>
        <time>2024-12-26T18:40:15Z</time>
      </trkpt>
      <trkpt lat="37.76753" lon="-122.44173">
        <ele>171.21</ele>
        <time>2024-12-26T18:40:18Z</time>
      </trkpt>
      <trkpt lat="37.76751" lon="-122.44176">
        <ele>171.11</ele>
        <time>2024-12-26T18:40:21Z</time>
      </trkpt>
      <trkpt lat="37.76748" lon="-122.44178">
        <ele>170.66</ele>
        <time>2024-12-26T18:40:24Z</time>
      </trkpt>
      <trkpt lat="37.76746" lon="-122.4418">
        <ele>170.52</ele>
        <time>2024-12-26T18:40:27Z</time>
      </trkpt>
      <trkpt lat="37.76744" lon="-122.44182">
        <ele>170.55</ele>
        <time>2024-12-26T18:40:30Z</time>
      </trkpt>
      <trkpt lat="37.76741" lon="-122.44184">
        <ele>170.75</ele>
        <time>2024-12-26T18:40:35Z</time>
      </trkpt>
      <trkpt lat="37.76737" lon="-122.44188">
        <ele>170.54</ele>
        <time>2024-12-26T18:42:09Z</time>
      </trkpt>
      <trkpt lat="37.76732" lon="-122.44192">
        <ele>170.71</ele>
        <time>2024-12-26T18:42:14Z</time>
      </trkpt>
      <trkpt lat="37.76727" lon="-122.44194">
        <ele>171.39</ele>
        <time>2024-12-26T18:42:18Z</time>
      </trkpt>
      <trkpt lat="37.76724" lon="-122.44199">
        <ele>171.9</ele>
        <time>2024-12-26T18:42:23Z</time>
      </trkpt>
      <trkpt lat="37.7672" lon="-122.44201">
        <ele>171.86</ele>
        <time>2024-12-26T18:42:27Z</time>
      </trkpt>
      <trkpt lat="37.76717" lon="-122.44204">
        <ele>172.02</ele>
        <time>2024-12-26T18:42:30Z</time>
      </trkpt>
      <trkpt lat="37.76713" lon="-122.44206">
        <ele>172.25</ele>
        <time>2024-12-26T18:42:34Z</time>
      </trkpt>
      <trkpt lat="37.7671" lon="-122.44209">
        <ele>172.25</ele>
        <time>2024-12-26T18:42:39Z</time>
      </trkpt>
      <trkpt lat="37.76707" lon="-122.44212">
        <ele>172.25</ele>
        <time>2024-12-26T18:42:43Z</time>
      </trkpt>
      <trkpt lat="37.76705" lon="-122.44215">
        <ele>172.11</ele>
        <time>2024-12-26T18:42:46Z</time>
      </trkpt>
      <trkpt lat="37.76703" lon="-122.44217">
        <ele>171.92</ele>
        <time>2024-12-26T18:42:49Z</time>
      </trkpt>
      <trkpt lat="37.767" lon="-122.4422">
        <ele>171.6</ele>
        <time>2024-12-26T18:42:54Z</time>
      </trkpt>
      <trkpt lat="37.76698" lon="-122.44221">
        <ele>171.38</ele>
        <time>2024-12-26T18:42:57Z</time>
      </trkpt>
      <trkpt lat="37.76695" lon="-122.44223">
        <ele>170.98</ele>
        <time>2024-12-26T18:43:00Z</time>
      </trkpt>
      <trkpt lat="37.76692" lon="-122.44225">
        <ele>170.44</ele>
        <time>2024-12-26T18:43:03Z</time>
      </trkpt>
      <trkpt lat="37.76689" lon="-122.44226">
        <ele>170.0</ele>
        <time>2024-12-26T18:43:05Z</time>
      </trkpt>
      <trkpt lat="37.76686" lon="-122.44227">
        <ele>169.57</ele>
        <time>2024-12-26T18:43:08Z</time>
      </trkpt>
      <trkpt lat="37.76683" lon="-122.44228">
        <ele>168.67</ele>
        <time>2024-12-26T18:43:12Z</time>
      </trkpt>
      <trkpt lat="37.7668" lon="-122.44226">
        <ele>167.91</ele>
        <time>2024-12-26T18:43:17Z</time>
      </trkpt>
      <trkpt lat="37.76679" lon="-122.44223">
        <ele>167.91</ele>
        <time>2024-12-26T18:43:21Z</time>
      </trkpt>
      <trkpt lat="37.76677" lon="-122.4422">
        <ele>167.11</ele>
        <time>2024-12-26T18:43:25Z</time>
      </trkpt>
      <trkpt lat="37.76673" lon="-122.4422">
        <ele>165.81</ele>
        <time>2024-12-26T18:43:29Z</time>
      </trkpt>
      <trkpt lat="37.7667" lon="-122.44221">
        <ele>164.95</ele>
        <time>2024-12-26T18:43:32Z</time>
      </trkpt>
      <trkpt lat="37.76667" lon="-122.44222">
        <ele>164.08</ele>
        <time>2024-12-26T18:43:35Z</time>
      </trkpt>
      <trkpt lat="37.76667" lon="-122.44226">
        <ele>164.09</ele>
        <time>2024-12-26T18:43:42Z</time>
      </trkpt>
      <trkpt lat="37.76668" lon="-122.4423">
        <ele>164.31</ele>
        <time>2024-12-26T18:43:45Z</time>
      </trkpt>
      <trkpt lat="37.76668" lon="-122.44235">
        <ele>163.91</ele>
        <time>2024-12-26T18:43:50Z</time>
      </trkpt>
      <trkpt lat="37.76668" lon="-122.4424">
        <ele>163.37</ele>
        <time>2024-12-26T18:43:54Z</time>
      </trkpt>
      <trkpt lat="37.76667" lon="-122.44245">
        <ele>162.15</ele>
        <time>2024-12-26T18:44:00Z</time>
      </trkpt>
      <trkpt lat="37.76666" lon="-122.44249">
        <ele>161.07</ele>
        <time>2024-12-26T18:44:03Z</time>
      </trkpt>
      <trkpt lat="37.76665" lon="-122.44253">
        <ele>160.32</ele>
        <time>2024-12-26T18:44:08Z</time>
      </trkpt>
      <trkpt lat="37.76661" lon="-122.44255">
        <ele>159.24</ele>
        <time>2024-12-26T18:44:12Z</time>
      </trkpt>
      <trkpt lat="37.76657" lon="-122.44257">
        <ele>158.16</ele>
        <time>2024-12-26T18:44:17Z</time>
      </trkpt>
      <trkpt lat="37.76652" lon="-122.44263">
        <ele>156.19</ele>
        <time>2024-12-26T18:44:23Z</time>
      </trkpt>
      <trkpt lat="37.76649" lon="-122.44267">
        <ele>154.59</ele>
        <time>2024-12-26T18:44:26Z</time>
      </trkpt>
      <trkpt lat="37.76646" lon="-122.44271">
        <ele>153.44</ele>
        <time>2024-12-26T18:44:33Z</time>
      </trkpt>
      <trkpt lat="37.7664" lon="-122.44272">
        <ele>152.41</ele>
        <time>2024-12-26T18:44:57Z</time>
      </trkpt>
      <trkpt lat="37.76635" lon="-122.44272">
        <ele>151.41</ele>
        <time>2024-12-26T18:45:02Z</time>
      </trkpt>
      <trkpt lat="37.76629" lon="-122.44272">
        <ele>150.11</ele>
        <time>2024-12-26T18:45:07Z</time>
      </trkpt>
      <trkpt lat="37.76624" lon="-122.44272">
        <ele>149.03</ele>
        <time>2024-12-26T18:45:12Z</time>
      </trkpt>
      <trkpt lat="37.76618" lon="-122.44272">
        <ele>147.67</ele>
        <time>2024-12-26T18:45:18Z</time>
      </trkpt>
      <trkpt lat="37.76613" lon="-122.44272">
        <ele>146.46</ele>
        <time>2024-12-26T18:45:23Z</time>
      </trkpt>
      <trkpt lat="37.76607" lon="-122.44274">
        <ele>145.74</ele>
        <time>2024-12-26T18:45:29Z</time>
      </trkpt>
      <trkpt lat="37.76601" lon="-122.44275">
        <ele>145.27</ele>
        <time>2024-12-26T18:45:34Z</time>
      </trkpt>
      <trkpt lat="37.76596" lon="-122.44275">
        <ele>145.11</ele>
        <time>2024-12-26T18:45:41Z</time>
      </trkpt>
      <trkpt lat="37.76591" lon="-122.44279">
        <ele>144.83</ele>
        <time>2024-12-26T18:45:45Z</time>
      </trkpt>
      <trkpt lat="37.76586" lon="-122.44282">
        <ele>144.29</ele>
        <time>2024-12-26T18:45:51Z</time>
      </trkpt>
      <trkpt lat="37.76582" lon="-122.44288">
        <ele>143.99</ele>
        <time>2024-12-26T18:45:57Z</time>
      </trkpt>
      <trkpt lat="37.7658" lon="-122.44294">
        <ele>143.73</ele>
        <time>2024-12-26T18:46:01Z</time>
      </trkpt>
      <trkpt lat="37.76577" lon="-122.443">
        <ele>143.44</ele>
        <time>2024-12-26T18:46:06Z</time>
      </trkpt>
      <trkpt lat="37.76574" lon="-122.44305">
        <ele>142.99</ele>
        <time>2024-12-26T18:46:11Z</time>
      </trkpt>
      <trkpt lat="37.76569" lon="-122.4431">
        <ele>142.45</ele>
        <time>2024-12-26T18:46:17Z</time>
      </trkpt>
      <trkpt lat="37.76565" lon="-122.44316">
        <ele>142.02</ele>
        <time>2024-12-26T18:46:22Z</time>
      </trkpt>
      <trkpt lat="37.76562" lon="-122.44323">
        <ele>141.73</ele>
        <time>2024-12-26T18:46:28Z</time>
      </trkpt>
      <trkpt lat="37.76559" lon="-122.44328">
        <ele>141.37</ele>
        <time>2024-12-26T18:46:34Z</time>
      </trkpt>
      <trkpt lat="37.76555" lon="-122.44333">
        <ele>140.94</ele>
        <time>2024-12-26T18:46:40Z</time>
      </trkpt>
      <trkpt lat="37.76551" lon="-122.44339">
        <ele>140.81</ele>
        <time>2024-12-26T18:46:49Z</time>
      </trkpt>
      <trkpt lat="37.76548" lon="-122.44344">
        <ele>141.06</ele>
        <time>2024-12-26T18:46:53Z</time>
      </trkpt>
      <trkpt lat="37.76544" lon="-122.4435">
        <ele>140.75</ele>
        <time>2024-12-26T18:46:58Z</time>
      </trkpt>
      <trkpt lat="37.76542" lon="-122.44356">
        <ele>140.74</ele>
        <time>2024-12-26T18:47:44Z</time>
      </trkpt>
      <trkpt lat="37.76543" lon="-122.44348">
        <ele>140.64</ele>
        <time>2024-12-26T18:48:48Z</time>
      </trkpt>
      <trkpt lat="37.76543" lon="-122.44354">
        <ele>140.73</ele>
        <time>2024-12-26T18:49:27Z</time>
      </trkpt>
      <trkpt lat="37.7654" lon="-122.44361">
        <ele>140.99</ele>
        <time>2024-12-26T18:49:34Z</time>
      </trkpt>
      <trkpt lat="37.76536" lon="-122.44366">
        <ele>141.0</ele>
        <time>2024-12-26T18:49:38Z</time>
      </trkpt>
      <trkpt lat="37.76532" lon="-122.44371">
        <ele>141.07</ele>
        <time>2024-12-26T18:49:43Z</time>
      </trkpt>
      <trkpt lat="37.76529" lon="-122.44376">
        <ele>141.61</ele>
        <time>2024-12-26T18:49:49Z</time>
      </trkpt>
      <trkpt lat="37.76527" lon="-122.44383">
        <ele>142.0</ele>
        <time>2024-12-26T18:49:54Z</time>
      </trkpt>
      <trkpt lat="37.76523" lon="-122.44388">
        <ele>142.0</ele>
        <time>2024-12-26T18:50:01Z</time>
      </trkpt>
      <trkpt lat="37.76519" lon="-122.44394">
        <ele>142.58</ele>
        <time>2024-12-26T18:50:06Z</time>
      </trkpt>
      <trkpt lat="37.76516" lon="-122.44399">
        <ele>143.09</ele>
        <time>2024-12-26T18:50:10Z</time>
      </trkpt>
      <trkpt lat="37.76512" lon="-122.44404">
        <ele>143.63</ele>
        <time>2024-12-26T18:50:15Z</time>
      </trkpt>
      <trkpt lat="37.76507" lon="-122.44408">
        <ele>144.02</ele>
        <time>2024-12-26T18:50:20Z</time>
      </trkpt>
      <trkpt lat="37.76503" lon="-122.44412">
        <ele>144.34</ele>
        <time>2024-12-26T18:50:26Z</time>
      </trkpt>
      <trkpt lat="37.76497" lon="-122.44413">
        <ele>144.93</ele>
        <time>2024-12-26T18:50:32Z</time>
      </trkpt>
      <trkpt lat="37.76492" lon="-122.44411">
        <ele>145.25</ele>
        <time>2024-12-26T18:50:37Z</time>
      </trkpt>
      <trkpt lat="37.76486" lon="-122.44409">
        <ele>146.11</ele>
        <time>2024-12-26T18:50:43Z</time>
      </trkpt>
      <trkpt lat="37.76481" lon="-122.44408">
        <ele>147.05</ele>
        <time>2024-12-26T18:50:48Z</time>
      </trkpt>
      <trkpt lat="37.76475" lon="-122.44408">
        <ele>147.7</ele>
        <time>2024-12-26T18:50:53Z</time>
      </trkpt>
      <trkpt lat="37.76469" lon="-122.44409">
        <ele>148.35</ele>
        <time>2024-12-26T18:50:59Z</time>
      </trkpt>
      <trkpt lat="37.76464" lon="-122.4441">
        <ele>148.89</ele>
        <time>2024-12-26T18:51:04Z</time>
      </trkpt>
      <trkpt lat="37.76458" lon="-122.44412">
        <ele>149.54</ele>
        <time>2024-12-26T18:51:09Z</time>
      </trkpt>
      <trkpt lat="37.76453" lon="-122.44415">
        <ele>150.08</ele>
        <time>2024-12-26T18:51:15Z</time>
      </trkpt>
      <trkpt lat="37.76447" lon="-122.44418">
        <ele>150.87</ele>
        <time>2024-12-26T18:51:21Z</time>
      </trkpt>
      <trkpt lat="37.76444" lon="-122.44424">
        <ele>151.84</ele>
        <time>2024-12-26T18:51:28Z</time>
      </trkpt>
      <trkpt lat="37.7644" lon="-122.44428">
        <ele>152.6</ele>
        <time>2024-12-26T18:51:33Z</time>
      </trkpt>
      <trkpt lat="37.76436" lon="-122.44433">
        <ele>152.98</ele>
        <time>2024-12-26T18:51:39Z</time>
      </trkpt>
      <trkpt lat="37.76433" lon="-122.44439">
        <ele>153.0</ele>
        <time>2024-12-26T18:51:47Z</time>
      </trkpt>
      <trkpt lat="37.76427" lon="-122.44442">
        <ele>153.0</ele>
        <time>2024-12-26T18:51:52Z</time>
      </trkpt>
      <trkpt lat="37.76421" lon="-122.44443">
        <ele>153.0</ele>
        <time>2024-12-26T18:51:58Z</time>
      </trkpt>
      <trkpt lat="37.76415" lon="-122.44445">
        <ele>152.99</ele>
        <time>2024-12-26T18:52:03Z</time>
      </trkpt>
      <trkpt lat="37.76409" lon="-122.44448">
        <ele>152.68</ele>
        <time>2024-12-26T18:52:07Z</time>
      </trkpt>
      <trkpt lat="37.76403" lon="-122.44449">
        <ele>152.74</ele>
        <time>2024-12-26T18:52:12Z</time>
      </trkpt>
      <trkpt lat="37.76398" lon="-122.44451">
        <ele>153.0</ele>
        <time>2024-12-26T18:52:16Z</time>
      </trkpt>
      <trkpt lat="37.76393" lon="-122.44454">
        <ele>152.99</ele>
        <time>2024-12-26T18:52:22Z</time>
      </trkpt>
      <trkpt lat="37.76387" lon="-122.44457">
        <ele>153.0</ele>
        <time>2024-12-26T18:52:26Z</time>
      </trkpt>
      <trkpt lat="37.76383" lon="-122.44459">
        <ele>153.0</ele>
        <time>2024-12-26T18:52:29Z</time>
      </trkpt>
      <trkpt lat="37.76377" lon="-122.44461">
        <ele>153.22</ele>
        <time>2024-12-26T18:52:36Z</time>
      </trkpt>
      <trkpt lat="37.76372" lon="-122.44463">
        <ele>153.83</ele>
        <time>2024-12-26T18:52:41Z</time>
      </trkpt>
      <trkpt lat="37.76367" lon="-122.44464">
        <ele>154.11</ele>
        <time>2024-12-26T18:52:43Z</time>
      </trkpt>
      <trkpt lat="37.76361" lon="-122.44465">
        <ele>154.22</ele>
        <time>2024-12-26T18:52:47Z</time>
      </trkpt>
      <trkpt lat="37.76355" lon="-122.44468">
        <ele>154.54</ele>
        <time>2024-12-26T18:52:54Z</time>
      </trkpt>
      <trkpt lat="37.7635" lon="-122.4447">
        <ele>154.76</ele>
        <time>2024-12-26T18:53:01Z</time>
      </trkpt>
      <trkpt lat="37.76344" lon="-122.44473">
        <ele>155.01</ele>
        <time>2024-12-26T18:53:06Z</time>
      </trkpt>
      <trkpt lat="37.76339" lon="-122.44475">
        <ele>155.0</ele>
        <time>2024-12-26T18:53:10Z</time>
      </trkpt>
      <trkpt lat="37.76334" lon="-122.44478">
        <ele>155.0</ele>
        <time>2024-12-26T18:53:15Z</time>
      </trkpt>
      <trkpt lat="37.7633" lon="-122.44483">
        <ele>155.21</ele>
        <time>2024-12-26T18:53:20Z</time>
      </trkpt>
      <trkpt lat="37.76335" lon="-122.44486">
        <ele>156.06</ele>
        <time>2024-12-26T18:53:44Z</time>
      </trkpt>
      <trkpt lat="37.7634" lon="-122.44491">
        <ele>157.8</ele>
        <time>2024-12-26T18:53:48Z</time>
      </trkpt>
      <trkpt lat="37.7634" lon="-122.44499">
        <ele>160.15</ele>
        <time>2024-12-26T18:53:54Z</time>
      </trkpt>
      <trkpt lat="37.76337" lon="-122.44506">
        <ele>161.48</ele>
        <time>2024-12-26T18:54:00Z</time>
      </trkpt>
      <trkpt lat="37.76338" lon="-122.44514">
        <ele>164.04</ele>
        <time>2024-12-26T18:54:04Z</time>
      </trkpt>
      <trkpt lat="37.76337" lon="-122.44524">
        <ele>167.53</ele>
        <time>2024-12-26T18:54:36Z</time>
      </trkpt>
      <trkpt lat="37.76336" lon="-122.44531">
        <ele>169.0</ele>
        <time>2024-12-26T18:54:42Z</time>
      </trkpt>
      <trkpt lat="37.76331" lon="-122.44534">
        <ele>168.83</ele>
        <time>2024-12-26T18:54:53Z</time>
      </trkpt>
      <trkpt lat="37.76326" lon="-122.44535">
        <ele>168.65</ele>
        <time>2024-12-26T18:54:58Z</time>
      </trkpt>
      <trkpt lat="37.7632" lon="-122.44534">
        <ele>167.03</ele>
        <time>2024-12-26T18:55:05Z</time>
      </trkpt>
      <trkpt lat="37.76319" lon="-122.44527">
        <ele>163.93</ele>
        <time>2024-12-26T18:55:09Z</time>
      </trkpt>
      <trkpt lat="37.76321" lon="-122.44534">
        <ele>167.35</ele>
        <time>2024-12-26T18:55:24Z</time>
      </trkpt>
      <trkpt lat="37.76324" lon="-122.44539">
        <ele>168.99</ele>
        <time>2024-12-26T18:55:33Z</time>
      </trkpt>
      <trkpt lat="37.76326" lon="-122.44547">
        <ele>169.48</ele>
        <time>2024-12-26T18:55:39Z</time>
      </trkpt>
      <trkpt lat="37.76325" lon="-122.44555">
        <ele>170.05</ele>
        <time>2024-12-26T18:55:40Z</time>
      </trkpt>
      <trkpt lat="37.76319" lon="-122.44557">
        <ele>168.83</ele>
        <time>2024-12-26T18:55:45Z</time>
      </trkpt>
      <trkpt lat="37.76321" lon="-122.44564">
        <ele>168.73</ele>
        <time>2024-12-26T18:55:57Z</time>
      </trkpt>
      <trkpt lat="37.76327" lon="-122.44565">
        <ele>169.9</ele>
        <time>2024-12-26T18:56:08Z</time>
      </trkpt>
      <trkpt lat="37.76321" lon="-122.44563">
        <ele>168.8</ele>
        <time>2024-12-26T18:56:44Z</time>
      </trkpt>
      <trkpt lat="37.76319" lon="-122.44556">
        <ele>168.88</ele>
        <time>2024-12-26T18:56:47Z</time>
      </trkpt>
      <trkpt lat="37.76318" lon="-122.44549">
        <ele>168.91</ele>
        <time>2024-12-26T18:56:51Z</time>
      </trkpt>
      <trkpt lat="37.76318" lon="-122.44541">
        <ele>168.25</ele>
        <time>2024-12-26T18:56:54Z</time>
      </trkpt>
      <trkpt lat="37.76313" lon="-122.44546">
        <ele>168.34</ele>
        <time>2024-12-26T18:57:12Z</time>
      </trkpt>
      <trkpt lat="37.76313" lon="-122.44554">
        <ele>168.23</ele>
        <time>2024-12-26T18:57:18Z</time>
      </trkpt>
      <trkpt lat="37.76313" lon="-122.44561">
        <ele>168.08</ele>
        <time>2024-12-26T18:57:22Z</time>
      </trkpt>
      <trkpt lat="37.76315" lon="-122.44568">
        <ele>168.01</ele>
        <time>2024-12-26T18:57:26Z</time>
      </trkpt>
      <trkpt lat="37.76319" lon="-122.44574">
        <ele>167.56</ele>
        <time>2024-12-26T18:57:30Z</time>
      </trkpt>
      <trkpt lat="37.7632" lon="-122.44581">
        <ele>166.69</ele>
        <time>2024-12-26T18:57:35Z</time>
      </trkpt>
      <trkpt lat="37.76318" lon="-122.44587">
        <ele>166.4</ele>
        <time>2024-12-26T18:57:41Z</time>
      </trkpt>
      <trkpt lat="37.76313" lon="-122.44591">
        <ele>166.17</ele>
        <time>2024-12-26T18:57:46Z</time>
      </trkpt>
      <trkpt lat="37.76308" lon="-122.44595">
        <ele>165.74</ele>
        <time>2024-12-26T18:57:50Z</time>
      </trkpt>
      <trkpt lat="37.76302" lon="-122.44595">
        <ele>165.36</ele>
        <time>2024-12-26T18:57:55Z</time>
      </trkpt>
      <trkpt lat="37.76298" lon="-122.44599">
        <ele>164.49</ele>
        <time>2024-12-26T18:58:00Z</time>
      </trkpt>
      <trkpt lat="37.76295" lon="-122.44605">
        <ele>163.95</ele>
        <time>2024-12-26T18:58:05Z</time>
      </trkpt>
      <trkpt lat="37.76292" lon="-122.4461">
        <ele>163.59</ele>
        <time>2024-12-26T18:58:10Z</time>
      </trkpt>
      <trkpt lat="37.76287" lon="-122.44614">
        <ele>163.0</ele>
        <time>2024-12-26T18:58:16Z</time>
      </trkpt>
      <trkpt lat="37.76282" lon="-122.44616">
        <ele>162.46</ele>
        <time>2024-12-26T18:58:33Z</time>
      </trkpt>
      <trkpt lat="37.76277" lon="-122.44616">
        <ele>161.96</ele>
        <time>2024-12-26T18:58:54Z</time>
      </trkpt>
      <trkpt lat="37.76271" lon="-122.44618">
        <ele>161.46</ele>
        <time>2024-12-26T18:58:59Z</time>
      </trkpt>
      <trkpt lat="37.76264" lon="-122.44621">
        <ele>160.93</ele>
        <time>2024-12-26T18:59:04Z</time>
      </trkpt>
      <trkpt lat="37.7626" lon="-122.44624">
        <ele>160.61</ele>
        <time>2024-12-26T18:59:09Z</time>
      </trkpt>
      <trkpt lat="37.76255" lon="-122.44627">
        <ele>160.28</ele>
        <time>2024-12-26T18:59:16Z</time>
      </trkpt>
      <trkpt lat="37.7625" lon="-122.4463">
        <ele>159.96</ele>
        <time>2024-12-26T18:59:22Z</time>
      </trkpt>
      <trkpt lat="37.76244" lon="-122.44633">
        <ele>159.64</ele>
        <time>2024-12-26T18:59:27Z</time>
      </trkpt>
      <trkpt lat="37.7624" lon="-122.44637">
        <ele>159.14</ele>
        <time>2024-12-26T18:59:34Z</time>
      </trkpt>
      <trkpt lat="37.76235" lon="-122.44639">
        <ele>158.3</ele>
        <time>2024-12-26T18:59:42Z</time>
      </trkpt>
      <trkpt lat="37.7623" lon="-122.44642">
        <ele>155.28</ele>
        <time>2024-12-26T19:02:27Z</time>
      </trkpt>
      <trkpt lat="37.76225" lon="-122.44645">
        <ele>152.2</ele>
        <time>2024-12-26T19:02:33Z</time>
      </trkpt>
      <trkpt lat="37.7622" lon="-122.44647">
        <ele>150.05</ele>
        <time>2024-12-26T19:02:41Z</time>
      </trkpt>
      <trkpt lat="37.76215" lon="-122.44644">
        <ele>149.63</ele>
        <time>2024-12-26T19:02:46Z</time>
      </trkpt>
      <trkpt lat="37.7621" lon="-122.44642">
        <ele>148.15</ele>
        <time>2024-12-26T19:02:54Z</time>
      </trkpt>
      <trkpt lat="37.76205" lon="-122.44642">
        <ele>146.17</ele>
        <time>2024-12-26T19:03:01Z</time>
      </trkpt>
      <trkpt lat="37.76199" lon="-122.44642">
        <ele>142.78</ele>
        <time>2024-12-26T19:03:09Z</time>
      </trkpt>
      <trkpt lat="37.76193" lon="-122.44644">
        <ele>140.0</ele>
        <time>2024-12-26T19:03:17Z</time>
      </trkpt>
      <trkpt lat="37.76188" lon="-122.44646">
        <ele>140.0</ele>
        <time>2024-12-26T19:03:34Z</time>
      </trkpt>
      <trkpt lat="37.76184" lon="-122.44651">
        <ele>140.4</ele>
        <time>2024-12-26T19:03:41Z</time>
      </trkpt>
      <trkpt lat="37.76184" lon="-122.44658">
        <ele>141.0</ele>
        <time>2024-12-26T19:03:44Z</time>
      </trkpt>
      <trkpt lat="37.76185" lon="-122.44666">
        <ele>141.0</ele>
        <time>2024-12-26T19:03:46Z</time>
      </trkpt>
      <trkpt lat="37.76187" lon="-122.44673">
        <ele>141.0</ele>
        <time>2024-12-26T19:03:50Z</time>
      </trkpt>
      <trkpt lat="37.76181" lon="-122.44676">
        <ele>141.0</ele>
        <time>2024-12-26T19:04:06Z</time>
      </trkpt>
      <trkpt lat="37.76176" lon="-122.44673">
        <ele>141.0</ele>
        <time>2024-12-26T19:04:10Z</time>
      </trkpt>
      <trkpt lat="37.76172" lon="-122.4467">
        <ele>141.27</ele>
        <time>2024-12-26T19:04:16Z</time>
      </trkpt>
      <trkpt lat="37.76171" lon="-122.44677">
        <ele>141.0</ele>
        <time>2024-12-26T19:05:04Z</time>
      </trkpt>
      <trkpt lat="37.7617" lon="-122.44684">
        <ele>141.0</ele>
        <time>2024-12-26T19:05:09Z</time>
      </trkpt>
      <trkpt lat="37.76164" lon="-122.44685">
        <ele>141.29</ele>
        <time>2024-12-26T19:05:18Z</time>
      </trkpt>
      <trkpt lat="37.76159" lon="-122.44682">
        <ele>141.83</ele>
        <time>2024-12-26T19:05:23Z</time>
      </trkpt>
      <trkpt lat="37.76154" lon="-122.44678">
        <ele>142.29</ele>
        <time>2024-12-26T19:05:27Z</time>
      </trkpt>
      <trkpt lat="37.7615" lon="-122.44675">
        <ele>142.8</ele>
        <time>2024-12-26T19:05:31Z</time>
      </trkpt>
      <trkpt lat="37.76144" lon="-122.44671">
        <ele>143.24</ele>
        <time>2024-12-26T19:05:36Z</time>
      </trkpt>
      <trkpt lat="37.76138" lon="-122.44669">
        <ele>143.77</ele>
        <time>2024-12-26T19:05:41Z</time>
      </trkpt>
      <trkpt lat="37.76133" lon="-122.44666">
        <ele>144.0</ele>
        <time>2024-12-26T19:05:46Z</time>
      </trkpt>
      <trkpt lat="37.76127" lon="-122.44663">
        <ele>144.28</ele>
        <time>2024-12-26T19:05:51Z</time>
      </trkpt>
      <trkpt lat="37.76122" lon="-122.44661">
        <ele>144.82</ele>
        <time>2024-12-26T19:05:55Z</time>
      </trkpt>
      <trkpt lat="37.76116" lon="-122.4466">
        <ele>145.13</ele>
        <time>2024-12-26T19:06:00Z</time>
      </trkpt>
      <trkpt lat="37.76111" lon="-122.44659">
        <ele>145.18</ele>
        <time>2024-12-26T19:06:05Z</time>
      </trkpt>
      <trkpt lat="37.76107" lon="-122.44662">
        <ele>145.72</ele>
        <time>2024-12-26T19:06:55Z</time>
      </trkpt>
      <trkpt lat="37.761" lon="-122.44664">
        <ele>146.14</ele>
        <time>2024-12-26T19:07:00Z</time>
      </trkpt>
      <trkpt lat="37.76095" lon="-122.44665">
        <ele>146.61</ele>
        <time>2024-12-26T19:07:03Z</time>
      </trkpt>
      <trkpt lat="37.76091" lon="-122.4467">
        <ele>147.06</ele>
        <time>2024-12-26T19:07:08Z</time>
      </trkpt>
      <trkpt lat="37.76088" lon="-122.44673">
        <ele>147.34</ele>
        <time>2024-12-26T19:07:13Z</time>
      </trkpt>
      <trkpt lat="37.76084" lon="-122.44676">
        <ele>147.93</ele>
        <time>2024-12-26T19:07:16Z</time>
      </trkpt>
      <trkpt lat="37.7608" lon="-122.44679">
        <ele>148.48</ele>
        <time>2024-12-26T19:07:19Z</time>
      </trkpt>
      <trkpt lat="37.76075" lon="-122.44679">
        <ele>149.2</ele>
        <time>2024-12-26T19:07:22Z</time>
      </trkpt>
      <trkpt lat="37.76072" lon="-122.44679">
        <ele>149.48</ele>
        <time>2024-12-26T19:07:25Z</time>
      </trkpt>
      <trkpt lat="37.76068" lon="-122.4468">
        <ele>149.81</ele>
        <time>2024-12-26T19:07:28Z</time>
      </trkpt>
      <trkpt lat="37.76065" lon="-122.44681">
        <ele>149.99</ele>
        <time>2024-12-26T19:07:30Z</time>
      </trkpt>
      <trkpt lat="37.76063" lon="-122.44683">
        <ele>150.2</ele>
        <time>2024-12-26T19:07:32Z</time>
      </trkpt>
      <trkpt lat="37.7606" lon="-122.44686">
        <ele>150.61</ele>
        <time>2024-12-26T19:07:35Z</time>
      </trkpt>
      <trkpt lat="37.76057" lon="-122.44688">
        <ele>151.15</ele>
        <time>2024-12-26T19:07:38Z</time>
      </trkpt>
      <trkpt lat="37.76054" lon="-122.44689">
        <ele>151.58</ele>
        <time>2024-12-26T19:07:41Z</time>
      </trkpt>
      <trkpt lat="37.76051" lon="-122.44691">
        <ele>152.12</ele>
        <time>2024-12-26T19:07:45Z</time>
      </trkpt>
      <trkpt lat="37.76048" lon="-122.44693">
        <ele>152.66</ele>
        <time>2024-12-26T19:07:48Z</time>
      </trkpt>
      <trkpt lat="37.76045" lon="-122.44696">
        <ele>153.31</ele>
        <time>2024-12-26T19:07:51Z</time>
      </trkpt>
      <trkpt lat="37.76043" lon="-122.44698">
        <ele>153.74</ele>
        <time>2024-12-26T19:07:54Z</time>
      </trkpt>
      <trkpt lat="37.76039" lon="-122.44699">
        <ele>154.28</ele>
        <time>2024-12-26T19:07:57Z</time>
      </trkpt>
      <trkpt lat="37.76036" lon="-122.447">
        <ele>154.71</ele>
        <time>2024-12-26T19:08:00Z</time>
      </trkpt>
      <trkpt lat="37.76033" lon="-122.44702">
        <ele>155.25</ele>
        <time>2024-12-26T19:08:04Z</time>
      </trkpt>
      <trkpt lat="37.76031" lon="-122.44703">
        <ele>155.58</ele>
        <time>2024-12-26T19:08:08Z</time>
      </trkpt>
      <trkpt lat="37.76027" lon="-122.44705">
        <ele>156.1</ele>
        <time>2024-12-26T19:08:11Z</time>
      </trkpt>
      <trkpt lat="37.76024" lon="-122.44706">
        <ele>156.51</ele>
        <time>2024-12-26T19:08:13Z</time>
      </trkpt>
      <trkpt lat="37.76021" lon="-122.44708">
        <ele>157.07</ele>
        <time>2024-12-26T19:08:17Z</time>
      </trkpt>
      <trkpt lat="37.76017" lon="-122.44709">
        <ele>157.64</ele>
        <time>2024-12-26T19:08:20Z</time>
      </trkpt>
      <trkpt lat="37.76014" lon="-122.4471">
        <ele>157.84</ele>
        <time>2024-12-26T19:08:23Z</time>
      </trkpt>
      <trkpt lat="37.7601" lon="-122.44711">
        <ele>157.98</ele>
        <time>2024-12-26T19:08:26Z</time>
      </trkpt>
      <trkpt lat="37.76007" lon="-122.44711">
        <ele>158.24</ele>
        <time>2024-12-26T19:08:29Z</time>
      </trkpt>
      <trkpt lat="37.76004" lon="-122.44713">
        <ele>158.58</ele>
        <time>2024-12-26T19:08:32Z</time>
      </trkpt>
      <trkpt lat="37.76001" lon="-122.44714">
        <ele>159.25</ele>
        <time>2024-12-26T19:08:35Z</time>
      </trkpt>
      <trkpt lat="37.75998" lon="-122.44715">
        <ele>159.73</ele>
        <time>2024-12-26T19:08:37Z</time>
      </trkpt>
      <trkpt lat="37.75995" lon="-122.44716">
        <ele>159.99</ele>
        <time>2024-12-26T19:08:40Z</time>
      </trkpt>
      <trkpt lat="37.75992" lon="-122.44717">
        <ele>160.04</ele>
        <time>2024-12-26T19:08:43Z</time>
      </trkpt>
      <trkpt lat="37.75989" lon="-122.44718">
        <ele>160.19</ele>
        <time>2024-12-26T19:08:46Z</time>
      </trkpt>
      <trkpt lat="37.75986" lon="-122.4472">
        <ele>160.51</ele>
        <time>2024-12-26T19:08:49Z</time>
      </trkpt>
      <trkpt lat="37.75982" lon="-122.44721">
        <ele>160.94</ele>
        <time>2024-12-26T19:08:54Z</time>
      </trkpt>
      <trkpt lat="37.75977" lon="-122.44722">
        <ele>161.48</ele>
        <time>2024-12-26T19:08:59Z</time>
      </trkpt>
      <trkpt lat="37.75974" lon="-122.44724">
        <ele>162.34</ele>
        <time>2024-12-26T19:09:03Z</time>
      </trkpt>
      <trkpt lat="37.75969" lon="-122.44726">
        <ele>163.02</ele>
        <time>2024-12-26T19:09:06Z</time>
      </trkpt>
      <trkpt lat="37.75966" lon="-122.44728">
        <ele>163.5</ele>
        <time>2024-12-26T19:09:09Z</time>
      </trkpt>
      <trkpt lat="37.75963" lon="-122.4473">
        <ele>163.84</ele>
        <time>2024-12-26T19:09:13Z</time>
      </trkpt>
      <trkpt lat="37.7596" lon="-122.44732">
        <ele>164.43</ele>
        <time>2024-12-26T19:09:16Z</time>
      </trkpt>
      <trkpt lat="37.75958" lon="-122.44734">
        <ele>164.91</ele>
        <time>2024-12-26T19:09:19Z</time>
      </trkpt>
      <trkpt lat="37.75955" lon="-122.44737">
        <ele>165.11</ele>
        <time>2024-12-26T19:09:22Z</time>
      </trkpt>
      <trkpt lat="37.75952" lon="-122.44739">
        <ele>165.18</ele>
        <time>2024-12-26T19:09:25Z</time>
      </trkpt>
      <trkpt lat="37.75949" lon="-122.44742">
        <ele>165.84</ele>
        <time>2024-12-26T19:09:28Z</time>
      </trkpt>
      <trkpt lat="37.75947" lon="-122.44745">
        <ele>166.56</ele>
        <time>2024-12-26T19:09:31Z</time>
      </trkpt>
      <trkpt lat="37.75945" lon="-122.44747">
        <ele>166.74</ele>
        <time>2024-12-26T19:09:34Z</time>
      </trkpt>
      <trkpt lat="37.75943" lon="-122.4475">
        <ele>167.16</ele>
        <time>2024-12-26T19:09:37Z</time>
      </trkpt>
      <trkpt lat="37.75942" lon="-122.44753">
        <ele>167.83</ele>
        <time>2024-12-26T19:09:39Z</time>
      </trkpt>
      <trkpt lat="37.75939" lon="-122.44755">
        <ele>168.35</ele>
        <time>2024-12-26T19:09:41Z</time>
      </trkpt>
      <trkpt lat="37.75937" lon="-122.44757">
        <ele>168.71</ele>
        <time>2024-12-26T19:09:44Z</time>
      </trkpt>
      <trkpt lat="37.75934" lon="-122.44759">
        <ele>169.1</ele>
        <time>2024-12-26T19:09:47Z</time>
      </trkpt>
      <trkpt lat="37.75933" lon="-122.44763">
        <ele>169.24</ele>
        <time>2024-12-26T19:09:50Z</time>
      </trkpt>
      <trkpt lat="37.75931" lon="-122.44768">
        <ele>169.45</ele>
        <time>2024-12-26T19:09:55Z</time>
      </trkpt>
      <trkpt lat="37.75928" lon="-122.44773">
        <ele>170.59</ele>
        <time>2024-12-26T19:10:00Z</time>
      </trkpt>
      <trkpt lat="37.75925" lon="-122.44778">
        <ele>171.12</ele>
        <time>2024-12-26T19:10:05Z</time>
      </trkpt>
      <trkpt lat="37.75922" lon="-122.44784">
        <ele>172.1</ele>
        <time>2024-12-26T19:10:09Z</time>
      </trkpt>
      <trkpt lat="37.75918" lon="-122.44789">
        <ele>173.1</ele>
        <time>2024-12-26T19:10:15Z</time>
      </trkpt>
      <trkpt lat="37.75923" lon="-122.44791">
        <ele>173.04</ele>
        <time>2024-12-26T19:10:26Z</time>
      </trkpt>
      <trkpt lat="37.75917" lon="-122.44794">
        <ele>173.74</ele>
        <time>2024-12-26T19:10:47Z</time>
      </trkpt>
      <trkpt lat="37.75916" lon="-122.44802">
        <ele>174.64</ele>
        <time>2024-12-26T19:10:54Z</time>
      </trkpt>
      <trkpt lat="37.75916" lon="-122.44809">
        <ele>175.4</ele>
        <time>2024-12-26T19:10:59Z</time>
      </trkpt>
      <trkpt lat="37.75921" lon="-122.4481">
        <ele>176.88</ele>
        <time>2024-12-26T19:11:13Z</time>
      </trkpt>
      <trkpt lat="37.75925" lon="-122.44805">
        <ele>177.48</ele>
        <time>2024-12-26T19:11:27Z</time>
      </trkpt>
      <trkpt lat="37.75929" lon="-122.44799">
        <ele>177.44</ele>
        <time>2024-12-26T19:11:33Z</time>
      </trkpt>
      <trkpt lat="37.75933" lon="-122.44795">
        <ele>179.62</ele>
        <time>2024-12-26T19:11:38Z</time>
      </trkpt>
      <trkpt lat="37.75937" lon="-122.44791">
        <ele>180.16</ele>
        <time>2024-12-26T19:11:44Z</time>
      </trkpt>
      <trkpt lat="37.75943" lon="-122.44791">
        <ele>181.64</ele>
        <time>2024-12-26T19:11:47Z</time>
      </trkpt>
      <trkpt lat="37.75948" lon="-122.44791">
        <ele>182.0</ele>
        <time>2024-12-26T19:11:51Z</time>
      </trkpt>
      <trkpt lat="37.75954" lon="-122.44792">
        <ele>182.0</ele>
        <time>2024-12-26T19:11:56Z</time>
      </trkpt>
      <trkpt lat="37.7596" lon="-122.44792">
        <ele>182.0</ele>
        <time>2024-12-26T19:12:01Z</time>
      </trkpt>
      <trkpt lat="37.75965" lon="-122.44789">
        <ele>182.0</ele>
        <time>2024-12-26T19:12:07Z</time>
      </trkpt>
      <trkpt lat="37.7597" lon="-122.44786">
        <ele>182.0</ele>
        <time>2024-12-26T19:12:11Z</time>
      </trkpt>
      <trkpt lat="37.75975" lon="-122.44783">
        <ele>182.13</ele>
        <time>2024-12-26T19:12:16Z</time>
      </trkpt>
      <trkpt lat="37.7598" lon="-122.4478">
        <ele>182.64</ele>
        <time>2024-12-26T19:12:22Z</time>
      </trkpt>
      <trkpt lat="37.75985" lon="-122.44777">
        <ele>182.74</ele>
        <time>2024-12-26T19:12:35Z</time>
      </trkpt>
      <trkpt lat="37.7599" lon="-122.44774">
        <ele>182.86</ele>
        <time>2024-12-26T19:12:40Z</time>
      </trkpt>
      <trkpt lat="37.75994" lon="-122.44772">
        <ele>182.81</ele>
        <time>2024-12-26T19:12:46Z</time>
      </trkpt>
      <trkpt lat="37.75996" lon="-122.44774">
        <ele>182.35</ele>
        <time>2024-12-26T19:12:54Z</time>
      </trkpt>
      <trkpt lat="37.75999" lon="-122.4477">
        <ele>182.18</ele>
        <time>2024-12-26T19:14:26Z</time>
      </trkpt>
      <trkpt lat="37.76003" lon="-122.44771">
        <ele>181.09</ele>
        <time>2024-12-26T19:14:41Z</time>
      </trkpt>
      <trkpt lat="37.76" lon="-122.44766">
        <ele>181.73</ele>
        <time>2024-12-26T19:15:15Z</time>
      </trkpt>
      <trkpt lat="37.75997" lon="-122.4477">
        <ele>182.54</ele>
        <time>2024-12-26T19:15:32Z</time>
      </trkpt>
      <trkpt lat="37.75991" lon="-122.44773">
        <ele>183.0</ele>
        <time>2024-12-26T19:18:05Z</time>
      </trkpt>
      <trkpt lat="37.75987" lon="-122.44776">
        <ele>182.71</ele>
        <time>2024-12-26T19:18:10Z</time>
      </trkpt>
      <trkpt lat="37.75984" lon="-122.44779">
        <ele>182.56</ele>
        <time>2024-12-26T19:18:14Z</time>
      </trkpt>
      <trkpt lat="37.7598" lon="-122.44783">
        <ele>182.37</ele>
        <time>2024-12-26T19:18:18Z</time>
      </trkpt>
      <trkpt lat="37.75975" lon="-122.44785">
        <ele>182.07</ele>
        <time>2024-12-26T19:18:22Z</time>
      </trkpt>
      <trkpt lat="37.75971" lon="-122.44786">
        <ele>182.0</ele>
        <time>2024-12-26T19:18:26Z</time>
      </trkpt>
      <trkpt lat="37.75966" lon="-122.44789">
        <ele>182.0</ele>
        <time>2024-12-26T19:18:29Z</time>
      </trkpt>
      <trkpt lat="37.75962" lon="-122.44791">
        <ele>182.0</ele>
        <time>2024-12-26T19:18:33Z</time>
      </trkpt>
      <trkpt lat="37.75956" lon="-122.44792">
        <ele>182.0</ele>
        <time>2024-12-26T19:18:37Z</time>
      </trkpt>
      <trkpt lat="37.7595" lon="-122.44792">
        <ele>182.0</ele>
        <time>2024-12-26T19:18:41Z</time>
      </trkpt>
      <trkpt lat="37.75945" lon="-122.44793">
        <ele>182.0</ele>
        <time>2024-12-26T19:18:45Z</time>
      </trkpt>
      <trkpt lat="37.7594" lon="-122.44794">
        <ele>181.52</ele>
        <time>2024-12-26T19:18:49Z</time>
      </trkpt>
      <trkpt lat="37.75935" lon="-122.44796">
        <ele>181.71</ele>
        <time>2024-12-26T19:18:54Z</time>
      </trkpt>
      <trkpt lat="37.75929" lon="-122.44798">
        <ele>177.15</ele>
        <time>2024-12-26T19:18:59Z</time>
      </trkpt>
      <trkpt lat="37.75925" lon="-122.44804">
        <ele>177.08</ele>
        <time>2024-12-26T19:19:05Z</time>
      </trkpt>
      <trkpt lat="37.75924" lon="-122.4481">
        <ele>177.86</ele>
        <time>2024-12-26T19:19:09Z</time>
      </trkpt>
      <trkpt lat="37.75919" lon="-122.44811">
        <ele>176.34</ele>
        <time>2024-12-26T19:19:22Z</time>
      </trkpt>
      <trkpt lat="37.75914" lon="-122.44815">
        <ele>176.31</ele>
        <time>2024-12-26T19:19:41Z</time>
      </trkpt>
      <trkpt lat="37.75913" lon="-122.44823">
        <ele>177.28</ele>
        <time>2024-12-26T19:19:44Z</time>
      </trkpt>
      <trkpt lat="37.75912" lon="-122.4483">
        <ele>178.46</ele>
        <time>2024-12-26T19:19:46Z</time>
      </trkpt>
      <trkpt lat="37.75911" lon="-122.44837">
        <ele>179.4</ele>
        <time>2024-12-26T19:19:48Z</time>
      </trkpt>
      <trkpt lat="37.75911" lon="-122.44844">
        <ele>180.0</ele>
        <time>2024-12-26T19:19:50Z</time>
      </trkpt>
      <trkpt lat="37.7591" lon="-122.44852">
        <ele>180.02</ele>
        <time>2024-12-26T19:19:57Z</time>
      </trkpt>
      <trkpt lat="37.75908" lon="-122.44859">
        <ele>180.77</ele>
        <time>2024-12-26T19:20:04Z</time>
      </trkpt>
      <trkpt lat="37.75902" lon="-122.44859">
        <ele>180.91</ele>
        <time>2024-12-26T19:20:33Z</time>
      </trkpt>
      <trkpt lat="37.75897" lon="-122.44859">
        <ele>181.12</ele>
        <time>2024-12-26T19:20:38Z</time>
      </trkpt>
      <trkpt lat="37.75891" lon="-122.44859">
        <ele>181.77</ele>
        <time>2024-12-26T19:20:46Z</time>
      </trkpt>
      <trkpt lat="37.75886" lon="-122.44861">
        <ele>182.31</ele>
        <time>2024-12-26T19:20:59Z</time>
      </trkpt>
      <trkpt lat="37.75877" lon="-122.4486">
        <ele>183.25</ele>
        <time>2024-12-26T19:21:02Z</time>
      </trkpt>
      <trkpt lat="37.75871" lon="-122.44859">
        <ele>183.72</ele>
        <time>2024-12-26T19:21:06Z</time>
      </trkpt>
      <trkpt lat="37.75866" lon="-122.44859">
        <ele>183.88</ele>
        <time>2024-12-26T19:21:10Z</time>
      </trkpt>
      <trkpt lat="37.75861" lon="-122.44858">
        <ele>184.01</ele>
        <time>2024-12-26T19:21:15Z</time>
      </trkpt>
      <trkpt lat="37.75853" lon="-122.44857">
        <ele>184.49</ele>
        <time>2024-12-26T19:21:20Z</time>
      </trkpt>
      <trkpt lat="37.75849" lon="-122.44852">
        <ele>184.33</ele>
        <time>2024-12-26T19:21:26Z</time>
      </trkpt>
      <trkpt lat="37.75849" lon="-122.44844">
        <ele>184.31</ele>
        <time>2024-12-26T19:21:30Z</time>
      </trkpt>
      <trkpt lat="37.75844" lon="-122.4484">
        <ele>184.29</ele>
        <time>2024-12-26T19:21:36Z</time>
      </trkpt>
      <trkpt lat="37.75838" lon="-122.4484">
        <ele>184.72</ele>
        <time>2024-12-26T19:21:43Z</time>
      </trkpt>
      <trkpt lat="37.75833" lon="-122.44837">
        <ele>185.04</ele>
        <time>2024-12-26T19:21:48Z</time>
      </trkpt>
      <trkpt lat="37.75827" lon="-122.44835">
        <ele>185.68</ele>
        <time>2024-12-26T19:21:53Z</time>
      </trkpt>
      <trkpt lat="37.75822" lon="-122.44835">
        <ele>186.04</ele>
        <time>2024-12-26T19:21:57Z</time>
      </trkpt>
      <trkpt lat="37.75817" lon="-122.44833">
        <ele>185.94</ele>
        <time>2024-12-26T19:22:02Z</time>
      </trkpt>
      <trkpt lat="37.75812" lon="-122.4483">
        <ele>186.05</ele>
        <time>2024-12-26T19:22:07Z</time>
      </trkpt>
      <trkpt lat="37.75806" lon="-122.44828">
        <ele>186.92</ele>
        <time>2024-12-26T19:22:12Z</time>
      </trkpt>
      <trkpt lat="37.75801" lon="-122.44827">
        <ele>187.49</ele>
        <time>2024-12-26T19:22:17Z</time>
      </trkpt>
      <trkpt lat="37.75796" lon="-122.44823">
        <ele>187.92</ele>
        <time>2024-12-26T19:22:22Z</time>
      </trkpt>
      <trkpt lat="37.75791" lon="-122.44819">
        <ele>188.34</ele>
        <time>2024-12-26T19:22:27Z</time>
      </trkpt>
      <trkpt lat="37.75787" lon="-122.44815">
        <ele>189.0</ele>
        <time>2024-12-26T19:22:33Z</time>
      </trkpt>
      <trkpt lat="37.75783" lon="-122.4481">
        <ele>189.44</ele>
        <time>2024-12-26T19:22:38Z</time>
      </trkpt>
      <trkpt lat="37.75778" lon="-122.44806">
        <ele>189.98</ele>
        <time>2024-12-26T19:22:43Z</time>
      </trkpt>
      <trkpt lat="37.75774" lon="-122.44803">
        <ele>190.36</ele>
        <time>2024-12-26T19:22:48Z</time>
      </trkpt>
      <trkpt lat="37.75768" lon="-122.448">
        <ele>191.64</ele>
        <time>2024-12-26T19:22:54Z</time>
      </trkpt>
      <trkpt lat="37.75764" lon="-122.44795">
        <ele>191.86</ele>
        <time>2024-12-26T19:23:01Z</time>
      </trkpt>
      <trkpt lat="37.7576" lon="-122.4479">
        <ele>191.89</ele>
        <time>2024-12-26T19:23:08Z</time>
      </trkpt>
      <trkpt lat="37.75756" lon="-122.44785">
        <ele>191.92</ele>
        <time>2024-12-26T19:23:14Z</time>
      </trkpt>
      <trkpt lat="37.75751" lon="-122.4478">
        <ele>192.65</ele>
        <time>2024-12-26T19:23:20Z</time>
      </trkpt>
      <trkpt lat="37.75745" lon="-122.44777">
        <ele>194.0</ele>
        <time>2024-12-26T19:23:26Z</time>
      </trkpt>
      <trkpt lat="37.7574" lon="-122.44774">
        <ele>195.03</ele>
        <time>2024-12-26T19:23:32Z</time>
      </trkpt>
      <trkpt lat="37.75737" lon="-122.44768">
        <ele>195.3</ele>
        <time>2024-12-26T19:23:38Z</time>
      </trkpt>
      <trkpt lat="37.75732" lon="-122.44764">
        <ele>195.86</ele>
        <time>2024-12-26T19:23:44Z</time>
      </trkpt>
      <trkpt lat="37.75728" lon="-122.4476">
        <ele>196.38</ele>
        <time>2024-12-26T19:23:50Z</time>
      </trkpt>
      <trkpt lat="37.75723" lon="-122.44756">
        <ele>197.21</ele>
        <time>2024-12-26T19:23:55Z</time>
      </trkpt>
      <trkpt lat="37.75719" lon="-122.44752">
        <ele>198.21</ele>
        <time>2024-12-26T19:24:00Z</time>
      </trkpt>
      <trkpt lat="37.75716" lon="-122.44748">
        <ele>198.67</ele>
        <time>2024-12-26T19:24:05Z</time>
      </trkpt>
      <trkpt lat="37.75714" lon="-122.44742">
        <ele>198.89</ele>
        <time>2024-12-26T19:24:09Z</time>
      </trkpt>
      <trkpt lat="37.75712" lon="-122.44738">
        <ele>199.44</ele>
        <time>2024-12-26T19:24:12Z</time>
      </trkpt>
      <trkpt lat="37.7571" lon="-122.44735">
        <ele>199.86</ele>
        <time>2024-12-26T19:24:15Z</time>
      </trkpt>
      <trkpt lat="37.75708" lon="-122.44731">
        <ele>199.98</ele>
        <time>2024-12-26T19:24:17Z</time>
      </trkpt>
      <trkpt lat="37.75706" lon="-122.44729">
        <ele>200.07</ele>
        <time>2024-12-26T19:24:20Z</time>
      </trkpt>
      <trkpt lat="37.75704" lon="-122.44725">
        <ele>200.63</ele>
        <time>2024-12-26T19:24:23Z</time>
      </trkpt>
      <trkpt lat="37.75702" lon="-122.44722">
        <ele>200.97</ele>
        <time>2024-12-26T19:24:26Z</time>
      </trkpt>
      <trkpt lat="37.757" lon="-122.44719">
        <ele>200.72</ele>
        <time>2024-12-26T19:24:29Z</time>
      </trkpt>
      <trkpt lat="37.75698" lon="-122.44717">
        <ele>200.91</ele>
        <time>2024-12-26T19:25:02Z</time>
      </trkpt>
      <trkpt lat="37.75694" lon="-122.44715">
        <ele>201.87</ele>
        <time>2024-12-26T19:26:35Z</time>
      </trkpt>
      <trkpt lat="37.75691" lon="-122.44712">
        <ele>202.24</ele>
        <time>2024-12-26T19:26:39Z</time>
      </trkpt>
      <trkpt lat="37.75688" lon="-122.44709">
        <ele>202.44</ele>
        <time>2024-12-26T19:26:42Z</time>
      </trkpt>
      <trkpt lat="37.75684" lon="-122.44707">
        <ele>203.13</ele>
        <time>2024-12-26T19:26:45Z</time>
      </trkpt>
      <trkpt lat="37.75681" lon="-122.44704">
        <ele>203.45</ele>
        <time>2024-12-26T19:26:48Z</time>
      </trkpt>
      <trkpt lat="37.75676" lon="-122.44702">
        <ele>203.62</ele>
        <time>2024-12-26T19:26:51Z</time>
      </trkpt>
      <trkpt lat="37.75672" lon="-122.44701">
        <ele>204.09</ele>
        <time>2024-12-26T19:26:54Z</time>
      </trkpt>
      <trkpt lat="37.75669" lon="-122.44699">
        <ele>204.49</ele>
        <time>2024-12-26T19:26:57Z</time>
      </trkpt>
      <trkpt lat="37.75666" lon="-122.44697">
        <ele>205.07</ele>
        <time>2024-12-26T19:27:00Z</time>
      </trkpt>
      <trkpt lat="37.75662" lon="-122.44695">
        <ele>205.5</ele>
        <time>2024-12-26T19:27:03Z</time>
      </trkpt>
      <trkpt lat="37.7566" lon="-122.44693">
        <ele>205.56</ele>
        <time>2024-12-26T19:27:06Z</time>
      </trkpt>
      <trkpt lat="37.75658" lon="-122.4469">
        <ele>205.46</ele>
        <time>2024-12-26T19:27:10Z</time>
      </trkpt>
      <trkpt lat="37.75655" lon="-122.44687">
        <ele>205.67</ele>
        <time>2024-12-26T19:27:13Z</time>
      </trkpt>
      <trkpt lat="37.75652" lon="-122.44684">
        <ele>206.17</ele>
        <time>2024-12-26T19:27:16Z</time>
      </trkpt>
      <trkpt lat="37.7565" lon="-122.44683">
        <ele>206.6</ele>
        <time>2024-12-26T19:27:18Z</time>
      </trkpt>
      <trkpt lat="37.75646" lon="-122.44681">
        <ele>207.34</ele>
        <time>2024-12-26T19:27:21Z</time>
      </trkpt>
      <trkpt lat="37.75643" lon="-122.4468">
        <ele>207.87</ele>
        <time>2024-12-26T19:27:24Z</time>
      </trkpt>
      <trkpt lat="37.7564" lon="-122.44679">
        <ele>208.47</ele>
        <time>2024-12-26T19:27:28Z</time>
      </trkpt>
      <trkpt lat="37.75637" lon="-122.44676">
        <ele>208.99</ele>
        <time>2024-12-26T19:27:33Z</time>
      </trkpt>
      <trkpt lat="37.75634" lon="-122.44673">
        <ele>209.32</ele>
        <time>2024-12-26T19:27:36Z</time>
      </trkpt>
      <trkpt lat="37.75631" lon="-122.44671">
        <ele>209.53</ele>
        <time>2024-12-26T19:27:40Z</time>
      </trkpt>
      <trkpt lat="37.75629" lon="-122.44668">
        <ele>209.88</ele>
        <time>2024-12-26T19:27:43Z</time>
      </trkpt>
      <trkpt lat="37.75626" lon="-122.44666">
        <ele>210.07</ele>
        <time>2024-12-26T19:27:46Z</time>
      </trkpt>
      <trkpt lat="37.75623" lon="-122.44665">
        <ele>210.18</ele>
        <time>2024-12-26T19:27:49Z</time>
      </trkpt>
      <trkpt lat="37.7562" lon="-122.44662">
        <ele>210.56</ele>
        <time>2024-12-26T19:27:52Z</time>
      </trkpt>
      <trkpt lat="37.75618" lon="-122.44658">
        <ele>210.99</ele>
        <time>2024-12-26T19:27:55Z</time>
      </trkpt>
      <trkpt lat="37.75616" lon="-122.44655">
        <ele>211.12</ele>
        <time>2024-12-26T19:27:58Z</time>
      </trkpt>
      <trkpt lat="37.75613" lon="-122.44652">
        <ele>211.46</ele>
        <time>2024-12-26T19:28:01Z</time>
      </trkpt>
      <trkpt lat="37.75611" lon="-122.44649">
        <ele>211.91</ele>
        <time>2024-12-26T19:28:04Z</time>
      </trkpt>
      <trkpt lat="37.75608" lon="-122.44646">
        <ele>212.23</ele>
        <time>2024-12-26T19:28:07Z</time>
      </trkpt>
      <trkpt lat="37.75606" lon="-122.44644">
        <ele>212.45</ele>
        <time>2024-12-26T19:28:11Z</time>
      </trkpt>
      <trkpt lat="37.75603" lon="-122.44641">
        <ele>212.77</ele>
        <time>2024-12-26T19:28:15Z</time>
      </trkpt>
      <trkpt lat="37.756" lon="-122.4464">
        <ele>212.98</ele>
        <time>2024-12-26T19:28:18Z</time>
      </trkpt>
      <trkpt lat="37.75598" lon="-122.44638">
        <ele>213.1</ele>
        <time>2024-12-26T19:28:21Z</time>
      </trkpt>
      <trkpt lat="37.75596" lon="-122.44635">
        <ele>213.42</ele>
        <time>2024-12-26T19:28:24Z</time>
      </trkpt>
      <trkpt lat="37.75593" lon="-122.44633">
        <ele>213.64</ele>
        <time>2024-12-26T19:28:27Z</time>
      </trkpt>
      <trkpt lat="37.7559" lon="-122.44632">
        <ele>214.1</ele>
        <time>2024-12-26T19:28:30Z</time>
      </trkpt>
      <trkpt lat="37.75587" lon="-122.44629">
        <ele>214.63</ele>
        <time>2024-12-26T19:28:33Z</time>
      </trkpt>
      <trkpt lat="37.75585" lon="-122.44626">
        <ele>214.89</ele>
        <time>2024-12-26T19:28:36Z</time>
      </trkpt>
      <trkpt lat="37.75584" lon="-122.44621">
        <ele>215.0</ele>
        <time>2024-12-26T19:28:39Z</time>
      </trkpt>
      <trkpt lat="37.75584" lon="-122.44618">
        <ele>215.26</ele>
        <time>2024-12-26T19:28:42Z</time>
      </trkpt>
      <trkpt lat="37.75583" lon="-122.44614">
        <ele>215.88</ele>
        <time>2024-12-26T19:28:45Z</time>
      </trkpt>
      <trkpt lat="37.75583" lon="-122.4461">
        <ele>216.19</ele>
        <time>2024-12-26T19:28:48Z</time>
      </trkpt>
      <trkpt lat="37.75583" lon="-122.44607">
        <ele>216.23</ele>
        <time>2024-12-26T19:28:51Z</time>
      </trkpt>
      <trkpt lat="37.75584" lon="-122.44602">
        <ele>216.07</ele>
        <time>2024-12-26T19:28:54Z</time>
      </trkpt>
      <trkpt lat="37.75585" lon="-122.44598">
        <ele>216.86</ele>
        <time>2024-12-26T19:28:57Z</time>
      </trkpt>
      <trkpt lat="37.75586" lon="-122.44594">
        <ele>217.5</ele>
        <time>2024-12-26T19:29:00Z</time>
      </trkpt>
      <trkpt lat="37.75587" lon="-122.4459">
        <ele>218.22</ele>
        <time>2024-12-26T19:29:03Z</time>
      </trkpt>
      <trkpt lat="37.75589" lon="-122.44586">
        <ele>218.65</ele>
        <time>2024-12-26T19:29:06Z</time>
      </trkpt>
      <trkpt lat="37.75591" lon="-122.44583">
        <ele>218.54</ele>
        <time>2024-12-26T19:29:09Z</time>
      </trkpt>
      <trkpt lat="37.75592" lon="-122.44579">
        <ele>218.31</ele>
        <time>2024-12-26T19:29:12Z</time>
      </trkpt>
      <trkpt lat="37.75593" lon="-122.44575">
        <ele>218.04</ele>
        <time>2024-12-26T19:29:15Z</time>
      </trkpt>
      <trkpt lat="37.75594" lon="-122.44572">
        <ele>218.57</ele>
        <time>2024-12-26T19:29:18Z</time>
      </trkpt>
      <trkpt lat="37.75595" lon="-122.44568">
        <ele>219.4</ele>
        <time>2024-12-26T19:29:21Z</time>
      </trkpt>
      <trkpt lat="37.75596" lon="-122.44564">
        <ele>220.11</ele>
        <time>2024-12-26T19:29:24Z</time>
      </trkpt>
      <trkpt lat="37.75597" lon="-122.4456">
        <ele>220.54</ele>
        <time>2024-12-26T19:29:28Z</time>
      </trkpt>
      <trkpt lat="37.75598" lon="-122.44556">
        <ele>220.79</ele>
        <time>2024-12-26T19:29:31Z</time>
      </trkpt>
      <trkpt lat="37.75598" lon="-122.44551">
        <ele>221.32</ele>
        <time>2024-12-26T19:29:34Z</time>
      </trkpt>
      <trkpt lat="37.75598" lon="-122.44547">
        <ele>221.76</ele>
        <time>2024-12-26T19:29:37Z</time>
      </trkpt>
      <trkpt lat="37.75597" lon="-122.44543">
        <ele>221.67</ele>
        <time>2024-12-26T19:29:40Z</time>
      </trkpt>
      <trkpt lat="37.75597" lon="-122.4454">
        <ele>221.34</ele>
        <time>2024-12-26T19:29:43Z</time>
      </trkpt>
      <trkpt lat="37.75596" lon="-122.44536">
        <ele>221.11</ele>
        <time>2024-12-26T19:29:46Z</time>
      </trkpt>
      <trkpt lat="37.75595" lon="-122.44533">
        <ele>221.44</ele>
        <time>2024-12-26T19:29:49Z</time>
      </trkpt>
      <trkpt lat="37.75593" lon="-122.4453">
        <ele>221.76</ele>
        <time>2024-12-26T19:29:52Z</time>
      </trkpt>
      <trkpt lat="37.75591" lon="-122.44527">
        <ele>222.24</ele>
        <time>2024-12-26T19:29:55Z</time>
      </trkpt>
      <trkpt lat="37.75588" lon="-122.44525">
        <ele>222.65</ele>
        <time>2024-12-26T19:29:58Z</time>
      </trkpt>
      <trkpt lat="37.75585" lon="-122.44524">
        <ele>222.89</ele>
        <time>2024-12-26T19:30:01Z</time>
      </trkpt>
      <trkpt lat="37.75582" lon="-122.44523">
        <ele>222.93</ele>
        <time>2024-12-26T19:30:04Z</time>
      </trkpt>
      <trkpt lat="37.75579" lon="-122.44522">
        <ele>222.71</ele>
        <time>2024-12-26T19:30:07Z</time>
      </trkpt>
      <trkpt lat="37.75576" lon="-122.44523">
        <ele>222.59</ele>
        <time>2024-12-26T19:30:10Z</time>
      </trkpt>
      <trkpt lat="37.75573" lon="-122.44524">
        <ele>222.52</ele>
        <time>2024-12-26T19:30:13Z</time>
      </trkpt>
      <trkpt lat="37.7557" lon="-122.44527">
        <ele>223.21</ele>
        <time>2024-12-26T19:30:16Z</time>
      </trkpt>
      <trkpt lat="37.75567" lon="-122.44529">
        <ele>223.76</ele>
        <time>2024-12-26T19:30:19Z</time>
      </trkpt>
      <trkpt lat="37.75565" lon="-122.44532">
        <ele>223.98</ele>
        <time>2024-12-26T19:30:22Z</time>
      </trkpt>
      <trkpt lat="37.75563" lon="-122.44535">
        <ele>223.87</ele>
        <time>2024-12-26T19:30:25Z</time>
      </trkpt>
      <trkpt lat="37.75561" lon="-122.44538">
        <ele>224.1</ele>
        <time>2024-12-26T19:30:28Z</time>
      </trkpt>
      <trkpt lat="37.7556" lon="-122.44541">
        <ele>224.43</ele>
        <time>2024-12-26T19:30:31Z</time>
      </trkpt>
      <trkpt lat="37.75559" lon="-122.44544">
        <ele>224.75</ele>
        <time>2024-12-26T19:30:33Z</time>
      </trkpt>
      <trkpt lat="37.75558" lon="-122.44549">
        <ele>225.21</ele>
        <time>2024-12-26T19:30:36Z</time>
      </trkpt>
      <trkpt lat="37.75558" lon="-122.44553">
        <ele>225.53</ele>
        <time>2024-12-26T19:30:39Z</time>
      </trkpt>
      <trkpt lat="37.75557" lon="-122.44556">
        <ele>225.85</ele>
        <time>2024-12-26T19:30:42Z</time>
      </trkpt>
      <trkpt lat="37.75555" lon="-122.4456">
        <ele>226.06</ele>
        <time>2024-12-26T19:30:45Z</time>
      </trkpt>
      <trkpt lat="37.75554" lon="-122.44564">
        <ele>226.31</ele>
        <time>2024-12-26T19:30:48Z</time>
      </trkpt>
      <trkpt lat="37.75553" lon="-122.44569">
        <ele>227.0</ele>
        <time>2024-12-26T19:30:51Z</time>
      </trkpt>
      <trkpt lat="37.75552" lon="-122.44573">
        <ele>227.65</ele>
        <time>2024-12-26T19:30:54Z</time>
      </trkpt>
      <trkpt lat="37.75551" lon="-122.44577">
        <ele>228.46</ele>
        <time>2024-12-26T19:30:57Z</time>
      </trkpt>
      <trkpt lat="37.75551" lon="-122.44581">
        <ele>229.1</ele>
        <time>2024-12-26T19:31:00Z</time>
      </trkpt>
      <trkpt lat="37.7555" lon="-122.44586">
        <ele>229.92</ele>
        <time>2024-12-26T19:31:03Z</time>
      </trkpt>
      <trkpt lat="37.7555" lon="-122.44591">
        <ele>230.13</ele>
        <time>2024-12-26T19:31:06Z</time>
      </trkpt>
      <trkpt lat="37.7555" lon="-122.44595">
        <ele>230.2</ele>
        <time>2024-12-26T19:31:09Z</time>
      </trkpt>
      <trkpt lat="37.75549" lon="-122.44599">
        <ele>230.42</ele>
        <time>2024-12-26T19:31:12Z</time>
      </trkpt>
      <trkpt lat="37.75549" lon="-122.44604">
        <ele>230.48</ele>
        <time>2024-12-26T19:31:15Z</time>
      </trkpt>
      <trkpt lat="37.75548" lon="-122.44608">
        <ele>230.75</ele>
        <time>2024-12-26T19:31:18Z</time>
      </trkpt>
      <trkpt lat="37.75547" lon="-122.44612">
        <ele>230.93</ele>
        <time>2024-12-26T19:31:21Z</time>
      </trkpt>
      <trkpt lat="37.75546" lon="-122.44616">
        <ele>231.3</ele>
        <time>2024-12-26T19:31:24Z</time>
      </trkpt>
      <trkpt lat="37.75546" lon="-122.44621">
        <ele>231.35</ele>
        <time>2024-12-26T19:31:27Z</time>
      </trkpt>
      <trkpt lat="37.75546" lon="-122.44625">
        <ele>231.72</ele>
        <time>2024-12-26T19:31:30Z</time>
      </trkpt>
      <trkpt lat="37.75545" lon="-122.4463">
        <ele>232.68</ele>
        <time>2024-12-26T19:31:33Z</time>
      </trkpt>
      <trkpt lat="37.75543" lon="-122.44633">
        <ele>233.39</ele>
        <time>2024-12-26T19:31:36Z</time>
      </trkpt>
      <trkpt lat="37.75541" lon="-122.44637">
        <ele>233.49</ele>
        <time>2024-12-26T19:31:39Z</time>
      </trkpt>
      <trkpt lat="37.7554" lon="-122.44641">
        <ele>233.43</ele>
        <time>2024-12-26T19:31:42Z</time>
      </trkpt>
      <trkpt lat="37.75539" lon="-122.44646">
        <ele>233.74</ele>
        <time>2024-12-26T19:31:45Z</time>
      </trkpt>
      <trkpt lat="37.75538" lon="-122.4465">
        <ele>233.92</ele>
        <time>2024-12-26T19:31:48Z</time>
      </trkpt>
      <trkpt lat="37.75538" lon="-122.44655">
        <ele>233.97</ele>
        <time>2024-12-26T19:31:51Z</time>
      </trkpt>
      <trkpt lat="37.75537" lon="-122.44659">
        <ele>234.21</ele>
        <time>2024-12-26T19:31:54Z</time>
      </trkpt>
      <trkpt lat="37.75536" lon="-122.44664">
        <ele>235.67</ele>
        <time>2024-12-26T19:31:58Z</time>
      </trkpt>
      <trkpt lat="37.75536" lon="-122.44667">
        <ele>235.9</ele>
        <time>2024-12-26T19:32:00Z</time>
      </trkpt>
      <trkpt lat="37.75536" lon="-122.44672">
        <ele>235.96</ele>
        <time>2024-12-26T19:32:03Z</time>
      </trkpt>
      <trkpt lat="37.75536" lon="-122.44676">
        <ele>236.02</ele>
        <time>2024-12-26T19:32:06Z</time>
      </trkpt>
      <trkpt lat="37.75536" lon="-122.44681">
        <ele>236.56</ele>
        <time>2024-12-26T19:32:09Z</time>
      </trkpt>
      <trkpt lat="37.75537" lon="-122.44686">
        <ele>236.12</ele>
        <time>2024-12-26T19:32:12Z</time>
      </trkpt>
      <trkpt lat="37.75539" lon="-122.44689">
        <ele>236.54</ele>
        <time>2024-12-26T19:32:15Z</time>
      </trkpt>
      <trkpt lat="37.7554" lon="-122.44693">
        <ele>236.89</ele>
        <time>2024-12-26T19:32:18Z</time>
      </trkpt>
      <trkpt lat="37.75542" lon="-122.44697">
        <ele>237.64</ele>
        <time>2024-12-26T19:32:21Z</time>
      </trkpt>
      <trkpt lat="37.75544" lon="-122.44701">
        <ele>237.88</ele>
        <time>2024-12-26T19:32:24Z</time>
      </trkpt>
      <trkpt lat="37.75545" lon="-122.44704">
        <ele>237.76</ele>
        <time>2024-12-26T19:32:27Z</time>
      </trkpt>
      <trkpt lat="37.75547" lon="-122.44708">
        <ele>237.89</ele>
        <time>2024-12-26T19:32:30Z</time>
      </trkpt>
      <trkpt lat="37.75549" lon="-122.44711">
        <ele>238.35</ele>
        <time>2024-12-26T19:32:33Z</time>
      </trkpt>
      <trkpt lat="37.75551" lon="-122.44715">
        <ele>239.14</ele>
        <time>2024-12-26T19:32:36Z</time>
      </trkpt>
      <trkpt lat="37.75554" lon="-122.44718">
        <ele>239.08</ele>
        <time>2024-12-26T19:32:39Z</time>
      </trkpt>
      <trkpt lat="37.75557" lon="-122.44721">
        <ele>238.87</ele>
        <time>2024-12-26T19:32:42Z</time>
      </trkpt>
      <trkpt lat="37.75559" lon="-122.44725">
        <ele>239.68</ele>
        <time>2024-12-26T19:32:45Z</time>
      </trkpt>
      <trkpt lat="37.75561" lon="-122.44728">
        <ele>240.14</ele>
        <time>2024-12-26T19:32:48Z</time>
      </trkpt>
      <trkpt lat="37.75563" lon="-122.44731">
        <ele>240.32</ele>
        <time>2024-12-26T19:32:51Z</time>
      </trkpt>
      <trkpt lat="37.75566" lon="-122.44735">
        <ele>240.79</ele>
        <time>2024-12-26T19:32:54Z</time>
      </trkpt>
      <trkpt lat="37.75568" lon="-122.44739">
        <ele>241.41</ele>
        <time>2024-12-26T19:32:57Z</time>
      </trkpt>
      <trkpt lat="37.7557" lon="-122.44742">
        <ele>241.64</ele>
        <time>2024-12-26T19:33:00Z</time>
      </trkpt>
      <trkpt lat="37.75572" lon="-122.44747">
        <ele>242.05</ele>
        <time>2024-12-26T19:33:03Z</time>
      </trkpt>
      <trkpt lat="37.75574" lon="-122.4475">
        <ele>242.02</ele>
        <time>2024-12-26T19:33:06Z</time>
      </trkpt>
      <trkpt lat="37.75577" lon="-122.44754">
        <ele>242.14</ele>
        <time>2024-12-26T19:33:09Z</time>
      </trkpt>
      <trkpt lat="37.75578" lon="-122.44757">
        <ele>242.32</ele>
        <time>2024-12-26T19:33:12Z</time>
      </trkpt>
      <trkpt lat="37.7558" lon="-122.44762">
        <ele>242.85</ele>
        <time>2024-12-26T19:33:15Z</time>
      </trkpt>
      <trkpt lat="37.75581" lon="-122.44766">
        <ele>243.11</ele>
        <time>2024-12-26T19:33:18Z</time>
      </trkpt>
      <trkpt lat="37.75581" lon="-122.4477">
        <ele>243.45</ele>
        <time>2024-12-26T19:33:20Z</time>
      </trkpt>
      <trkpt lat="37.7558" lon="-122.44774">
        <ele>244.17</ele>
        <time>2024-12-26T19:33:23Z</time>
      </trkpt>
      <trkpt lat="37.75581" lon="-122.44779">
        <ele>244.47</ele>
        <time>2024-12-26T19:33:26Z</time>
      </trkpt>
      <trkpt lat="37.75581" lon="-122.44783">
        <ele>244.36</ele>
        <time>2024-12-26T19:33:29Z</time>
      </trkpt>
      <trkpt lat="37.75583" lon="-122.44788">
        <ele>244.14</ele>
        <time>2024-12-26T19:33:32Z</time>
      </trkpt>
      <trkpt lat="37.75583" lon="-122.44792">
        <ele>244.55</ele>
        <time>2024-12-26T19:33:35Z</time>
      </trkpt>
      <trkpt lat="37.75584" lon="-122.44796">
        <ele>244.9</ele>
        <time>2024-12-26T19:33:38Z</time>
      </trkpt>
      <trkpt lat="37.75581" lon="-122.44798">
        <ele>245.05</ele>
        <time>2024-12-26T19:34:02Z</time>
      </trkpt>
      <trkpt lat="37.75584" lon="-122.44797">
        <ele>244.91</ele>
        <time>2024-12-26T19:35:51Z</time>
      </trkpt>
      <trkpt lat="37.75581" lon="-122.44799">
        <ele>245.07</ele>
        <time>2024-12-26T19:35:58Z</time>
      </trkpt>
      <trkpt lat="37.75577" lon="-122.448">
        <ele>245.27</ele>
        <time>2024-12-26T19:36:01Z</time>
      </trkpt>
      <trkpt lat="37.75573" lon="-122.44801">
        <ele>245.57</ele>
        <time>2024-12-26T19:36:04Z</time>
      </trkpt>
      <trkpt lat="37.7557" lon="-122.44802">
        <ele>245.78</ele>
        <time>2024-12-26T19:36:07Z</time>
      </trkpt>
      <trkpt lat="37.75566" lon="-122.44803">
        <ele>245.96</ele>
        <time>2024-12-26T19:36:10Z</time>
      </trkpt>
      <trkpt lat="37.75564" lon="-122.44803">
        <ele>246.09</ele>
        <time>2024-12-26T19:36:12Z</time>
      </trkpt>
      <trkpt lat="37.7556" lon="-122.44803">
        <ele>246.52</ele>
        <time>2024-12-26T19:36:15Z</time>
      </trkpt>
      <trkpt lat="37.75556" lon="-122.44802">
        <ele>246.95</ele>
        <time>2024-12-26T19:36:18Z</time>
      </trkpt>
      <trkpt lat="37.75553" lon="-122.44801">
        <ele>247.14</ele>
        <time>2024-12-26T19:36:21Z</time>
      </trkpt>
      <trkpt lat="37.75549" lon="-122.448">
        <ele>247.42</ele>
        <time>2024-12-26T19:36:24Z</time>
      </trkpt>
      <trkpt lat="37.75546" lon="-122.44799">
        <ele>247.73</ele>
        <time>2024-12-26T19:36:27Z</time>
      </trkpt>
      <trkpt lat="37.75542" lon="-122.44798">
        <ele>247.99</ele>
        <time>2024-12-26T19:36:30Z</time>
      </trkpt>
      <trkpt lat="37.75539" lon="-122.44797">
        <ele>248.04</ele>
        <time>2024-12-26T19:36:33Z</time>
      </trkpt>
      <trkpt lat="37.75535" lon="-122.44796">
        <ele>248.22</ele>
        <time>2024-12-26T19:36:36Z</time>
      </trkpt>
      <trkpt lat="37.75532" lon="-122.44794">
        <ele>248.54</ele>
        <time>2024-12-26T19:36:39Z</time>
      </trkpt>
      <trkpt lat="37.75528" lon="-122.44794">
        <ele>248.98</ele>
        <time>2024-12-26T19:36:42Z</time>
      </trkpt>
      <trkpt lat="37.75525" lon="-122.44794">
        <ele>249.3</ele>
        <time>2024-12-26T19:36:45Z</time>
      </trkpt>
      <trkpt lat="37.75522" lon="-122.44792">
        <ele>249.62</ele>
        <time>2024-12-26T19:36:47Z</time>
      </trkpt>
      <trkpt lat="37.75518" lon="-122.4479">
        <ele>250.06</ele>
        <time>2024-12-26T19:36:50Z</time>
      </trkpt>
      <trkpt lat="37.75515" lon="-122.44789">
        <ele>250.38</ele>
        <time>2024-12-26T19:36:53Z</time>
      </trkpt>
      <trkpt lat="37.75512" lon="-122.44788">
        <ele>250.7</ele>
        <time>2024-12-26T19:36:55Z</time>
      </trkpt>
      <trkpt lat="37.75509" lon="-122.44786">
        <ele>251.02</ele>
        <time>2024-12-26T19:36:58Z</time>
      </trkpt>
      <trkpt lat="37.75505" lon="-122.44786">
        <ele>251.41</ele>
        <time>2024-12-26T19:37:01Z</time>
      </trkpt>
      <trkpt lat="37.75502" lon="-122.44784">
        <ele>251.53</ele>
        <time>2024-12-26T19:37:04Z</time>
      </trkpt>
      <trkpt lat="37.75498" lon="-122.44782">
        <ele>251.67</ele>
        <time>2024-12-26T19:37:07Z</time>
      </trkpt>
      <trkpt lat="37.75495" lon="-122.44781">
        <ele>251.89</ele>
        <time>2024-12-26T19:37:10Z</time>
      </trkpt>
      <trkpt lat="37.75491" lon="-122.44779">
        <ele>252.1</ele>
        <time>2024-12-26T19:37:13Z</time>
      </trkpt>
      <trkpt lat="37.75487" lon="-122.44778">
        <ele>252.42</ele>
        <time>2024-12-26T19:37:16Z</time>
      </trkpt>
      <trkpt lat="37.75484" lon="-122.44776">
        <ele>252.78</ele>
        <time>2024-12-26T19:37:19Z</time>
      </trkpt>
      <trkpt lat="37.75482" lon="-122.44775">
        <ele>252.96</ele>
        <time>2024-12-26T19:37:21Z</time>
      </trkpt>
      <trkpt lat="37.75478" lon="-122.44773">
        <ele>253.19</ele>
        <time>2024-12-26T19:37:24Z</time>
      </trkpt>
      <trkpt lat="37.75476" lon="-122.44772">
        <ele>253.37</ele>
        <time>2024-12-26T19:37:26Z</time>
      </trkpt>
      <trkpt lat="37.75472" lon="-122.4477">
        <ele>253.85</ele>
        <time>2024-12-26T19:37:29Z</time>
      </trkpt>
      <trkpt lat="37.7547" lon="-122.44769">
        <ele>254.15</ele>
        <time>2024-12-26T19:37:31Z</time>
      </trkpt>
      <trkpt lat="37.75466" lon="-122.44767">
        <ele>254.56</ele>
        <time>2024-12-26T19:37:34Z</time>
      </trkpt>
      <trkpt lat="37.75462" lon="-122.44765">
        <ele>254.6</ele>
        <time>2024-12-26T19:37:37Z</time>
      </trkpt>
      <trkpt lat="37.75459" lon="-122.44764">
        <ele>254.5</ele>
        <time>2024-12-26T19:37:40Z</time>
      </trkpt>
      <trkpt lat="37.75456" lon="-122.44761">
        <ele>254.66</ele>
        <time>2024-12-26T19:37:43Z</time>
      </trkpt>
      <trkpt lat="37.75452" lon="-122.4476">
        <ele>255.06</ele>
        <time>2024-12-26T19:37:46Z</time>
      </trkpt>
      <trkpt lat="37.75448" lon="-122.44758">
        <ele>255.53</ele>
        <time>2024-12-26T19:37:49Z</time>
      </trkpt>
      <trkpt lat="37.75445" lon="-122.44756">
        <ele>255.61</ele>
        <time>2024-12-26T19:37:52Z</time>
      </trkpt>
      <trkpt lat="37.75442" lon="-122.44755">
        <ele>255.66</ele>
        <time>2024-12-26T19:37:55Z</time>
      </trkpt>
      <trkpt lat="37.75438" lon="-122.44754">
        <ele>255.83</ele>
        <time>2024-12-26T19:37:58Z</time>
      </trkpt>
      <trkpt lat="37.75435" lon="-122.44752">
        <ele>256.0</ele>
        <time>2024-12-26T19:38:01Z</time>
      </trkpt>
      <trkpt lat="37.75431" lon="-122.4475">
        <ele>256.0</ele>
        <time>2024-12-26T19:38:04Z</time>
      </trkpt>
      <trkpt lat="37.75428" lon="-122.44748">
        <ele>256.0</ele>
        <time>2024-12-26T19:38:07Z</time>
      </trkpt>
      <trkpt lat="37.75425" lon="-122.44745">
        <ele>256.05</ele>
        <time>2024-12-26T19:38:10Z</time>
      </trkpt>
      <trkpt lat="37.75422" lon="-122.44743">
        <ele>256.32</ele>
        <time>2024-12-26T19:38:13Z</time>
      </trkpt>
      <trkpt lat="37.75419" lon="-122.4474">
        <ele>256.73</ele>
        <time>2024-12-26T19:38:16Z</time>
      </trkpt>
      <trkpt lat="37.75416" lon="-122.44737">
        <ele>256.63</ele>
        <time>2024-12-26T19:38:19Z</time>
      </trkpt>
      <trkpt lat="37.75413" lon="-122.44734">
        <ele>256.56</ele>
        <time>2024-12-26T19:38:24Z</time>
      </trkpt>
      <trkpt lat="37.7541" lon="-122.44733">
        <ele>256.77</ele>
        <time>2024-12-26T19:38:27Z</time>
      </trkpt>
      <trkpt lat="37.75407" lon="-122.44732">
        <ele>257.0</ele>
        <time>2024-12-26T19:38:29Z</time>
      </trkpt>
      <trkpt lat="37.75404" lon="-122.44731">
        <ele>257.0</ele>
        <time>2024-12-26T19:38:32Z</time>
      </trkpt>
      <trkpt lat="37.754" lon="-122.4473">
        <ele>257.0</ele>
        <time>2024-12-26T19:38:35Z</time>
      </trkpt>
      <trkpt lat="37.75397" lon="-122.44731">
        <ele>257.5</ele>
        <time>2024-12-26T19:38:38Z</time>
      </trkpt>
      <trkpt lat="37.75395" lon="-122.44733">
        <ele>258.08</ele>
        <time>2024-12-26T19:38:41Z</time>
      </trkpt>
      <trkpt lat="37.75392" lon="-122.44735">
        <ele>258.77</ele>
        <time>2024-12-26T19:38:46Z</time>
      </trkpt>
      <trkpt lat="37.75389" lon="-122.44737">
        <ele>259.18</ele>
        <time>2024-12-26T19:38:50Z</time>
      </trkpt>
      <trkpt lat="37.75386" lon="-122.44734">
        <ele>260.89</ele>
        <time>2024-12-26T19:38:55Z</time>
      </trkpt>
      <trkpt lat="37.75387" lon="-122.44729">
        <ele>261.68</ele>
        <time>2024-12-26T19:38:59Z</time>
      </trkpt>
      <trkpt lat="37.75388" lon="-122.44725">
        <ele>261.89</ele>
        <time>2024-12-26T19:39:03Z</time>
      </trkpt>
      <trkpt lat="37.75387" lon="-122.44721">
        <ele>261.96</ele>
        <time>2024-12-26T19:39:06Z</time>
      </trkpt>
      <trkpt lat="37.75384" lon="-122.44719">
        <ele>262.22</ele>
        <time>2024-12-26T19:39:09Z</time>
      </trkpt>
      <trkpt lat="37.75381" lon="-122.44718">
        <ele>263.05</ele>
        <time>2024-12-26T19:39:13Z</time>
      </trkpt>
      <trkpt lat="37.75378" lon="-122.44718">
        <ele>264.15</ele>
        <time>2024-12-26T19:39:16Z</time>
      </trkpt>
      <trkpt lat="37.75375" lon="-122.44719">
        <ele>265.33</ele>
        <time>2024-12-26T19:39:20Z</time>
      </trkpt>
      <trkpt lat="37.75371" lon="-122.44718">
        <ele>266.76</ele>
        <time>2024-12-26T19:39:24Z</time>
      </trkpt>
      <trkpt lat="37.75368" lon="-122.44717">
        <ele>267.74</ele>
        <time>2024-12-26T19:39:27Z</time>
      </trkpt>
      <trkpt lat="37.75366" lon="-122.44716">
        <ele>268.25</ele>
        <time>2024-12-26T19:39:31Z</time>
      </trkpt>
      <trkpt lat="37.75363" lon="-122.44717">
        <ele>269.29</ele>
        <time>2024-12-26T19:39:35Z</time>
      </trkpt>
      <trkpt lat="37.7536" lon="-122.44718">
        <ele>270.33</ele>
        <time>2024-12-26T19:39:38Z</time>
      </trkpt>
      <trkpt lat="37.75356" lon="-122.44717">
        <ele>270.98</ele>
        <time>2024-12-26T19:39:41Z</time>
      </trkpt>
      <trkpt lat="37.75353" lon="-122.44716">
        <ele>271.41</ele>
        <time>2024-12-26T19:39:45Z</time>
      </trkpt>
      <trkpt lat="37.7535" lon="-122.44718">
        <ele>272.2</ele>
        <time>2024-12-26T19:39:50Z</time>
      </trkpt>
      <trkpt lat="37.75349" lon="-122.44721">
        <ele>273.0</ele>
        <time>2024-12-26T19:39:54Z</time>
      </trkpt>
      <trkpt lat="37.75348" lon="-122.44725">
        <ele>274.14</ele>
        <time>2024-12-26T19:39:58Z</time>
      </trkpt>
      <trkpt lat="37.75346" lon="-122.44728">
        <ele>275.27</ele>
        <time>2024-12-26T19:40:02Z</time>
      </trkpt>
      <trkpt lat="37.75345" lon="-122.44732">
        <ele>276.45</ele>
        <time>2024-12-26T19:40:06Z</time>
      </trkpt>
      <trkpt lat="37.75343" lon="-122.44735">
        <ele>276.88</ele>
        <time>2024-12-26T19:40:10Z</time>
      </trkpt>
      <trkpt lat="37.75341" lon="-122.44737">
        <ele>277.03</ele>
        <time>2024-12-26T19:40:14Z</time>
      </trkpt>
      <trkpt lat="37.75338" lon="-122.44738">
        <ele>277.2</ele>
        <time>2024-12-26T19:40:18Z</time>
      </trkpt>
      <trkpt lat="37.75336" lon="-122.4474">
        <ele>277.6</ele>
        <time>2024-12-26T19:40:22Z</time>
      </trkpt>
      <trkpt lat="37.75333" lon="-122.44743">
        <ele>277.93</ele>
        <time>2024-12-26T19:40:27Z</time>
      </trkpt>
      <trkpt lat="37.7533" lon="-122.44744">
        <ele>277.28</ele>
        <time>2024-12-26T19:40:50Z</time>
      </trkpt>
      <trkpt lat="37.7533" lon="-122.4474">
        <ele>277.09</ele>
        <time>2024-12-26T19:41:51Z</time>
      </trkpt>
      <trkpt lat="37.7533" lon="-122.44736">
        <ele>276.07</ele>
        <time>2024-12-26T19:41:55Z</time>
      </trkpt>
      <trkpt lat="37.75328" lon="-122.44733">
        <ele>274.69</ele>
        <time>2024-12-26T19:42:02Z</time>
      </trkpt>
      <trkpt lat="37.75325" lon="-122.44733">
        <ele>273.78</ele>
        <time>2024-12-26T19:42:05Z</time>
      </trkpt>
      <trkpt lat="37.75322" lon="-122.44733">
        <ele>272.52</ele>
        <time>2024-12-26T19:42:09Z</time>
      </trkpt>
      <trkpt lat="37.75319" lon="-122.44734">
        <ele>271.33</ele>
        <time>2024-12-26T19:42:13Z</time>
      </trkpt>
      <trkpt lat="37.75317" lon="-122.44736">
        <ele>270.66</ele>
        <time>2024-12-26T19:42:17Z</time>
      </trkpt>
      <trkpt lat="37.75314" lon="-122.44738">
        <ele>269.33</ele>
        <time>2024-12-26T19:42:23Z</time>
      </trkpt>
      <trkpt lat="37.75311" lon="-122.4474">
        <ele>268.24</ele>
        <time>2024-12-26T19:42:27Z</time>
      </trkpt>
      <trkpt lat="37.75308" lon="-122.44741">
        <ele>267.08</ele>
        <time>2024-12-26T19:42:30Z</time>
      </trkpt>
      <trkpt lat="37.75305" lon="-122.44743">
        <ele>266.0</ele>
        <time>2024-12-26T19:42:33Z</time>
      </trkpt>
      <trkpt lat="37.75303" lon="-122.44746">
        <ele>265.46</ele>
        <time>2024-12-26T19:42:36Z</time>
      </trkpt>
      <trkpt lat="37.75302" lon="-122.44749">
        <ele>265.36</ele>
        <time>2024-12-26T19:42:39Z</time>
      </trkpt>
      <trkpt lat="37.753" lon="-122.44751">
        <ele>264.56</ele>
        <time>2024-12-26T19:42:43Z</time>
      </trkpt>
      <trkpt lat="37.75297" lon="-122.44752">
        <ele>263.29</ele>
        <time>2024-12-26T19:42:46Z</time>
      </trkpt>
      <trkpt lat="37.75294" lon="-122.44753">
        <ele>262.42</ele>
        <time>2024-12-26T19:42:49Z</time>
      </trkpt>
      <trkpt lat="37.75291" lon="-122.44753">
        <ele>261.67</ele>
        <time>2024-12-26T19:42:52Z</time>
      </trkpt>
      <trkpt lat="37.75287" lon="-122.44754">
        <ele>260.55</ele>
        <time>2024-12-26T19:42:55Z</time>
      </trkpt>
      <trkpt lat="37.75285" lon="-122.44754">
        <ele>259.66</ele>
        <time>2024-12-26T19:42:58Z</time>
      </trkpt>
      <trkpt lat="37.75282" lon="-122.44756">
        <ele>258.34</ele>
        <time>2024-12-26T19:43:01Z</time>
      </trkpt>
      <trkpt lat="37.7528" lon="-122.44759">
        <ele>257.71</ele>
        <time>2024-12-26T19:43:04Z</time>
      </trkpt>
      <trkpt lat="37.75276" lon="-122.4476">
        <ele>256.55</ele>
        <time>2024-12-26T19:43:08Z</time>
      </trkpt>
      <trkpt lat="37.75273" lon="-122.44758">
        <ele>255.9</ele>
        <time>2024-12-26T19:43:12Z</time>
      </trkpt>
      <trkpt lat="37.7527" lon="-122.44757">
        <ele>255.28</ele>
        <time>2024-12-26T19:43:15Z</time>
      </trkpt>
      <trkpt lat="37.75266" lon="-122.44755">
        <ele>255.0</ele>
        <time>2024-12-26T19:43:18Z</time>
      </trkpt>
      <trkpt lat="37.75263" lon="-122.44752">
        <ele>255.0</ele>
        <time>2024-12-26T19:43:21Z</time>
      </trkpt>
      <trkpt lat="37.7526" lon="-122.44751">
        <ele>255.0</ele>
        <time>2024-12-26T19:43:24Z</time>
      </trkpt>
      <trkpt lat="37.75256" lon="-122.4475">
        <ele>255.0</ele>
        <time>2024-12-26T19:43:27Z</time>
      </trkpt>
      <trkpt lat="37.75252" lon="-122.4475">
        <ele>255.0</ele>
        <time>2024-12-26T19:43:30Z</time>
      </trkpt>
      <trkpt lat="37.75249" lon="-122.4475">
        <ele>255.0</ele>
        <time>2024-12-26T19:43:33Z</time>
      </trkpt>
      <trkpt lat="37.75245" lon="-122.44749">
        <ele>255.0</ele>
        <time>2024-12-26T19:43:36Z</time>
      </trkpt>
      <trkpt lat="37.75242" lon="-122.44748">
        <ele>255.0</ele>
        <time>2024-12-26T19:43:39Z</time>
      </trkpt>
      <trkpt lat="37.75239" lon="-122.44746">
        <ele>255.0</ele>
        <time>2024-12-26T19:43:42Z</time>
      </trkpt>
      <trkpt lat="37.75236" lon="-122.44746">
        <ele>255.0</ele>
        <time>2024-12-26T19:43:45Z</time>
      </trkpt>
      <trkpt lat="37.75233" lon="-122.44746">
        <ele>255.0</ele>
        <time>2024-12-26T19:43:48Z</time>
      </trkpt>
      <trkpt lat="37.7523" lon="-122.44748">
        <ele>255.13</ele>
        <time>2024-12-26T19:43:51Z</time>
      </trkpt>
      <trkpt lat="37.75228" lon="-122.44751">
        <ele>255.61</ele>
        <time>2024-12-26T19:43:54Z</time>
      </trkpt>
      <trkpt lat="37.75225" lon="-122.44751">
        <ele>256.03</ele>
        <time>2024-12-26T19:43:58Z</time>
      </trkpt>
      <trkpt lat="37.75222" lon="-122.44753">
        <ele>257.42</ele>
        <time>2024-12-26T19:44:05Z</time>
      </trkpt>
      <trkpt lat="37.75223" lon="-122.44757">
        <ele>258.75</ele>
        <time>2024-12-26T19:44:07Z</time>
      </trkpt>
      <trkpt lat="37.75224" lon="-122.44761">
        <ele>259.38</ele>
        <time>2024-12-26T19:44:12Z</time>
      </trkpt>
      <trkpt lat="37.75221" lon="-122.44763">
        <ele>260.75</ele>
        <time>2024-12-26T19:44:16Z</time>
      </trkpt>
      <trkpt lat="37.75218" lon="-122.44764">
        <ele>261.65</ele>
        <time>2024-12-26T19:44:20Z</time>
      </trkpt>
      <trkpt lat="37.75215" lon="-122.44765">
        <ele>262.48</ele>
        <time>2024-12-26T19:44:23Z</time>
      </trkpt>
      <trkpt lat="37.75213" lon="-122.44766">
        <ele>262.99</ele>
        <time>2024-12-26T19:44:27Z</time>
      </trkpt>
      <trkpt lat="37.7521" lon="-122.44765">
        <ele>264.16</ele>
        <time>2024-12-26T19:44:32Z</time>
      </trkpt>
      <trkpt lat="37.75207" lon="-122.44763">
        <ele>265.19</ele>
        <time>2024-12-26T19:44:36Z</time>
      </trkpt>
      <trkpt lat="37.75204" lon="-122.44763">
        <ele>266.3</ele>
        <time>2024-12-26T19:44:42Z</time>
      </trkpt>
      <trkpt lat="37.75202" lon="-122.44766">
        <ele>267.51</ele>
        <time>2024-12-26T19:44:48Z</time>
      </trkpt>
      <trkpt lat="37.752" lon="-122.44769">
        <ele>268.55</ele>
        <time>2024-12-26T19:44:53Z</time>
      </trkpt>
      <trkpt lat="37.75198" lon="-122.44767">
        <ele>269.4</ele>
        <time>2024-12-26T19:44:59Z</time>
      </trkpt>
      <trkpt lat="37.75196" lon="-122.44765">
        <ele>270.26</ele>
        <time>2024-12-26T19:45:02Z</time>
      </trkpt>
      <trkpt lat="37.75193" lon="-122.44761">
        <ele>271.5</ele>
        <time>2024-12-26T19:45:06Z</time>
      </trkpt>
      <trkpt lat="37.75191" lon="-122.44759">
        <ele>272.09</ele>
        <time>2024-12-26T19:45:10Z</time>
      </trkpt>
      <trkpt lat="37.75188" lon="-122.44759">
        <ele>273.06</ele>
        <time>2024-12-26T19:45:14Z</time>
      </trkpt>
      <trkpt lat="37.75186" lon="-122.44761">
        <ele>273.91</ele>
        <time>2024-12-26T19:45:20Z</time>
      </trkpt>
      <trkpt lat="37.75183" lon="-122.44763">
        <ele>275.11</ele>
        <time>2024-12-26T19:45:25Z</time>
      </trkpt>
      <trkpt lat="37.7518" lon="-122.44763">
        <ele>276.08</ele>
        <time>2024-12-26T19:45:29Z</time>
      </trkpt>
      <trkpt lat="37.75177" lon="-122.44763">
        <ele>277.06</ele>
        <time>2024-12-26T19:45:34Z</time>
      </trkpt>
      <trkpt lat="37.75174" lon="-122.44763">
        <ele>277.7</ele>
        <time>2024-12-26T19:45:39Z</time>
      </trkpt>
      <trkpt lat="37.75171" lon="-122.44763">
        <ele>278.15</ele>
        <time>2024-12-26T19:45:43Z</time>
      </trkpt>
      <trkpt lat="37.75168" lon="-122.44765">
        <ele>279.01</ele>
        <time>2024-12-26T19:45:47Z</time>
      </trkpt>
      <trkpt lat="37.75167" lon="-122.44768">
        <ele>279.82</ele>
        <time>2024-12-26T19:45:50Z</time>
      </trkpt>
      <trkpt lat="37.75166" lon="-122.44772">
        <ele>279.91</ele>
        <time>2024-12-26T19:45:54Z</time>
      </trkpt>
      <trkpt lat="37.75163" lon="-122.44774">
        <ele>279.68</ele>
        <time>2024-12-26T19:45:59Z</time>
      </trkpt>
      <trkpt lat="37.75161" lon="-122.44776">
        <ele>279.76</ele>
        <time>2024-12-26T19:46:03Z</time>
      </trkpt>
      <trkpt lat="37.75158" lon="-122.44776">
        <ele>279.64</ele>
        <time>2024-12-26T19:47:34Z</time>
      </trkpt>
      <trkpt lat="37.7516" lon="-122.44773">
        <ele>279.26</ele>
        <time>2024-12-26T19:48:30Z</time>
      </trkpt>
      <trkpt lat="37.75158" lon="-122.44776">
        <ele>279.64</ele>
        <time>2024-12-26T19:49:01Z</time>
      </trkpt>
      <trkpt lat="37.75161" lon="-122.44773">
        <ele>279.37</ele>
        <time>2024-12-26T19:49:20Z</time>
      </trkpt>
      <trkpt lat="37.75162" lon="-122.4477">
        <ele>279.15</ele>
        <time>2024-12-26T19:49:26Z</time>
      </trkpt>
      <trkpt lat="37.75164" lon="-122.44768">
        <ele>279.31</ele>
        <time>2024-12-26T19:49:32Z</time>
      </trkpt>
      <trkpt lat="37.75167" lon="-122.44765">
        <ele>279.18</ele>
        <time>2024-12-26T19:49:36Z</time>
      </trkpt>
      <trkpt lat="37.7517" lon="-122.44765">
        <ele>278.66</ele>
        <time>2024-12-26T19:49:40Z</time>
      </trkpt>
      <trkpt lat="37.75173" lon="-122.44763">
        <ele>277.85</ele>
        <time>2024-12-26T19:49:45Z</time>
      </trkpt>
      <trkpt lat="37.75176" lon="-122.44763">
        <ele>277.38</ele>
        <time>2024-12-26T19:49:51Z</time>
      </trkpt>
      <trkpt lat="37.75179" lon="-122.44763">
        <ele>276.41</ele>
        <time>2024-12-26T19:49:55Z</time>
      </trkpt>
      <trkpt lat="37.75182" lon="-122.44762">
        <ele>275.33</ele>
        <time>2024-12-26T19:50:00Z</time>
      </trkpt>
      <trkpt lat="37.75185" lon="-122.44761">
        <ele>274.25</ele>
        <time>2024-12-26T19:50:04Z</time>
      </trkpt>
      <trkpt lat="37.75188" lon="-122.44759">
        <ele>273.06</ele>
        <time>2024-12-26T19:50:08Z</time>
      </trkpt>
      <trkpt lat="37.75191" lon="-122.4476">
        <ele>272.15</ele>
        <time>2024-12-26T19:50:14Z</time>
      </trkpt>
      <trkpt lat="37.75192" lon="-122.44763">
        <ele>271.9</ele>
        <time>2024-12-26T19:50:18Z</time>
      </trkpt>
      <trkpt lat="37.75195" lon="-122.44766">
        <ele>270.74</ele>
        <time>2024-12-26T19:50:24Z</time>
      </trkpt>
      <trkpt lat="37.75198" lon="-122.44767">
        <ele>269.4</ele>
        <time>2024-12-26T19:50:29Z</time>
      </trkpt>
      <trkpt lat="37.75201" lon="-122.44765">
        <ele>267.9</ele>
        <time>2024-12-26T19:50:33Z</time>
      </trkpt>
      <trkpt lat="37.75203" lon="-122.44762">
        <ele>266.65</ele>
        <time>2024-12-26T19:50:37Z</time>
      </trkpt>
      <trkpt lat="37.75204" lon="-122.44758">
        <ele>265.77</ele>
        <time>2024-12-26T19:50:41Z</time>
      </trkpt>
      <trkpt lat="37.75207" lon="-122.44759">
        <ele>264.9</ele>
        <time>2024-12-26T19:50:46Z</time>
      </trkpt>
      <trkpt lat="37.75209" lon="-122.44761">
        <ele>264.36</ele>
        <time>2024-12-26T19:50:50Z</time>
      </trkpt>
      <trkpt lat="37.75212" lon="-122.44762">
        <ele>263.34</ele>
        <time>2024-12-26T19:50:55Z</time>
      </trkpt>
      <trkpt lat="37.75215" lon="-122.44762">
        <ele>262.41</ele>
        <time>2024-12-26T19:50:59Z</time>
      </trkpt>
      <trkpt lat="37.75218" lon="-122.44761">
        <ele>261.47</ele>
        <time>2024-12-26T19:51:04Z</time>
      </trkpt>
      <trkpt lat="37.75221" lon="-122.44759">
        <ele>260.3</ele>
        <time>2024-12-26T19:51:10Z</time>
      </trkpt>
      <trkpt lat="37.75221" lon="-122.44755">
        <ele>258.74</ele>
        <time>2024-12-26T19:51:17Z</time>
      </trkpt>
      <trkpt lat="37.75221" lon="-122.44751">
        <ele>257.18</ele>
        <time>2024-12-26T19:51:21Z</time>
      </trkpt>
      <trkpt lat="37.75221" lon="-122.44747">
        <ele>256.34</ele>
        <time>2024-12-26T19:51:24Z</time>
      </trkpt>
      <trkpt lat="37.75221" lon="-122.44743">
        <ele>255.74</ele>
        <time>2024-12-26T19:51:26Z</time>
      </trkpt>
      <trkpt lat="37.75222" lon="-122.44739">
        <ele>255.06</ele>
        <time>2024-12-26T19:51:29Z</time>
      </trkpt>
      <trkpt lat="37.75224" lon="-122.44736">
        <ele>254.9</ele>
        <time>2024-12-26T19:51:32Z</time>
      </trkpt>
      <trkpt lat="37.75226" lon="-122.44733">
        <ele>254.66</ele>
        <time>2024-12-26T19:51:48Z</time>
      </trkpt>
      <trkpt lat="37.75225" lon="-122.44729">
        <ele>254.27</ele>
        <time>2024-12-26T19:51:54Z</time>
      </trkpt>
      <trkpt lat="37.75222" lon="-122.44727">
        <ele>254.53</ele>
        <time>2024-12-26T19:51:57Z</time>
      </trkpt>
      <trkpt lat="37.75218" lon="-122.44728">
        <ele>254.8</ele>
        <time>2024-12-26T19:52:00Z</time>
      </trkpt>
      <trkpt lat="37.75215" lon="-122.44725">
        <ele>254.85</ele>
        <time>2024-12-26T19:52:03Z</time>
      </trkpt>
      <trkpt lat="37.75212" lon="-122.44722">
        <ele>255.08</ele>
        <time>2024-12-26T19:52:06Z</time>
      </trkpt>
      <trkpt lat="37.7521" lon="-122.44718">
        <ele>255.01</ele>
        <time>2024-12-26T19:52:09Z</time>
      </trkpt>
      <trkpt lat="37.7521" lon="-122.44715">
        <ele>254.79</ele>
        <time>2024-12-26T19:52:14Z</time>
      </trkpt>
      <trkpt lat="37.75209" lon="-122.44712">
        <ele>254.43</ele>
        <time>2024-12-26T19:52:23Z</time>
      </trkpt>
      <trkpt lat="37.75207" lon="-122.44708">
        <ele>253.3</ele>
        <time>2024-12-26T19:52:27Z</time>
      </trkpt>
      <trkpt lat="37.75207" lon="-122.44704">
        <ele>251.69</ele>
        <time>2024-12-26T19:52:32Z</time>
      </trkpt>
      <trkpt lat="37.75207" lon="-122.44701">
        <ele>250.22</ele>
        <time>2024-12-26T19:52:38Z</time>
      </trkpt>
      <trkpt lat="37.75207" lon="-122.44697">
        <ele>248.21</ele>
        <time>2024-12-26T19:52:43Z</time>
      </trkpt>
      <trkpt lat="37.75207" lon="-122.44693">
        <ele>246.26</ele>
        <time>2024-12-26T19:52:49Z</time>
      </trkpt>
      <trkpt lat="37.75206" lon="-122.44689">
        <ele>244.61</ele>
        <time>2024-12-26T19:52:54Z</time>
      </trkpt>
      <trkpt lat="37.75205" lon="-122.44686">
        <ele>243.28</ele>
        <time>2024-12-26T19:52:59Z</time>
      </trkpt>
      <trkpt lat="37.75202" lon="-122.44684">
        <ele>242.96</ele>
        <time>2024-12-26T19:53:02Z</time>
      </trkpt>
      <trkpt lat="37.752" lon="-122.4468">
        <ele>241.9</ele>
        <time>2024-12-26T19:53:05Z</time>
      </trkpt>
      <trkpt lat="37.75198" lon="-122.44678">
        <ele>241.43</ele>
        <time>2024-12-26T19:53:08Z</time>
      </trkpt>
      <trkpt lat="37.75196" lon="-122.44674">
        <ele>240.21</ele>
        <time>2024-12-26T19:53:11Z</time>
      </trkpt>
      <trkpt lat="37.75194" lon="-122.44671">
        <ele>239.47</ele>
        <time>2024-12-26T19:53:14Z</time>
      </trkpt>
      <trkpt lat="37.75191" lon="-122.44669">
        <ele>239.22</ele>
        <time>2024-12-26T19:53:17Z</time>
      </trkpt>
      <trkpt lat="37.75188" lon="-122.44667">
        <ele>238.83</ele>
        <time>2024-12-26T19:53:20Z</time>
      </trkpt>
      <trkpt lat="37.7519" lon="-122.44663">
        <ele>237.29</ele>
        <time>2024-12-26T19:53:25Z</time>
      </trkpt>
      <trkpt lat="37.75191" lon="-122.4466">
        <ele>236.21</ele>
        <time>2024-12-26T19:53:29Z</time>
      </trkpt>
      <trkpt lat="37.7519" lon="-122.44656">
        <ele>235.1</ele>
        <time>2024-12-26T19:53:35Z</time>
      </trkpt>
      <trkpt lat="37.75189" lon="-122.44652">
        <ele>234.08</ele>
        <time>2024-12-26T19:53:41Z</time>
      </trkpt>
      <trkpt lat="37.75187" lon="-122.44649">
        <ele>233.26</ele>
        <time>2024-12-26T19:53:44Z</time>
      </trkpt>
      <trkpt lat="37.75188" lon="-122.44646">
        <ele>232.84</ele>
        <time>2024-12-26T19:53:50Z</time>
      </trkpt>
      <trkpt lat="37.75188" lon="-122.44641">
        <ele>232.46</ele>
        <time>2024-12-26T19:54:01Z</time>
      </trkpt>
      <trkpt lat="37.75189" lon="-122.44637">
        <ele>232.24</ele>
        <time>2024-12-26T19:54:05Z</time>
      </trkpt>
      <trkpt lat="37.75186" lon="-122.44635">
        <ele>232.01</ele>
        <time>2024-12-26T19:54:09Z</time>
      </trkpt>
      <trkpt lat="37.75184" lon="-122.44633">
        <ele>231.92</ele>
        <time>2024-12-26T19:54:15Z</time>
      </trkpt>
      <trkpt lat="37.75181" lon="-122.44631">
        <ele>231.61</ele>
        <time>2024-12-26T19:54:18Z</time>
      </trkpt>
      <trkpt lat="37.75178" lon="-122.4463">
        <ele>231.26</ele>
        <time>2024-12-26T19:54:21Z</time>
      </trkpt>
      <trkpt lat="37.75175" lon="-122.44628">
        <ele>230.58</ele>
        <time>2024-12-26T19:54:24Z</time>
      </trkpt>
      <trkpt lat="37.75174" lon="-122.44625">
        <ele>230.0</ele>
        <time>2024-12-26T19:54:36Z</time>
      </trkpt>
      <trkpt lat="37.75172" lon="-122.44621">
        <ele>229.5</ele>
        <time>2024-12-26T19:54:43Z</time>
      </trkpt>
      <trkpt lat="37.75172" lon="-122.44617">
        <ele>227.6</ele>
        <time>2024-12-26T19:54:49Z</time>
      </trkpt>
      <trkpt lat="37.75172" lon="-122.44614">
        <ele>225.98</ele>
        <time>2024-12-26T19:54:52Z</time>
      </trkpt>
      <trkpt lat="37.75175" lon="-122.44611">
        <ele>224.07</ele>
        <time>2024-12-26T19:54:55Z</time>
      </trkpt>
      <trkpt lat="37.75177" lon="-122.44609">
        <ele>223.43</ele>
        <time>2024-12-26T19:55:00Z</time>
      </trkpt>
      <trkpt lat="37.75178" lon="-122.44604">
        <ele>222.24</ele>
        <time>2024-12-26T19:55:06Z</time>
      </trkpt>
      <trkpt lat="37.7518" lon="-122.446">
        <ele>221.34</ele>
        <time>2024-12-26T19:55:10Z</time>
      </trkpt>
      <trkpt lat="37.75182" lon="-122.44595">
        <ele>220.83</ele>
        <time>2024-12-26T19:55:16Z</time>
      </trkpt>
      <trkpt lat="37.75184" lon="-122.44589">
        <ele>219.81</ele>
        <time>2024-12-26T19:55:20Z</time>
      </trkpt>
      <trkpt lat="37.75186" lon="-122.44584">
        <ele>218.13</ele>
        <time>2024-12-26T19:55:25Z</time>
      </trkpt>
      <trkpt lat="37.75188" lon="-122.44578">
        <ele>216.89</ele>
        <time>2024-12-26T19:55:34Z</time>
      </trkpt>
      <trkpt lat="37.7519" lon="-122.44573">
        <ele>216.52</ele>
        <time>2024-12-26T19:55:40Z</time>
      </trkpt>
      <trkpt lat="37.75195" lon="-122.44574">
        <ele>217.0</ele>
        <time>2024-12-26T19:55:46Z</time>
      </trkpt>
      <trkpt lat="37.75202" lon="-122.44578">
        <ele>217.0</ele>
        <time>2024-12-26T19:55:48Z</time>
      </trkpt>
      <trkpt lat="37.75207" lon="-122.44581">
        <ele>217.27</ele>
        <time>2024-12-26T19:55:52Z</time>
      </trkpt>
      <trkpt lat="37.75212" lon="-122.44584">
        <ele>217.9</ele>
        <time>2024-12-26T19:55:56Z</time>
      </trkpt>
      <trkpt lat="37.75217" lon="-122.44588">
        <ele>218.0</ele>
        <time>2024-12-26T19:56:01Z</time>
      </trkpt>
      <trkpt lat="37.75222" lon="-122.4459">
        <ele>218.0</ele>
        <time>2024-12-26T19:56:06Z</time>
      </trkpt>
      <trkpt lat="37.75228" lon="-122.44593">
        <ele>218.04</ele>
        <time>2024-12-26T19:56:11Z</time>
      </trkpt>
      <trkpt lat="37.75233" lon="-122.44595">
        <ele>218.26</ele>
        <time>2024-12-26T19:56:16Z</time>
      </trkpt>
      <trkpt lat="37.75239" lon="-122.44594">
        <ele>218.15</ele>
        <time>2024-12-26T19:56:21Z</time>
      </trkpt>
      <trkpt lat="37.75239" lon="-122.44586">
        <ele>216.13</ele>
        <time>2024-12-26T19:56:55Z</time>
      </trkpt>
      <trkpt lat="37.75241" lon="-122.4458">
        <ele>213.82</ele>
        <time>2024-12-26T19:56:58Z</time>
      </trkpt>
      <trkpt lat="37.75244" lon="-122.44574">
        <ele>210.93</ele>
        <time>2024-12-26T19:57:00Z</time>
      </trkpt>
      <trkpt lat="37.75247" lon="-122.44567">
        <ele>209.23</ele>
        <time>2024-12-26T19:57:02Z</time>
      </trkpt>
      <trkpt lat="37.75251" lon="-122.44561">
        <ele>206.46</ele>
        <time>2024-12-26T19:57:07Z</time>
      </trkpt>
      <trkpt lat="37.75253" lon="-122.44555">
        <ele>203.0</ele>
        <time>2024-12-26T19:57:16Z</time>
      </trkpt>
      <trkpt lat="37.7525" lon="-122.44549">
        <ele>203.0</ele>
        <time>2024-12-26T19:57:26Z</time>
      </trkpt>
      <trkpt lat="37.75251" lon="-122.44542">
        <ele>202.9</ele>
        <time>2024-12-26T19:57:31Z</time>
      </trkpt>
      <trkpt lat="37.75254" lon="-122.44536">
        <ele>201.75</ele>
        <time>2024-12-26T19:57:35Z</time>
      </trkpt>
      <trkpt lat="37.75256" lon="-122.44527">
        <ele>197.72</ele>
        <time>2024-12-26T19:57:48Z</time>
      </trkpt>
      <trkpt lat="37.75258" lon="-122.4452">
        <ele>194.05</ele>
        <time>2024-12-26T19:58:09Z</time>
      </trkpt>
      <trkpt lat="37.75261" lon="-122.44513">
        <ele>191.54</ele>
        <time>2024-12-26T19:58:20Z</time>
      </trkpt>
      <trkpt lat="37.75262" lon="-122.44505">
        <ele>188.86</ele>
        <time>2024-12-26T19:58:23Z</time>
      </trkpt>
      <trkpt lat="37.75262" lon="-122.44497">
        <ele>185.5</ele>
        <time>2024-12-26T19:58:27Z</time>
      </trkpt>
      <trkpt lat="37.75258" lon="-122.44491">
        <ele>183.39</ele>
        <time>2024-12-26T19:58:48Z</time>
      </trkpt>
      <trkpt lat="37.75258" lon="-122.44484">
        <ele>183.17</ele>
        <time>2024-12-26T19:59:28Z</time>
      </trkpt>
      <trkpt lat="37.75255" lon="-122.44479">
        <ele>183.32</ele>
        <time>2024-12-26T19:59:43Z</time>
      </trkpt>
      <trkpt lat="37.7525" lon="-122.44476">
        <ele>184.0</ele>
        <time>2024-12-26T19:59:46Z</time>
      </trkpt>
      <trkpt lat="37.75243" lon="-122.44472">
        <ele>183.99</ele>
        <time>2024-12-26T19:59:48Z</time>
      </trkpt>
      <trkpt lat="37.75238" lon="-122.44468">
        <ele>184.13</ele>
        <time>2024-12-26T19:59:52Z</time>
      </trkpt>
      <trkpt lat="37.75232" lon="-122.44465">
        <ele>184.74</ele>
        <time>2024-12-26T19:59:57Z</time>
      </trkpt>
      <trkpt lat="37.75227" lon="-122.44463">
        <ele>185.0</ele>
        <time>2024-12-26T20:00:02Z</time>
      </trkpt>
      <trkpt lat="37.75222" lon="-122.4446">
        <ele>185.05</ele>
        <time>2024-12-26T20:00:07Z</time>
      </trkpt>
      <trkpt lat="37.75228" lon="-122.44463">
        <ele>185.0</ele>
        <time>2024-12-26T20:00:13Z</time>
      </trkpt>
      <trkpt lat="37.75233" lon="-122.44465">
        <ele>184.65</ele>
        <time>2024-12-26T20:00:16Z</time>
      </trkpt>
      <trkpt lat="37.75239" lon="-122.44468">
        <ele>184.09</ele>
        <time>2024-12-26T20:00:22Z</time>
      </trkpt>
      <trkpt lat="37.75242" lon="-122.44473">
        <ele>184.0</ele>
        <time>2024-12-26T20:00:27Z</time>
      </trkpt>
      <trkpt lat="37.75247" lon="-122.44473">
        <ele>184.0</ele>
        <time>2024-12-26T20:00:34Z</time>
      </trkpt>
      <trkpt lat="37.75254" lon="-122.44475">
        <ele>183.27</ele>
        <time>2024-12-26T20:00:37Z</time>
      </trkpt>
      <trkpt lat="37.7526" lon="-122.44479">
        <ele>182.73</ele>
        <time>2024-12-26T20:00:43Z</time>
      </trkpt>
      <trkpt lat="37.75265" lon="-122.44482">
        <ele>183.0</ele>
        <time>2024-12-26T20:00:47Z</time>
      </trkpt>
      <trkpt lat="37.75271" lon="-122.44484">
        <ele>183.0</ele>
        <time>2024-12-26T20:00:52Z</time>
      </trkpt>
      <trkpt lat="37.75274" lon="-122.44479">
        <ele>182.57</ele>
        <time>2024-12-26T20:00:55Z</time>
      </trkpt>
      <trkpt lat="37.75279" lon="-122.44476">
        <ele>181.84</ele>
        <time>2024-12-26T20:00:56Z</time>
      </trkpt>
      <trkpt lat="37.75283" lon="-122.44471">
        <ele>181.23</ele>
        <time>2024-12-26T20:01:04Z</time>
      </trkpt>
      <trkpt lat="37.75289" lon="-122.44468">
        <ele>180.73</ele>
        <time>2024-12-26T20:01:09Z</time>
      </trkpt>
      <trkpt lat="37.75295" lon="-122.44466">
        <ele>180.56</ele>
        <time>2024-12-26T20:01:14Z</time>
      </trkpt>
      <trkpt lat="37.753" lon="-122.44464">
        <ele>180.58</ele>
        <time>2024-12-26T20:01:18Z</time>
      </trkpt>
      <trkpt lat="37.75306" lon="-122.44463">
        <ele>181.05</ele>
        <time>2024-12-26T20:01:21Z</time>
      </trkpt>
      <trkpt lat="37.75305" lon="-122.44456">
        <ele>179.44</ele>
        <time>2024-12-26T20:01:37Z</time>
      </trkpt>
      <trkpt lat="37.75302" lon="-122.4445">
        <ele>177.97</ele>
        <time>2024-12-26T20:01:40Z</time>
      </trkpt>
      <trkpt lat="37.753" lon="-122.44443">
        <ele>176.75</ele>
        <time>2024-12-26T20:01:45Z</time>
      </trkpt>
      <trkpt lat="37.75298" lon="-122.44436">
        <ele>175.34</ele>
        <time>2024-12-26T20:01:48Z</time>
      </trkpt>
      <trkpt lat="37.75296" lon="-122.44428">
        <ele>173.44</ele>
        <time>2024-12-26T20:01:53Z</time>
      </trkpt>
      <trkpt lat="37.75294" lon="-122.44422">
        <ele>172.05</ele>
        <time>2024-12-26T20:01:59Z</time>
      </trkpt>
      <trkpt lat="37.75292" lon="-122.44416">
        <ele>170.46</ele>
        <time>2024-12-26T20:02:04Z</time>
      </trkpt>
      <trkpt lat="37.75289" lon="-122.4441">
        <ele>169.49</ele>
        <time>2024-12-26T20:02:09Z</time>
      </trkpt>
      <trkpt lat="37.75286" lon="-122.44404">
        <ele>168.26</ele>
        <time>2024-12-26T20:02:15Z</time>
      </trkpt>
      <trkpt lat="37.75282" lon="-122.44399">
        <ele>167.18</ele>
        <time>2024-12-26T20:02:22Z</time>
      </trkpt>
      <trkpt lat="37.7528" lon="-122.44393">
        <ele>165.89</ele>
        <time>2024-12-26T20:02:27Z</time>
      </trkpt>
      <trkpt lat="37.75277" lon="-122.44387">
        <ele>165.0</ele>
        <time>2024-12-26T20:02:33Z</time>
      </trkpt>
      <trkpt lat="37.75275" lon="-122.44381">
        <ele>165.0</ele>
        <time>2024-12-26T20:02:37Z</time>
      </trkpt>
      <trkpt lat="37.75278" lon="-122.44374">
        <ele>164.39</ele>
        <time>2024-12-26T20:02:42Z</time>
      </trkpt>
      <trkpt lat="37.75279" lon="-122.44367">
        <ele>163.68</ele>
        <time>2024-12-26T20:02:49Z</time>
      </trkpt>
      <trkpt lat="37.7528" lon="-122.4436">
        <ele>162.88</ele>
        <time>2024-12-26T20:02:55Z</time>
      </trkpt>
      <trkpt lat="37.7528" lon="-122.44353">
        <ele>160.61</ele>
        <time>2024-12-26T20:03:12Z</time>
      </trkpt>
      <trkpt lat="37.7528" lon="-122.44345">
        <ele>158.58</ele>
        <time>2024-12-26T20:03:19Z</time>
      </trkpt>
      <trkpt lat="37.75279" lon="-122.44337">
        <ele>156.27</ele>
        <time>2024-12-26T20:03:25Z</time>
      </trkpt>
      <trkpt lat="37.75279" lon="-122.44331">
        <ele>154.66</ele>
        <time>2024-12-26T20:03:35Z</time>
      </trkpt>
      <trkpt lat="37.75279" lon="-122.44323">
        <ele>153.13</ele>
        <time>2024-12-26T20:03:46Z</time>
      </trkpt>
      <trkpt lat="37.75278" lon="-122.44316">
        <ele>152.16</ele>
        <time>2024-12-26T20:03:55Z</time>
      </trkpt>
      <trkpt lat="37.75278" lon="-122.44309">
        <ele>151.38</ele>
        <time>2024-12-26T20:04:00Z</time>
      </trkpt>
      <trkpt lat="37.75277" lon="-122.44302">
        <ele>150.56</ele>
        <time>2024-12-26T20:04:04Z</time>
      </trkpt>
      <trkpt lat="37.75277" lon="-122.44295">
        <ele>150.0</ele>
        <time>2024-12-26T20:04:07Z</time>
      </trkpt>
      <trkpt lat="37.7527" lon="-122.44293">
        <ele>150.0</ele>
        <time>2024-12-26T20:04:17Z</time>
      </trkpt>
      <trkpt lat="37.75265" lon="-122.44291">
        <ele>150.0</ele>
        <time>2024-12-26T20:04:20Z</time>
      </trkpt>
      <trkpt lat="37.75258" lon="-122.4429">
        <ele>150.0</ele>
        <time>2024-12-26T20:04:23Z</time>
      </trkpt>
      <trkpt lat="37.75253" lon="-122.44291">
        <ele>150.0</ele>
        <time>2024-12-26T20:04:26Z</time>
      </trkpt>
      <trkpt lat="37.75247" lon="-122.44291">
        <ele>150.0</ele>
        <time>2024-12-26T20:04:30Z</time>
      </trkpt>
      <trkpt lat="37.75242" lon="-122.44293">
        <ele>150.0</ele>
        <time>2024-12-26T20:04:34Z</time>
      </trkpt>
      <trkpt lat="37.75236" lon="-122.44295">
        <ele>150.44</ele>
        <time>2024-12-26T20:04:38Z</time>
      </trkpt>
      <trkpt lat="37.75231" lon="-122.44296">
        <ele>150.97</ele>
        <time>2024-12-26T20:04:43Z</time>
      </trkpt>
      <trkpt lat="37.75226" lon="-122.44297">
        <ele>151.12</ele>
        <time>2024-12-26T20:04:48Z</time>
      </trkpt>
      <trkpt lat="37.75231" lon="-122.44299">
        <ele>151.31</ele>
        <time>2024-12-26T20:05:09Z</time>
      </trkpt>
      <trkpt lat="37.75233" lon="-122.44306">
        <ele>152.18</ele>
        <time>2024-12-26T20:05:13Z</time>
      </trkpt>
      <trkpt lat="37.75228" lon="-122.44298">
        <ele>151.25</ele>
        <time>2024-12-26T20:05:31Z</time>
      </trkpt>
      <trkpt lat="37.75226" lon="-122.44291">
        <ele>150.77</ele>
        <time>2024-12-26T20:05:37Z</time>
      </trkpt>
      <trkpt lat="37.75224" lon="-122.44285">
        <ele>150.41</ele>
        <time>2024-12-26T20:05:42Z</time>
      </trkpt>
      <trkpt lat="37.75221" lon="-122.44279">
        <ele>149.26</ele>
        <time>2024-12-26T20:05:47Z</time>
      </trkpt>
      <trkpt lat="37.75219" lon="-122.44273">
        <ele>147.45</ele>
        <time>2024-12-26T20:05:53Z</time>
      </trkpt>
      <trkpt lat="37.75217" lon="-122.44266">
        <ele>145.34</ele>
        <time>2024-12-26T20:05:58Z</time>
      </trkpt>
      <trkpt lat="37.75214" lon="-122.4426">
        <ele>144.06</ele>
        <time>2024-12-26T20:06:04Z</time>
      </trkpt>
      <trkpt lat="37.75209" lon="-122.44257">
        <ele>144.43</ele>
        <time>2024-12-26T20:07:02Z</time>
      </trkpt>
      <trkpt lat="37.75204" lon="-122.44259">
        <ele>144.97</ele>
        <time>2024-12-26T20:07:04Z</time>
      </trkpt>
      <trkpt lat="37.75205" lon="-122.44266">
        <ele>146.32</ele>
        <time>2024-12-26T20:07:09Z</time>
      </trkpt>
      <trkpt lat="37.75209" lon="-122.4427">
        <ele>146.84</ele>
        <time>2024-12-26T20:07:12Z</time>
      </trkpt>
      <trkpt lat="37.75204" lon="-122.44266">
        <ele>146.42</ele>
        <time>2024-12-26T20:07:53Z</time>
      </trkpt>
      <trkpt lat="37.75201" lon="-122.44259">
        <ele>145.0</ele>
        <time>2024-12-26T20:07:59Z</time>
      </trkpt>
      <trkpt lat="37.75196" lon="-122.44262">
        <ele>145.59</ele>
        <time>2024-12-26T20:08:09Z</time>
      </trkpt>
      <trkpt lat="37.7519" lon="-122.44263">
        <ele>146.09</ele>
        <time>2024-12-26T20:08:11Z</time>
      </trkpt>
      <trkpt lat="37.75184" lon="-122.44258">
        <ele>146.13</ele>
        <time>2024-12-26T20:08:15Z</time>
      </trkpt>
      <trkpt lat="37.7518" lon="-122.44253">
        <ele>146.56</ele>
        <time>2024-12-26T20:08:18Z</time>
      </trkpt>
      <trkpt lat="37.75175" lon="-122.4425">
        <ele>146.8</ele>
        <time>2024-12-26T20:08:22Z</time>
      </trkpt>
      <trkpt lat="37.75169" lon="-122.44251">
        <ele>145.67</ele>
        <time>2024-12-26T20:08:27Z</time>
      </trkpt>
      <trkpt lat="37.7517" lon="-122.44244">
        <ele>144.19</ele>
        <time>2024-12-26T20:08:37Z</time>
      </trkpt>
      <trkpt lat="37.75172" lon="-122.44239">
        <ele>143.2</ele>
        <time>2024-12-26T20:08:41Z</time>
      </trkpt>
      <trkpt lat="37.75174" lon="-122.44233">
        <ele>142.12</ele>
        <time>2024-12-26T20:08:48Z</time>
      </trkpt>
      <trkpt lat="37.75173" lon="-122.44227">
        <ele>140.38</ele>
        <time>2024-12-26T20:08:55Z</time>
      </trkpt>
      <trkpt lat="37.75171" lon="-122.44221">
        <ele>138.74</ele>
        <time>2024-12-26T20:09:03Z</time>
      </trkpt>
      <trkpt lat="37.75171" lon="-122.44214">
        <ele>137.22</ele>
        <time>2024-12-26T20:09:11Z</time>
      </trkpt>
      <trkpt lat="37.75172" lon="-122.44208">
        <ele>136.24</ele>
        <time>2024-12-26T20:09:20Z</time>
      </trkpt>
      <trkpt lat="37.75171" lon="-122.44201">
        <ele>134.59</ele>
        <time>2024-12-26T20:10:01Z</time>
      </trkpt>
      <trkpt lat="37.75171" lon="-122.44194">
        <ele>132.37</ele>
        <time>2024-12-26T20:10:10Z</time>
      </trkpt>
      <trkpt lat="37.75172" lon="-122.44187">
        <ele>130.97</ele>
        <time>2024-12-26T20:10:20Z</time>
      </trkpt>
      <trkpt lat="37.75172" lon="-122.4418">
        <ele>129.13</ele>
        <time>2024-12-26T20:10:28Z</time>
      </trkpt>
      <trkpt lat="37.75172" lon="-122.44173">
        <ele>127.37</ele>
        <time>2024-12-26T20:10:36Z</time>
      </trkpt>
      <trkpt lat="37.75171" lon="-122.44167">
        <ele>126.07</ele>
        <time>2024-12-26T20:10:45Z</time>
      </trkpt>
      <trkpt lat="37.75171" lon="-122.4416">
        <ele>124.56</ele>
        <time>2024-12-26T20:10:54Z</time>
      </trkpt>
      <trkpt lat="37.75172" lon="-122.44153">
        <ele>122.85</ele>
        <time>2024-12-26T20:11:01Z</time>
      </trkpt>
      <trkpt lat="37.75172" lon="-122.44147">
        <ele>121.26</ele>
        <time>2024-12-26T20:11:18Z</time>
      </trkpt>
      <trkpt lat="37.75173" lon="-122.44139">
        <ele>119.03</ele>
        <time>2024-12-26T20:11:26Z</time>
      </trkpt>
      <trkpt lat="37.75173" lon="-122.44132">
        <ele>117.51</ele>
        <time>2024-12-26T20:11:47Z</time>
      </trkpt>
      <trkpt lat="37.75174" lon="-122.44125">
        <ele>116.0</ele>
        <time>2024-12-26T20:11:54Z</time>
      </trkpt>
      <trkpt lat="37.75174" lon="-122.44117">
        <ele>114.27</ele>
        <time>2024-12-26T20:12:00Z</time>
      </trkpt>
      <trkpt lat="37.75175" lon="-122.4411">
        <ele>112.76</ele>
        <time>2024-12-26T20:12:07Z</time>
      </trkpt>
      <trkpt lat="37.75175" lon="-122.44103">
        <ele>111.25</ele>
        <time>2024-12-26T20:12:16Z</time>
      </trkpt>
      <trkpt lat="37.75175" lon="-122.44096">
        <ele>109.1</ele>
        <time>2024-12-26T20:12:24Z</time>
      </trkpt>
      <trkpt lat="37.75176" lon="-122.44089">
        <ele>107.62</ele>
        <time>2024-12-26T20:12:32Z</time>
      </trkpt>
      <trkpt lat="37.75176" lon="-122.44082">
        <ele>106.86</ele>
        <time>2024-12-26T20:12:38Z</time>
      </trkpt>
      <trkpt lat="37.75177" lon="-122.44075">
        <ele>106.2</ele>
        <time>2024-12-26T20:12:43Z</time>
      </trkpt>
      <trkpt lat="37.75178" lon="-122.44069">
        <ele>105.98</ele>
        <time>2024-12-26T20:12:49Z</time>
      </trkpt>
      <trkpt lat="37.75179" lon="-122.44061">
        <ele>105.39</ele>
        <time>2024-12-26T20:13:18Z</time>
      </trkpt>
      <trkpt lat="37.75179" lon="-122.44054">
        <ele>104.66</ele>
        <time>2024-12-26T20:13:21Z</time>
      </trkpt>
      <trkpt lat="37.7518" lon="-122.44047">
        <ele>103.15</ele>
        <time>2024-12-26T20:13:26Z</time>
      </trkpt>
      <trkpt lat="37.7518" lon="-122.4404">
        <ele>102.32</ele>
        <time>2024-12-26T20:13:32Z</time>
      </trkpt>
      <trkpt lat="37.7518" lon="-122.44032">
        <ele>101.46</ele>
        <time>2024-12-26T20:13:37Z</time>
      </trkpt>
      <trkpt lat="37.75181" lon="-122.44025">
        <ele>100.54</ele>
        <time>2024-12-26T20:13:43Z</time>
      </trkpt>
      <trkpt lat="37.75181" lon="-122.44018">
        <ele>99.37</ele>
        <time>2024-12-26T20:13:49Z</time>
      </trkpt>
      <trkpt lat="37.75182" lon="-122.44011">
        <ele>98.25</ele>
        <time>2024-12-26T20:13:54Z</time>
      </trkpt>
      <trkpt lat="37.75182" lon="-122.44004">
        <ele>97.43</ele>
        <time>2024-12-26T20:13:59Z</time>
      </trkpt>
      <trkpt lat="37.75183" lon="-122.43997">
        <ele>96.92</ele>
        <time>2024-12-26T20:14:04Z</time>
      </trkpt>
      <trkpt lat="37.75183" lon="-122.4399">
        <ele>96.7</ele>
        <time>2024-12-26T20:14:09Z</time>
      </trkpt>
      <trkpt lat="37.75184" lon="-122.43982">
        <ele>96.05</ele>
        <time>2024-12-26T20:14:14Z</time>
      </trkpt>
      <trkpt lat="37.75184" lon="-122.43975">
        <ele>95.3</ele>
        <time>2024-12-26T20:14:18Z</time>
      </trkpt>
      <trkpt lat="37.75184" lon="-122.43968">
        <ele>94.54</ele>
        <time>2024-12-26T20:14:23Z</time>
      </trkpt>
      <trkpt lat="37.75185" lon="-122.43962">
        <ele>94.0</ele>
        <time>2024-12-26T20:14:28Z</time>
      </trkpt>
      <trkpt lat="37.75185" lon="-122.43954">
        <ele>94.0</ele>
        <time>2024-12-26T20:14:34Z</time>
      </trkpt>
      <trkpt lat="37.75186" lon="-122.43946">
        <ele>93.24</ele>
        <time>2024-12-26T20:14:39Z</time>
      </trkpt>
      <trkpt lat="37.75186" lon="-122.43939">
        <ele>92.5</ele>
        <time>2024-12-26T20:14:44Z</time>
      </trkpt>
      <trkpt lat="37.75187" lon="-122.43932">
        <ele>91.85</ele>
        <time>2024-12-26T20:14:49Z</time>
      </trkpt>
      <trkpt lat="37.75187" lon="-122.43925">
        <ele>91.18</ele>
        <time>2024-12-26T20:14:54Z</time>
      </trkpt>
      <trkpt lat="37.75187" lon="-122.43918">
        <ele>91.03</ele>
        <time>2024-12-26T20:15:00Z</time>
      </trkpt>
      <trkpt lat="37.75182" lon="-122.43914">
        <ele>90.71</ele>
        <time>2024-12-26T20:15:05Z</time>
      </trkpt>
      <trkpt lat="37.75178" lon="-122.43909">
        <ele>90.17</ele>
        <time>2024-12-26T20:15:09Z</time>
      </trkpt>
      <trkpt lat="37.75176" lon="-122.43903">
        <ele>89.52</ele>
        <time>2024-12-26T20:15:15Z</time>
      </trkpt>
      <trkpt lat="37.75176" lon="-122.43895">
        <ele>88.66</ele>
        <time>2024-12-26T20:15:20Z</time>
      </trkpt>
      <trkpt lat="37.75176" lon="-122.43888">
        <ele>88.01</ele>
        <time>2024-12-26T20:15:24Z</time>
      </trkpt>
      <trkpt lat="37.75176" lon="-122.43881">
        <ele>88.0</ele>
        <time>2024-12-26T20:15:29Z</time>
      </trkpt>
      <trkpt lat="37.75176" lon="-122.43874">
        <ele>87.39</ele>
        <time>2024-12-26T20:15:33Z</time>
      </trkpt>
      <trkpt lat="37.75177" lon="-122.43866">
        <ele>87.0</ele>
        <time>2024-12-26T20:15:38Z</time>
      </trkpt>
      <trkpt lat="37.75172" lon="-122.43863">
        <ele>87.0</ele>
        <time>2024-12-26T20:15:47Z</time>
      </trkpt>
      <trkpt lat="37.75167" lon="-122.43863">
        <ele>87.0</ele>
        <time>2024-12-26T20:15:52Z</time>
      </trkpt>
      <trkpt lat="37.75159" lon="-122.43862">
        <ele>86.25</ele>
        <time>2024-12-26T20:15:55Z</time>
      </trkpt>
      <trkpt lat="37.75154" lon="-122.43862">
        <ele>86.1</ele>
        <time>2024-12-26T20:15:59Z</time>
      </trkpt>
      <trkpt lat="37.75148" lon="-122.43862">
        <ele>86.09</ele>
        <time>2024-12-26T20:16:03Z</time>
      </trkpt>
      <trkpt lat="37.75142" lon="-122.43861">
        <ele>85.99</ele>
        <time>2024-12-26T20:16:07Z</time>
      </trkpt>
      <trkpt lat="37.75137" lon="-122.43861">
        <ele>85.79</ele>
        <time>2024-12-26T20:16:11Z</time>
      </trkpt>
      <trkpt lat="37.7513" lon="-122.4386">
        <ele>85.04</ele>
        <time>2024-12-26T20:16:16Z</time>
      </trkpt>
      <trkpt lat="37.75124" lon="-122.4386">
        <ele>85.0</ele>
        <time>2024-12-26T20:16:21Z</time>
      </trkpt>
      <trkpt lat="37.75119" lon="-122.43859">
        <ele>85.0</ele>
        <time>2024-12-26T20:16:26Z</time>
      </trkpt>
      <trkpt lat="37.75113" lon="-122.43859">
        <ele>85.0</ele>
        <time>2024-12-26T20:16:32Z</time>
      </trkpt>
      <trkpt lat="37.75111" lon="-122.43852">
        <ele>85.0</ele>
        <time>2024-12-26T20:16:37Z</time>
      </trkpt>
      <trkpt lat="37.75112" lon="-122.43844">
        <ele>84.23</ele>
        <time>2024-12-26T20:16:42Z</time>
      </trkpt>
      <trkpt lat="37.75119" lon="-122.43846">
        <ele>84.91</ele>
        <time>2024-12-26T20:17:10Z</time>
      </trkpt>
      <trkpt lat="37.75117" lon="-122.43847">
        <ele>84.81</ele>
        <time>2024-12-26T20:18:55Z</time>
      </trkpt>
    </trkseg>
  </trk>
</gpx>
