<?xml version="1.0" encoding="UTF-8"?>
<gpx version="1.1" creator="PythonScript" xmlns="http://www.topografix.com/GPX/1/1">
  <trk>
    <name>Long Synthetic Explorer Trace</name>
    <trkseg>
      <trkpt lat="37.757878" lon="-122.448050"><time>2024-06-01T10:00:22Z</time></trkpt>
      <trkpt lat="37.757987" lon="-122.447946"><time>2024-06-01T10:00:52Z</time></trkpt>
      <trkpt lat="37.758032" lon="-122.448089"><time>2024-06-01T10:01:16Z</time></trkpt>
      <trkpt lat="37.757891" lon="-122.448138"><time>2024-06-01T10:01:36Z</time></trkpt>
      <trkpt lat="37.758032" lon="-122.448189"><time>2024-06-01T10:01:52Z</time></trkpt>
      <trkpt lat="37.757882" lon="-122.448192"><time>2024-06-01T10:02:05Z</time></trkpt>
      <trkpt lat="37.757959" lon="-122.448320"><time>2024-06-01T10:02:27Z</time></trkpt>
      <trkpt lat="37.757904" lon="-122.448181"><time>2024-06-01T10:02:37Z</time></trkpt>
      <trkpt lat="37.757836" lon="-122.448314"><time>2024-06-01T10:03:07Z</time></trkpt>
      <trkpt lat="37.757980" lon="-122.448273"><time>2024-06-01T10:03:27Z</time></trkpt>
      <trkpt lat="37.757831" lon="-122.448291"><time>2024-06-01T10:03:45Z</time></trkpt>
      <trkpt lat="37.757718" lon="-122.448390"><time>2024-06-01T10:03:58Z</time></trkpt>
      <trkpt lat="37.757575" lon="-122.448344"><time>2024-06-01T10:04:24Z</time></trkpt>
      <trkpt lat="37.757696" lon="-122.448434"><time>2024-06-01T10:04:52Z</time></trkpt>
      <trkpt lat="37.757822" lon="-122.448515"><time>2024-06-01T10:05:17Z</time></trkpt>
      <trkpt lat="37.757876" lon="-122.448375"><time>2024-06-01T10:05:47Z</time></trkpt>
      <trkpt lat="37.757744" lon="-122.448447"><time>2024-06-01T10:06:05Z</time></trkpt>
      <trkpt lat="37.757755" lon="-122.448596"><time>2024-06-01T10:06:27Z</time></trkpt>
      <trkpt lat="37.757904" lon="-122.448578"><time>2024-06-01T10:06:42Z</time></trkpt>
      <trkpt lat="37.757958" lon="-122.448438"><time>2024-06-01T10:06:59Z</time></trkpt>
      <trkpt lat="37.758104" lon="-122.448404"><time>2024-06-01T10:07:12Z</time></trkpt>
      <trkpt lat="37.758157" lon="-122.448545"><time>2024-06-01T10:07:29Z</time></trkpt>
      <trkpt lat="37.758009" lon="-122.448571"><time>2024-06-01T10:07:51Z</time></trkpt>
      <trkpt lat="37.758141" lon="-122.448499"><time>2024-06-01T10:08:15Z</time></trkpt>
      <trkpt lat="37.758163" lon="-122.448351"><time>2024-06-01T10:08:26Z</time></trkpt>
      <trkpt lat="37.758017" lon="-122.448385"><time>2024-06-01T10:08:54Z</time></trkpt>
      <trkpt lat="37.758159" lon="-122.448430"><time>2024-06-01T10:09:18Z</time></trkpt>
      <trkpt lat="37.758033" lon="-122.448510"><time>2024-06-01T10:09:48Z</time></trkpt>
      <trkpt lat="37.758072" lon="-122.448366"><time>2024-06-01T10:10:02Z</time></trkpt>
      <trkpt lat="37.757981" lon="-122.448485"><time>2024-06-01T10:10:24Z</time></trkpt>
      <trkpt lat="37.757867" lon="-122.448583"><time>2024-06-01T10:10:51Z</time></trkpt>
      <trkpt lat="37.757717" lon="-122.448576"><time>2024-06-01T10:11:21Z</time></trkpt>
      <trkpt lat="37.757811" lon="-122.448458"><time>2024-06-01T10:11:43Z</time></trkpt>
      <trkpt lat="37.757960" lon="-122.448442"><time>2024-06-01T10:11:55Z</time></trkpt>
      <trkpt lat="37.758108" lon="-122.448419"><time>2024-06-01T10:12:06Z</time></trkpt>
      <trkpt lat="37.758161" lon="-122.448279"><time>2024-06-01T10:12:31Z</time></trkpt>
      <trkpt lat="37.758305" lon="-122.448321"><time>2024-06-01T10:12:59Z</time></trkpt>
      <trkpt lat="37.758348" lon="-122.448177"><time>2024-06-01T10:13:25Z</time></trkpt>
      <trkpt lat="37.758323" lon="-122.448029"><time>2024-06-01T10:13:44Z</time></trkpt>
      <trkpt lat="37.758227" lon="-122.447913"><time>2024-06-01T10:13:59Z</time></trkpt>
      <trkpt lat="37.758369" lon="-122.447963"><time>2024-06-01T10:14:29Z</time></trkpt>
      <trkpt lat="37.758437" lon="-122.447829"><time>2024-06-01T10:14:42Z</time></trkpt>
      <trkpt lat="37.758287" lon="-122.447821"><time>2024-06-01T10:14:54Z</time></trkpt>
      <trkpt lat="37.758290" lon="-122.447671"><time>2024-06-01T10:15:04Z</time></trkpt>
      <trkpt lat="37.758200" lon="-122.447791"><time>2024-06-01T10:15:14Z</time></trkpt>
      <trkpt lat="37.758052" lon="-122.447815"><time>2024-06-01T10:15:35Z</time></trkpt>
      <trkpt lat="37.758158" lon="-122.447920"><time>2024-06-01T10:15:47Z</time></trkpt>
      <trkpt lat="37.758235" lon="-122.447792"><time>2024-06-01T10:16:03Z</time></trkpt>
      <trkpt lat="37.758233" lon="-122.447942"><time>2024-06-01T10:16:30Z</time></trkpt>
      <trkpt lat="37.758206" lon="-122.448089"><time>2024-06-01T10:16:44Z</time></trkpt>
      <trkpt lat="37.758321" lon="-122.447993"><time>2024-06-01T10:16:55Z</time></trkpt>
      <trkpt lat="37.758341" lon="-122.447844"><time>2024-06-01T10:17:13Z</time></trkpt>
      <trkpt lat="37.758299" lon="-122.447700"><time>2024-06-01T10:17:25Z</time></trkpt>
      <trkpt lat="37.758443" lon="-122.447656"><time>2024-06-01T10:17:43Z</time></trkpt>
      <trkpt lat="37.758540" lon="-122.447542"><time>2024-06-01T10:18:05Z</time></trkpt>
      <trkpt lat="37.758398" lon="-122.447589"><time>2024-06-01T10:18:18Z</time></trkpt>
      <trkpt lat="37.758268" lon="-122.447664"><time>2024-06-01T10:18:30Z</time></trkpt>
      <trkpt lat="37.758216" lon="-122.447805"><time>2024-06-01T10:18:40Z</time></trkpt>
      <trkpt lat="37.758190" lon="-122.447953"><time>2024-06-01T10:18:57Z</time></trkpt>
      <trkpt lat="37.758281" lon="-122.447833"><time>2024-06-01T10:19:14Z</time></trkpt>
      <trkpt lat="37.758287" lon="-122.447683"><time>2024-06-01T10:19:34Z</time></trkpt>
      <trkpt lat="37.758342" lon="-122.447544"><time>2024-06-01T10:19:56Z</time></trkpt>
      <trkpt lat="37.758200" lon="-122.447497"><time>2024-06-01T10:20:15Z</time></trkpt>
      <trkpt lat="37.758349" lon="-122.447514"><time>2024-06-01T10:20:32Z</time></trkpt>
      <trkpt lat="37.758499" lon="-122.447520"><time>2024-06-01T10:20:48Z</time></trkpt>
      <trkpt lat="37.758560" lon="-122.447657"><time>2024-06-01T10:21:09Z</time></trkpt>
      <trkpt lat="37.758635" lon="-122.447527"><time>2024-06-01T10:21:39Z</time></trkpt>
      <trkpt lat="37.758649" lon="-122.447378"><time>2024-06-01T10:22:08Z</time></trkpt>
      <trkpt lat="37.758798" lon="-122.447394"><time>2024-06-01T10:22:25Z</time></trkpt>
      <trkpt lat="37.758689" lon="-122.447497"><time>2024-06-01T10:22:52Z</time></trkpt>
      <trkpt lat="37.758665" lon="-122.447349"><time>2024-06-01T10:23:18Z</time></trkpt>
      <trkpt lat="37.758806" lon="-122.447401"><time>2024-06-01T10:23:30Z</time></trkpt>
      <trkpt lat="37.758770" lon="-122.447256"><time>2024-06-01T10:23:41Z</time></trkpt>
      <trkpt lat="37.758725" lon="-122.447113"><time>2024-06-01T10:24:02Z</time></trkpt>
      <trkpt lat="37.758848" lon="-122.447027"><time>2024-06-01T10:24:13Z</time></trkpt>
      <trkpt lat="37.758761" lon="-122.447149"><time>2024-06-01T10:24:36Z</time></trkpt>
      <trkpt lat="37.758627" lon="-122.447216"><time>2024-06-01T10:25:04Z</time></trkpt>
      <trkpt lat="37.758772" lon="-122.447251"><time>2024-06-01T10:25:26Z</time></trkpt>
      <trkpt lat="37.758791" lon="-122.447102"><time>2024-06-01T10:25:55Z</time></trkpt>
      <trkpt lat="37.758641" lon="-122.447104"><time>2024-06-01T10:26:11Z</time></trkpt>
      <trkpt lat="37.758785" lon="-122.447146"><time>2024-06-01T10:26:34Z</time></trkpt>
      <trkpt lat="37.758653" lon="-122.447217"><time>2024-06-01T10:26:51Z</time></trkpt>
      <trkpt lat="37.758752" lon="-122.447330"><time>2024-06-01T10:27:03Z</time></trkpt>
      <trkpt lat="37.758614" lon="-122.447387"><time>2024-06-01T10:27:23Z</time></trkpt>
      <trkpt lat="37.758605" lon="-122.447537"><time>2024-06-01T10:27:51Z</time></trkpt>
      <trkpt lat="37.758734" lon="-122.447461"><time>2024-06-01T10:28:10Z</time></trkpt>
      <trkpt lat="37.758881" lon="-122.447490"><time>2024-06-01T10:28:38Z</time></trkpt>
      <trkpt lat="37.758767" lon="-122.447393"><time>2024-06-01T10:28:56Z</time></trkpt>
      <trkpt lat="37.758625" lon="-122.447440"><time>2024-06-01T10:29:17Z</time></trkpt>
      <trkpt lat="37.758554" lon="-122.447308"><time>2024-06-01T10:29:28Z</time></trkpt>
      <trkpt lat="37.758701" lon="-122.447280"><time>2024-06-01T10:29:45Z</time></trkpt>
      <trkpt lat="37.758721" lon="-122.447132"><time>2024-06-01T10:30:03Z</time></trkpt>
      <trkpt lat="37.758582" lon="-122.447187"><time>2024-06-01T10:30:27Z</time></trkpt>
      <trkpt lat="37.758732" lon="-122.447173"><time>2024-06-01T10:30:46Z</time></trkpt>
      <trkpt lat="37.758681" lon="-122.447032"><time>2024-06-01T10:31:10Z</time></trkpt>
      <trkpt lat="37.758785" lon="-122.447140"><time>2024-06-01T10:31:26Z</time></trkpt>
      <trkpt lat="37.758673" lon="-122.447239"><time>2024-06-01T10:31:54Z</time></trkpt>
      <trkpt lat="37.758816" lon="-122.447193"><time>2024-06-01T10:32:18Z</time></trkpt>
      <trkpt lat="37.758737" lon="-122.447065"><time>2024-06-01T10:32:41Z</time></trkpt>
      <trkpt lat="37.758614" lon="-122.446978"><time>2024-06-01T10:33:05Z</time></trkpt>
      <trkpt lat="37.758720" lon="-122.446872"><time>2024-06-01T10:33:15Z</time></trkpt>
      <trkpt lat="37.758697" lon="-122.447020"><time>2024-06-01T10:33:35Z</time></trkpt>
      <trkpt lat="37.758847" lon="-122.447017"><time>2024-06-01T10:33:45Z</time></trkpt>
      <trkpt lat="37.758923" lon="-122.447146"><time>2024-06-01T10:33:59Z</time></trkpt>
      <trkpt lat="37.759054" lon="-122.447219"><time>2024-06-01T10:34:12Z</time></trkpt>
      <trkpt lat="37.758911" lon="-122.447262"><time>2024-06-01T10:34:23Z</time></trkpt>
      <trkpt lat="37.759032" lon="-122.447174"><time>2024-06-01T10:34:44Z</time></trkpt>
      <trkpt lat="37.758891" lon="-122.447226"><time>2024-06-01T10:35:01Z</time></trkpt>
      <trkpt lat="37.759041" lon="-122.447230"><time>2024-06-01T10:35:11Z</time></trkpt>
      <trkpt lat="37.758948" lon="-122.447348"><time>2024-06-01T10:35:34Z</time></trkpt>
      <trkpt lat="37.758893" lon="-122.447208"><time>2024-06-01T10:35:45Z</time></trkpt>
      <trkpt lat="37.758978" lon="-122.447332"><time>2024-06-01T10:36:04Z</time></trkpt>
      <trkpt lat="37.758855" lon="-122.447246"><time>2024-06-01T10:36:32Z</time></trkpt>
      <trkpt lat="37.758879" lon="-122.447098"><time>2024-06-01T10:36:55Z</time></trkpt>
      <trkpt lat="37.759015" lon="-122.447034"><time>2024-06-01T10:37:17Z</time></trkpt>
      <trkpt lat="37.759063" lon="-122.446892"><time>2024-06-01T10:37:47Z</time></trkpt>
      <trkpt lat="37.759178" lon="-122.446988"><time>2024-06-01T10:38:12Z</time></trkpt>
      <trkpt lat="37.759156" lon="-122.446840"><time>2024-06-01T10:38:28Z</time></trkpt>
      <trkpt lat="37.759112" lon="-122.446983"><time>2024-06-01T10:38:54Z</time></trkpt>
      <trkpt lat="37.759118" lon="-122.446833"><time>2024-06-01T10:39:24Z</time></trkpt>
      <trkpt lat="37.759144" lon="-122.446685"><time>2024-06-01T10:39:41Z</time></trkpt>
      <trkpt lat="37.759251" lon="-122.446580"><time>2024-06-01T10:40:03Z</time></trkpt>
      <trkpt lat="37.759112" lon="-122.446638"><time>2024-06-01T10:40:26Z</time></trkpt>
      <trkpt lat="37.758969" lon="-122.446684"><time>2024-06-01T10:40:54Z</time></trkpt>
      <trkpt lat="37.758841" lon="-122.446607"><time>2024-06-01T10:41:23Z</time></trkpt>
      <trkpt lat="37.758746" lon="-122.446491"><time>2024-06-01T10:41:35Z</time></trkpt>
      <trkpt lat="37.758816" lon="-122.446358"><time>2024-06-01T10:41:56Z</time></trkpt>
      <trkpt lat="37.758966" lon="-122.446358"><time>2024-06-01T10:42:09Z</time></trkpt>
      <trkpt lat="37.759014" lon="-122.446500"><time>2024-06-01T10:42:29Z</time></trkpt>
      <trkpt lat="37.759131" lon="-122.446407"><time>2024-06-01T10:42:47Z</time></trkpt>
      <trkpt lat="37.759247" lon="-122.446312"><time>2024-06-01T10:43:08Z</time></trkpt>
      <trkpt lat="37.759188" lon="-122.446174"><time>2024-06-01T10:43:18Z</time></trkpt>
      <trkpt lat="37.759165" lon="-122.446026"><time>2024-06-01T10:43:32Z</time></trkpt>
      <trkpt lat="37.759314" lon="-122.446040"><time>2024-06-01T10:43:52Z</time></trkpt>
      <trkpt lat="37.759458" lon="-122.446084"><time>2024-06-01T10:44:08Z</time></trkpt>
      <trkpt lat="37.759506" lon="-122.446226"><time>2024-06-01T10:44:36Z</time></trkpt>
      <trkpt lat="37.759637" lon="-122.446153"><time>2024-06-01T10:44:56Z</time></trkpt>
      <trkpt lat="37.759786" lon="-122.446137"><time>2024-06-01T10:45:16Z</time></trkpt>
      <trkpt lat="37.759636" lon="-122.446146"><time>2024-06-01T10:45:36Z</time></trkpt>
      <trkpt lat="37.759678" lon="-122.446002"><time>2024-06-01T10:45:52Z</time></trkpt>
      <trkpt lat="37.759825" lon="-122.445974"><time>2024-06-01T10:46:22Z</time></trkpt>
      <trkpt lat="37.759864" lon="-122.446119"><time>2024-06-01T10:46:39Z</time></trkpt>
      <trkpt lat="37.759739" lon="-122.446201"><time>2024-06-01T10:47:02Z</time></trkpt>
      <trkpt lat="37.759688" lon="-122.446342"><time>2024-06-01T10:47:28Z</time></trkpt>
      <trkpt lat="37.759774" lon="-122.446219"><time>2024-06-01T10:47:42Z</time></trkpt>
      <trkpt lat="37.759894" lon="-122.446130"><time>2024-06-01T10:47:59Z</time></trkpt>
      <trkpt lat="37.759860" lon="-122.446276"><time>2024-06-01T10:48:23Z</time></trkpt>
      <trkpt lat="37.760007" lon="-122.446246"><time>2024-06-01T10:48:36Z</time></trkpt>
      <trkpt lat="37.759919" lon="-122.446124"><time>2024-06-01T10:49:03Z</time></trkpt>
      <trkpt lat="37.759903" lon="-122.445975"><time>2024-06-01T10:49:21Z</time></trkpt>
      <trkpt lat="37.759776" lon="-122.445895"><time>2024-06-01T10:49:38Z</time></trkpt>
      <trkpt lat="37.759716" lon="-122.446033"><time>2024-06-01T10:49:50Z</time></trkpt>
      <trkpt lat="37.759854" lon="-122.446091"><time>2024-06-01T10:50:17Z</time></trkpt>
      <trkpt lat="37.759708" lon="-122.446127"><time>2024-06-01T10:50:41Z</time></trkpt>
      <trkpt lat="37.759678" lon="-122.446274"><time>2024-06-01T10:51:09Z</time></trkpt>
      <trkpt lat="37.759533" lon="-122.446238"><time>2024-06-01T10:51:24Z</time></trkpt>
      <trkpt lat="37.759682" lon="-122.446220"><time>2024-06-01T10:51:46Z</time></trkpt>
      <trkpt lat="37.759721" lon="-122.446365"><time>2024-06-01T10:52:01Z</time></trkpt>
      <trkpt lat="37.759620" lon="-122.446476"><time>2024-06-01T10:52:13Z</time></trkpt>
      <trkpt lat="37.759527" lon="-122.446594"><time>2024-06-01T10:52:27Z</time></trkpt>
      <trkpt lat="37.759382" lon="-122.446555"><time>2024-06-01T10:52:53Z</time></trkpt>
      <trkpt lat="37.759396" lon="-122.446704"><time>2024-06-01T10:53:15Z</time></trkpt>
      <trkpt lat="37.759292" lon="-122.446811"><time>2024-06-01T10:53:43Z</time></trkpt>
      <trkpt lat="37.759357" lon="-122.446676"><time>2024-06-01T10:54:06Z</time></trkpt>
      <trkpt lat="37.759353" lon="-122.446826"><time>2024-06-01T10:54:27Z</time></trkpt>
      <trkpt lat="37.759300" lon="-122.446686"><time>2024-06-01T10:54:49Z</time></trkpt>
      <trkpt lat="37.759395" lon="-122.446569"><time>2024-06-01T10:55:08Z</time></trkpt>
      <trkpt lat="37.759261" lon="-122.446500"><time>2024-06-01T10:55:26Z</time></trkpt>
      <trkpt lat="37.759116" lon="-122.446539"><time>2024-06-01T10:55:49Z</time></trkpt>
      <trkpt lat="37.758981" lon="-122.446473"><time>2024-06-01T10:56:08Z</time></trkpt>
      <trkpt lat="37.759127" lon="-122.446510"><time>2024-06-01T10:56:19Z</time></trkpt>
      <trkpt lat="37.759069" lon="-122.446372"><time>2024-06-01T10:56:30Z</time></trkpt>
      <trkpt lat="37.759216" lon="-122.446403"><time>2024-06-01T10:56:47Z</time></trkpt>
      <trkpt lat="37.759364" lon="-122.446378"><time>2024-06-01T10:57:15Z</time></trkpt>
      <trkpt lat="37.759243" lon="-122.446467"><time>2024-06-01T10:57:31Z</time></trkpt>
      <trkpt lat="37.759388" lon="-122.446429"><time>2024-06-01T10:57:45Z</time></trkpt>
      <trkpt lat="37.759437" lon="-122.446571"><time>2024-06-01T10:58:08Z</time></trkpt>
      <trkpt lat="37.759346" lon="-122.446452"><time>2024-06-01T10:58:31Z</time></trkpt>
      <trkpt lat="37.759304" lon="-122.446596"><time>2024-06-01T10:58:43Z</time></trkpt>
      <trkpt lat="37.759344" lon="-122.446451"><time>2024-06-01T10:59:01Z</time></trkpt>
      <trkpt lat="37.759273" lon="-122.446319"><time>2024-06-01T10:59:19Z</time></trkpt>
      <trkpt lat="37.759390" lon="-122.446413"><time>2024-06-01T10:59:29Z</time></trkpt>
      <trkpt lat="37.759421" lon="-122.446267"><time>2024-06-01T10:59:51Z</time></trkpt>
      <trkpt lat="37.759375" lon="-122.446410"><time>2024-06-01T11:00:10Z</time></trkpt>
      <trkpt lat="37.759344" lon="-122.446556"><time>2024-06-01T11:00:24Z</time></trkpt>
      <trkpt lat="37.759493" lon="-122.446571"><time>2024-06-01T11:00:36Z</time></trkpt>
      <trkpt lat="37.759609" lon="-122.446476"><time>2024-06-01T11:00:51Z</time></trkpt>
      <trkpt lat="37.759459" lon="-122.446479"><time>2024-06-01T11:01:01Z</time></trkpt>
      <trkpt lat="37.759553" lon="-122.446596"><time>2024-06-01T11:01:31Z</time></trkpt>
      <trkpt lat="37.759572" lon="-122.446447"><time>2024-06-01T11:01:43Z</time></trkpt>
      <trkpt lat="37.759429" lon="-122.446401"><time>2024-06-01T11:01:54Z</time></trkpt>
      <trkpt lat="37.759437" lon="-122.446251"><time>2024-06-01T11:02:12Z</time></trkpt>
      <trkpt lat="37.759295" lon="-122.446300"><time>2024-06-01T11:02:35Z</time></trkpt>
      <trkpt lat="37.759151" lon="-122.446341"><time>2024-06-01T11:02:51Z</time></trkpt>
      <trkpt lat="37.759249" lon="-122.446455"><time>2024-06-01T11:03:14Z</time></trkpt>
      <trkpt lat="37.759376" lon="-122.446375"><time>2024-06-01T11:03:25Z</time></trkpt>
      <trkpt lat="37.759376" lon="-122.446525"><time>2024-06-01T11:03:49Z</time></trkpt>
      <trkpt lat="37.759436" lon="-122.446387"><time>2024-06-01T11:04:07Z</time></trkpt>
      <trkpt lat="37.759345" lon="-122.446268"><time>2024-06-01T11:04:31Z</time></trkpt>
      <trkpt lat="37.759490" lon="-122.446309"><time>2024-06-01T11:04:58Z</time></trkpt>
      <trkpt lat="37.759622" lon="-122.446380"><time>2024-06-01T11:05:23Z</time></trkpt>
      <trkpt lat="37.759633" lon="-122.446230"><time>2024-06-01T11:05:40Z</time></trkpt>
      <trkpt lat="37.759559" lon="-122.446361"><time>2024-06-01T11:05:57Z</time></trkpt>
      <trkpt lat="37.759596" lon="-122.446216"><time>2024-06-01T11:06:27Z</time></trkpt>
      <trkpt lat="37.759707" lon="-122.446316"><time>2024-06-01T11:06:40Z</time></trkpt>
      <trkpt lat="37.759780" lon="-122.446447"><time>2024-06-01T11:07:01Z</time></trkpt>
      <trkpt lat="37.759649" lon="-122.446373"><time>2024-06-01T11:07:28Z</time></trkpt>
      <trkpt lat="37.759731" lon="-122.446499"><time>2024-06-01T11:07:50Z</time></trkpt>
      <trkpt lat="37.759875" lon="-122.446457"><time>2024-06-01T11:08:10Z</time></trkpt>
      <trkpt lat="37.759959" lon="-122.446581"><time>2024-06-01T11:08:35Z</time></trkpt>
      <trkpt lat="37.759837" lon="-122.446669"><time>2024-06-01T11:09:01Z</time></trkpt>
      <trkpt lat="37.759986" lon="-122.446686"><time>2024-06-01T11:09:24Z</time></trkpt>
      <trkpt lat="37.759960" lon="-122.446538"><time>2024-06-01T11:09:52Z</time></trkpt>
      <trkpt lat="37.759880" lon="-122.446411"><time>2024-06-01T11:10:12Z</time></trkpt>
      <trkpt lat="37.759748" lon="-122.446339"><time>2024-06-01T11:10:30Z</time></trkpt>
      <trkpt lat="37.759669" lon="-122.446212"><time>2024-06-01T11:10:48Z</time></trkpt>
      <trkpt lat="37.759766" lon="-122.446326"><time>2024-06-01T11:11:09Z</time></trkpt>
      <trkpt lat="37.759641" lon="-122.446244"><time>2024-06-01T11:11:32Z</time></trkpt>
      <trkpt lat="37.759733" lon="-122.446362"><time>2024-06-01T11:11:48Z</time></trkpt>
      <trkpt lat="37.759654" lon="-122.446234"><time>2024-06-01T11:12:14Z</time></trkpt>
      <trkpt lat="37.759736" lon="-122.446360"><time>2024-06-01T11:12:30Z</time></trkpt>
      <trkpt lat="37.759612" lon="-122.446276"><time>2024-06-01T11:12:59Z</time></trkpt>
      <trkpt lat="37.759470" lon="-122.446227"><time>2024-06-01T11:13:10Z</time></trkpt>
      <trkpt lat="37.759608" lon="-122.446167"><time>2024-06-01T11:13:25Z</time></trkpt>
      <trkpt lat="37.759521" lon="-122.446045"><time>2024-06-01T11:13:39Z</time></trkpt>
      <trkpt lat="37.759390" lon="-122.445972"><time>2024-06-01T11:13:54Z</time></trkpt>
      <trkpt lat="37.759251" lon="-122.446029"><time>2024-06-01T11:14:22Z</time></trkpt>
      <trkpt lat="37.759329" lon="-122.446156"><time>2024-06-01T11:14:39Z</time></trkpt>
      <trkpt lat="37.759467" lon="-122.446096"><time>2024-06-01T11:14:56Z</time></trkpt>
      <trkpt lat="37.759603" lon="-122.446158"><time>2024-06-01T11:15:14Z</time></trkpt>
      <trkpt lat="37.759709" lon="-122.446265"><time>2024-06-01T11:15:35Z</time></trkpt>
      <trkpt lat="37.759829" lon="-122.446174"><time>2024-06-01T11:15:53Z</time></trkpt>
      <trkpt lat="37.759830" lon="-122.446324"><time>2024-06-01T11:16:04Z</time></trkpt>
      <trkpt lat="37.759876" lon="-122.446182"><time>2024-06-01T11:16:34Z</time></trkpt>
      <trkpt lat="37.760023" lon="-122.446150"><time>2024-06-01T11:17:01Z</time></trkpt>
      <trkpt lat="37.760168" lon="-122.446114"><time>2024-06-01T11:17:20Z</time></trkpt>
      <trkpt lat="37.760088" lon="-122.446241"><time>2024-06-01T11:17:48Z</time></trkpt>
      <trkpt lat="37.760063" lon="-122.446093"><time>2024-06-01T11:18:18Z</time></trkpt>
      <trkpt lat="37.760187" lon="-122.446177"><time>2024-06-01T11:18:37Z</time></trkpt>
      <trkpt lat="37.760314" lon="-122.446097"><time>2024-06-01T11:18:49Z</time></trkpt>
      <trkpt lat="37.760463" lon="-122.446078"><time>2024-06-01T11:19:17Z</time></trkpt>
      <trkpt lat="37.760556" lon="-122.446196"><time>2024-06-01T11:19:43Z</time></trkpt>
      <trkpt lat="37.760700" lon="-122.446156"><time>2024-06-01T11:19:58Z</time></trkpt>
      <trkpt lat="37.760850" lon="-122.446164"><time>2024-06-01T11:20:14Z</time></trkpt>
      <trkpt lat="37.760702" lon="-122.446142"><time>2024-06-01T11:20:37Z</time></trkpt>
      <trkpt lat="37.760635" lon="-122.446008"><time>2024-06-01T11:20:51Z</time></trkpt>
      <trkpt lat="37.760777" lon="-122.445961"><time>2024-06-01T11:21:11Z</time></trkpt>
      <trkpt lat="37.760628" lon="-122.445973"><time>2024-06-01T11:21:32Z</time></trkpt>
      <trkpt lat="37.760702" lon="-122.445843"><time>2024-06-01T11:21:45Z</time></trkpt>
      <trkpt lat="37.760798" lon="-122.445958"><time>2024-06-01T11:22:05Z</time></trkpt>
      <trkpt lat="37.760737" lon="-122.446095"><time>2024-06-01T11:22:34Z</time></trkpt>
      <trkpt lat="37.760885" lon="-122.446069"><time>2024-06-01T11:22:58Z</time></trkpt>
      <trkpt lat="37.760739" lon="-122.446033"><time>2024-06-01T11:23:26Z</time></trkpt>
      <trkpt lat="37.760608" lon="-122.445962"><time>2024-06-01T11:23:49Z</time></trkpt>
      <trkpt lat="37.760458" lon="-122.445973"><time>2024-06-01T11:24:07Z</time></trkpt>
      <trkpt lat="37.760578" lon="-122.445883"><time>2024-06-01T11:24:31Z</time></trkpt>
      <trkpt lat="37.760558" lon="-122.446032"><time>2024-06-01T11:24:49Z</time></trkpt>
      <trkpt lat="37.760705" lon="-122.446004"><time>2024-06-01T11:25:18Z</time></trkpt>
      <trkpt lat="37.760734" lon="-122.445857"><time>2024-06-01T11:25:46Z</time></trkpt>
      <trkpt lat="37.760883" lon="-122.445877"><time>2024-06-01T11:26:13Z</time></trkpt>
      <trkpt lat="37.760907" lon="-122.445729"><time>2024-06-01T11:26:32Z</time></trkpt>
      <trkpt lat="37.761057" lon="-122.445735"><time>2024-06-01T11:26:52Z</time></trkpt>
      <trkpt lat="37.761132" lon="-122.445605"><time>2024-06-01T11:27:13Z</time></trkpt>
      <trkpt lat="37.761270" lon="-122.445664"><time>2024-06-01T11:27:37Z</time></trkpt>
      <trkpt lat="37.761389" lon="-122.445755"><time>2024-06-01T11:27:55Z</time></trkpt>
      <trkpt lat="37.761350" lon="-122.445900"><time>2024-06-01T11:28:17Z</time></trkpt>
      <trkpt lat="37.761357" lon="-122.445750"><time>2024-06-01T11:28:41Z</time></trkpt>
      <trkpt lat="37.761495" lon="-122.445810"><time>2024-06-01T11:28:53Z</time></trkpt>
      <trkpt lat="37.761514" lon="-122.445959"><time>2024-06-01T11:29:16Z</time></trkpt>
      <trkpt lat="37.761364" lon="-122.445960"><time>2024-06-01T11:29:27Z</time></trkpt>
      <trkpt lat="37.761388" lon="-122.446108"><time>2024-06-01T11:29:37Z</time></trkpt>
      <trkpt lat="37.761337" lon="-122.446249"><time>2024-06-01T11:30:07Z</time></trkpt>
      <trkpt lat="37.761336" lon="-122.446099"><time>2024-06-01T11:30:28Z</time></trkpt>
      <trkpt lat="37.761256" lon="-122.445972"><time>2024-06-01T11:30:57Z</time></trkpt>
      <trkpt lat="37.761131" lon="-122.446055"><time>2024-06-01T11:31:19Z</time></trkpt>
      <trkpt lat="37.760983" lon="-122.446030"><time>2024-06-01T11:31:45Z</time></trkpt>
      <trkpt lat="37.760857" lon="-122.446111"><time>2024-06-01T11:32:04Z</time></trkpt>
      <trkpt lat="37.760998" lon="-122.446060"><time>2024-06-01T11:32:22Z</time></trkpt>
      <trkpt lat="37.760995" lon="-122.445911"><time>2024-06-01T11:32:32Z</time></trkpt>
      <trkpt lat="37.760847" lon="-122.445932"><time>2024-06-01T11:32:43Z</time></trkpt>
      <trkpt lat="37.760941" lon="-122.445815"><time>2024-06-01T11:33:10Z</time></trkpt>
      <trkpt lat="37.761084" lon="-122.445859"><time>2024-06-01T11:33:31Z</time></trkpt>
      <trkpt lat="37.761176" lon="-122.445740"><time>2024-06-01T11:34:00Z</time></trkpt>
      <trkpt lat="37.761037" lon="-122.445797"><time>2024-06-01T11:34:18Z</time></trkpt>
      <trkpt lat="37.761065" lon="-122.445944"><time>2024-06-01T11:34:28Z</time></trkpt>
      <trkpt lat="37.760953" lon="-122.445845"><time>2024-06-01T11:34:49Z</time></trkpt>
      <trkpt lat="37.761096" lon="-122.445801"><time>2024-06-01T11:35:06Z</time></trkpt>
      <trkpt lat="37.761038" lon="-122.445663"><time>2024-06-01T11:35:35Z</time></trkpt>
      <trkpt lat="37.760923" lon="-122.445759"><time>2024-06-01T11:35:54Z</time></trkpt>
      <trkpt lat="37.760836" lon="-122.445636"><time>2024-06-01T11:36:07Z</time></trkpt>
      <trkpt lat="37.760690" lon="-122.445668"><time>2024-06-01T11:36:20Z</time></trkpt>
      <trkpt lat="37.760670" lon="-122.445520"><time>2024-06-01T11:36:37Z</time></trkpt>
      <trkpt lat="37.760737" lon="-122.445386"><time>2024-06-01T11:36:50Z</time></trkpt>
      <trkpt lat="37.760884" lon="-122.445355"><time>2024-06-01T11:37:16Z</time></trkpt>
      <trkpt lat="37.760756" lon="-122.445277"><time>2024-06-01T11:37:34Z</time></trkpt>
      <trkpt lat="37.760683" lon="-122.445408"><time>2024-06-01T11:37:45Z</time></trkpt>
      <trkpt lat="37.760592" lon="-122.445289"><time>2024-06-01T11:38:00Z</time></trkpt>
      <trkpt lat="37.760709" lon="-122.445382"><time>2024-06-01T11:38:27Z</time></trkpt>
      <trkpt lat="37.760667" lon="-122.445526"><time>2024-06-01T11:38:40Z</time></trkpt>
      <trkpt lat="37.760806" lon="-122.445581"><time>2024-06-01T11:39:02Z</time></trkpt>
      <trkpt lat="37.760786" lon="-122.445433"><time>2024-06-01T11:39:30Z</time></trkpt>
      <trkpt lat="37.760916" lon="-122.445359"><time>2024-06-01T11:39:43Z</time></trkpt>
      <trkpt lat="37.760784" lon="-122.445289"><time>2024-06-01T11:40:03Z</time></trkpt>
      <trkpt lat="37.760896" lon="-122.445388"><time>2024-06-01T11:40:32Z</time></trkpt>
      <trkpt lat="37.760973" lon="-122.445259"><time>2024-06-01T11:40:56Z</time></trkpt>
      <trkpt lat="37.761116" lon="-122.445303"><time>2024-06-01T11:41:11Z</time></trkpt>
      <trkpt lat="37.760972" lon="-122.445262"><time>2024-06-01T11:41:29Z</time></trkpt>
      <trkpt lat="37.761122" lon="-122.445272"><time>2024-06-01T11:41:58Z</time></trkpt>
      <trkpt lat="37.761192" lon="-122.445405"><time>2024-06-01T11:42:11Z</time></trkpt>
      <trkpt lat="37.761196" lon="-122.445555"><time>2024-06-01T11:42:39Z</time></trkpt>
      <trkpt lat="37.761047" lon="-122.445563"><time>2024-06-01T11:42:56Z</time></trkpt>
      <trkpt lat="37.760989" lon="-122.445702"><time>2024-06-01T11:43:24Z</time></trkpt>
      <trkpt lat="37.761086" lon="-122.445816"><time>2024-06-01T11:43:37Z</time></trkpt>
      <trkpt lat="37.761163" lon="-122.445944"><time>2024-06-01T11:44:00Z</time></trkpt>
      <trkpt lat="37.761034" lon="-122.446020"><time>2024-06-01T11:44:30Z</time></trkpt>
      <trkpt lat="37.760891" lon="-122.446067"><time>2024-06-01T11:44:53Z</time></trkpt>
      <trkpt lat="37.761040" lon="-122.446084"><time>2024-06-01T11:45:10Z</time></trkpt>
      <trkpt lat="37.760892" lon="-122.446063"><time>2024-06-01T11:45:35Z</time></trkpt>
      <trkpt lat="37.761035" lon="-122.446019"><time>2024-06-01T11:45:57Z</time></trkpt>
      <trkpt lat="37.760940" lon="-122.445903"><time>2024-06-01T11:46:19Z</time></trkpt>
      <trkpt lat="37.760802" lon="-122.445843"><time>2024-06-01T11:46:43Z</time></trkpt>
      <trkpt lat="37.760873" lon="-122.445711"><time>2024-06-01T11:46:54Z</time></trkpt>
      <trkpt lat="37.760936" lon="-122.445575"><time>2024-06-01T11:47:19Z</time></trkpt>
      <trkpt lat="37.761073" lon="-122.445514"><time>2024-06-01T11:47:31Z</time></trkpt>
      <trkpt lat="37.761183" lon="-122.445412"><time>2024-06-01T11:47:46Z</time></trkpt>
      <trkpt lat="37.761328" lon="-122.445375"><time>2024-06-01T11:48:12Z</time></trkpt>
      <trkpt lat="37.761444" lon="-122.445280"><time>2024-06-01T11:48:23Z</time></trkpt>
      <trkpt lat="37.761444" lon="-122.445430"><time>2024-06-01T11:48:35Z</time></trkpt>
      <trkpt lat="37.761414" lon="-122.445283"><time>2024-06-01T11:49:03Z</time></trkpt>
      <trkpt lat="37.761550" lon="-122.445219"><time>2024-06-01T11:49:29Z</time></trkpt>
      <trkpt lat="37.761469" lon="-122.445093"><time>2024-06-01T11:49:57Z</time></trkpt>
      <trkpt lat="37.761420" lon="-122.444951"><time>2024-06-01T11:50:25Z</time></trkpt>
      <trkpt lat="37.761556" lon="-122.445015"><time>2024-06-01T11:50:37Z</time></trkpt>
      <trkpt lat="37.761413" lon="-122.444969"><time>2024-06-01T11:50:55Z</time></trkpt>
      <trkpt lat="37.761263" lon="-122.444970"><time>2024-06-01T11:51:22Z</time></trkpt>
      <trkpt lat="37.761210" lon="-122.445111"><time>2024-06-01T11:51:41Z</time></trkpt>
      <trkpt lat="37.761250" lon="-122.444966"><time>2024-06-01T11:52:03Z</time></trkpt>
      <trkpt lat="37.761362" lon="-122.444867"><time>2024-06-01T11:52:32Z</time></trkpt>
      <trkpt lat="37.761479" lon="-122.444772"><time>2024-06-01T11:53:01Z</time></trkpt>
      <trkpt lat="37.761392" lon="-122.444894"><time>2024-06-01T11:53:19Z</time></trkpt>
      <trkpt lat="37.761536" lon="-122.444853"><time>2024-06-01T11:53:46Z</time></trkpt>
      <trkpt lat="37.761408" lon="-122.444775"><time>2024-06-01T11:54:13Z</time></trkpt>
      <trkpt lat="37.761549" lon="-122.444724"><time>2024-06-01T11:54:30Z</time></trkpt>
      <trkpt lat="37.761470" lon="-122.444851"><time>2024-06-01T11:54:47Z</time></trkpt>
      <trkpt lat="37.761341" lon="-122.444928"><time>2024-06-01T11:54:59Z</time></trkpt>
      <trkpt lat="37.761487" lon="-122.444895"><time>2024-06-01T11:55:25Z</time></trkpt>
      <trkpt lat="37.761338" lon="-122.444882"><time>2024-06-01T11:55:38Z</time></trkpt>
      <trkpt lat="37.761208" lon="-122.444957"><time>2024-06-01T11:56:05Z</time></trkpt>
      <trkpt lat="37.761174" lon="-122.445103"><time>2024-06-01T11:56:34Z</time></trkpt>
      <trkpt lat="37.761152" lon="-122.444954"><time>2024-06-01T11:56:46Z</time></trkpt>
      <trkpt lat="37.761277" lon="-122.444871"><time>2024-06-01T11:57:14Z</time></trkpt>
      <trkpt lat="37.761169" lon="-122.444975"><time>2024-06-01T11:57:37Z</time></trkpt>
      <trkpt lat="37.761307" lon="-122.445035"><time>2024-06-01T11:58:04Z</time></trkpt>
      <trkpt lat="37.761183" lon="-122.444951"><time>2024-06-01T11:58:28Z</time></trkpt>
      <trkpt lat="37.761199" lon="-122.444802"><time>2024-06-01T11:58:52Z</time></trkpt>
      <trkpt lat="37.761304" lon="-122.444694"><time>2024-06-01T11:59:18Z</time></trkpt>
      <trkpt lat="37.761154" lon="-122.444699"><time>2024-06-01T11:59:48Z</time></trkpt>
      <trkpt lat="37.761102" lon="-122.444558"><time>2024-06-01T12:00:05Z</time></trkpt>
      <trkpt lat="37.761246" lon="-122.444600"><time>2024-06-01T12:00:29Z</time></trkpt>
      <trkpt lat="37.761118" lon="-122.444522"><time>2024-06-01T12:00:40Z</time></trkpt>
      <trkpt lat="37.761009" lon="-122.444625"><time>2024-06-01T12:01:05Z</time></trkpt>
      <trkpt lat="37.761014" lon="-122.444475"><time>2024-06-01T12:01:28Z</time></trkpt>
      <trkpt lat="37.760943" lon="-122.444343"><time>2024-06-01T12:01:57Z</time></trkpt>
      <trkpt lat="37.761093" lon="-122.444334"><time>2024-06-01T12:02:26Z</time></trkpt>
      <trkpt lat="37.761099" lon="-122.444483"><time>2024-06-01T12:02:36Z</time></trkpt>
      <trkpt lat="37.761188" lon="-122.444604"><time>2024-06-01T12:02:46Z</time></trkpt>
      <trkpt lat="37.761243" lon="-122.444744"><time>2024-06-01T12:03:11Z</time></trkpt>
      <trkpt lat="37.761157" lon="-122.444621"><time>2024-06-01T12:03:27Z</time></trkpt>
      <trkpt lat="37.761131" lon="-122.444769"><time>2024-06-01T12:03:43Z</time></trkpt>
      <trkpt lat="37.761128" lon="-122.444619"><time>2024-06-01T12:03:53Z</time></trkpt>
      <trkpt lat="37.761274" lon="-122.444588"><time>2024-06-01T12:04:23Z</time></trkpt>
      <trkpt lat="37.761199" lon="-122.444717"><time>2024-06-01T12:04:44Z</time></trkpt>
      <trkpt lat="37.761112" lon="-122.444839"><time>2024-06-01T12:04:54Z</time></trkpt>
      <trkpt lat="37.761098" lon="-122.444690"><time>2024-06-01T12:05:17Z</time></trkpt>
      <trkpt lat="37.761102" lon="-122.444540"><time>2024-06-01T12:05:27Z</time></trkpt>
      <trkpt lat="37.761104" lon="-122.444690"><time>2024-06-01T12:05:57Z</time></trkpt>
      <trkpt lat="37.761108" lon="-122.444840"><time>2024-06-01T12:06:11Z</time></trkpt>
      <trkpt lat="37.761257" lon="-122.444829"><time>2024-06-01T12:06:36Z</time></trkpt>
      <trkpt lat="37.761355" lon="-122.444715"><time>2024-06-01T12:07:04Z</time></trkpt>
      <trkpt lat="37.761327" lon="-122.444862"><time>2024-06-01T12:07:27Z</time></trkpt>
      <trkpt lat="37.761177" lon="-122.444852"><time>2024-06-01T12:07:56Z</time></trkpt>
      <trkpt lat="37.761088" lon="-122.444973"><time>2024-06-01T12:08:11Z</time></trkpt>
      <trkpt lat="37.761055" lon="-122.444826"><time>2024-06-01T12:08:21Z</time></trkpt>
      <trkpt lat="37.760905" lon="-122.444841"><time>2024-06-01T12:08:41Z</time></trkpt>
      <trkpt lat="37.760856" lon="-122.444700"><time>2024-06-01T12:09:11Z</time></trkpt>
      <trkpt lat="37.760973" lon="-122.444606"><time>2024-06-01T12:09:28Z</time></trkpt>
      <trkpt lat="37.760879" lon="-122.444723"><time>2024-06-01T12:09:38Z</time></trkpt>
      <trkpt lat="37.760730" lon="-122.444702"><time>2024-06-01T12:09:58Z</time></trkpt>
      <trkpt lat="37.760581" lon="-122.444712"><time>2024-06-01T12:10:20Z</time></trkpt>
      <trkpt lat="37.760432" lon="-122.444690"><time>2024-06-01T12:10:45Z</time></trkpt>
      <trkpt lat="37.760383" lon="-122.444832"><time>2024-06-01T12:11:14Z</time></trkpt>
      <trkpt lat="37.760485" lon="-122.444722"><time>2024-06-01T12:11:25Z</time></trkpt>
      <trkpt lat="37.760447" lon="-122.444577"><time>2024-06-01T12:11:51Z</time></trkpt>
      <trkpt lat="37.760531" lon="-122.444702"><time>2024-06-01T12:12:14Z</time></trkpt>
      <trkpt lat="37.760381" lon="-122.444703"><time>2024-06-01T12:12:31Z</time></trkpt>
      <trkpt lat="37.760392" lon="-122.444554"><time>2024-06-01T12:13:00Z</time></trkpt>
      <trkpt lat="37.760444" lon="-122.444413"><time>2024-06-01T12:13:30Z</time></trkpt>
      <trkpt lat="37.760484" lon="-122.444558"><time>2024-06-01T12:13:47Z</time></trkpt>
      <trkpt lat="37.760611" lon="-122.444479"><time>2024-06-01T12:14:07Z</time></trkpt>
      <trkpt lat="37.760580" lon="-122.444332"><time>2024-06-01T12:14:27Z</time></trkpt>
      <trkpt lat="37.760435" lon="-122.444373"><time>2024-06-01T12:14:43Z</time></trkpt>
      <trkpt lat="37.760581" lon="-122.444338"><time>2024-06-01T12:15:12Z</time></trkpt>
      <trkpt lat="37.760728" lon="-122.444369"><time>2024-06-01T12:15:39Z</time></trkpt>
      <trkpt lat="37.760867" lon="-122.444424"><time>2024-06-01T12:15:51Z</time></trkpt>
      <trkpt lat="37.761017" lon="-122.444433"><time>2024-06-01T12:16:06Z</time></trkpt>
      <trkpt lat="37.761150" lon="-122.444503"><time>2024-06-01T12:16:21Z</time></trkpt>
      <trkpt lat="37.761052" lon="-122.444616"><time>2024-06-01T12:16:46Z</time></trkpt>
      <trkpt lat="37.760973" lon="-122.444488"><time>2024-06-01T12:17:01Z</time></trkpt>
      <trkpt lat="37.760854" lon="-122.444579"><time>2024-06-01T12:17:14Z</time></trkpt>
      <trkpt lat="37.760736" lon="-122.444486"><time>2024-06-01T12:17:39Z</time></trkpt>
      <trkpt lat="37.760882" lon="-122.444523"><time>2024-06-01T12:17:56Z</time></trkpt>
      <trkpt lat="37.760743" lon="-122.444579"><time>2024-06-01T12:18:15Z</time></trkpt>
      <trkpt lat="37.760890" lon="-122.444605"><time>2024-06-01T12:18:45Z</time></trkpt>
      <trkpt lat="37.761033" lon="-122.444650"><time>2024-06-01T12:18:58Z</time></trkpt>
      <trkpt lat="37.760885" lon="-122.444673"><time>2024-06-01T12:19:20Z</time></trkpt>
      <trkpt lat="37.760975" lon="-122.444553"><time>2024-06-01T12:19:46Z</time></trkpt>
      <trkpt lat="37.760872" lon="-122.444444"><time>2024-06-01T12:20:02Z</time></trkpt>
      <trkpt lat="37.760724" lon="-122.444421"><time>2024-06-01T12:20:20Z</time></trkpt>
      <trkpt lat="37.760873" lon="-122.444442"><time>2024-06-01T12:20:39Z</time></trkpt>
      <trkpt lat="37.760836" lon="-122.444587"><time>2024-06-01T12:21:03Z</time></trkpt>
      <trkpt lat="37.760796" lon="-122.444442"><time>2024-06-01T12:21:16Z</time></trkpt>
      <trkpt lat="37.760905" lon="-122.444339"><time>2024-06-01T12:21:45Z</time></trkpt>
      <trkpt lat="37.760840" lon="-122.444204"><time>2024-06-01T12:22:08Z</time></trkpt>
      <trkpt lat="37.760980" lon="-122.444150"><time>2024-06-01T12:22:34Z</time></trkpt>
      <trkpt lat="37.761120" lon="-122.444096"><time>2024-06-01T12:22:46Z</time></trkpt>
      <trkpt lat="37.761270" lon="-122.444092"><time>2024-06-01T12:22:59Z</time></trkpt>
      <trkpt lat="37.761265" lon="-122.443942"><time>2024-06-01T12:23:17Z</time></trkpt>
      <trkpt lat="37.761115" lon="-122.443938"><time>2024-06-01T12:23:32Z</time></trkpt>
      <trkpt lat="37.761149" lon="-122.444084"><time>2024-06-01T12:24:00Z</time></trkpt>
      <trkpt lat="37.761292" lon="-122.444038"><time>2024-06-01T12:24:16Z</time></trkpt>
      <trkpt lat="37.761402" lon="-122.443935"><time>2024-06-01T12:24:28Z</time></trkpt>
      <trkpt lat="37.761252" lon="-122.443942"><time>2024-06-01T12:24:41Z</time></trkpt>
      <trkpt lat="37.761108" lon="-122.443986"><time>2024-06-01T12:24:52Z</time></trkpt>
      <trkpt lat="37.761211" lon="-122.444095"><time>2024-06-01T12:25:13Z</time></trkpt>
      <trkpt lat="37.761166" lon="-122.443952"><time>2024-06-01T12:25:28Z</time></trkpt>
      <trkpt lat="37.761305" lon="-122.443895"><time>2024-06-01T12:25:54Z</time></trkpt>
      <trkpt lat="37.761368" lon="-122.443759"><time>2024-06-01T12:26:23Z</time></trkpt>
      <trkpt lat="37.761347" lon="-122.443611"><time>2024-06-01T12:26:43Z</time></trkpt>
      <trkpt lat="37.761482" lon="-122.443545"><time>2024-06-01T12:27:05Z</time></trkpt>
      <trkpt lat="37.761607" lon="-122.443628"><time>2024-06-01T12:27:28Z</time></trkpt>
      <trkpt lat="37.761480" lon="-122.443549"><time>2024-06-01T12:27:53Z</time></trkpt>
      <trkpt lat="37.761334" lon="-122.443585"><time>2024-06-01T12:28:13Z</time></trkpt>
      <trkpt lat="37.761360" lon="-122.443733"><time>2024-06-01T12:28:40Z</time></trkpt>
      <trkpt lat="37.761280" lon="-122.443860"><time>2024-06-01T12:28:55Z</time></trkpt>
      <trkpt lat="37.761140" lon="-122.443914"><time>2024-06-01T12:29:05Z</time></trkpt>
      <trkpt lat="37.761205" lon="-122.443779"><time>2024-06-01T12:29:23Z</time></trkpt>
      <trkpt lat="37.761060" lon="-122.443816"><time>2024-06-01T12:29:38Z</time></trkpt>
      <trkpt lat="37.761209" lon="-122.443806"><time>2024-06-01T12:29:51Z</time></trkpt>
      <trkpt lat="37.761068" lon="-122.443856"><time>2024-06-01T12:30:09Z</time></trkpt>
      <trkpt lat="37.761218" lon="-122.443853"><time>2024-06-01T12:30:25Z</time></trkpt>
      <trkpt lat="37.761228" lon="-122.444003"><time>2024-06-01T12:30:40Z</time></trkpt>
      <trkpt lat="37.761375" lon="-122.443972"><time>2024-06-01T12:30:57Z</time></trkpt>
      <trkpt lat="37.761455" lon="-122.444099"><time>2024-06-01T12:31:23Z</time></trkpt>
      <trkpt lat="37.761305" lon="-122.444105"><time>2024-06-01T12:31:53Z</time></trkpt>
      <trkpt lat="37.761421" lon="-122.444199"><time>2024-06-01T12:32:11Z</time></trkpt>
      <trkpt lat="37.761407" lon="-122.444050"><time>2024-06-01T12:32:25Z</time></trkpt>
      <trkpt lat="37.761544" lon="-122.443989"><time>2024-06-01T12:32:46Z</time></trkpt>
      <trkpt lat="37.761667" lon="-122.444075"><time>2024-06-01T12:33:12Z</time></trkpt>
      <trkpt lat="37.761814" lon="-122.444106"><time>2024-06-01T12:33:39Z</time></trkpt>
      <trkpt lat="37.761665" lon="-122.444088"><time>2024-06-01T12:33:54Z</time></trkpt>
      <trkpt lat="37.761743" lon="-122.444216"><time>2024-06-01T12:34:16Z</time></trkpt>
      <trkpt lat="37.761808" lon="-122.444351"><time>2024-06-01T12:34:28Z</time></trkpt>
      <trkpt lat="37.761659" lon="-122.444363"><time>2024-06-01T12:34:38Z</time></trkpt>
      <trkpt lat="37.761588" lon="-122.444231"><time>2024-06-01T12:34:53Z</time></trkpt>
      <trkpt lat="37.761456" lon="-122.444158"><time>2024-06-01T12:35:21Z</time></trkpt>
      <trkpt lat="37.761594" lon="-122.444099"><time>2024-06-01T12:35:50Z</time></trkpt>
      <trkpt lat="37.761446" lon="-122.444125"><time>2024-06-01T12:36:16Z</time></trkpt>
      <trkpt lat="37.761582" lon="-122.444189"><time>2024-06-01T12:36:41Z</time></trkpt>
      <trkpt lat="37.761574" lon="-122.444338"><time>2024-06-01T12:37:01Z</time></trkpt>
      <trkpt lat="37.761589" lon="-122.444189"><time>2024-06-01T12:37:12Z</time></trkpt>
      <trkpt lat="37.761736" lon="-122.444159"><time>2024-06-01T12:37:22Z</time></trkpt>
      <trkpt lat="37.761806" lon="-122.444026"><time>2024-06-01T12:37:51Z</time></trkpt>
      <trkpt lat="37.761697" lon="-122.444129"><time>2024-06-01T12:38:14Z</time></trkpt>
      <trkpt lat="37.761737" lon="-122.443985"><time>2024-06-01T12:38:39Z</time></trkpt>
      <trkpt lat="37.761627" lon="-122.444087"><time>2024-06-01T12:38:59Z</time></trkpt>
      <trkpt lat="37.761480" lon="-122.444056"><time>2024-06-01T12:39:25Z</time></trkpt>
      <trkpt lat="37.761352" lon="-122.443978"><time>2024-06-01T12:39:50Z</time></trkpt>
      <trkpt lat="37.761276" lon="-122.443849"><time>2024-06-01T12:40:03Z</time></trkpt>
      <trkpt lat="37.761374" lon="-122.443963"><time>2024-06-01T12:40:20Z</time></trkpt>
      <trkpt lat="37.761226" lon="-122.443934"><time>2024-06-01T12:40:40Z</time></trkpt>
      <trkpt lat="37.761376" lon="-122.443926"><time>2024-06-01T12:41:00Z</time></trkpt>
      <trkpt lat="37.761277" lon="-122.443813"><time>2024-06-01T12:41:16Z</time></trkpt>
      <trkpt lat="37.761133" lon="-122.443855"><time>2024-06-01T12:41:43Z</time></trkpt>
      <trkpt lat="37.761187" lon="-122.443715"><time>2024-06-01T12:42:04Z</time></trkpt>
      <trkpt lat="37.761072" lon="-122.443620"><time>2024-06-01T12:42:23Z</time></trkpt>
      <trkpt lat="37.760928" lon="-122.443664"><time>2024-06-01T12:42:48Z</time></trkpt>
      <trkpt lat="37.760798" lon="-122.443589"><time>2024-06-01T12:43:18Z</time></trkpt>
      <trkpt lat="37.760797" lon="-122.443439"><time>2024-06-01T12:43:28Z</time></trkpt>
      <trkpt lat="37.760649" lon="-122.443466"><time>2024-06-01T12:43:38Z</time></trkpt>
      <trkpt lat="37.760570" lon="-122.443593"><time>2024-06-01T12:44:07Z</time></trkpt>
      <trkpt lat="37.760685" lon="-122.443690"><time>2024-06-01T12:44:28Z</time></trkpt>
      <trkpt lat="37.760777" lon="-122.443808"><time>2024-06-01T12:44:44Z</time></trkpt>
      <trkpt lat="37.760656" lon="-122.443896"><time>2024-06-01T12:45:09Z</time></trkpt>
      <trkpt lat="37.760771" lon="-122.443800"><time>2024-06-01T12:45:20Z</time></trkpt>
      <trkpt lat="37.760622" lon="-122.443814"><time>2024-06-01T12:45:35Z</time></trkpt>
      <trkpt lat="37.760472" lon="-122.443810"><time>2024-06-01T12:45:53Z</time></trkpt>
      <trkpt lat="37.760602" lon="-122.443736"><time>2024-06-01T12:46:10Z</time></trkpt>
      <trkpt lat="37.760750" lon="-122.443712"><time>2024-06-01T12:46:33Z</time></trkpt>
      <trkpt lat="37.760888" lon="-122.443772"><time>2024-06-01T12:46:43Z</time></trkpt>
      <trkpt lat="37.761037" lon="-122.443792"><time>2024-06-01T12:47:01Z</time></trkpt>
      <trkpt lat="37.760940" lon="-122.443677"><time>2024-06-01T12:47:15Z</time></trkpt>
      <trkpt lat="37.761014" lon="-122.443808"><time>2024-06-01T12:47:40Z</time></trkpt>
      <trkpt lat="37.760867" lon="-122.443837"><time>2024-06-01T12:47:58Z</time></trkpt>
      <trkpt lat="37.760731" lon="-122.443774"><time>2024-06-01T12:48:23Z</time></trkpt>
      <trkpt lat="37.760825" lon="-122.443657"><time>2024-06-01T12:48:42Z</time></trkpt>
      <trkpt lat="37.760878" lon="-122.443798"><time>2024-06-01T12:48:53Z</time></trkpt>
      <trkpt lat="37.760734" lon="-122.443757"><time>2024-06-01T12:49:09Z</time></trkpt>
      <trkpt lat="37.760839" lon="-122.443649"><time>2024-06-01T12:49:21Z</time></trkpt>
      <trkpt lat="37.760779" lon="-122.443512"><time>2024-06-01T12:49:34Z</time></trkpt>
      <trkpt lat="37.760925" lon="-122.443480"><time>2024-06-01T12:49:57Z</time></trkpt>
      <trkpt lat="37.761059" lon="-122.443549"><time>2024-06-01T12:50:15Z</time></trkpt>
      <trkpt lat="37.761191" lon="-122.443478"><time>2024-06-01T12:50:25Z</time></trkpt>
      <trkpt lat="37.761254" lon="-122.443342"><time>2024-06-01T12:50:45Z</time></trkpt>
      <trkpt lat="37.761106" lon="-122.443322"><time>2024-06-01T12:50:58Z</time></trkpt>
      <trkpt lat="37.761057" lon="-122.443180"><time>2024-06-01T12:51:13Z</time></trkpt>
      <trkpt lat="37.761058" lon="-122.443330"><time>2024-06-01T12:51:37Z</time></trkpt>
      <trkpt lat="37.761047" lon="-122.443180"><time>2024-06-01T12:52:00Z</time></trkpt>
      <trkpt lat="37.760949" lon="-122.443066"><time>2024-06-01T12:52:27Z</time></trkpt>
      <trkpt lat="37.760839" lon="-122.443169"><time>2024-06-01T12:52:37Z</time></trkpt>
      <trkpt lat="37.760690" lon="-122.443160"><time>2024-06-01T12:52:53Z</time></trkpt>
      <trkpt lat="37.760835" lon="-122.443122"><time>2024-06-01T12:53:05Z</time></trkpt>
      <trkpt lat="37.760963" lon="-122.443200"><time>2024-06-01T12:53:24Z</time></trkpt>
      <trkpt lat="37.761106" lon="-122.443155"><time>2024-06-01T12:53:39Z</time></trkpt>
      <trkpt lat="37.761049" lon="-122.443294"><time>2024-06-01T12:54:07Z</time></trkpt>
      <trkpt lat="37.760958" lon="-122.443413"><time>2024-06-01T12:54:17Z</time></trkpt>
      <trkpt lat="37.760808" lon="-122.443415"><time>2024-06-01T12:54:27Z</time></trkpt>
      <trkpt lat="37.760702" lon="-122.443520"><time>2024-06-01T12:54:44Z</time></trkpt>
      <trkpt lat="37.760741" lon="-122.443376"><time>2024-06-01T12:55:14Z</time></trkpt>
      <trkpt lat="37.760676" lon="-122.443511"><time>2024-06-01T12:55:39Z</time></trkpt>
      <trkpt lat="37.760809" lon="-122.443442"><time>2024-06-01T12:55:55Z</time></trkpt>
      <trkpt lat="37.760746" lon="-122.443578"><time>2024-06-01T12:56:10Z</time></trkpt>
      <trkpt lat="37.760658" lon="-122.443457"><time>2024-06-01T12:56:24Z</time></trkpt>
      <trkpt lat="37.760788" lon="-122.443532"><time>2024-06-01T12:56:52Z</time></trkpt>
      <trkpt lat="37.760861" lon="-122.443401"><time>2024-06-01T12:57:12Z</time></trkpt>
      <trkpt lat="37.760714" lon="-122.443434"><time>2024-06-01T12:57:29Z</time></trkpt>
      <trkpt lat="37.760818" lon="-122.443325"><time>2024-06-01T12:57:47Z</time></trkpt>
      <trkpt lat="37.760823" lon="-122.443475"><time>2024-06-01T12:58:07Z</time></trkpt>
      <trkpt lat="37.760801" lon="-122.443327"><time>2024-06-01T12:58:18Z</time></trkpt>
      <trkpt lat="37.760909" lon="-122.443223"><time>2024-06-01T12:58:37Z</time></trkpt>
      <trkpt lat="37.761059" lon="-122.443232"><time>2024-06-01T12:58:51Z</time></trkpt>
      <trkpt lat="37.760981" lon="-122.443104"><time>2024-06-01T12:59:20Z</time></trkpt>
      <trkpt lat="37.760950" lon="-122.442957"><time>2024-06-01T12:59:36Z</time></trkpt>
      <trkpt lat="37.760804" lon="-122.442919"><time>2024-06-01T12:59:55Z</time></trkpt>
      <trkpt lat="37.760918" lon="-122.443017"><time>2024-06-01T13:00:06Z</time></trkpt>
      <trkpt lat="37.760874" lon="-122.442874"><time>2024-06-01T13:00:24Z</time></trkpt>
      <trkpt lat="37.761021" lon="-122.442901"><time>2024-06-01T13:00:34Z</time></trkpt>
      <trkpt lat="37.761018" lon="-122.442751"><time>2024-06-01T13:00:51Z</time></trkpt>
      <trkpt lat="37.760914" lon="-122.442858"><time>2024-06-01T13:01:08Z</time></trkpt>
      <trkpt lat="37.761042" lon="-122.442781"><time>2024-06-01T13:01:31Z</time></trkpt>
      <trkpt lat="37.760900" lon="-122.442828"><time>2024-06-01T13:01:53Z</time></trkpt>
      <trkpt lat="37.760751" lon="-122.442805"><time>2024-06-01T13:02:06Z</time></trkpt>
      <trkpt lat="37.760759" lon="-122.442655"><time>2024-06-01T13:02:18Z</time></trkpt>
      <trkpt lat="37.760744" lon="-122.442506"><time>2024-06-01T13:02:30Z</time></trkpt>
      <trkpt lat="37.760619" lon="-122.442589"><time>2024-06-01T13:02:42Z</time></trkpt>
      <trkpt lat="37.760685" lon="-122.442454"><time>2024-06-01T13:03:07Z</time></trkpt>
      <trkpt lat="37.760818" lon="-122.442385"><time>2024-06-01T13:03:30Z</time></trkpt>
      <trkpt lat="37.760740" lon="-122.442513"><time>2024-06-01T13:03:45Z</time></trkpt>
      <trkpt lat="37.760890" lon="-122.442516"><time>2024-06-01T13:03:57Z</time></trkpt>
      <trkpt lat="37.760761" lon="-122.442594"><time>2024-06-01T13:04:23Z</time></trkpt>
      <trkpt lat="37.760812" lon="-122.442735"><time>2024-06-01T13:04:34Z</time></trkpt>
      <trkpt lat="37.760795" lon="-122.442586"><time>2024-06-01T13:04:49Z</time></trkpt>
      <trkpt lat="37.760645" lon="-122.442585"><time>2024-06-01T13:05:02Z</time></trkpt>
      <trkpt lat="37.760545" lon="-122.442473"><time>2024-06-01T13:05:16Z</time></trkpt>
      <trkpt lat="37.760417" lon="-122.442553"><time>2024-06-01T13:05:43Z</time></trkpt>
      <trkpt lat="37.760561" lon="-122.442509"><time>2024-06-01T13:06:10Z</time></trkpt>
      <trkpt lat="37.760429" lon="-122.442437"><time>2024-06-01T13:06:29Z</time></trkpt>
      <trkpt lat="37.760579" lon="-122.442440"><time>2024-06-01T13:06:57Z</time></trkpt>
      <trkpt lat="37.760720" lon="-122.442492"><time>2024-06-01T13:07:14Z</time></trkpt>
      <trkpt lat="37.760720" lon="-122.442642"><time>2024-06-01T13:07:24Z</time></trkpt>
      <trkpt lat="37.760870" lon="-122.442653"><time>2024-06-01T13:07:35Z</time></trkpt>
      <trkpt lat="37.760896" lon="-122.442505"><time>2024-06-01T13:07:45Z</time></trkpt>
      <trkpt lat="37.760962" lon="-122.442640"><time>2024-06-01T13:07:56Z</time></trkpt>
      <trkpt lat="37.761082" lon="-122.442729"><time>2024-06-01T13:08:25Z</time></trkpt>
      <trkpt lat="37.761108" lon="-122.442877"><time>2024-06-01T13:08:35Z</time></trkpt>
      <trkpt lat="37.761207" lon="-122.442990"><time>2024-06-01T13:08:52Z</time></trkpt>
      <trkpt lat="37.761072" lon="-122.443055"><time>2024-06-01T13:09:09Z</time></trkpt>
      <trkpt lat="37.760990" lon="-122.443180"><time>2024-06-01T13:09:22Z</time></trkpt>
      <trkpt lat="37.760931" lon="-122.443042"><time>2024-06-01T13:09:41Z</time></trkpt>
      <trkpt lat="37.760884" lon="-122.442900"><time>2024-06-01T13:09:57Z</time></trkpt>
      <trkpt lat="37.760855" lon="-122.442753"><time>2024-06-01T13:10:16Z</time></trkpt>
      <trkpt lat="37.760807" lon="-122.442895"><time>2024-06-01T13:10:45Z</time></trkpt>
      <trkpt lat="37.760865" lon="-122.443033"><time>2024-06-01T13:11:01Z</time></trkpt>
      <trkpt lat="37.760796" lon="-122.442900"><time>2024-06-01T13:11:25Z</time></trkpt>
      <trkpt lat="37.760819" lon="-122.442752"><time>2024-06-01T13:11:50Z</time></trkpt>
      <trkpt lat="37.760742" lon="-122.442880"><time>2024-06-01T13:12:07Z</time></trkpt>
      <trkpt lat="37.760628" lon="-122.442783"><time>2024-06-01T13:12:23Z</time></trkpt>
      <trkpt lat="37.760778" lon="-122.442784"><time>2024-06-01T13:12:38Z</time></trkpt>
      <trkpt lat="37.760875" lon="-122.442898"><time>2024-06-01T13:13:04Z</time></trkpt>
      <trkpt lat="37.760734" lon="-122.442948"><time>2024-06-01T13:13:26Z</time></trkpt>
      <trkpt lat="37.760590" lon="-122.442992"><time>2024-06-01T13:13:53Z</time></trkpt>
      <trkpt lat="37.760683" lon="-122.442874"><time>2024-06-01T13:14:06Z</time></trkpt>
      <trkpt lat="37.760628" lon="-122.442735"><time>2024-06-01T13:14:21Z</time></trkpt>
      <trkpt lat="37.760629" lon="-122.442585"><time>2024-06-01T13:14:37Z</time></trkpt>
      <trkpt lat="37.760680" lon="-122.442444"><time>2024-06-01T13:15:02Z</time></trkpt>
      <trkpt lat="37.760564" lon="-122.442540"><time>2024-06-01T13:15:19Z</time></trkpt>
      <trkpt lat="37.760665" lon="-122.442651"><time>2024-06-01T13:15:38Z</time></trkpt>
      <trkpt lat="37.760519" lon="-122.442686"><time>2024-06-01T13:15:57Z</time></trkpt>
      <trkpt lat="37.760668" lon="-122.442703"><time>2024-06-01T13:16:08Z</time></trkpt>
      <trkpt lat="37.760518" lon="-122.442702"><time>2024-06-01T13:16:33Z</time></trkpt>
      <trkpt lat="37.760490" lon="-122.442555"><time>2024-06-01T13:16:57Z</time></trkpt>
      <trkpt lat="37.760577" lon="-122.442432"><time>2024-06-01T13:17:15Z</time></trkpt>
      <trkpt lat="37.760635" lon="-122.442294"><time>2024-06-01T13:17:32Z</time></trkpt>
      <trkpt lat="37.760531" lon="-122.442402"><time>2024-06-01T13:17:42Z</time></trkpt>
      <trkpt lat="37.760415" lon="-122.442308"><time>2024-06-01T13:17:54Z</time></trkpt>
      <trkpt lat="37.760270" lon="-122.442267"><time>2024-06-01T13:18:07Z</time></trkpt>
      <trkpt lat="37.760227" lon="-122.442410"><time>2024-06-01T13:18:31Z</time></trkpt>
      <trkpt lat="37.760281" lon="-122.442270"><time>2024-06-01T13:18:41Z</time></trkpt>
      <trkpt lat="37.760244" lon="-122.442416"><time>2024-06-01T13:19:07Z</time></trkpt>
      <trkpt lat="37.760197" lon="-122.442558"><time>2024-06-01T13:19:19Z</time></trkpt>
      <trkpt lat="37.760263" lon="-122.442424"><time>2024-06-01T13:19:49Z</time></trkpt>
      <trkpt lat="37.760398" lon="-122.442490"><time>2024-06-01T13:20:00Z</time></trkpt>
      <trkpt lat="37.760416" lon="-122.442639"><time>2024-06-01T13:20:29Z</time></trkpt>
      <trkpt lat="37.760274" lon="-122.442689"><time>2024-06-01T13:20:47Z</time></trkpt>
      <trkpt lat="37.760322" lon="-122.442831"><time>2024-06-01T13:21:10Z</time></trkpt>
      <trkpt lat="37.760456" lon="-122.442898"><time>2024-06-01T13:21:24Z</time></trkpt>
      <trkpt lat="37.760438" lon="-122.442749"><time>2024-06-01T13:21:42Z</time></trkpt>
      <trkpt lat="37.760523" lon="-122.442873"><time>2024-06-01T13:21:52Z</time></trkpt>
      <trkpt lat="37.760454" lon="-122.442740"><time>2024-06-01T13:22:02Z</time></trkpt>
      <trkpt lat="37.760520" lon="-122.442874"><time>2024-06-01T13:22:29Z</time></trkpt>
      <trkpt lat="37.760552" lon="-122.442728"><time>2024-06-01T13:22:55Z</time></trkpt>
      <trkpt lat="37.760618" lon="-122.442862"><time>2024-06-01T13:23:22Z</time></trkpt>
      <trkpt lat="37.760767" lon="-122.442886"><time>2024-06-01T13:23:42Z</time></trkpt>
      <trkpt lat="37.760643" lon="-122.442970"><time>2024-06-01T13:24:07Z</time></trkpt>
      <trkpt lat="37.760665" lon="-122.442822"><time>2024-06-01T13:24:27Z</time></trkpt>
      <trkpt lat="37.760521" lon="-122.442780"><time>2024-06-01T13:24:42Z</time></trkpt>
      <trkpt lat="37.760666" lon="-122.442741"><time>2024-06-01T13:24:53Z</time></trkpt>
      <trkpt lat="37.760813" lon="-122.442711"><time>2024-06-01T13:25:14Z</time></trkpt>
      <trkpt lat="37.760676" lon="-122.442652"><time>2024-06-01T13:25:41Z</time></trkpt>
      <trkpt lat="37.760692" lon="-122.442801"><time>2024-06-01T13:25:56Z</time></trkpt>
      <trkpt lat="37.760793" lon="-122.442690"><time>2024-06-01T13:26:26Z</time></trkpt>
      <trkpt lat="37.760663" lon="-122.442765"><time>2024-06-01T13:26:54Z</time></trkpt>
      <trkpt lat="37.760516" lon="-122.442740"><time>2024-06-01T13:27:11Z</time></trkpt>
      <trkpt lat="37.760657" lon="-122.442789"><time>2024-06-01T13:27:26Z</time></trkpt>
      <trkpt lat="37.760803" lon="-122.442822"><time>2024-06-01T13:27:40Z</time></trkpt>
      <trkpt lat="37.760812" lon="-122.442972"><time>2024-06-01T13:27:58Z</time></trkpt>
      <trkpt lat="37.760896" lon="-122.442847"><time>2024-06-01T13:28:14Z</time></trkpt>
      <trkpt lat="37.761024" lon="-122.442770"><time>2024-06-01T13:28:37Z</time></trkpt>
      <trkpt lat="37.761169" lon="-122.442731"><time>2024-06-01T13:28:52Z</time></trkpt>
      <trkpt lat="37.761259" lon="-122.442611"><time>2024-06-01T13:29:08Z</time></trkpt>
      <trkpt lat="37.761200" lon="-122.442473"><time>2024-06-01T13:29:27Z</time></trkpt>
      <trkpt lat="37.761313" lon="-122.442573"><time>2024-06-01T13:29:38Z</time></trkpt>
      <trkpt lat="37.761269" lon="-122.442716"><time>2024-06-01T13:30:00Z</time></trkpt>
      <trkpt lat="37.761255" lon="-122.442865"><time>2024-06-01T13:30:27Z</time></trkpt>
      <trkpt lat="37.761211" lon="-122.442722"><time>2024-06-01T13:30:51Z</time></trkpt>
      <trkpt lat="37.761315" lon="-122.442830"><time>2024-06-01T13:31:20Z</time></trkpt>
      <trkpt lat="37.761317" lon="-122.442980"><time>2024-06-01T13:31:43Z</time></trkpt>
      <trkpt lat="37.761466" lon="-122.442972"><time>2024-06-01T13:31:55Z</time></trkpt>
      <trkpt lat="37.761584" lon="-122.443065"><time>2024-06-01T13:32:21Z</time></trkpt>
      <trkpt lat="37.761526" lon="-122.443203"><time>2024-06-01T13:32:39Z</time></trkpt>
      <trkpt lat="37.761384" lon="-122.443154"><time>2024-06-01T13:32:54Z</time></trkpt>
      <trkpt lat="37.761332" lon="-122.443294"><time>2024-06-01T13:33:09Z</time></trkpt>
      <trkpt lat="37.761385" lon="-122.443154"><time>2024-06-01T13:33:30Z</time></trkpt>
      <trkpt lat="37.761411" lon="-122.443302"><time>2024-06-01T13:33:52Z</time></trkpt>
      <trkpt lat="37.761492" lon="-122.443428"><time>2024-06-01T13:34:04Z</time></trkpt>
      <trkpt lat="37.761625" lon="-122.443498"><time>2024-06-01T13:34:31Z</time></trkpt>
      <trkpt lat="37.761647" lon="-122.443350"><time>2024-06-01T13:34:51Z</time></trkpt>
      <trkpt lat="37.761501" lon="-122.443316"><time>2024-06-01T13:35:17Z</time></trkpt>
      <trkpt lat="37.761493" lon="-122.443166"><time>2024-06-01T13:35:36Z</time></trkpt>
      <trkpt lat="37.761354" lon="-122.443223"><time>2024-06-01T13:35:54Z</time></trkpt>
      <trkpt lat="37.761364" lon="-122.443373"><time>2024-06-01T13:36:16Z</time></trkpt>
      <trkpt lat="37.761379" lon="-122.443224"><time>2024-06-01T13:36:39Z</time></trkpt>
      <trkpt lat="37.761293" lon="-122.443347"><time>2024-06-01T13:36:52Z</time></trkpt>
      <trkpt lat="37.761186" lon="-122.443242"><time>2024-06-01T13:37:02Z</time></trkpt>
      <trkpt lat="37.761073" lon="-122.443143"><time>2024-06-01T13:37:29Z</time></trkpt>
      <trkpt lat="37.761192" lon="-122.443051"><time>2024-06-01T13:37:57Z</time></trkpt>
      <trkpt lat="37.761279" lon="-122.443173"><time>2024-06-01T13:38:19Z</time></trkpt>
      <trkpt lat="37.761202" lon="-122.443302"><time>2024-06-01T13:38:45Z</time></trkpt>
      <trkpt lat="37.761195" lon="-122.443452"><time>2024-06-01T13:39:00Z</time></trkpt>
      <trkpt lat="37.761050" lon="-122.443490"><time>2024-06-01T13:39:24Z</time></trkpt>
      <trkpt lat="37.760931" lon="-122.443399"><time>2024-06-01T13:39:38Z</time></trkpt>
      <trkpt lat="37.761073" lon="-122.443351"><time>2024-06-01T13:40:07Z</time></trkpt>
      <trkpt lat="37.761221" lon="-122.443379"><time>2024-06-01T13:40:35Z</time></trkpt>
      <trkpt lat="37.761249" lon="-122.443526"><time>2024-06-01T13:41:03Z</time></trkpt>
      <trkpt lat="37.761188" lon="-122.443389"><time>2024-06-01T13:41:13Z</time></trkpt>
      <trkpt lat="37.761271" lon="-122.443264"><time>2024-06-01T13:41:23Z</time></trkpt>
      <trkpt lat="37.761185" lon="-122.443387"><time>2024-06-01T13:41:50Z</time></trkpt>
      <trkpt lat="37.761207" lon="-122.443535"><time>2024-06-01T13:42:16Z</time></trkpt>
      <trkpt lat="37.761354" lon="-122.443566"><time>2024-06-01T13:42:35Z</time></trkpt>
      <trkpt lat="37.761435" lon="-122.443440"><time>2024-06-01T13:43:03Z</time></trkpt>
      <trkpt lat="37.761286" lon="-122.443422"><time>2024-06-01T13:43:33Z</time></trkpt>
      <trkpt lat="37.761138" lon="-122.443441"><time>2024-06-01T13:43:52Z</time></trkpt>
      <trkpt lat="37.761245" lon="-122.443546"><time>2024-06-01T13:44:13Z</time></trkpt>
      <trkpt lat="37.761342" lon="-122.443432"><time>2024-06-01T13:44:24Z</time></trkpt>
      <trkpt lat="37.761275" lon="-122.443297"><time>2024-06-01T13:44:46Z</time></trkpt>
      <trkpt lat="37.761259" lon="-122.443447"><time>2024-06-01T13:45:11Z</time></trkpt>
      <trkpt lat="37.761317" lon="-122.443308"><time>2024-06-01T13:45:29Z</time></trkpt>
      <trkpt lat="37.761457" lon="-122.443254"><time>2024-06-01T13:45:59Z</time></trkpt>
      <trkpt lat="37.761434" lon="-122.443106"><time>2024-06-01T13:46:11Z</time></trkpt>
      <trkpt lat="37.761543" lon="-122.443209"><time>2024-06-01T13:46:34Z</time></trkpt>
      <trkpt lat="37.761413" lon="-122.443133"><time>2024-06-01T13:47:03Z</time></trkpt>
      <trkpt lat="37.761286" lon="-122.443054"><time>2024-06-01T13:47:17Z</time></trkpt>
      <trkpt lat="37.761432" lon="-122.443091"><time>2024-06-01T13:47:35Z</time></trkpt>
      <trkpt lat="37.761305" lon="-122.443010"><time>2024-06-01T13:47:52Z</time></trkpt>
      <trkpt lat="37.761349" lon="-122.442867"><time>2024-06-01T13:48:09Z</time></trkpt>
      <trkpt lat="37.761225" lon="-122.442782"><time>2024-06-01T13:48:28Z</time></trkpt>
      <trkpt lat="37.761287" lon="-122.442646"><time>2024-06-01T13:48:48Z</time></trkpt>
      <trkpt lat="37.761429" lon="-122.442694"><time>2024-06-01T13:49:01Z</time></trkpt>
      <trkpt lat="37.761510" lon="-122.442568"><time>2024-06-01T13:49:26Z</time></trkpt>
      <trkpt lat="37.761559" lon="-122.442426"><time>2024-06-01T13:49:42Z</time></trkpt>
      <trkpt lat="37.761490" lon="-122.442560"><time>2024-06-01T13:49:56Z</time></trkpt>
      <trkpt lat="37.761623" lon="-122.442630"><time>2024-06-01T13:50:10Z</time></trkpt>
      <trkpt lat="37.761638" lon="-122.442481"><time>2024-06-01T13:50:32Z</time></trkpt>
      <trkpt lat="37.761773" lon="-122.442548"><time>2024-06-01T13:50:46Z</time></trkpt>
      <trkpt lat="37.761635" lon="-122.442607"><time>2024-06-01T13:51:08Z</time></trkpt>
      <trkpt lat="37.761654" lon="-122.442458"><time>2024-06-01T13:51:18Z</time></trkpt>
      <trkpt lat="37.761625" lon="-122.442311"><time>2024-06-01T13:51:33Z</time></trkpt>
      <trkpt lat="37.761507" lon="-122.442218"><time>2024-06-01T13:52:00Z</time></trkpt>
      <trkpt lat="37.761564" lon="-122.442357"><time>2024-06-01T13:52:13Z</time></trkpt>
      <trkpt lat="37.761690" lon="-122.442438"><time>2024-06-01T13:52:35Z</time></trkpt>
      <trkpt lat="37.761792" lon="-122.442328"><time>2024-06-01T13:52:49Z</time></trkpt>
      <trkpt lat="37.761694" lon="-122.442442"><time>2024-06-01T13:53:00Z</time></trkpt>
      <trkpt lat="37.761647" lon="-122.442584"><time>2024-06-01T13:53:20Z</time></trkpt>
      <trkpt lat="37.761776" lon="-122.442506"><time>2024-06-01T13:53:46Z</time></trkpt>
      <trkpt lat="37.761684" lon="-122.442388"><time>2024-06-01T13:54:02Z</time></trkpt>
      <trkpt lat="37.761810" lon="-122.442306"><time>2024-06-01T13:54:19Z</time></trkpt>
      <trkpt lat="37.761893" lon="-122.442432"><time>2024-06-01T13:54:49Z</time></trkpt>
      <trkpt lat="37.761853" lon="-122.442576"><time>2024-06-01T13:55:03Z</time></trkpt>
      <trkpt lat="37.761993" lon="-122.442522"><time>2024-06-01T13:55:17Z</time></trkpt>
      <trkpt lat="37.761843" lon="-122.442525"><time>2024-06-01T13:55:46Z</time></trkpt>
      <trkpt lat="37.761885" lon="-122.442669"><time>2024-06-01T13:56:00Z</time></trkpt>
      <trkpt lat="37.761892" lon="-122.442519"><time>2024-06-01T13:56:26Z</time></trkpt>
      <trkpt lat="37.761990" lon="-122.442633"><time>2024-06-01T13:56:50Z</time></trkpt>
      <trkpt lat="37.762075" lon="-122.442509"><time>2024-06-01T13:57:10Z</time></trkpt>
      <trkpt lat="37.762048" lon="-122.442656"><time>2024-06-01T13:57:22Z</time></trkpt>
      <trkpt lat="37.762172" lon="-122.442573"><time>2024-06-01T13:57:32Z</time></trkpt>
      <trkpt lat="37.762189" lon="-122.442424"><time>2024-06-01T13:57:55Z</time></trkpt>
      <trkpt lat="37.762092" lon="-122.442538"><time>2024-06-01T13:58:14Z</time></trkpt>
      <trkpt lat="37.762117" lon="-122.442390"><time>2024-06-01T13:58:36Z</time></trkpt>
      <trkpt lat="37.762105" lon="-122.442241"><time>2024-06-01T13:59:01Z</time></trkpt>
      <trkpt lat="37.762051" lon="-122.442381"><time>2024-06-01T13:59:14Z</time></trkpt>
      <trkpt lat="37.761971" lon="-122.442508"><time>2024-06-01T13:59:37Z</time></trkpt>
      <trkpt lat="37.761932" lon="-122.442363"><time>2024-06-01T14:00:07Z</time></trkpt>
      <trkpt lat="37.761783" lon="-122.442339"><time>2024-06-01T14:00:28Z</time></trkpt>
      <trkpt lat="37.761698" lon="-122.442216"><time>2024-06-01T14:00:52Z</time></trkpt>
      <trkpt lat="37.761750" lon="-122.442357"><time>2024-06-01T14:01:13Z</time></trkpt>
      <trkpt lat="37.761891" lon="-122.442304"><time>2024-06-01T14:01:30Z</time></trkpt>
      <trkpt lat="37.762033" lon="-122.442257"><time>2024-06-01T14:01:53Z</time></trkpt>
      <trkpt lat="37.761932" lon="-122.442368"><time>2024-06-01T14:02:07Z</time></trkpt>
      <trkpt lat="37.761782" lon="-122.442365"><time>2024-06-01T14:02:28Z</time></trkpt>
      <trkpt lat="37.761634" lon="-122.442340"><time>2024-06-01T14:02:52Z</time></trkpt>
      <trkpt lat="37.761738" lon="-122.442448"><time>2024-06-01T14:03:06Z</time></trkpt>
      <trkpt lat="37.761649" lon="-122.442569"><time>2024-06-01T14:03:26Z</time></trkpt>
      <trkpt lat="37.761794" lon="-122.442609"><time>2024-06-01T14:03:56Z</time></trkpt>
      <trkpt lat="37.761644" lon="-122.442619"><time>2024-06-01T14:04:17Z</time></trkpt>
      <trkpt lat="37.761788" lon="-122.442578"><time>2024-06-01T14:04:46Z</time></trkpt>
      <trkpt lat="37.761929" lon="-122.442525"><time>2024-06-01T14:04:59Z</time></trkpt>
      <trkpt lat="37.762076" lon="-122.442498"><time>2024-06-01T14:05:28Z</time></trkpt>
      <trkpt lat="37.762151" lon="-122.442628"><time>2024-06-01T14:05:44Z</time></trkpt>
      <trkpt lat="37.762292" lon="-122.442576"><time>2024-06-01T14:05:56Z</time></trkpt>
      <trkpt lat="37.762169" lon="-122.442661"><time>2024-06-01T14:06:25Z</time></trkpt>
      <trkpt lat="37.762212" lon="-122.442518"><time>2024-06-01T14:06:43Z</time></trkpt>
      <trkpt lat="37.762210" lon="-122.442668"><time>2024-06-01T14:07:10Z</time></trkpt>
      <trkpt lat="37.762329" lon="-122.442576"><time>2024-06-01T14:07:21Z</time></trkpt>
      <trkpt lat="37.762194" lon="-122.442509"><time>2024-06-01T14:07:51Z</time></trkpt>
      <trkpt lat="37.762120" lon="-122.442639"><time>2024-06-01T14:08:17Z</time></trkpt>
      <trkpt lat="37.762267" lon="-122.442667"><time>2024-06-01T14:08:38Z</time></trkpt>
      <trkpt lat="37.762359" lon="-122.442548"><time>2024-06-01T14:08:49Z</time></trkpt>
      <trkpt lat="37.762322" lon="-122.442694"><time>2024-06-01T14:08:59Z</time></trkpt>
      <trkpt lat="37.762191" lon="-122.442619"><time>2024-06-01T14:09:24Z</time></trkpt>
      <trkpt lat="37.762081" lon="-122.442518"><time>2024-06-01T14:09:42Z</time></trkpt>
      <trkpt lat="37.762136" lon="-122.442657"><time>2024-06-01T14:09:53Z</time></trkpt>
      <trkpt lat="37.762021" lon="-122.442753"><time>2024-06-01T14:10:14Z</time></trkpt>
      <trkpt lat="37.761901" lon="-122.442663"><time>2024-06-01T14:10:44Z</time></trkpt>
      <trkpt lat="37.761879" lon="-122.442811"><time>2024-06-01T14:11:01Z</time></trkpt>
      <trkpt lat="37.761982" lon="-122.442920"><time>2024-06-01T14:11:24Z</time></trkpt>
      <trkpt lat="37.761978" lon="-122.443070"><time>2024-06-01T14:11:44Z</time></trkpt>
      <trkpt lat="37.761862" lon="-122.443165"><time>2024-06-01T14:11:59Z</time></trkpt>
      <trkpt lat="37.761817" lon="-122.443308"><time>2024-06-01T14:12:25Z</time></trkpt>
      <trkpt lat="37.761967" lon="-122.443304"><time>2024-06-01T14:12:41Z</time></trkpt>
      <trkpt lat="37.761817" lon="-122.443313"><time>2024-06-01T14:12:59Z</time></trkpt>
      <trkpt lat="37.761683" lon="-122.443380"><time>2024-06-01T14:13:12Z</time></trkpt>
      <trkpt lat="37.761533" lon="-122.443385"><time>2024-06-01T14:13:24Z</time></trkpt>
      <trkpt lat="37.761438" lon="-122.443269"><time>2024-06-01T14:13:45Z</time></trkpt>
      <trkpt lat="37.761584" lon="-122.443231"><time>2024-06-01T14:14:13Z</time></trkpt>
      <trkpt lat="37.761594" lon="-122.443381"><time>2024-06-01T14:14:36Z</time></trkpt>
      <trkpt lat="37.761477" lon="-122.443288"><time>2024-06-01T14:14:48Z</time></trkpt>
      <trkpt lat="37.761328" lon="-122.443271"><time>2024-06-01T14:14:58Z</time></trkpt>
      <trkpt lat="37.761246" lon="-122.443397"><time>2024-06-01T14:15:28Z</time></trkpt>
      <trkpt lat="37.761151" lon="-122.443281"><time>2024-06-01T14:15:42Z</time></trkpt>
      <trkpt lat="37.761008" lon="-122.443327"><time>2024-06-01T14:16:00Z</time></trkpt>
      <trkpt lat="37.760863" lon="-122.443288"><time>2024-06-01T14:16:18Z</time></trkpt>
      <trkpt lat="37.760839" lon="-122.443140"><time>2024-06-01T14:16:39Z</time></trkpt>
      <trkpt lat="37.760695" lon="-122.443181"><time>2024-06-01T14:17:00Z</time></trkpt>
      <trkpt lat="37.760549" lon="-122.443215"><time>2024-06-01T14:17:24Z</time></trkpt>
      <trkpt lat="37.760444" lon="-122.443108"><time>2024-06-01T14:17:53Z</time></trkpt>
      <trkpt lat="37.760312" lon="-122.443037"><time>2024-06-01T14:18:21Z</time></trkpt>
      <trkpt lat="37.760284" lon="-122.443184"><time>2024-06-01T14:18:43Z</time></trkpt>
      <trkpt lat="37.760177" lon="-122.443078"><time>2024-06-01T14:19:10Z</time></trkpt>
      <trkpt lat="37.760196" lon="-122.443227"><time>2024-06-01T14:19:31Z</time></trkpt>
      <trkpt lat="37.760175" lon="-122.443079"><time>2024-06-01T14:19:47Z</time></trkpt>
      <trkpt lat="37.760154" lon="-122.442930"><time>2024-06-01T14:20:03Z</time></trkpt>
      <trkpt lat="37.760190" lon="-122.443076"><time>2024-06-01T14:20:27Z</time></trkpt>
      <trkpt lat="37.760338" lon="-122.443054"><time>2024-06-01T14:20:53Z</time></trkpt>
      <trkpt lat="37.760314" lon="-122.443202"><time>2024-06-01T14:21:21Z</time></trkpt>
      <trkpt lat="37.760452" lon="-122.443145"><time>2024-06-01T14:21:49Z</time></trkpt>
      <trkpt lat="37.760380" lon="-122.443013"><time>2024-06-01T14:22:11Z</time></trkpt>
      <trkpt lat="37.760456" lon="-122.442883"><time>2024-06-01T14:22:38Z</time></trkpt>
      <trkpt lat="37.760385" lon="-122.442751"><time>2024-06-01T14:22:54Z</time></trkpt>
      <trkpt lat="37.760368" lon="-122.442900"><time>2024-06-01T14:23:13Z</time></trkpt>
      <trkpt lat="37.760304" lon="-122.443036"><time>2024-06-01T14:23:38Z</time></trkpt>
      <trkpt lat="37.760234" lon="-122.443169"><time>2024-06-01T14:24:00Z</time></trkpt>
      <trkpt lat="37.760369" lon="-122.443105"><time>2024-06-01T14:24:26Z</time></trkpt>
      <trkpt lat="37.760220" lon="-122.443091"><time>2024-06-01T14:24:51Z</time></trkpt>
      <trkpt lat="37.760369" lon="-122.443103"><time>2024-06-01T14:25:21Z</time></trkpt>
      <trkpt lat="37.760518" lon="-122.443083"><time>2024-06-01T14:25:39Z</time></trkpt>
      <trkpt lat="37.760459" lon="-122.443220"><time>2024-06-01T14:25:56Z</time></trkpt>
      <trkpt lat="37.760354" lon="-122.443328"><time>2024-06-01T14:26:22Z</time></trkpt>
      <trkpt lat="37.760320" lon="-122.443182"><time>2024-06-01T14:26:35Z</time></trkpt>
      <trkpt lat="37.760392" lon="-122.443313"><time>2024-06-01T14:26:50Z</time></trkpt>
      <trkpt lat="37.760417" lon="-122.443166"><time>2024-06-01T14:27:16Z</time></trkpt>
      <trkpt lat="37.760308" lon="-122.443063"><time>2024-06-01T14:27:31Z</time></trkpt>
      <trkpt lat="37.760452" lon="-122.443105"><time>2024-06-01T14:27:50Z</time></trkpt>
      <trkpt lat="37.760483" lon="-122.442958"><time>2024-06-01T14:28:00Z</time></trkpt>
      <trkpt lat="37.760619" lon="-122.443021"><time>2024-06-01T14:28:25Z</time></trkpt>
      <trkpt lat="37.760635" lon="-122.443170"><time>2024-06-01T14:28:40Z</time></trkpt>
      <trkpt lat="37.760562" lon="-122.443039"><time>2024-06-01T14:28:58Z</time></trkpt>
      <trkpt lat="37.760672" lon="-122.442937"><time>2024-06-01T14:29:23Z</time></trkpt>
      <trkpt lat="37.760754" lon="-122.442811"><time>2024-06-01T14:29:41Z</time></trkpt>
      <trkpt lat="37.760694" lon="-122.442949"><time>2024-06-01T14:29:56Z</time></trkpt>
      <trkpt lat="37.760554" lon="-122.443003"><time>2024-06-01T14:30:14Z</time></trkpt>
      <trkpt lat="37.760631" lon="-122.442874"><time>2024-06-01T14:30:40Z</time></trkpt>
      <trkpt lat="37.760591" lon="-122.443018"><time>2024-06-01T14:31:05Z</time></trkpt>
      <trkpt lat="37.760475" lon="-122.443113"><time>2024-06-01T14:31:21Z</time></trkpt>
      <trkpt lat="37.760595" lon="-122.443203"><time>2024-06-01T14:31:39Z</time></trkpt>
      <trkpt lat="37.760640" lon="-122.443346"><time>2024-06-01T14:31:59Z</time></trkpt>
      <trkpt lat="37.760540" lon="-122.443458"><time>2024-06-01T14:32:13Z</time></trkpt>
      <trkpt lat="37.760467" lon="-122.443327"><time>2024-06-01T14:32:34Z</time></trkpt>
      <trkpt lat="37.760505" lon="-122.443472"><time>2024-06-01T14:33:03Z</time></trkpt>
      <trkpt lat="37.760654" lon="-122.443459"><time>2024-06-01T14:33:30Z</time></trkpt>
      <trkpt lat="37.760505" lon="-122.443447"><time>2024-06-01T14:33:49Z</time></trkpt>
      <trkpt lat="37.760357" lon="-122.443472"><time>2024-06-01T14:34:14Z</time></trkpt>
      <trkpt lat="37.760493" lon="-122.443536"><time>2024-06-01T14:34:42Z</time></trkpt>
      <trkpt lat="37.760348" lon="-122.443575"><time>2024-06-01T14:34:53Z</time></trkpt>
      <trkpt lat="37.760324" lon="-122.443427"><time>2024-06-01T14:35:13Z</time></trkpt>
      <trkpt lat="37.760269" lon="-122.443288"><time>2024-06-01T14:35:32Z</time></trkpt>
      <trkpt lat="37.760186" lon="-122.443413"><time>2024-06-01T14:35:51Z</time></trkpt>
      <trkpt lat="37.760055" lon="-122.443485"><time>2024-06-01T14:36:09Z</time></trkpt>
      <trkpt lat="37.760018" lon="-122.443339"><time>2024-06-01T14:36:38Z</time></trkpt>
      <trkpt lat="37.759889" lon="-122.443264"><time>2024-06-01T14:37:06Z</time></trkpt>
      <trkpt lat="37.759863" lon="-122.443411"><time>2024-06-01T14:37:20Z</time></trkpt>
      <trkpt lat="37.759964" lon="-122.443300"><time>2024-06-01T14:37:33Z</time></trkpt>
      <trkpt lat="37.759866" lon="-122.443187"><time>2024-06-01T14:38:03Z</time></trkpt>
      <trkpt lat="37.759888" lon="-122.443038"><time>2024-06-01T14:38:33Z</time></trkpt>
      <trkpt lat="37.759813" lon="-122.443168"><time>2024-06-01T14:38:48Z</time></trkpt>
      <trkpt lat="37.759867" lon="-122.443308"><time>2024-06-01T14:39:09Z</time></trkpt>
      <trkpt lat="37.759985" lon="-122.443216"><time>2024-06-01T14:39:27Z</time></trkpt>
      <trkpt lat="37.760004" lon="-122.443365"><time>2024-06-01T14:39:37Z</time></trkpt>
      <trkpt lat="37.759857" lon="-122.443336"><time>2024-06-01T14:39:54Z</time></trkpt>
      <trkpt lat="37.759782" lon="-122.443206"><time>2024-06-01T14:40:24Z</time></trkpt>
      <trkpt lat="37.759773" lon="-122.443356"><time>2024-06-01T14:40:34Z</time></trkpt>
      <trkpt lat="37.759642" lon="-122.443283"><time>2024-06-01T14:40:44Z</time></trkpt>
      <trkpt lat="37.759515" lon="-122.443203"><time>2024-06-01T14:41:00Z</time></trkpt>
      <trkpt lat="37.759421" lon="-122.443319"><time>2024-06-01T14:41:15Z</time></trkpt>
      <trkpt lat="37.759271" lon="-122.443319"><time>2024-06-01T14:41:31Z</time></trkpt>
      <trkpt lat="37.759185" lon="-122.443196"><time>2024-06-01T14:41:45Z</time></trkpt>
      <trkpt lat="37.759116" lon="-122.443329"><time>2024-06-01T14:42:03Z</time></trkpt>
      <trkpt lat="37.759266" lon="-122.443329"><time>2024-06-01T14:42:24Z</time></trkpt>
      <trkpt lat="37.759379" lon="-122.443230"><time>2024-06-01T14:42:54Z</time></trkpt>
      <trkpt lat="37.759488" lon="-122.443332"><time>2024-06-01T14:43:22Z</time></trkpt>
      <trkpt lat="37.759513" lon="-122.443184"><time>2024-06-01T14:43:42Z</time></trkpt>
      <trkpt lat="37.759565" lon="-122.443044"><time>2024-06-01T14:44:01Z</time></trkpt>
      <trkpt lat="37.759545" lon="-122.443193"><time>2024-06-01T14:44:22Z</time></trkpt>
      <trkpt lat="37.759672" lon="-122.443273"><time>2024-06-01T14:44:49Z</time></trkpt>
      <trkpt lat="37.759608" lon="-122.443409"><time>2024-06-01T14:45:01Z</time></trkpt>
      <trkpt lat="37.759602" lon="-122.443259"><time>2024-06-01T14:45:15Z</time></trkpt>
      <trkpt lat="37.759458" lon="-122.443299"><time>2024-06-01T14:45:33Z</time></trkpt>
      <trkpt lat="37.759326" lon="-122.443227"><time>2024-06-01T14:45:57Z</time></trkpt>
      <trkpt lat="37.759185" lon="-122.443276"><time>2024-06-01T14:46:27Z</time></trkpt>
      <trkpt lat="37.759320" lon="-122.443340"><time>2024-06-01T14:46:47Z</time></trkpt>
      <trkpt lat="37.759181" lon="-122.443397"><time>2024-06-01T14:47:16Z</time></trkpt>
      <trkpt lat="37.759106" lon="-122.443527"><time>2024-06-01T14:47:40Z</time></trkpt>
      <trkpt lat="37.758962" lon="-122.443566"><time>2024-06-01T14:48:09Z</time></trkpt>
      <trkpt lat="37.758832" lon="-122.443642"><time>2024-06-01T14:48:33Z</time></trkpt>
      <trkpt lat="37.758789" lon="-122.443499"><time>2024-06-01T14:48:51Z</time></trkpt>
      <trkpt lat="37.758666" lon="-122.443585"><time>2024-06-01T14:49:06Z</time></trkpt>
      <trkpt lat="37.758755" lon="-122.443464"><time>2024-06-01T14:49:33Z</time></trkpt>
      <trkpt lat="37.758758" lon="-122.443314"><time>2024-06-01T14:49:47Z</time></trkpt>
      <trkpt lat="37.758882" lon="-122.443399"><time>2024-06-01T14:50:14Z</time></trkpt>
      <trkpt lat="37.758862" lon="-122.443548"><time>2024-06-01T14:50:42Z</time></trkpt>
      <trkpt lat="37.758720" lon="-122.443498"><time>2024-06-01T14:50:54Z</time></trkpt>
      <trkpt lat="37.758589" lon="-122.443425"><time>2024-06-01T14:51:16Z</time></trkpt>
      <trkpt lat="37.758622" lon="-122.443279"><time>2024-06-01T14:51:37Z</time></trkpt>
      <trkpt lat="37.758763" lon="-122.443331"><time>2024-06-01T14:51:56Z</time></trkpt>
      <trkpt lat="37.758852" lon="-122.443210"><time>2024-06-01T14:52:19Z</time></trkpt>
      <trkpt lat="37.758742" lon="-122.443108"><time>2024-06-01T14:52:48Z</time></trkpt>
      <trkpt lat="37.758779" lon="-122.442963"><time>2024-06-01T14:53:02Z</time></trkpt>
      <trkpt lat="37.758910" lon="-122.443036"><time>2024-06-01T14:53:21Z</time></trkpt>
      <trkpt lat="37.759018" lon="-122.442931"><time>2024-06-01T14:53:50Z</time></trkpt>
      <trkpt lat="37.758938" lon="-122.442804"><time>2024-06-01T14:54:06Z</time></trkpt>
      <trkpt lat="37.758823" lon="-122.442708"><time>2024-06-01T14:54:34Z</time></trkpt>
      <trkpt lat="37.758967" lon="-122.442665"><time>2024-06-01T14:55:00Z</time></trkpt>
      <trkpt lat="37.758922" lon="-122.442522"><time>2024-06-01T14:55:13Z</time></trkpt>
      <trkpt lat="37.758836" lon="-122.442645"><time>2024-06-01T14:55:35Z</time></trkpt>
      <trkpt lat="37.758962" lon="-122.442726"><time>2024-06-01T14:56:02Z</time></trkpt>
      <trkpt lat="37.759065" lon="-122.442835"><time>2024-06-01T14:56:27Z</time></trkpt>
      <trkpt lat="37.758961" lon="-122.442943"><time>2024-06-01T14:56:56Z</time></trkpt>
      <trkpt lat="37.759034" lon="-122.443075"><time>2024-06-01T14:57:13Z</time></trkpt>
      <trkpt lat="37.759037" lon="-122.443225"><time>2024-06-01T14:57:40Z</time></trkpt>
      <trkpt lat="37.759172" lon="-122.443291"><time>2024-06-01T14:58:07Z</time></trkpt>
      <trkpt lat="37.759287" lon="-122.443194"><time>2024-06-01T14:58:31Z</time></trkpt>
      <trkpt lat="37.759237" lon="-122.443336"><time>2024-06-01T14:58:54Z</time></trkpt>
      <trkpt lat="37.759344" lon="-122.443441"><time>2024-06-01T14:59:18Z</time></trkpt>
      <trkpt lat="37.759378" lon="-122.443587"><time>2024-06-01T14:59:48Z</time></trkpt>
      <trkpt lat="37.759421" lon="-122.443731"><time>2024-06-01T15:00:16Z</time></trkpt>
      <trkpt lat="37.759460" lon="-122.443876"><time>2024-06-01T15:00:37Z</time></trkpt>
      <trkpt lat="37.759519" lon="-122.443738"><time>2024-06-01T15:00:55Z</time></trkpt>
      <trkpt lat="37.759383" lon="-122.443802"><time>2024-06-01T15:01:16Z</time></trkpt>
      <trkpt lat="37.759339" lon="-122.443945"><time>2024-06-01T15:01:27Z</time></trkpt>
      <trkpt lat="37.759227" lon="-122.444045"><time>2024-06-01T15:01:54Z</time></trkpt>
      <trkpt lat="37.759107" lon="-122.443954"><time>2024-06-01T15:02:07Z</time></trkpt>
      <trkpt lat="37.759059" lon="-122.444096"><time>2024-06-01T15:02:35Z</time></trkpt>
      <trkpt lat="37.759065" lon="-122.444246"><time>2024-06-01T15:03:01Z</time></trkpt>
      <trkpt lat="37.759160" lon="-122.444363"><time>2024-06-01T15:03:25Z</time></trkpt>
      <trkpt lat="37.759168" lon="-122.444512"><time>2024-06-01T15:03:55Z</time></trkpt>
      <trkpt lat="37.759273" lon="-122.444619"><time>2024-06-01T15:04:09Z</time></trkpt>
      <trkpt lat="37.759123" lon="-122.444620"><time>2024-06-01T15:04:36Z</time></trkpt>
      <trkpt lat="37.759080" lon="-122.444764"><time>2024-06-01T15:04:57Z</time></trkpt>
      <trkpt lat="37.758935" lon="-122.444800"><time>2024-06-01T15:05:11Z</time></trkpt>
      <trkpt lat="37.758820" lon="-122.444897"><time>2024-06-01T15:05:36Z</time></trkpt>
      <trkpt lat="37.758738" lon="-122.445023"><time>2024-06-01T15:05:56Z</time></trkpt>
      <trkpt lat="37.758846" lon="-122.444918"><time>2024-06-01T15:06:18Z</time></trkpt>
      <trkpt lat="37.758843" lon="-122.444768"><time>2024-06-01T15:06:39Z</time></trkpt>
      <trkpt lat="37.758842" lon="-122.444918"><time>2024-06-01T15:07:03Z</time></trkpt>
      <trkpt lat="37.758793" lon="-122.445060"><time>2024-06-01T15:07:32Z</time></trkpt>
      <trkpt lat="37.758659" lon="-122.444992"><time>2024-06-01T15:07:51Z</time></trkpt>
      <trkpt lat="37.758509" lon="-122.444994"><time>2024-06-01T15:08:08Z</time></trkpt>
      <trkpt lat="37.758519" lon="-122.445144"><time>2024-06-01T15:08:37Z</time></trkpt>
      <trkpt lat="37.758620" lon="-122.445254"><time>2024-06-01T15:09:06Z</time></trkpt>
      <trkpt lat="37.758497" lon="-122.445169"><time>2024-06-01T15:09:34Z</time></trkpt>
      <trkpt lat="37.758357" lon="-122.445114"><time>2024-06-01T15:09:55Z</time></trkpt>
      <trkpt lat="37.758505" lon="-122.445087"><time>2024-06-01T15:10:10Z</time></trkpt>
      <trkpt lat="37.758644" lon="-122.445143"><time>2024-06-01T15:10:20Z</time></trkpt>
      <trkpt lat="37.758562" lon="-122.445018"><time>2024-06-01T15:10:36Z</time></trkpt>
      <trkpt lat="37.758708" lon="-122.444986"><time>2024-06-01T15:11:03Z</time></trkpt>
      <trkpt lat="37.758857" lon="-122.444970"><time>2024-06-01T15:11:28Z</time></trkpt>
      <trkpt lat="37.758718" lon="-122.444915"><time>2024-06-01T15:11:42Z</time></trkpt>
      <trkpt lat="37.758737" lon="-122.445064"><time>2024-06-01T15:11:57Z</time></trkpt>
      <trkpt lat="37.758853" lon="-122.444969"><time>2024-06-01T15:12:25Z</time></trkpt>
      <trkpt lat="37.758987" lon="-122.444902"><time>2024-06-01T15:12:37Z</time></trkpt>
      <trkpt lat="37.758841" lon="-122.444870"><time>2024-06-01T15:12:52Z</time></trkpt>
      <trkpt lat="37.758977" lon="-122.444934"><time>2024-06-01T15:13:10Z</time></trkpt>
      <trkpt lat="37.758851" lon="-122.444852"><time>2024-06-01T15:13:37Z</time></trkpt>
      <trkpt lat="37.758991" lon="-122.444800"><time>2024-06-01T15:14:05Z</time></trkpt>
      <trkpt lat="37.759121" lon="-122.444724"><time>2024-06-01T15:14:26Z</time></trkpt>
      <trkpt lat="37.759146" lon="-122.444872"><time>2024-06-01T15:14:36Z</time></trkpt>
      <trkpt lat="37.759099" lon="-122.444729"><time>2024-06-01T15:14:55Z</time></trkpt>
      <trkpt lat="37.759028" lon="-122.444597"><time>2024-06-01T15:15:13Z</time></trkpt>
      <trkpt lat="37.759082" lon="-122.444737"><time>2024-06-01T15:15:36Z</time></trkpt>
      <trkpt lat="37.758977" lon="-122.444845"><time>2024-06-01T15:15:55Z</time></trkpt>
      <trkpt lat="37.759125" lon="-122.444817"><time>2024-06-01T15:16:05Z</time></trkpt>
      <trkpt lat="37.759169" lon="-122.444961"><time>2024-06-01T15:16:24Z</time></trkpt>
      <trkpt lat="37.759156" lon="-122.445110"><time>2024-06-01T15:16:47Z</time></trkpt>
      <trkpt lat="37.759300" lon="-122.445067"><time>2024-06-01T15:17:05Z</time></trkpt>
      <trkpt lat="37.759317" lon="-122.444918"><time>2024-06-01T15:17:31Z</time></trkpt>
      <trkpt lat="37.759257" lon="-122.445055"><time>2024-06-01T15:17:56Z</time></trkpt>
      <trkpt lat="37.759386" lon="-122.444978"><time>2024-06-01T15:18:14Z</time></trkpt>
      <trkpt lat="37.759246" lon="-122.444924"><time>2024-06-01T15:18:24Z</time></trkpt>
      <trkpt lat="37.759385" lon="-122.444981"><time>2024-06-01T15:18:54Z</time></trkpt>
      <trkpt lat="37.759236" lon="-122.444997"><time>2024-06-01T15:19:19Z</time></trkpt>
      <trkpt lat="37.759255" lon="-122.445145"><time>2024-06-01T15:19:34Z</time></trkpt>
      <trkpt lat="37.759245" lon="-122.445295"><time>2024-06-01T15:19:56Z</time></trkpt>
      <trkpt lat="37.759110" lon="-122.445231"><time>2024-06-01T15:20:14Z</time></trkpt>
      <trkpt lat="37.759195" lon="-122.445107"><time>2024-06-01T15:20:27Z</time></trkpt>
      <trkpt lat="37.759210" lon="-122.444958"><time>2024-06-01T15:20:47Z</time></trkpt>
      <trkpt lat="37.759088" lon="-122.444871"><time>2024-06-01T15:21:08Z</time></trkpt>
      <trkpt lat="37.759050" lon="-122.445016"><time>2024-06-01T15:21:29Z</time></trkpt>
      <trkpt lat="37.759153" lon="-122.445125"><time>2024-06-01T15:21:46Z</time></trkpt>
      <trkpt lat="37.759275" lon="-122.445037"><time>2024-06-01T15:22:01Z</time></trkpt>
      <trkpt lat="37.759317" lon="-122.444893"><time>2024-06-01T15:22:11Z</time></trkpt>
      <trkpt lat="37.759289" lon="-122.445041"><time>2024-06-01T15:22:30Z</time></trkpt>
      <trkpt lat="37.759339" lon="-122.444899"><time>2024-06-01T15:22:43Z</time></trkpt>
      <trkpt lat="37.759210" lon="-122.444822"><time>2024-06-01T15:22:57Z</time></trkpt>
      <trkpt lat="37.759331" lon="-122.444734"><time>2024-06-01T15:23:13Z</time></trkpt>
      <trkpt lat="37.759382" lon="-122.444593"><time>2024-06-01T15:23:43Z</time></trkpt>
      <trkpt lat="37.759431" lon="-122.444451"><time>2024-06-01T15:24:13Z</time></trkpt>
      <trkpt lat="37.759284" lon="-122.444478"><time>2024-06-01T15:24:31Z</time></trkpt>
      <trkpt lat="37.759292" lon="-122.444628"><time>2024-06-01T15:24:48Z</time></trkpt>
      <trkpt lat="37.759144" lon="-122.444652"><time>2024-06-01T15:25:10Z</time></trkpt>
      <trkpt lat="37.759286" lon="-122.444603"><time>2024-06-01T15:25:40Z</time></trkpt>
      <trkpt lat="37.759436" lon="-122.444614"><time>2024-06-01T15:25:50Z</time></trkpt>
      <trkpt lat="37.759562" lon="-122.444694"><time>2024-06-01T15:26:17Z</time></trkpt>
      <trkpt lat="37.759493" lon="-122.444561"><time>2024-06-01T15:26:37Z</time></trkpt>
      <trkpt lat="37.759603" lon="-122.444664"><time>2024-06-01T15:26:57Z</time></trkpt>
      <trkpt lat="37.759454" lon="-122.444675"><time>2024-06-01T15:27:12Z</time></trkpt>
      <trkpt lat="37.759422" lon="-122.444822"><time>2024-06-01T15:27:37Z</time></trkpt>
      <trkpt lat="37.759424" lon="-122.444672"><time>2024-06-01T15:27:51Z</time></trkpt>
      <trkpt lat="37.759560" lon="-122.444734"><time>2024-06-01T15:28:08Z</time></trkpt>
      <trkpt lat="37.759547" lon="-122.444884"><time>2024-06-01T15:28:29Z</time></trkpt>
      <trkpt lat="37.759696" lon="-122.444874"><time>2024-06-01T15:28:51Z</time></trkpt>
      <trkpt lat="37.759610" lon="-122.444997"><time>2024-06-01T15:29:17Z</time></trkpt>
      <trkpt lat="37.759760" lon="-122.444994"><time>2024-06-01T15:29:32Z</time></trkpt>
      <trkpt lat="37.759718" lon="-122.445138"><time>2024-06-01T15:29:46Z</time></trkpt>
      <trkpt lat="37.759623" lon="-122.445254"><time>2024-06-01T15:30:03Z</time></trkpt>
      <trkpt lat="37.759485" lon="-122.445196"><time>2024-06-01T15:30:25Z</time></trkpt>
      <trkpt lat="37.759631" lon="-122.445230"><time>2024-06-01T15:30:36Z</time></trkpt>
      <trkpt lat="37.759718" lon="-122.445107"><time>2024-06-01T15:30:56Z</time></trkpt>
      <trkpt lat="37.759580" lon="-122.445048"><time>2024-06-01T15:31:12Z</time></trkpt>
      <trkpt lat="37.759430" lon="-122.445056"><time>2024-06-01T15:31:34Z</time></trkpt>
      <trkpt lat="37.759356" lon="-122.444926"><time>2024-06-01T15:31:55Z</time></trkpt>
      <trkpt lat="37.759460" lon="-122.445034"><time>2024-06-01T15:32:14Z</time></trkpt>
      <trkpt lat="37.759609" lon="-122.445015"><time>2024-06-01T15:32:24Z</time></trkpt>
      <trkpt lat="37.759470" lon="-122.444959"><time>2024-06-01T15:32:39Z</time></trkpt>
      <trkpt lat="37.759370" lon="-122.445070"><time>2024-06-01T15:33:08Z</time></trkpt>
      <trkpt lat="37.759349" lon="-122.445219"><time>2024-06-01T15:33:30Z</time></trkpt>
      <trkpt lat="37.759262" lon="-122.445097"><time>2024-06-01T15:33:43Z</time></trkpt>
      <trkpt lat="37.759188" lon="-122.444966"><time>2024-06-01T15:34:11Z</time></trkpt>
      <trkpt lat="37.759156" lon="-122.444820"><time>2024-06-01T15:34:32Z</time></trkpt>
      <trkpt lat="37.759084" lon="-122.444688"><time>2024-06-01T15:34:44Z</time></trkpt>
      <trkpt lat="37.759050" lon="-122.444542"><time>2024-06-01T15:35:00Z</time></trkpt>
      <trkpt lat="37.758912" lon="-122.444481"><time>2024-06-01T15:35:16Z</time></trkpt>
      <trkpt lat="37.758890" lon="-122.444630"><time>2024-06-01T15:35:37Z</time></trkpt>
      <trkpt lat="37.758750" lon="-122.444576"><time>2024-06-01T15:35:55Z</time></trkpt>
      <trkpt lat="37.758900" lon="-122.444572"><time>2024-06-01T15:36:19Z</time></trkpt>
      <trkpt lat="37.758928" lon="-122.444424"><time>2024-06-01T15:36:31Z</time></trkpt>
      <trkpt lat="37.758839" lon="-122.444545"><time>2024-06-01T15:36:53Z</time></trkpt>
      <trkpt lat="37.758712" lon="-122.444466"><time>2024-06-01T15:37:20Z</time></trkpt>
      <trkpt lat="37.758601" lon="-122.444364"><time>2024-06-01T15:37:46Z</time></trkpt>
      <trkpt lat="37.758453" lon="-122.444338"><time>2024-06-01T15:38:00Z</time></trkpt>
      <trkpt lat="37.758306" lon="-122.444311"><time>2024-06-01T15:38:14Z</time></trkpt>
      <trkpt lat="37.758411" lon="-122.444204"><time>2024-06-01T15:38:43Z</time></trkpt>
      <trkpt lat="37.758370" lon="-122.444060"><time>2024-06-01T15:38:53Z</time></trkpt>
      <trkpt lat="37.758371" lon="-122.443910"><time>2024-06-01T15:39:08Z</time></trkpt>
      <trkpt lat="37.758319" lon="-122.443769"><time>2024-06-01T15:39:20Z</time></trkpt>
      <trkpt lat="37.758171" lon="-122.443795"><time>2024-06-01T15:39:46Z</time></trkpt>
      <trkpt lat="37.758041" lon="-122.443720"><time>2024-06-01T15:39:57Z</time></trkpt>
      <trkpt lat="37.758186" lon="-122.443759"><time>2024-06-01T15:40:13Z</time></trkpt>
      <trkpt lat="37.758040" lon="-122.443793"><time>2024-06-01T15:40:31Z</time></trkpt>
      <trkpt lat="37.758170" lon="-122.443868"><time>2024-06-01T15:40:52Z</time></trkpt>
      <trkpt lat="37.758303" lon="-122.443937"><time>2024-06-01T15:41:19Z</time></trkpt>
      <trkpt lat="37.758251" lon="-122.444078"><time>2024-06-01T15:41:37Z</time></trkpt>
      <trkpt lat="37.758159" lon="-122.443959"><time>2024-06-01T15:42:00Z</time></trkpt>
      <trkpt lat="37.758078" lon="-122.443833"><time>2024-06-01T15:42:29Z</time></trkpt>
      <trkpt lat="37.757928" lon="-122.443832"><time>2024-06-01T15:42:42Z</time></trkpt>
      <trkpt lat="37.758075" lon="-122.443863"><time>2024-06-01T15:43:05Z</time></trkpt>
      <trkpt lat="37.758159" lon="-122.443739"><time>2024-06-01T15:43:31Z</time></trkpt>
      <trkpt lat="37.758010" lon="-122.443752"><time>2024-06-01T15:43:44Z</time></trkpt>
      <trkpt lat="37.758129" lon="-122.443660"><time>2024-06-01T15:44:06Z</time></trkpt>
      <trkpt lat="37.757981" lon="-122.443636"><time>2024-06-01T15:44:32Z</time></trkpt>
      <trkpt lat="37.758119" lon="-122.443695"><time>2024-06-01T15:44:59Z</time></trkpt>
      <trkpt lat="37.758204" lon="-122.443818"><time>2024-06-01T15:45:16Z</time></trkpt>
      <trkpt lat="37.758124" lon="-122.443944"><time>2024-06-01T15:45:43Z</time></trkpt>
      <trkpt lat="37.757981" lon="-122.443988"><time>2024-06-01T15:46:10Z</time></trkpt>
      <trkpt lat="37.757935" lon="-122.444131"><time>2024-06-01T15:46:26Z</time></trkpt>
      <trkpt lat="37.757856" lon="-122.444258"><time>2024-06-01T15:46:36Z</time></trkpt>
      <trkpt lat="37.757713" lon="-122.444305"><time>2024-06-01T15:46:46Z</time></trkpt>
      <trkpt lat="37.757814" lon="-122.444194"><time>2024-06-01T15:47:01Z</time></trkpt>
      <trkpt lat="37.757897" lon="-122.444319"><time>2024-06-01T15:47:30Z</time></trkpt>
      <trkpt lat="37.758035" lon="-122.444378"><time>2024-06-01T15:47:56Z</time></trkpt>
      <trkpt lat="37.758027" lon="-122.444229"><time>2024-06-01T15:48:17Z</time></trkpt>
      <trkpt lat="37.758019" lon="-122.444378"><time>2024-06-01T15:48:34Z</time></trkpt>
      <trkpt lat="37.757869" lon="-122.444373"><time>2024-06-01T15:48:45Z</time></trkpt>
      <trkpt lat="37.757798" lon="-122.444505"><time>2024-06-01T15:49:12Z</time></trkpt>
      <trkpt lat="37.757935" lon="-122.444442"><time>2024-06-01T15:49:41Z</time></trkpt>
      <trkpt lat="37.757935" lon="-122.444592"><time>2024-06-01T15:50:07Z</time></trkpt>
      <trkpt lat="37.757801" lon="-122.444524"><time>2024-06-01T15:50:26Z</time></trkpt>
      <trkpt lat="37.757913" lon="-122.444624"><time>2024-06-01T15:50:51Z</time></trkpt>
      <trkpt lat="37.757787" lon="-122.444705"><time>2024-06-01T15:51:05Z</time></trkpt>
      <trkpt lat="37.757659" lon="-122.444625"><time>2024-06-01T15:51:33Z</time></trkpt>
      <trkpt lat="37.757768" lon="-122.444728"><time>2024-06-01T15:51:51Z</time></trkpt>
      <trkpt lat="37.757835" lon="-122.444863"><time>2024-06-01T15:52:10Z</time></trkpt>
      <trkpt lat="37.757951" lon="-122.444958"><time>2024-06-01T15:52:36Z</time></trkpt>
      <trkpt lat="37.758101" lon="-122.444949"><time>2024-06-01T15:52:57Z</time></trkpt>
      <trkpt lat="37.758251" lon="-122.444938"><time>2024-06-01T15:53:09Z</time></trkpt>
      <trkpt lat="37.758274" lon="-122.445086"><time>2024-06-01T15:53:24Z</time></trkpt>
      <trkpt lat="37.758322" lon="-122.445228"><time>2024-06-01T15:53:37Z</time></trkpt>
      <trkpt lat="37.758281" lon="-122.445373"><time>2024-06-01T15:54:03Z</time></trkpt>
      <trkpt lat="37.758139" lon="-122.445421"><time>2024-06-01T15:54:33Z</time></trkpt>
      <trkpt lat="37.758277" lon="-122.445362"><time>2024-06-01T15:54:50Z</time></trkpt>
      <trkpt lat="37.758129" lon="-122.445387"><time>2024-06-01T15:55:10Z</time></trkpt>
      <trkpt lat="37.758276" lon="-122.445421"><time>2024-06-01T15:55:26Z</time></trkpt>
      <trkpt lat="37.758362" lon="-122.445298"><time>2024-06-01T15:55:37Z</time></trkpt>
      <trkpt lat="37.758493" lon="-122.445371"><time>2024-06-01T15:55:50Z</time></trkpt>
      <trkpt lat="37.758429" lon="-122.445236"><time>2024-06-01T15:56:18Z</time></trkpt>
      <trkpt lat="37.758341" lon="-122.445357"><time>2024-06-01T15:56:30Z</time></trkpt>
      <trkpt lat="37.758481" lon="-122.445305"><time>2024-06-01T15:56:45Z</time></trkpt>
      <trkpt lat="37.758594" lon="-122.445404"><time>2024-06-01T15:57:02Z</time></trkpt>
      <trkpt lat="37.758612" lon="-122.445553"><time>2024-06-01T15:57:21Z</time></trkpt>
      <trkpt lat="37.758558" lon="-122.445693"><time>2024-06-01T15:57:37Z</time></trkpt>
      <trkpt lat="37.758700" lon="-122.445647"><time>2024-06-01T15:57:49Z</time></trkpt>
      <trkpt lat="37.758678" lon="-122.445795"><time>2024-06-01T15:58:15Z</time></trkpt>
      <trkpt lat="37.758599" lon="-122.445923"><time>2024-06-01T15:58:41Z</time></trkpt>
      <trkpt lat="37.758749" lon="-122.445933"><time>2024-06-01T15:58:51Z</time></trkpt>
      <trkpt lat="37.758639" lon="-122.446035"><time>2024-06-01T15:59:06Z</time></trkpt>
      <trkpt lat="37.758729" lon="-122.446155"><time>2024-06-01T15:59:35Z</time></trkpt>
      <trkpt lat="37.758784" lon="-122.446015"><time>2024-06-01T15:59:49Z</time></trkpt>
      <trkpt lat="37.758770" lon="-122.445866"><time>2024-06-01T16:00:06Z</time></trkpt>
      <trkpt lat="37.758644" lon="-122.445947"><time>2024-06-01T16:00:20Z</time></trkpt>
      <trkpt lat="37.758773" lon="-122.445872"><time>2024-06-01T16:00:33Z</time></trkpt>
      <trkpt lat="37.758920" lon="-122.445839"><time>2024-06-01T16:00:47Z</time></trkpt>
      <trkpt lat="37.758772" lon="-122.445815"><time>2024-06-01T16:01:13Z</time></trkpt>
      <trkpt lat="37.758756" lon="-122.445964"><time>2024-06-01T16:01:25Z</time></trkpt>
      <trkpt lat="37.758819" lon="-122.445828"><time>2024-06-01T16:01:55Z</time></trkpt>
      <trkpt lat="37.758952" lon="-122.445758"><time>2024-06-01T16:02:12Z</time></trkpt>
      <trkpt lat="37.758838" lon="-122.445660"><time>2024-06-01T16:02:27Z</time></trkpt>
      <trkpt lat="37.758875" lon="-122.445515"><time>2024-06-01T16:02:40Z</time></trkpt>
      <trkpt lat="37.758958" lon="-122.445640"><time>2024-06-01T16:03:05Z</time></trkpt>
      <trkpt lat="37.759071" lon="-122.445541"><time>2024-06-01T16:03:26Z</time></trkpt>
      <trkpt lat="37.759164" lon="-122.445659"><time>2024-06-01T16:03:47Z</time></trkpt>
      <trkpt lat="37.759056" lon="-122.445554"><time>2024-06-01T16:04:00Z</time></trkpt>
      <trkpt lat="37.759186" lon="-122.445480"><time>2024-06-01T16:04:16Z</time></trkpt>
      <trkpt lat="37.759107" lon="-122.445607"><time>2024-06-01T16:04:44Z</time></trkpt>
      <trkpt lat="37.759212" lon="-122.445715"><time>2024-06-01T16:04:59Z</time></trkpt>
      <trkpt lat="37.759179" lon="-122.445861"><time>2024-06-01T16:05:09Z</time></trkpt>
      <trkpt lat="37.759089" lon="-122.445981"><time>2024-06-01T16:05:36Z</time></trkpt>
      <trkpt lat="37.759161" lon="-122.446113"><time>2024-06-01T16:06:03Z</time></trkpt>
      <trkpt lat="37.759295" lon="-122.446044"><time>2024-06-01T16:06:32Z</time></trkpt>
      <trkpt lat="37.759146" lon="-122.446063"><time>2024-06-01T16:06:49Z</time></trkpt>
      <trkpt lat="37.759206" lon="-122.446200"><time>2024-06-01T16:07:03Z</time></trkpt>
      <trkpt lat="37.759260" lon="-122.446340"><time>2024-06-01T16:07:27Z</time></trkpt>
      <trkpt lat="37.759237" lon="-122.446488"><time>2024-06-01T16:07:44Z</time></trkpt>
      <trkpt lat="37.759387" lon="-122.446480"><time>2024-06-01T16:08:13Z</time></trkpt>
      <trkpt lat="37.759238" lon="-122.446464"><time>2024-06-01T16:08:23Z</time></trkpt>
      <trkpt lat="37.759387" lon="-122.446446"><time>2024-06-01T16:08:35Z</time></trkpt>
      <trkpt lat="37.759527" lon="-122.446392"><time>2024-06-01T16:08:53Z</time></trkpt>
      <trkpt lat="37.759377" lon="-122.446382"><time>2024-06-01T16:09:23Z</time></trkpt>
      <trkpt lat="37.759401" lon="-122.446234"><time>2024-06-01T16:09:53Z</time></trkpt>
      <trkpt lat="37.759496" lon="-122.446117"><time>2024-06-01T16:10:04Z</time></trkpt>
      <trkpt lat="37.759631" lon="-122.446183"><time>2024-06-01T16:10:17Z</time></trkpt>
      <trkpt lat="37.759526" lon="-122.446290"><time>2024-06-01T16:10:39Z</time></trkpt>
      <trkpt lat="37.759428" lon="-122.446177"><time>2024-06-01T16:11:00Z</time></trkpt>
      <trkpt lat="37.759577" lon="-122.446154"><time>2024-06-01T16:11:21Z</time></trkpt>
      <trkpt lat="37.759540" lon="-122.446009"><time>2024-06-01T16:11:48Z</time></trkpt>
      <trkpt lat="37.759493" lon="-122.446151"><time>2024-06-01T16:12:18Z</time></trkpt>
      <trkpt lat="37.759612" lon="-122.446242"><time>2024-06-01T16:12:36Z</time></trkpt>
      <trkpt lat="37.759530" lon="-122.446117"><time>2024-06-01T16:12:52Z</time></trkpt>
      <trkpt lat="37.759474" lon="-122.445978"><time>2024-06-01T16:13:04Z</time></trkpt>
      <trkpt lat="37.759597" lon="-122.446063"><time>2024-06-01T16:13:34Z</time></trkpt>
      <trkpt lat="37.759607" lon="-122.445913"><time>2024-06-01T16:14:00Z</time></trkpt>
      <trkpt lat="37.759712" lon="-122.446020"><time>2024-06-01T16:14:15Z</time></trkpt>
      <trkpt lat="37.759625" lon="-122.445898"><time>2024-06-01T16:14:31Z</time></trkpt>
      <trkpt lat="37.759770" lon="-122.445857"><time>2024-06-01T16:14:53Z</time></trkpt>
      <trkpt lat="37.759854" lon="-122.445733"><time>2024-06-01T16:15:13Z</time></trkpt>
      <trkpt lat="37.759981" lon="-122.445811"><time>2024-06-01T16:15:37Z</time></trkpt>
      <trkpt lat="37.759961" lon="-122.445663"><time>2024-06-01T16:16:01Z</time></trkpt>
      <trkpt lat="37.759971" lon="-122.445513"><time>2024-06-01T16:16:22Z</time></trkpt>
      <trkpt lat="37.760101" lon="-122.445438"><time>2024-06-01T16:16:45Z</time></trkpt>
      <trkpt lat="37.759952" lon="-122.445422"><time>2024-06-01T16:17:08Z</time></trkpt>
      <trkpt lat="37.760057" lon="-122.445529"><time>2024-06-01T16:17:33Z</time></trkpt>
      <trkpt lat="37.759957" lon="-122.445641"><time>2024-06-01T16:17:58Z</time></trkpt>
      <trkpt lat="37.760087" lon="-122.445717"><time>2024-06-01T16:18:16Z</time></trkpt>
      <trkpt lat="37.759937" lon="-122.445707"><time>2024-06-01T16:18:44Z</time></trkpt>
      <trkpt lat="37.759913" lon="-122.445559"><time>2024-06-01T16:19:08Z</time></trkpt>
      <trkpt lat="37.760008" lon="-122.445675"><time>2024-06-01T16:19:34Z</time></trkpt>
      <trkpt lat="37.760081" lon="-122.445806"><time>2024-06-01T16:19:54Z</time></trkpt>
      <trkpt lat="37.759936" lon="-122.445847"><time>2024-06-01T16:20:05Z</time></trkpt>
      <trkpt lat="37.759877" lon="-122.445709"><time>2024-06-01T16:20:26Z</time></trkpt>
      <trkpt lat="37.759794" lon="-122.445835"><time>2024-06-01T16:20:41Z</time></trkpt>
      <trkpt lat="37.759653" lon="-122.445784"><time>2024-06-01T16:21:10Z</time></trkpt>
      <trkpt lat="37.759566" lon="-122.445662"><time>2024-06-01T16:21:32Z</time></trkpt>
      <trkpt lat="37.759589" lon="-122.445514"><time>2024-06-01T16:21:43Z</time></trkpt>
      <trkpt lat="37.759440" lon="-122.445498"><time>2024-06-01T16:22:10Z</time></trkpt>
      <trkpt lat="37.759579" lon="-122.445443"><time>2024-06-01T16:22:35Z</time></trkpt>
      <trkpt lat="37.759456" lon="-122.445529"><time>2024-06-01T16:22:48Z</time></trkpt>
      <trkpt lat="37.759346" lon="-122.445427"><time>2024-06-01T16:23:14Z</time></trkpt>
      <trkpt lat="37.759244" lon="-122.445536"><time>2024-06-01T16:23:36Z</time></trkpt>
      <trkpt lat="37.759378" lon="-122.445471"><time>2024-06-01T16:23:48Z</time></trkpt>
      <trkpt lat="37.759240" lon="-122.445413"><time>2024-06-01T16:24:09Z</time></trkpt>
      <trkpt lat="37.759092" lon="-122.445388"><time>2024-06-01T16:24:36Z</time></trkpt>
      <trkpt lat="37.759176" lon="-122.445263"><time>2024-06-01T16:24:52Z</time></trkpt>
      <trkpt lat="37.759171" lon="-122.445413"><time>2024-06-01T16:25:09Z</time></trkpt>
      <trkpt lat="37.759117" lon="-122.445273"><time>2024-06-01T16:25:37Z</time></trkpt>
      <trkpt lat="37.759062" lon="-122.445134"><time>2024-06-01T16:25:58Z</time></trkpt>
      <trkpt lat="37.758943" lon="-122.445043"><time>2024-06-01T16:26:25Z</time></trkpt>
      <trkpt lat="37.759040" lon="-122.444929"><time>2024-06-01T16:26:39Z</time></trkpt>
      <trkpt lat="37.759142" lon="-122.444819"><time>2024-06-01T16:26:52Z</time></trkpt>
      <trkpt lat="37.759196" lon="-122.444679"><time>2024-06-01T16:27:11Z</time></trkpt>
      <trkpt lat="37.759239" lon="-122.444822"><time>2024-06-01T16:27:24Z</time></trkpt>
      <trkpt lat="37.759331" lon="-122.444941"><time>2024-06-01T16:27:46Z</time></trkpt>
      <trkpt lat="37.759227" lon="-122.445048"><time>2024-06-01T16:28:16Z</time></trkpt>
      <trkpt lat="37.759149" lon="-122.444920"><time>2024-06-01T16:28:43Z</time></trkpt>
      <trkpt lat="37.759000" lon="-122.444909"><time>2024-06-01T16:28:56Z</time></trkpt>
      <trkpt lat="37.758853" lon="-122.444942"><time>2024-06-01T16:29:24Z</time></trkpt>
      <trkpt lat="37.758984" lon="-122.445016"><time>2024-06-01T16:29:52Z</time></trkpt>
      <trkpt lat="37.758873" lon="-122.445118"><time>2024-06-01T16:30:03Z</time></trkpt>
      <trkpt lat="37.758728" lon="-122.445080"><time>2024-06-01T16:30:23Z</time></trkpt>
      <trkpt lat="37.758866" lon="-122.445140"><time>2024-06-01T16:30:44Z</time></trkpt>
      <trkpt lat="37.758724" lon="-122.445188"><time>2024-06-01T16:30:56Z</time></trkpt>
      <trkpt lat="37.758598" lon="-122.445105"><time>2024-06-01T16:31:24Z</time></trkpt>
      <trkpt lat="37.758685" lon="-122.445228"><time>2024-06-01T16:31:50Z</time></trkpt>
      <trkpt lat="37.758590" lon="-122.445345"><time>2024-06-01T16:32:09Z</time></trkpt>
      <trkpt lat="37.758631" lon="-122.445489"><time>2024-06-01T16:32:30Z</time></trkpt>
      <trkpt lat="37.758562" lon="-122.445356"><time>2024-06-01T16:32:47Z</time></trkpt>
      <trkpt lat="37.758464" lon="-122.445469"><time>2024-06-01T16:33:02Z</time></trkpt>
      <trkpt lat="37.758445" lon="-122.445321"><time>2024-06-01T16:33:13Z</time></trkpt>
      <trkpt lat="37.758395" lon="-122.445462"><time>2024-06-01T16:33:40Z</time></trkpt>
      <trkpt lat="37.758452" lon="-122.445323"><time>2024-06-01T16:33:50Z</time></trkpt>
      <trkpt lat="37.758331" lon="-122.445413"><time>2024-06-01T16:34:18Z</time></trkpt>
      <trkpt lat="37.758182" lon="-122.445395"><time>2024-06-01T16:34:29Z</time></trkpt>
      <trkpt lat="37.758130" lon="-122.445535"><time>2024-06-01T16:34:42Z</time></trkpt>
      <trkpt lat="37.758273" lon="-122.445581"><time>2024-06-01T16:35:07Z</time></trkpt>
      <trkpt lat="37.758289" lon="-122.445432"><time>2024-06-01T16:35:29Z</time></trkpt>
      <trkpt lat="37.758155" lon="-122.445364"><time>2024-06-01T16:35:57Z</time></trkpt>
      <trkpt lat="37.758233" lon="-122.445492"><time>2024-06-01T16:36:19Z</time></trkpt>
      <trkpt lat="37.758348" lon="-122.445396"><time>2024-06-01T16:36:41Z</time></trkpt>
      <trkpt lat="37.758387" lon="-122.445540"><time>2024-06-01T16:37:05Z</time></trkpt>
      <trkpt lat="37.758524" lon="-122.445602"><time>2024-06-01T16:37:19Z</time></trkpt>
      <trkpt lat="37.758374" lon="-122.445615"><time>2024-06-01T16:37:32Z</time></trkpt>
      <trkpt lat="37.758461" lon="-122.445492"><time>2024-06-01T16:37:53Z</time></trkpt>
      <trkpt lat="37.758458" lon="-122.445642"><time>2024-06-01T16:38:17Z</time></trkpt>
      <trkpt lat="37.758314" lon="-122.445686"><time>2024-06-01T16:38:47Z</time></trkpt>
      <trkpt lat="37.758186" lon="-122.445609"><time>2024-06-01T16:39:02Z</time></trkpt>
      <trkpt lat="37.758044" lon="-122.445559"><time>2024-06-01T16:39:12Z</time></trkpt>
      <trkpt lat="37.758179" lon="-122.445624"><time>2024-06-01T16:39:41Z</time></trkpt>
      <trkpt lat="37.758287" lon="-122.445729"><time>2024-06-01T16:39:51Z</time></trkpt>
      <trkpt lat="37.758389" lon="-122.445839"><time>2024-06-01T16:40:16Z</time></trkpt>
      <trkpt lat="37.758245" lon="-122.445881"><time>2024-06-01T16:40:29Z</time></trkpt>
      <trkpt lat="37.758385" lon="-122.445827"><time>2024-06-01T16:40:46Z</time></trkpt>
      <trkpt lat="37.758494" lon="-122.445724"><time>2024-06-01T16:41:08Z</time></trkpt>
      <trkpt lat="37.758580" lon="-122.445601"><time>2024-06-01T16:41:26Z</time></trkpt>
      <trkpt lat="37.758617" lon="-122.445456"><time>2024-06-01T16:41:40Z</time></trkpt>
      <trkpt lat="37.758587" lon="-122.445309"><time>2024-06-01T16:41:52Z</time></trkpt>
      <trkpt lat="37.758719" lon="-122.445237"><time>2024-06-01T16:42:11Z</time></trkpt>
      <trkpt lat="37.758868" lon="-122.445251"><time>2024-06-01T16:42:37Z</time></trkpt>
      <trkpt lat="37.758942" lon="-122.445381"><time>2024-06-01T16:42:53Z</time></trkpt>
      <trkpt lat="37.758978" lon="-122.445235"><time>2024-06-01T16:43:12Z</time></trkpt>
      <trkpt lat="37.758958" lon="-122.445384"><time>2024-06-01T16:43:42Z</time></trkpt>
      <trkpt lat="37.759103" lon="-122.445345"><time>2024-06-01T16:44:03Z</time></trkpt>
      <trkpt lat="37.759253" lon="-122.445337"><time>2024-06-01T16:44:19Z</time></trkpt>
      <trkpt lat="37.759389" lon="-122.445400"><time>2024-06-01T16:44:33Z</time></trkpt>
      <trkpt lat="37.759411" lon="-122.445251"><time>2024-06-01T16:44:44Z</time></trkpt>
      <trkpt lat="37.759292" lon="-122.445161"><time>2024-06-01T16:45:04Z</time></trkpt>
      <trkpt lat="37.759142" lon="-122.445159"><time>2024-06-01T16:45:26Z</time></trkpt>
      <trkpt lat="37.759150" lon="-122.445009"><time>2024-06-01T16:45:49Z</time></trkpt>
      <trkpt lat="37.759288" lon="-122.444949"><time>2024-06-01T16:46:02Z</time></trkpt>
      <trkpt lat="37.759271" lon="-122.444800"><time>2024-06-01T16:46:20Z</time></trkpt>
      <trkpt lat="37.759129" lon="-122.444849"><time>2024-06-01T16:46:49Z</time></trkpt>
      <trkpt lat="37.759225" lon="-122.444734"><time>2024-06-01T16:47:16Z</time></trkpt>
      <trkpt lat="37.759172" lon="-122.444874"><time>2024-06-01T16:47:45Z</time></trkpt>
      <trkpt lat="37.759113" lon="-122.445012"><time>2024-06-01T16:48:14Z</time></trkpt>
      <trkpt lat="37.758987" lon="-122.445094"><time>2024-06-01T16:48:38Z</time></trkpt>
      <trkpt lat="37.759129" lon="-122.445144"><time>2024-06-01T16:49:02Z</time></trkpt>
      <trkpt lat="37.759268" lon="-122.445200"><time>2024-06-01T16:49:13Z</time></trkpt>
      <trkpt lat="37.759290" lon="-122.445051"><time>2024-06-01T16:49:26Z</time></trkpt>
      <trkpt lat="37.759228" lon="-122.445188"><time>2024-06-01T16:49:46Z</time></trkpt>
      <trkpt lat="37.759367" lon="-122.445132"><time>2024-06-01T16:50:15Z</time></trkpt>
      <trkpt lat="37.759253" lon="-122.445229"><time>2024-06-01T16:50:41Z</time></trkpt>
      <trkpt lat="37.759161" lon="-122.445110"><time>2024-06-01T16:51:10Z</time></trkpt>
      <trkpt lat="37.759233" lon="-122.445242"><time>2024-06-01T16:51:32Z</time></trkpt>
      <trkpt lat="37.759205" lon="-122.445094"><time>2024-06-01T16:51:57Z</time></trkpt>
      <trkpt lat="37.759200" lon="-122.445244"><time>2024-06-01T16:52:23Z</time></trkpt>
      <trkpt lat="37.759192" lon="-122.445094"><time>2024-06-01T16:52:51Z</time></trkpt>
      <trkpt lat="37.759152" lon="-122.445239"><time>2024-06-01T16:53:21Z</time></trkpt>
      <trkpt lat="37.759212" lon="-122.445376"><time>2024-06-01T16:53:47Z</time></trkpt>
      <trkpt lat="37.759196" lon="-122.445227"><time>2024-06-01T16:54:04Z</time></trkpt>
      <trkpt lat="37.759094" lon="-122.445117"><time>2024-06-01T16:54:26Z</time></trkpt>
      <trkpt lat="37.759008" lon="-122.444994"><time>2024-06-01T16:54:51Z</time></trkpt>
      <trkpt lat="37.759139" lon="-122.444921"><time>2024-06-01T16:55:14Z</time></trkpt>
      <trkpt lat="37.759250" lon="-122.445023"><time>2024-06-01T16:55:38Z</time></trkpt>
      <trkpt lat="37.759100" lon="-122.445010"><time>2024-06-01T16:56:08Z</time></trkpt>
      <trkpt lat="37.759059" lon="-122.445154"><time>2024-06-01T16:56:25Z</time></trkpt>
      <trkpt lat="37.759207" lon="-122.445130"><time>2024-06-01T16:56:51Z</time></trkpt>
      <trkpt lat="37.759093" lon="-122.445228"><time>2024-06-01T16:57:14Z</time></trkpt>
      <trkpt lat="37.759206" lon="-122.445327"><time>2024-06-01T16:57:42Z</time></trkpt>
      <trkpt lat="37.759246" lon="-122.445182"><time>2024-06-01T16:57:53Z</time></trkpt>
      <trkpt lat="37.759122" lon="-122.445267"><time>2024-06-01T16:58:07Z</time></trkpt>
      <trkpt lat="37.759135" lon="-122.445416"><time>2024-06-01T16:58:29Z</time></trkpt>
      <trkpt lat="37.759271" lon="-122.445478"><time>2024-06-01T16:58:59Z</time></trkpt>
      <trkpt lat="37.759288" lon="-122.445329"><time>2024-06-01T16:59:24Z</time></trkpt>
      <trkpt lat="37.759355" lon="-122.445463"><time>2024-06-01T16:59:38Z</time></trkpt>
      <trkpt lat="37.759208" lon="-122.445435"><time>2024-06-01T17:00:01Z</time></trkpt>
      <trkpt lat="37.759266" lon="-122.445573"><time>2024-06-01T17:00:16Z</time></trkpt>
      <trkpt lat="37.759330" lon="-122.445438"><time>2024-06-01T17:00:29Z</time></trkpt>
      <trkpt lat="37.759229" lon="-122.445548"><time>2024-06-01T17:00:41Z</time></trkpt>
      <trkpt lat="37.759173" lon="-122.445688"><time>2024-06-01T17:01:07Z</time></trkpt>
      <trkpt lat="37.759299" lon="-122.445770"><time>2024-06-01T17:01:19Z</time></trkpt>
      <trkpt lat="37.759437" lon="-122.445712"><time>2024-06-01T17:01:37Z</time></trkpt>
      <trkpt lat="37.759585" lon="-122.445734"><time>2024-06-01T17:01:54Z</time></trkpt>
      <trkpt lat="37.759571" lon="-122.445884"><time>2024-06-01T17:02:09Z</time></trkpt>
      <trkpt lat="37.759540" lon="-122.445737"><time>2024-06-01T17:02:19Z</time></trkpt>
      <trkpt lat="37.759443" lon="-122.445851"><time>2024-06-01T17:02:47Z</time></trkpt>
      <trkpt lat="37.759296" lon="-122.445884"><time>2024-06-01T17:03:06Z</time></trkpt>
      <trkpt lat="37.759374" lon="-122.445756"><time>2024-06-01T17:03:26Z</time></trkpt>
      <trkpt lat="37.759521" lon="-122.445790"><time>2024-06-01T17:03:51Z</time></trkpt>
      <trkpt lat="37.759384" lon="-122.445729"><time>2024-06-01T17:04:19Z</time></trkpt>
      <trkpt lat="37.759413" lon="-122.445581"><time>2024-06-01T17:04:31Z</time></trkpt>
      <trkpt lat="37.759265" lon="-122.445555"><time>2024-06-01T17:04:55Z</time></trkpt>
      <trkpt lat="37.759223" lon="-122.445699"><time>2024-06-01T17:05:19Z</time></trkpt>
      <trkpt lat="37.759076" lon="-122.445669"><time>2024-06-01T17:05:45Z</time></trkpt>
      <trkpt lat="37.758995" lon="-122.445543"><time>2024-06-01T17:06:06Z</time></trkpt>
      <trkpt lat="37.759026" lon="-122.445690"><time>2024-06-01T17:06:25Z</time></trkpt>
      <trkpt lat="37.759175" lon="-122.445670"><time>2024-06-01T17:06:48Z</time></trkpt>
      <trkpt lat="37.759324" lon="-122.445678"><time>2024-06-01T17:07:00Z</time></trkpt>
      <trkpt lat="37.759247" lon="-122.445806"><time>2024-06-01T17:07:27Z</time></trkpt>
      <trkpt lat="37.759269" lon="-122.445658"><time>2024-06-01T17:07:57Z</time></trkpt>
      <trkpt lat="37.759210" lon="-122.445520"><time>2024-06-01T17:08:24Z</time></trkpt>
      <trkpt lat="37.759327" lon="-122.445613"><time>2024-06-01T17:08:34Z</time></trkpt>
      <trkpt lat="37.759254" lon="-122.445483"><time>2024-06-01T17:09:00Z</time></trkpt>
      <trkpt lat="37.759258" lon="-122.445633"><time>2024-06-01T17:09:17Z</time></trkpt>
      <trkpt lat="37.759350" lon="-122.445752"><time>2024-06-01T17:09:28Z</time></trkpt>
      <trkpt lat="37.759335" lon="-122.445901"><time>2024-06-01T17:09:45Z</time></trkpt>
      <trkpt lat="37.759353" lon="-122.446050"><time>2024-06-01T17:10:11Z</time></trkpt>
      <trkpt lat="37.759205" lon="-122.446024"><time>2024-06-01T17:10:37Z</time></trkpt>
      <trkpt lat="37.759096" lon="-122.446127"><time>2024-06-01T17:10:48Z</time></trkpt>
      <trkpt lat="37.759014" lon="-122.446252"><time>2024-06-01T17:11:13Z</time></trkpt>
      <trkpt lat="37.759035" lon="-122.446400"><time>2024-06-01T17:11:32Z</time></trkpt>
      <trkpt lat="37.758994" lon="-122.446545"><time>2024-06-01T17:11:46Z</time></trkpt>
      <trkpt lat="37.758896" lon="-122.446658"><time>2024-06-01T17:12:05Z</time></trkpt>
      <trkpt lat="37.758780" lon="-122.446753"><time>2024-06-01T17:12:31Z</time></trkpt>
      <trkpt lat="37.758741" lon="-122.446609"><time>2024-06-01T17:12:43Z</time></trkpt>
      <trkpt lat="37.758703" lon="-122.446464"><time>2024-06-01T17:12:53Z</time></trkpt>
      <trkpt lat="37.758554" lon="-122.446476"><time>2024-06-01T17:13:09Z</time></trkpt>
      <trkpt lat="37.758696" lon="-122.446428"><time>2024-06-01T17:13:35Z</time></trkpt>
      <trkpt lat="37.758728" lon="-122.446281"><time>2024-06-01T17:13:46Z</time></trkpt>
      <trkpt lat="37.758779" lon="-122.446422"><time>2024-06-01T17:14:11Z</time></trkpt>
      <trkpt lat="37.758925" lon="-122.446456"><time>2024-06-01T17:14:32Z</time></trkpt>
      <trkpt lat="37.758985" lon="-122.446594"><time>2024-06-01T17:14:55Z</time></trkpt>
      <trkpt lat="37.759003" lon="-122.446445"><time>2024-06-01T17:15:20Z</time></trkpt>
      <trkpt lat="37.758853" lon="-122.446447"><time>2024-06-01T17:15:30Z</time></trkpt>
      <trkpt lat="37.759003" lon="-122.446442"><time>2024-06-01T17:15:48Z</time></trkpt>
      <trkpt lat="37.759146" lon="-122.446489"><time>2024-06-01T17:16:04Z</time></trkpt>
      <trkpt lat="37.759276" lon="-122.446564"><time>2024-06-01T17:16:24Z</time></trkpt>
      <trkpt lat="37.759171" lon="-122.446457"><time>2024-06-01T17:16:37Z</time></trkpt>
      <trkpt lat="37.759135" lon="-122.446603"><time>2024-06-01T17:16:53Z</time></trkpt>
      <trkpt lat="37.759223" lon="-122.446724"><time>2024-06-01T17:17:07Z</time></trkpt>
      <trkpt lat="37.759213" lon="-122.446874"><time>2024-06-01T17:17:17Z</time></trkpt>
      <trkpt lat="37.759094" lon="-122.446782"><time>2024-06-01T17:17:45Z</time></trkpt>
      <trkpt lat="37.759219" lon="-122.446700"><time>2024-06-01T17:18:01Z</time></trkpt>
      <trkpt lat="37.759316" lon="-122.446586"><time>2024-06-01T17:18:27Z</time></trkpt>
      <trkpt lat="37.759463" lon="-122.446552"><time>2024-06-01T17:18:57Z</time></trkpt>
      <trkpt lat="37.759350" lon="-122.446651"><time>2024-06-01T17:19:19Z</time></trkpt>
      <trkpt lat="37.759263" lon="-122.446773"><time>2024-06-01T17:19:40Z</time></trkpt>
      <trkpt lat="37.759273" lon="-122.446624"><time>2024-06-01T17:20:07Z</time></trkpt>
      <trkpt lat="37.759223" lon="-122.446482"><time>2024-06-01T17:20:30Z</time></trkpt>
      <trkpt lat="37.759324" lon="-122.446371"><time>2024-06-01T17:20:55Z</time></trkpt>
      <trkpt lat="37.759423" lon="-122.446484"><time>2024-06-01T17:21:20Z</time></trkpt>
      <trkpt lat="37.759388" lon="-122.446338"><time>2024-06-01T17:21:37Z</time></trkpt>
      <trkpt lat="37.759536" lon="-122.446313"><time>2024-06-01T17:21:50Z</time></trkpt>
      <trkpt lat="37.759657" lon="-122.446226"><time>2024-06-01T17:22:18Z</time></trkpt>
      <trkpt lat="37.759708" lon="-122.446367"><time>2024-06-01T17:22:42Z</time></trkpt>
      <trkpt lat="37.759559" lon="-122.446348"><time>2024-06-01T17:23:03Z</time></trkpt>
      <trkpt lat="37.759413" lon="-122.446315"><time>2024-06-01T17:23:30Z</time></trkpt>
      <trkpt lat="37.759352" lon="-122.446178"><time>2024-06-01T17:23:55Z</time></trkpt>
      <trkpt lat="37.759215" lon="-122.446239"><time>2024-06-01T17:24:22Z</time></trkpt>
      <trkpt lat="37.759309" lon="-122.446122"><time>2024-06-01T17:24:50Z</time></trkpt>
      <trkpt lat="37.759200" lon="-122.446019"><time>2024-06-01T17:25:10Z</time></trkpt>
      <trkpt lat="37.759060" lon="-122.446074"><time>2024-06-01T17:25:39Z</time></trkpt>
      <trkpt lat="37.758912" lon="-122.446095"><time>2024-06-01T17:25:55Z</time></trkpt>
      <trkpt lat="37.758868" lon="-122.445951"><time>2024-06-01T17:26:05Z</time></trkpt>
      <trkpt lat="37.758877" lon="-122.445801"><time>2024-06-01T17:26:16Z</time></trkpt>
      <trkpt lat="37.758742" lon="-122.445737"><time>2024-06-01T17:26:33Z</time></trkpt>
      <trkpt lat="37.758812" lon="-122.445870"><time>2024-06-01T17:26:56Z</time></trkpt>
      <trkpt lat="37.758685" lon="-122.445790"><time>2024-06-01T17:27:14Z</time></trkpt>
      <trkpt lat="37.758593" lon="-122.445908"><time>2024-06-01T17:27:33Z</time></trkpt>
      <trkpt lat="37.758679" lon="-122.446031"><time>2024-06-01T17:27:56Z</time></trkpt>
      <trkpt lat="37.758636" lon="-122.445887"><time>2024-06-01T17:28:14Z</time></trkpt>
      <trkpt lat="37.758538" lon="-122.445773"><time>2024-06-01T17:28:42Z</time></trkpt>
      <trkpt lat="37.758498" lon="-122.445918"><time>2024-06-01T17:29:06Z</time></trkpt>
      <trkpt lat="37.758647" lon="-122.445900"><time>2024-06-01T17:29:34Z</time></trkpt>
      <trkpt lat="37.758689" lon="-122.446044"><time>2024-06-01T17:29:58Z</time></trkpt>
      <trkpt lat="37.758563" lon="-122.445963"><time>2024-06-01T17:30:12Z</time></trkpt>
      <trkpt lat="37.758478" lon="-122.446087"><time>2024-06-01T17:30:23Z</time></trkpt>
      <trkpt lat="37.758533" lon="-122.446226"><time>2024-06-01T17:30:37Z</time></trkpt>
      <trkpt lat="37.758561" lon="-122.446079"><time>2024-06-01T17:30:54Z</time></trkpt>
      <trkpt lat="37.758692" lon="-122.446006"><time>2024-06-01T17:31:08Z</time></trkpt>
      <trkpt lat="37.758767" lon="-122.445876"><time>2024-06-01T17:31:27Z</time></trkpt>
      <trkpt lat="37.758669" lon="-122.445989"><time>2024-06-01T17:31:40Z</time></trkpt>
      <trkpt lat="37.758814" lon="-122.445952"><time>2024-06-01T17:32:03Z</time></trkpt>
      <trkpt lat="37.758956" lon="-122.445902"><time>2024-06-01T17:32:13Z</time></trkpt>
      <trkpt lat="37.759097" lon="-122.445854"><time>2024-06-01T17:32:37Z</time></trkpt>
      <trkpt lat="37.759120" lon="-122.445706"><time>2024-06-01T17:33:04Z</time></trkpt>
      <trkpt lat="37.759269" lon="-122.445725"><time>2024-06-01T17:33:15Z</time></trkpt>
      <trkpt lat="37.759275" lon="-122.445875"><time>2024-06-01T17:33:27Z</time></trkpt>
      <trkpt lat="37.759165" lon="-122.445977"><time>2024-06-01T17:33:48Z</time></trkpt>
      <trkpt lat="37.759284" lon="-122.446068"><time>2024-06-01T17:34:00Z</time></trkpt>
      <trkpt lat="37.759382" lon="-122.445955"><time>2024-06-01T17:34:19Z</time></trkpt>
      <trkpt lat="37.759325" lon="-122.446094"><time>2024-06-01T17:34:32Z</time></trkpt>
      <trkpt lat="37.759178" lon="-122.446121"><time>2024-06-01T17:35:02Z</time></trkpt>
      <trkpt lat="37.759275" lon="-122.446007"><time>2024-06-01T17:35:21Z</time></trkpt>
      <trkpt lat="37.759211" lon="-122.446142"><time>2024-06-01T17:35:32Z</time></trkpt>
      <trkpt lat="37.759114" lon="-122.446257"><time>2024-06-01T17:36:01Z</time></trkpt>
      <trkpt lat="37.759106" lon="-122.446107"><time>2024-06-01T17:36:23Z</time></trkpt>
      <trkpt lat="37.759145" lon="-122.445962"><time>2024-06-01T17:36:42Z</time></trkpt>
      <trkpt lat="37.759002" lon="-122.446007"><time>2024-06-01T17:36:56Z</time></trkpt>
      <trkpt lat="37.758951" lon="-122.446148"><time>2024-06-01T17:37:25Z</time></trkpt>
      <trkpt lat="37.758895" lon="-122.446287"><time>2024-06-01T17:37:44Z</time></trkpt>
      <trkpt lat="37.758746" lon="-122.446311"><time>2024-06-01T17:38:05Z</time></trkpt>
      <trkpt lat="37.758896" lon="-122.446315"><time>2024-06-01T17:38:30Z</time></trkpt>
      <trkpt lat="37.758973" lon="-122.446444"><time>2024-06-01T17:38:46Z</time></trkpt>
      <trkpt lat="37.759050" lon="-122.446315"><time>2024-06-01T17:38:59Z</time></trkpt>
      <trkpt lat="37.759041" lon="-122.446165"><time>2024-06-01T17:39:26Z</time></trkpt>
      <trkpt lat="37.758968" lon="-122.446034"><time>2024-06-01T17:39:40Z</time></trkpt>
      <trkpt lat="37.758999" lon="-122.445887"><time>2024-06-01T17:40:01Z</time></trkpt>
      <trkpt lat="37.759039" lon="-122.445743"><time>2024-06-01T17:40:19Z</time></trkpt>
      <trkpt lat="37.758923" lon="-122.445837"><time>2024-06-01T17:40:37Z</time></trkpt>
      <trkpt lat="37.758977" lon="-122.445698"><time>2024-06-01T17:40:52Z</time></trkpt>
      <trkpt lat="37.758942" lon="-122.445843"><time>2024-06-01T17:41:17Z</time></trkpt>
      <trkpt lat="37.758907" lon="-122.445698"><time>2024-06-01T17:41:35Z</time></trkpt>
      <trkpt lat="37.759014" lon="-122.445592"><time>2024-06-01T17:41:46Z</time></trkpt>
      <trkpt lat="37.758879" lon="-122.445658"><time>2024-06-01T17:42:09Z</time></trkpt>
      <trkpt lat="37.758789" lon="-122.445778"><time>2024-06-01T17:42:26Z</time></trkpt>
      <trkpt lat="37.758665" lon="-122.445694"><time>2024-06-01T17:42:37Z</time></trkpt>
      <trkpt lat="37.758784" lon="-122.445603"><time>2024-06-01T17:43:04Z</time></trkpt>
      <trkpt lat="37.758636" lon="-122.445625"><time>2024-06-01T17:43:30Z</time></trkpt>
      <trkpt lat="37.758501" lon="-122.445559"><time>2024-06-01T17:43:41Z</time></trkpt>
      <trkpt lat="37.758462" lon="-122.445414"><time>2024-06-01T17:43:58Z</time></trkpt>
      <trkpt lat="37.758478" lon="-122.445265"><time>2024-06-01T17:44:13Z</time></trkpt>
      <trkpt lat="37.758609" lon="-122.445338"><time>2024-06-01T17:44:39Z</time></trkpt>
      <trkpt lat="37.758534" lon="-122.445468"><time>2024-06-01T17:45:09Z</time></trkpt>
      <trkpt lat="37.758397" lon="-122.445406"><time>2024-06-01T17:45:27Z</time></trkpt>
      <trkpt lat="37.758362" lon="-122.445552"><time>2024-06-01T17:45:42Z</time></trkpt>
      <trkpt lat="37.758221" lon="-122.445602"><time>2024-06-01T17:46:02Z</time></trkpt>
      <trkpt lat="37.758071" lon="-122.445607"><time>2024-06-01T17:46:25Z</time></trkpt>
      <trkpt lat="37.758178" lon="-122.445502"><time>2024-06-01T17:46:53Z</time></trkpt>
      <trkpt lat="37.758100" lon="-122.445374"><time>2024-06-01T17:47:21Z</time></trkpt>
      <trkpt lat="37.758174" lon="-122.445505"><time>2024-06-01T17:47:38Z</time></trkpt>
      <trkpt lat="37.758062" lon="-122.445405"><time>2024-06-01T17:47:48Z</time></trkpt>
      <trkpt lat="37.758201" lon="-122.445348"><time>2024-06-01T17:48:18Z</time></trkpt>
      <trkpt lat="37.758351" lon="-122.445337"><time>2024-06-01T17:48:47Z</time></trkpt>
      <trkpt lat="37.758468" lon="-122.445430"><time>2024-06-01T17:49:06Z</time></trkpt>
      <trkpt lat="37.758344" lon="-122.445514"><time>2024-06-01T17:49:20Z</time></trkpt>
      <trkpt lat="37.758251" lon="-122.445397"><time>2024-06-01T17:49:43Z</time></trkpt>
      <trkpt lat="37.758101" lon="-122.445383"><time>2024-06-01T17:50:06Z</time></trkpt>
      <trkpt lat="37.758014" lon="-122.445505"><time>2024-06-01T17:50:24Z</time></trkpt>
      <trkpt lat="37.757866" lon="-122.445480"><time>2024-06-01T17:50:45Z</time></trkpt>
      <trkpt lat="37.757834" lon="-122.445626"><time>2024-06-01T17:51:02Z</time></trkpt>
      <trkpt lat="37.757927" lon="-122.445744"><time>2024-06-01T17:51:29Z</time></trkpt>
      <trkpt lat="37.758014" lon="-122.445866"><time>2024-06-01T17:51:53Z</time></trkpt>
      <trkpt lat="37.758164" lon="-122.445872"><time>2024-06-01T17:52:07Z</time></trkpt>
      <trkpt lat="37.758255" lon="-122.445991"><time>2024-06-01T17:52:29Z</time></trkpt>
      <trkpt lat="37.758389" lon="-122.446057"><time>2024-06-01T17:52:40Z</time></trkpt>
      <trkpt lat="37.758267" lon="-122.445971"><time>2024-06-01T17:52:50Z</time></trkpt>
      <trkpt lat="37.758134" lon="-122.445902"><time>2024-06-01T17:53:17Z</time></trkpt>
      <trkpt lat="37.757988" lon="-122.445936"><time>2024-06-01T17:53:40Z</time></trkpt>
      <trkpt lat="37.757917" lon="-122.445803"><time>2024-06-01T17:53:59Z</time></trkpt>
      <trkpt lat="37.758057" lon="-122.445749"><time>2024-06-01T17:54:27Z</time></trkpt>
      <trkpt lat="37.757991" lon="-122.445614"><time>2024-06-01T17:54:37Z</time></trkpt>
      <trkpt lat="37.758063" lon="-122.445482"><time>2024-06-01T17:54:59Z</time></trkpt>
      <trkpt lat="37.758031" lon="-122.445629"><time>2024-06-01T17:55:14Z</time></trkpt>
      <trkpt lat="37.757884" lon="-122.445656"><time>2024-06-01T17:55:31Z</time></trkpt>
      <trkpt lat="37.758024" lon="-122.445604"><time>2024-06-01T17:55:48Z</time></trkpt>
      <trkpt lat="37.757884" lon="-122.445552"><time>2024-06-01T17:56:08Z</time></trkpt>
      <trkpt lat="37.757740" lon="-122.445509"><time>2024-06-01T17:56:31Z</time></trkpt>
      <trkpt lat="37.757778" lon="-122.445654"><time>2024-06-01T17:56:56Z</time></trkpt>
      <trkpt lat="37.757628" lon="-122.445650"><time>2024-06-01T17:57:06Z</time></trkpt>
      <trkpt lat="37.757737" lon="-122.445753"><time>2024-06-01T17:57:31Z</time></trkpt>
      <trkpt lat="37.757721" lon="-122.445902"><time>2024-06-01T17:57:47Z</time></trkpt>
      <trkpt lat="37.757574" lon="-122.445930"><time>2024-06-01T17:58:03Z</time></trkpt>
      <trkpt lat="37.757559" lon="-122.445781"><time>2024-06-01T17:58:18Z</time></trkpt>
      <trkpt lat="37.757708" lon="-122.445801"><time>2024-06-01T17:58:45Z</time></trkpt>
      <trkpt lat="37.757854" lon="-122.445834"><time>2024-06-01T17:59:09Z</time></trkpt>
      <trkpt lat="37.758001" lon="-122.445801"><time>2024-06-01T17:59:26Z</time></trkpt>
      <trkpt lat="37.758151" lon="-122.445799"><time>2024-06-01T17:59:53Z</time></trkpt>
      <trkpt lat="37.758042" lon="-122.445696"><time>2024-06-01T18:00:19Z</time></trkpt>
      <trkpt lat="37.757984" lon="-122.445834"><time>2024-06-01T18:00:39Z</time></trkpt>
      <trkpt lat="37.758000" lon="-122.445685"><time>2024-06-01T18:00:57Z</time></trkpt>
      <trkpt lat="37.757859" lon="-122.445736"><time>2024-06-01T18:01:24Z</time></trkpt>
      <trkpt lat="37.757832" lon="-122.445589"><time>2024-06-01T18:01:45Z</time></trkpt>
      <trkpt lat="37.757967" lon="-122.445523"><time>2024-06-01T18:02:05Z</time></trkpt>
      <trkpt lat="37.757861" lon="-122.445416"><time>2024-06-01T18:02:35Z</time></trkpt>
      <trkpt lat="37.757772" lon="-122.445537"><time>2024-06-01T18:03:02Z</time></trkpt>
      <trkpt lat="37.757908" lon="-122.445473"><time>2024-06-01T18:03:26Z</time></trkpt>
      <trkpt lat="37.758049" lon="-122.445424"><time>2024-06-01T18:03:37Z</time></trkpt>
      <trkpt lat="37.758159" lon="-122.445526"><time>2024-06-01T18:04:01Z</time></trkpt>
      <trkpt lat="37.758081" lon="-122.445654"><time>2024-06-01T18:04:15Z</time></trkpt>
      <trkpt lat="37.758218" lon="-122.445714"><time>2024-06-01T18:04:45Z</time></trkpt>
      <trkpt lat="37.758095" lon="-122.445800"><time>2024-06-01T18:04:59Z</time></trkpt>
      <trkpt lat="37.757986" lon="-122.445903"><time>2024-06-01T18:05:19Z</time></trkpt>
      <trkpt lat="37.758045" lon="-122.446041"><time>2024-06-01T18:05:41Z</time></trkpt>
      <trkpt lat="37.758195" lon="-122.446024"><time>2024-06-01T18:06:11Z</time></trkpt>
      <trkpt lat="37.758185" lon="-122.446174"><time>2024-06-01T18:06:33Z</time></trkpt>
      <trkpt lat="37.758284" lon="-122.446061"><time>2024-06-01T18:06:47Z</time></trkpt>
      <trkpt lat="37.758233" lon="-122.445920"><time>2024-06-01T18:06:58Z</time></trkpt>
      <trkpt lat="37.758194" lon="-122.445775"><time>2024-06-01T18:07:13Z</time></trkpt>
      <trkpt lat="37.758110" lon="-122.445651"><time>2024-06-01T18:07:28Z</time></trkpt>
      <trkpt lat="37.758084" lon="-122.445503"><time>2024-06-01T18:07:49Z</time></trkpt>
      <trkpt lat="37.757948" lon="-122.445565"><time>2024-06-01T18:08:15Z</time></trkpt>
      <trkpt lat="37.757860" lon="-122.445443"><time>2024-06-01T18:08:36Z</time></trkpt>
      <trkpt lat="37.757804" lon="-122.445582"><time>2024-06-01T18:08:48Z</time></trkpt>
      <trkpt lat="37.757699" lon="-122.445475"><time>2024-06-01T18:08:59Z</time></trkpt>
      <trkpt lat="37.757549" lon="-122.445476"><time>2024-06-01T18:09:25Z</time></trkpt>
      <trkpt lat="37.757447" lon="-122.445585"><time>2024-06-01T18:09:37Z</time></trkpt>
      <trkpt lat="37.757549" lon="-122.445475"><time>2024-06-01T18:10:05Z</time></trkpt>
      <trkpt lat="37.757564" lon="-122.445326"><time>2024-06-01T18:10:25Z</time></trkpt>
      <trkpt lat="37.757414" lon="-122.445318"><time>2024-06-01T18:10:50Z</time></trkpt>
      <trkpt lat="37.757274" lon="-122.445371"><time>2024-06-01T18:11:03Z</time></trkpt>
      <trkpt lat="37.757406" lon="-122.445441"><time>2024-06-01T18:11:28Z</time></trkpt>
      <trkpt lat="37.757355" lon="-122.445582"><time>2024-06-01T18:11:43Z</time></trkpt>
      <trkpt lat="37.757251" lon="-122.445689"><time>2024-06-01T18:12:00Z</time></trkpt>
      <trkpt lat="37.757171" lon="-122.445563"><time>2024-06-01T18:12:21Z</time></trkpt>
      <trkpt lat="37.757307" lon="-122.445626"><time>2024-06-01T18:12:51Z</time></trkpt>
      <trkpt lat="37.757361" lon="-122.445486"><time>2024-06-01T18:13:18Z</time></trkpt>
      <trkpt lat="37.757229" lon="-122.445416"><time>2024-06-01T18:13:41Z</time></trkpt>
      <trkpt lat="37.757175" lon="-122.445555"><time>2024-06-01T18:13:54Z</time></trkpt>
      <trkpt lat="37.757201" lon="-122.445703"><time>2024-06-01T18:14:10Z</time></trkpt>
      <trkpt lat="37.757303" lon="-122.445813"><time>2024-06-01T18:14:28Z</time></trkpt>
      <trkpt lat="37.757376" lon="-122.445944"><time>2024-06-01T18:14:43Z</time></trkpt>
      <trkpt lat="37.757347" lon="-122.446091"><time>2024-06-01T18:14:53Z</time></trkpt>
      <trkpt lat="37.757372" lon="-122.445943"><time>2024-06-01T18:15:11Z</time></trkpt>
      <trkpt lat="37.757265" lon="-122.445838"><time>2024-06-01T18:15:37Z</time></trkpt>
      <trkpt lat="37.757120" lon="-122.445800"><time>2024-06-01T18:15:58Z</time></trkpt>
      <trkpt lat="37.757082" lon="-122.445655"><time>2024-06-01T18:16:10Z</time></trkpt>
      <trkpt lat="37.756966" lon="-122.445751"><time>2024-06-01T18:16:35Z</time></trkpt>
      <trkpt lat="37.757073" lon="-122.445856"><time>2024-06-01T18:16:53Z</time></trkpt>
      <trkpt lat="37.757140" lon="-122.445990"><time>2024-06-01T18:17:22Z</time></trkpt>
      <trkpt lat="37.756998" lon="-122.445943"><time>2024-06-01T18:17:45Z</time></trkpt>
      <trkpt lat="37.757143" lon="-122.445906"><time>2024-06-01T18:18:03Z</time></trkpt>
      <trkpt lat="37.757275" lon="-122.445977"><time>2024-06-01T18:18:24Z</time></trkpt>
      <trkpt lat="37.757425" lon="-122.445986"><time>2024-06-01T18:18:51Z</time></trkpt>
      <trkpt lat="37.757278" lon="-122.446015"><time>2024-06-01T18:19:13Z</time></trkpt>
      <trkpt lat="37.757428" lon="-122.446016"><time>2024-06-01T18:19:38Z</time></trkpt>
    </trkseg>
  </trk>
</gpx>