<?xml version="1.0" encoding="UTF-8"?>
<gpx version="1.1" creator="PythonScript" xmlns="http://www.topografix.com/GPX/1/1">
  <trk>
    <name>Long Synthetic Explorer Trace</name>
    <trkseg>
      <trkpt lat="37.784708" lon="-122.449130"><time>2024-06-01T10:00:21Z</time></trkpt>
      <trkpt lat="37.784735" lon="-122.448982"><time>2024-06-01T10:00:40Z</time></trkpt>
      <trkpt lat="37.784640" lon="-122.449099"><time>2024-06-01T10:00:51Z</time></trkpt>
      <trkpt lat="37.784768" lon="-122.449177"><time>2024-06-01T10:01:11Z</time></trkpt>
      <trkpt lat="37.784791" lon="-122.449029"><time>2024-06-01T10:01:21Z</time></trkpt>
      <trkpt lat="37.784679" lon="-122.448930"><time>2024-06-01T10:01:40Z</time></trkpt>
      <trkpt lat="37.784533" lon="-122.448962"><time>2024-06-01T10:01:57Z</time></trkpt>
      <trkpt lat="37.784405" lon="-122.449041"><time>2024-06-01T10:02:07Z</time></trkpt>
      <trkpt lat="37.784522" lon="-122.449135"><time>2024-06-01T10:02:22Z</time></trkpt>
      <trkpt lat="37.784670" lon="-122.449111"><time>2024-06-01T10:02:39Z</time></trkpt>
      <trkpt lat="37.784628" lon="-122.448966"><time>2024-06-01T10:02:49Z</time></trkpt>
      <trkpt lat="37.784771" lon="-122.448921"><time>2024-06-01T10:03:01Z</time></trkpt>
      <trkpt lat="37.784915" lon="-122.448881"><time>2024-06-01T10:03:23Z</time></trkpt>
      <trkpt lat="37.785052" lon="-122.448819"><time>2024-06-01T10:03:47Z</time></trkpt>
      <trkpt lat="37.785200" lon="-122.448844"><time>2024-06-01T10:04:16Z</time></trkpt>
      <trkpt lat="37.785136" lon="-122.448709"><time>2024-06-01T10:04:35Z</time></trkpt>
      <trkpt lat="37.784992" lon="-122.448665"><time>2024-06-01T10:05:02Z</time></trkpt>
      <trkpt lat="37.785080" lon="-122.448786"><time>2024-06-01T10:05:21Z</time></trkpt>
      <trkpt lat="37.785060" lon="-122.448935"><time>2024-06-01T10:05:50Z</time></trkpt>
      <trkpt lat="37.785074" lon="-122.448785"><time>2024-06-01T10:06:20Z</time></trkpt>
      <trkpt lat="37.785193" lon="-122.448694"><time>2024-06-01T10:06:47Z</time></trkpt>
      <trkpt lat="37.785337" lon="-122.448651"><time>2024-06-01T10:07:00Z</time></trkpt>
      <trkpt lat="37.785347" lon="-122.448501"><time>2024-06-01T10:07:28Z</time></trkpt>
      <trkpt lat="37.785489" lon="-122.448549"><time>2024-06-01T10:07:50Z</time></trkpt>
      <trkpt lat="37.785368" lon="-122.448460"><time>2024-06-01T10:08:15Z</time></trkpt>
      <trkpt lat="37.785389" lon="-122.448312"><time>2024-06-01T10:08:39Z</time></trkpt>
      <trkpt lat="37.785262" lon="-122.448231"><time>2024-06-01T10:09:00Z</time></trkpt>
      <trkpt lat="37.785359" lon="-122.448346"><time>2024-06-01T10:09:18Z</time></trkpt>
      <trkpt lat="37.785235" lon="-122.448261"><time>2024-06-01T10:09:30Z</time></trkpt>
      <trkpt lat="37.785085" lon="-122.448265"><time>2024-06-01T10:09:59Z</time></trkpt>
      <trkpt lat="37.785232" lon="-122.448295"><time>2024-06-01T10:10:25Z</time></trkpt>
      <trkpt lat="37.785295" lon="-122.448431"><time>2024-06-01T10:10:42Z</time></trkpt>
      <trkpt lat="37.785263" lon="-122.448285"><time>2024-06-01T10:10:58Z</time></trkpt>
      <trkpt lat="37.785380" lon="-122.448192"><time>2024-06-01T10:11:17Z</time></trkpt>
      <trkpt lat="37.785484" lon="-122.448300"><time>2024-06-01T10:11:46Z</time></trkpt>
      <trkpt lat="37.785522" lon="-122.448155"><time>2024-06-01T10:12:10Z</time></trkpt>
      <trkpt lat="37.785432" lon="-122.448035"><time>2024-06-01T10:12:25Z</time></trkpt>
      <trkpt lat="37.785339" lon="-122.447918"><time>2024-06-01T10:12:54Z</time></trkpt>
      <trkpt lat="37.785204" lon="-122.447852"><time>2024-06-01T10:13:24Z</time></trkpt>
      <trkpt lat="37.785115" lon="-122.447973"><time>2024-06-01T10:13:52Z</time></trkpt>
      <trkpt lat="37.784965" lon="-122.447972"><time>2024-06-01T10:14:08Z</time></trkpt>
      <trkpt lat="37.784974" lon="-122.447822"><time>2024-06-01T10:14:22Z</time></trkpt>
      <trkpt lat="37.785120" lon="-122.447852"><time>2024-06-01T10:14:40Z</time></trkpt>
      <trkpt lat="37.785100" lon="-122.448000"><time>2024-06-01T10:14:59Z</time></trkpt>
      <trkpt lat="37.785048" lon="-122.447860"><time>2024-06-01T10:15:20Z</time></trkpt>
      <trkpt lat="37.785134" lon="-122.447737"><time>2024-06-01T10:15:43Z</time></trkpt>
      <trkpt lat="37.785158" lon="-122.447589"><time>2024-06-01T10:16:04Z</time></trkpt>
      <trkpt lat="37.785253" lon="-122.447705"><time>2024-06-01T10:16:34Z</time></trkpt>
      <trkpt lat="37.785329" lon="-122.447575"><time>2024-06-01T10:16:57Z</time></trkpt>
      <trkpt lat="37.785469" lon="-122.447629"><time>2024-06-01T10:17:09Z</time></trkpt>
      <trkpt lat="37.785345" lon="-122.447545"><time>2024-06-01T10:17:19Z</time></trkpt>
      <trkpt lat="37.785319" lon="-122.447693"><time>2024-06-01T10:17:47Z</time></trkpt>
      <trkpt lat="37.785354" lon="-122.447839"><time>2024-06-01T10:18:11Z</time></trkpt>
      <trkpt lat="37.785223" lon="-122.447767"><time>2024-06-01T10:18:25Z</time></trkpt>
      <trkpt lat="37.785199" lon="-122.447619"><time>2024-06-01T10:18:48Z</time></trkpt>
      <trkpt lat="37.785184" lon="-122.447469"><time>2024-06-01T10:19:12Z</time></trkpt>
      <trkpt lat="37.785117" lon="-122.447335"><time>2024-06-01T10:19:27Z</time></trkpt>
      <trkpt lat="37.784991" lon="-122.447254"><time>2024-06-01T10:19:46Z</time></trkpt>
      <trkpt lat="37.784939" lon="-122.447395"><time>2024-06-01T10:20:04Z</time></trkpt>
      <trkpt lat="37.784842" lon="-122.447281"><time>2024-06-01T10:20:20Z</time></trkpt>
      <trkpt lat="37.784835" lon="-122.447430"><time>2024-06-01T10:20:44Z</time></trkpt>
      <trkpt lat="37.784935" lon="-122.447319"><time>2024-06-01T10:21:03Z</time></trkpt>
      <trkpt lat="37.784946" lon="-122.447468"><time>2024-06-01T10:21:19Z</time></trkpt>
      <trkpt lat="37.785093" lon="-122.447437"><time>2024-06-01T10:21:36Z</time></trkpt>
      <trkpt lat="37.784961" lon="-122.447366"><time>2024-06-01T10:21:57Z</time></trkpt>
      <trkpt lat="37.785031" lon="-122.447499"><time>2024-06-01T10:22:07Z</time></trkpt>
      <trkpt lat="37.784897" lon="-122.447565"><time>2024-06-01T10:22:27Z</time></trkpt>
      <trkpt lat="37.785019" lon="-122.447479"><time>2024-06-01T10:22:51Z</time></trkpt>
      <trkpt lat="37.785168" lon="-122.447498"><time>2024-06-01T10:23:14Z</time></trkpt>
      <trkpt lat="37.785165" lon="-122.447348"><time>2024-06-01T10:23:31Z</time></trkpt>
      <trkpt lat="37.785015" lon="-122.447343"><time>2024-06-01T10:23:59Z</time></trkpt>
      <trkpt lat="37.785002" lon="-122.447493"><time>2024-06-01T10:24:16Z</time></trkpt>
      <trkpt lat="37.785149" lon="-122.447465"><time>2024-06-01T10:24:35Z</time></trkpt>
      <trkpt lat="37.785090" lon="-122.447328"><time>2024-06-01T10:25:03Z</time></trkpt>
      <trkpt lat="37.785093" lon="-122.447178"><time>2024-06-01T10:25:27Z</time></trkpt>
      <trkpt lat="37.785093" lon="-122.447028"><time>2024-06-01T10:25:42Z</time></trkpt>
      <trkpt lat="37.784943" lon="-122.447018"><time>2024-06-01T10:26:05Z</time></trkpt>
      <trkpt lat="37.785001" lon="-122.447157"><time>2024-06-01T10:26:16Z</time></trkpt>
      <trkpt lat="37.785088" lon="-122.447035"><time>2024-06-01T10:26:39Z</time></trkpt>
      <trkpt lat="37.785237" lon="-122.447047"><time>2024-06-01T10:27:08Z</time></trkpt>
      <trkpt lat="37.785276" lon="-122.447191"><time>2024-06-01T10:27:18Z</time></trkpt>
      <trkpt lat="37.785283" lon="-122.447041"><time>2024-06-01T10:27:42Z</time></trkpt>
      <trkpt lat="37.785382" lon="-122.447154"><time>2024-06-01T10:27:53Z</time></trkpt>
      <trkpt lat="37.785413" lon="-122.447301"><time>2024-06-01T10:28:22Z</time></trkpt>
      <trkpt lat="37.785550" lon="-122.447240"><time>2024-06-01T10:28:49Z</time></trkpt>
      <trkpt lat="37.785452" lon="-122.447127"><time>2024-06-01T10:29:14Z</time></trkpt>
      <trkpt lat="37.785404" lon="-122.447269"><time>2024-06-01T10:29:43Z</time></trkpt>
      <trkpt lat="37.785511" lon="-122.447164"><time>2024-06-01T10:30:03Z</time></trkpt>
      <trkpt lat="37.785375" lon="-122.447229"><time>2024-06-01T10:30:33Z</time></trkpt>
      <trkpt lat="37.785389" lon="-122.447079"><time>2024-06-01T10:31:01Z</time></trkpt>
      <trkpt lat="37.785539" lon="-122.447086"><time>2024-06-01T10:31:14Z</time></trkpt>
      <trkpt lat="37.785492" lon="-122.447228"><time>2024-06-01T10:31:26Z</time></trkpt>
      <trkpt lat="37.785641" lon="-122.447242"><time>2024-06-01T10:31:45Z</time></trkpt>
      <trkpt lat="37.785785" lon="-122.447285"><time>2024-06-01T10:32:09Z</time></trkpt>
      <trkpt lat="37.785719" lon="-122.447150"><time>2024-06-01T10:32:26Z</time></trkpt>
      <trkpt lat="37.785597" lon="-122.447237"><time>2024-06-01T10:32:40Z</time></trkpt>
      <trkpt lat="37.785450" lon="-122.447207"><time>2024-06-01T10:33:05Z</time></trkpt>
      <trkpt lat="37.785590" lon="-122.447260"><time>2024-06-01T10:33:35Z</time></trkpt>
      <trkpt lat="37.785494" lon="-122.447144"><time>2024-06-01T10:33:53Z</time></trkpt>
      <trkpt lat="37.785487" lon="-122.447294"><time>2024-06-01T10:34:10Z</time></trkpt>
      <trkpt lat="37.785475" lon="-122.447444"><time>2024-06-01T10:34:29Z</time></trkpt>
      <trkpt lat="37.785355" lon="-122.447354"><time>2024-06-01T10:34:54Z</time></trkpt>
      <trkpt lat="37.785490" lon="-122.447288"><time>2024-06-01T10:35:06Z</time></trkpt>
      <trkpt lat="37.785640" lon="-122.447287"><time>2024-06-01T10:35:23Z</time></trkpt>
      <trkpt lat="37.785505" lon="-122.447352"><time>2024-06-01T10:35:51Z</time></trkpt>
      <trkpt lat="37.785628" lon="-122.447438"><time>2024-06-01T10:36:16Z</time></trkpt>
      <trkpt lat="37.785607" lon="-122.447289"><time>2024-06-01T10:36:27Z</time></trkpt>
      <trkpt lat="37.785743" lon="-122.447224"><time>2024-06-01T10:36:47Z</time></trkpt>
      <trkpt lat="37.785606" lon="-122.447164"><time>2024-06-01T10:37:10Z</time></trkpt>
      <trkpt lat="37.785597" lon="-122.447313"><time>2024-06-01T10:37:25Z</time></trkpt>
      <trkpt lat="37.785471" lon="-122.447395"><time>2024-06-01T10:37:41Z</time></trkpt>
      <trkpt lat="37.785338" lon="-122.447326"><time>2024-06-01T10:37:52Z</time></trkpt>
      <trkpt lat="37.785487" lon="-122.447347"><time>2024-06-01T10:38:03Z</time></trkpt>
      <trkpt lat="37.785397" lon="-122.447467"><time>2024-06-01T10:38:20Z</time></trkpt>
      <trkpt lat="37.785277" lon="-122.447558"><time>2024-06-01T10:38:30Z</time></trkpt>
      <trkpt lat="37.785164" lon="-122.447656"><time>2024-06-01T10:38:43Z</time></trkpt>
      <trkpt lat="37.785223" lon="-122.447794"><time>2024-06-01T10:38:58Z</time></trkpt>
      <trkpt lat="37.785157" lon="-122.447929"><time>2024-06-01T10:39:18Z</time></trkpt>
      <trkpt lat="37.785133" lon="-122.448077"><time>2024-06-01T10:39:30Z</time></trkpt>
      <trkpt lat="37.785212" lon="-122.447950"><time>2024-06-01T10:39:58Z</time></trkpt>
      <trkpt lat="37.785350" lon="-122.448009"><time>2024-06-01T10:40:11Z</time></trkpt>
      <trkpt lat="37.785481" lon="-122.448083"><time>2024-06-01T10:40:30Z</time></trkpt>
      <trkpt lat="37.785571" lon="-122.447963"><time>2024-06-01T10:40:53Z</time></trkpt>
      <trkpt lat="37.785457" lon="-122.448061"><time>2024-06-01T10:41:11Z</time></trkpt>
      <trkpt lat="37.785465" lon="-122.447911"><time>2024-06-01T10:41:26Z</time></trkpt>
      <trkpt lat="37.785323" lon="-122.447862"><time>2024-06-01T10:41:51Z</time></trkpt>
      <trkpt lat="37.785453" lon="-122.447787"><time>2024-06-01T10:42:05Z</time></trkpt>
      <trkpt lat="37.785507" lon="-122.447647"><time>2024-06-01T10:42:29Z</time></trkpt>
      <trkpt lat="37.785618" lon="-122.447748"><time>2024-06-01T10:42:41Z</time></trkpt>
      <trkpt lat="37.785542" lon="-122.447619"><time>2024-06-01T10:43:08Z</time></trkpt>
      <trkpt lat="37.785589" lon="-122.447477"><time>2024-06-01T10:43:28Z</time></trkpt>
      <trkpt lat="37.785711" lon="-122.447564"><time>2024-06-01T10:43:55Z</time></trkpt>
      <trkpt lat="37.785795" lon="-122.447689"><time>2024-06-01T10:44:10Z</time></trkpt>
      <trkpt lat="37.785943" lon="-122.447669"><time>2024-06-01T10:44:29Z</time></trkpt>
      <trkpt lat="37.785823" lon="-122.447758"><time>2024-06-01T10:44:48Z</time></trkpt>
      <trkpt lat="37.785816" lon="-122.447608"><time>2024-06-01T10:45:14Z</time></trkpt>
      <trkpt lat="37.785823" lon="-122.447758"><time>2024-06-01T10:45:30Z</time></trkpt>
      <trkpt lat="37.785828" lon="-122.447608"><time>2024-06-01T10:46:00Z</time></trkpt>
      <trkpt lat="37.785695" lon="-122.447677"><time>2024-06-01T10:46:13Z</time></trkpt>
      <trkpt lat="37.785743" lon="-122.447535"><time>2024-06-01T10:46:23Z</time></trkpt>
      <trkpt lat="37.785681" lon="-122.447398"><time>2024-06-01T10:46:50Z</time></trkpt>
      <trkpt lat="37.785676" lon="-122.447548"><time>2024-06-01T10:47:01Z</time></trkpt>
      <trkpt lat="37.785781" lon="-122.447656"><time>2024-06-01T10:47:12Z</time></trkpt>
      <trkpt lat="37.785704" lon="-122.447785"><time>2024-06-01T10:47:28Z</time></trkpt>
      <trkpt lat="37.785838" lon="-122.447719"><time>2024-06-01T10:47:47Z</time></trkpt>
      <trkpt lat="37.785905" lon="-122.447853"><time>2024-06-01T10:48:09Z</time></trkpt>
      <trkpt lat="37.785779" lon="-122.447771"><time>2024-06-01T10:48:35Z</time></trkpt>
      <trkpt lat="37.785693" lon="-122.447648"><time>2024-06-01T10:48:53Z</time></trkpt>
      <trkpt lat="37.785741" lon="-122.447506"><time>2024-06-01T10:49:17Z</time></trkpt>
      <trkpt lat="37.785696" lon="-122.447649"><time>2024-06-01T10:49:28Z</time></trkpt>
      <trkpt lat="37.785807" lon="-122.447549"><time>2024-06-01T10:49:49Z</time></trkpt>
      <trkpt lat="37.785681" lon="-122.447469"><time>2024-06-01T10:50:11Z</time></trkpt>
      <trkpt lat="37.785613" lon="-122.447603"><time>2024-06-01T10:50:22Z</time></trkpt>
      <trkpt lat="37.785496" lon="-122.447697"><time>2024-06-01T10:50:35Z</time></trkpt>
      <trkpt lat="37.785533" lon="-122.447842"><time>2024-06-01T10:51:05Z</time></trkpt>
      <trkpt lat="37.785401" lon="-122.447771"><time>2024-06-01T10:51:19Z</time></trkpt>
      <trkpt lat="37.785535" lon="-122.447838"><time>2024-06-01T10:51:43Z</time></trkpt>
      <trkpt lat="37.785607" lon="-122.447970"><time>2024-06-01T10:52:03Z</time></trkpt>
      <trkpt lat="37.785757" lon="-122.447972"><time>2024-06-01T10:52:18Z</time></trkpt>
      <trkpt lat="37.785831" lon="-122.448102"><time>2024-06-01T10:52:43Z</time></trkpt>
      <trkpt lat="37.785907" lon="-122.448231"><time>2024-06-01T10:52:56Z</time></trkpt>
      <trkpt lat="37.785760" lon="-122.448258"><time>2024-06-01T10:53:09Z</time></trkpt>
      <trkpt lat="37.785614" lon="-122.448295"><time>2024-06-01T10:53:32Z</time></trkpt>
      <trkpt lat="37.785465" lon="-122.448310"><time>2024-06-01T10:54:02Z</time></trkpt>
      <trkpt lat="37.785438" lon="-122.448163"><time>2024-06-01T10:54:16Z</time></trkpt>
      <trkpt lat="37.785288" lon="-122.448170"><time>2024-06-01T10:54:27Z</time></trkpt>
      <trkpt lat="37.785401" lon="-122.448071"><time>2024-06-01T10:54:43Z</time></trkpt>
      <trkpt lat="37.785534" lon="-122.448138"><time>2024-06-01T10:55:11Z</time></trkpt>
      <trkpt lat="37.785634" lon="-122.448250"><time>2024-06-01T10:55:40Z</time></trkpt>
      <trkpt lat="37.785697" lon="-122.448387"><time>2024-06-01T10:55:55Z</time></trkpt>
      <trkpt lat="37.785696" lon="-122.448537"><time>2024-06-01T10:56:15Z</time></trkpt>
      <trkpt lat="37.785703" lon="-122.448687"><time>2024-06-01T10:56:26Z</time></trkpt>
      <trkpt lat="37.785592" lon="-122.448788"><time>2024-06-01T10:56:54Z</time></trkpt>
      <trkpt lat="37.785659" lon="-122.448922"><time>2024-06-01T10:57:06Z</time></trkpt>
      <trkpt lat="37.785742" lon="-122.449046"><time>2024-06-01T10:57:21Z</time></trkpt>
      <trkpt lat="37.785874" lon="-122.449119"><time>2024-06-01T10:57:35Z</time></trkpt>
      <trkpt lat="37.785820" lon="-122.448979"><time>2024-06-01T10:58:03Z</time></trkpt>
      <trkpt lat="37.785847" lon="-122.449127"><time>2024-06-01T10:58:15Z</time></trkpt>
      <trkpt lat="37.785838" lon="-122.449276"><time>2024-06-01T10:58:30Z</time></trkpt>
      <trkpt lat="37.785863" lon="-122.449128"><time>2024-06-01T10:58:51Z</time></trkpt>
      <trkpt lat="37.785865" lon="-122.448978"><time>2024-06-01T10:59:01Z</time></trkpt>
      <trkpt lat="37.785721" lon="-122.449020"><time>2024-06-01T10:59:23Z</time></trkpt>
      <trkpt lat="37.785649" lon="-122.448888"><time>2024-06-01T10:59:41Z</time></trkpt>
      <trkpt lat="37.785503" lon="-122.448858"><time>2024-06-01T11:00:03Z</time></trkpt>
      <trkpt lat="37.785647" lon="-122.448898"><time>2024-06-01T11:00:24Z</time></trkpt>
      <trkpt lat="37.785608" lon="-122.448753"><time>2024-06-01T11:00:36Z</time></trkpt>
      <trkpt lat="37.785469" lon="-122.448810"><time>2024-06-01T11:00:56Z</time></trkpt>
      <trkpt lat="37.785618" lon="-122.448798"><time>2024-06-01T11:01:23Z</time></trkpt>
      <trkpt lat="37.785474" lon="-122.448839"><time>2024-06-01T11:01:53Z</time></trkpt>
      <trkpt lat="37.785580" lon="-122.448733"><time>2024-06-01T11:02:19Z</time></trkpt>
      <trkpt lat="37.785679" lon="-122.448845"><time>2024-06-01T11:02:43Z</time></trkpt>
      <trkpt lat="37.785804" lon="-122.448763"><time>2024-06-01T11:03:06Z</time></trkpt>
      <trkpt lat="37.785703" lon="-122.448652"><time>2024-06-01T11:03:27Z</time></trkpt>
      <trkpt lat="37.785571" lon="-122.448581"><time>2024-06-01T11:03:40Z</time></trkpt>
      <trkpt lat="37.785429" lon="-122.448532"><time>2024-06-01T11:03:59Z</time></trkpt>
      <trkpt lat="37.785323" lon="-122.448426"><time>2024-06-01T11:04:12Z</time></trkpt>
      <trkpt lat="37.785321" lon="-122.448276"><time>2024-06-01T11:04:25Z</time></trkpt>
      <trkpt lat="37.785437" lon="-122.448180"><time>2024-06-01T11:04:50Z</time></trkpt>
      <trkpt lat="37.785287" lon="-122.448182"><time>2024-06-01T11:05:19Z</time></trkpt>
      <trkpt lat="37.785245" lon="-122.448037"><time>2024-06-01T11:05:44Z</time></trkpt>
      <trkpt lat="37.785349" lon="-122.447930"><time>2024-06-01T11:06:01Z</time></trkpt>
      <trkpt lat="37.785315" lon="-122.448076"><time>2024-06-01T11:06:18Z</time></trkpt>
      <trkpt lat="37.785464" lon="-122.448060"><time>2024-06-01T11:06:39Z</time></trkpt>
      <trkpt lat="37.785537" lon="-122.447928"><time>2024-06-01T11:07:09Z</time></trkpt>
      <trkpt lat="37.785620" lon="-122.448053"><time>2024-06-01T11:07:35Z</time></trkpt>
      <trkpt lat="37.785622" lon="-122.448203"><time>2024-06-01T11:07:58Z</time></trkpt>
      <trkpt lat="37.785477" lon="-122.448163"><time>2024-06-01T11:08:22Z</time></trkpt>
      <trkpt lat="37.785607" lon="-122.448239"><time>2024-06-01T11:08:48Z</time></trkpt>
      <trkpt lat="37.785738" lon="-122.448166"><time>2024-06-01T11:09:03Z</time></trkpt>
      <trkpt lat="37.785644" lon="-122.448282"><time>2024-06-01T11:09:13Z</time></trkpt>
      <trkpt lat="37.785576" lon="-122.448148"><time>2024-06-01T11:09:39Z</time></trkpt>
      <trkpt lat="37.785623" lon="-122.448006"><time>2024-06-01T11:10:00Z</time></trkpt>
      <trkpt lat="37.785632" lon="-122.447856"><time>2024-06-01T11:10:12Z</time></trkpt>
      <trkpt lat="37.785554" lon="-122.447728"><time>2024-06-01T11:10:37Z</time></trkpt>
      <trkpt lat="37.785634" lon="-122.447855"><time>2024-06-01T11:11:05Z</time></trkpt>
      <trkpt lat="37.785596" lon="-122.448000"><time>2024-06-01T11:11:26Z</time></trkpt>
      <trkpt lat="37.785645" lon="-122.448142"><time>2024-06-01T11:11:40Z</time></trkpt>
      <trkpt lat="37.785750" lon="-122.448035"><time>2024-06-01T11:12:04Z</time></trkpt>
      <trkpt lat="37.785889" lon="-122.447978"><time>2024-06-01T11:12:19Z</time></trkpt>
      <trkpt lat="37.785804" lon="-122.448101"><time>2024-06-01T11:12:46Z</time></trkpt>
      <trkpt lat="37.785797" lon="-122.447951"><time>2024-06-01T11:13:01Z</time></trkpt>
      <trkpt lat="37.785834" lon="-122.447806"><time>2024-06-01T11:13:16Z</time></trkpt>
      <trkpt lat="37.785770" lon="-122.447941"><time>2024-06-01T11:13:41Z</time></trkpt>
      <trkpt lat="37.785690" lon="-122.447815"><time>2024-06-01T11:14:04Z</time></trkpt>
      <trkpt lat="37.785741" lon="-122.447955"><time>2024-06-01T11:14:28Z</time></trkpt>
      <trkpt lat="37.785837" lon="-122.448071"><time>2024-06-01T11:14:44Z</time></trkpt>
      <trkpt lat="37.785775" lon="-122.448208"><time>2024-06-01T11:14:56Z</time></trkpt>
      <trkpt lat="37.785703" lon="-122.448076"><time>2024-06-01T11:15:07Z</time></trkpt>
      <trkpt lat="37.785853" lon="-122.448076"><time>2024-06-01T11:15:37Z</time></trkpt>
      <trkpt lat="37.785850" lon="-122.448226"><time>2024-06-01T11:16:07Z</time></trkpt>
      <trkpt lat="37.785701" lon="-122.448246"><time>2024-06-01T11:16:33Z</time></trkpt>
      <trkpt lat="37.785551" lon="-122.448249"><time>2024-06-01T11:16:45Z</time></trkpt>
      <trkpt lat="37.785595" lon="-122.448105"><time>2024-06-01T11:17:01Z</time></trkpt>
      <trkpt lat="37.785618" lon="-122.448253"><time>2024-06-01T11:17:17Z</time></trkpt>
      <trkpt lat="37.785539" lon="-122.448126"><time>2024-06-01T11:17:38Z</time></trkpt>
      <trkpt lat="37.785432" lon="-122.448021"><time>2024-06-01T11:18:03Z</time></trkpt>
      <trkpt lat="37.785282" lon="-122.448015"><time>2024-06-01T11:18:28Z</time></trkpt>
      <trkpt lat="37.785162" lon="-122.447925"><time>2024-06-01T11:18:53Z</time></trkpt>
      <trkpt lat="37.785291" lon="-122.447849"><time>2024-06-01T11:19:20Z</time></trkpt>
      <trkpt lat="37.785441" lon="-122.447849"><time>2024-06-01T11:19:39Z</time></trkpt>
      <trkpt lat="37.785422" lon="-122.447700"><time>2024-06-01T11:19:51Z</time></trkpt>
      <trkpt lat="37.785517" lon="-122.447816"><time>2024-06-01T11:20:19Z</time></trkpt>
      <trkpt lat="37.785603" lon="-122.447693"><time>2024-06-01T11:20:48Z</time></trkpt>
      <trkpt lat="37.785474" lon="-122.447769"><time>2024-06-01T11:21:04Z</time></trkpt>
      <trkpt lat="37.785382" lon="-122.447888"><time>2024-06-01T11:21:17Z</time></trkpt>
      <trkpt lat="37.785235" lon="-122.447855"><time>2024-06-01T11:21:43Z</time></trkpt>
      <trkpt lat="37.785108" lon="-122.447934"><time>2024-06-01T11:21:54Z</time></trkpt>
      <trkpt lat="37.785258" lon="-122.447936"><time>2024-06-01T11:22:23Z</time></trkpt>
      <trkpt lat="37.785110" lon="-122.447914"><time>2024-06-01T11:22:37Z</time></trkpt>
      <trkpt lat="37.784977" lon="-122.447844"><time>2024-06-01T11:22:53Z</time></trkpt>
      <trkpt lat="37.784829" lon="-122.447820"><time>2024-06-01T11:23:06Z</time></trkpt>
      <trkpt lat="37.784927" lon="-122.447933"><time>2024-06-01T11:23:24Z</time></trkpt>
      <trkpt lat="37.785051" lon="-122.448017"><time>2024-06-01T11:23:39Z</time></trkpt>
      <trkpt lat="37.785147" lon="-122.447902"><time>2024-06-01T11:24:08Z</time></trkpt>
      <trkpt lat="37.785170" lon="-122.448050"><time>2024-06-01T11:24:34Z</time></trkpt>
      <trkpt lat="37.785120" lon="-122.447908"><time>2024-06-01T11:24:56Z</time></trkpt>
      <trkpt lat="37.784989" lon="-122.447981"><time>2024-06-01T11:25:26Z</time></trkpt>
      <trkpt lat="37.784872" lon="-122.447887"><time>2024-06-01T11:25:44Z</time></trkpt>
      <trkpt lat="37.784736" lon="-122.447949"><time>2024-06-01T11:26:10Z</time></trkpt>
      <trkpt lat="37.784810" lon="-122.448080"><time>2024-06-01T11:26:27Z</time></trkpt>
      <trkpt lat="37.784709" lon="-122.448191"><time>2024-06-01T11:26:53Z</time></trkpt>
      <trkpt lat="37.784616" lon="-122.448309"><time>2024-06-01T11:27:14Z</time></trkpt>
      <trkpt lat="37.784469" lon="-122.448279"><time>2024-06-01T11:27:25Z</time></trkpt>
      <trkpt lat="37.784405" lon="-122.448144"><time>2024-06-01T11:27:51Z</time></trkpt>
      <trkpt lat="37.784539" lon="-122.448076"><time>2024-06-01T11:28:14Z</time></trkpt>
      <trkpt lat="37.784456" lon="-122.448201"><time>2024-06-01T11:28:25Z</time></trkpt>
      <trkpt lat="37.784598" lon="-122.448152"><time>2024-06-01T11:28:40Z</time></trkpt>
      <trkpt lat="37.784709" lon="-122.448252"><time>2024-06-01T11:28:54Z</time></trkpt>
      <trkpt lat="37.784855" lon="-122.448216"><time>2024-06-01T11:29:09Z</time></trkpt>
      <trkpt lat="37.784770" lon="-122.448093"><time>2024-06-01T11:29:35Z</time></trkpt>
      <trkpt lat="37.784877" lon="-122.448198"><time>2024-06-01T11:29:55Z</time></trkpt>
      <trkpt lat="37.784933" lon="-122.448059"><time>2024-06-01T11:30:23Z</time></trkpt>
      <trkpt lat="37.784999" lon="-122.447924"><time>2024-06-01T11:30:46Z</time></trkpt>
      <trkpt lat="37.785085" lon="-122.448047"><time>2024-06-01T11:31:13Z</time></trkpt>
      <trkpt lat="37.784966" lon="-122.447955"><time>2024-06-01T11:31:32Z</time></trkpt>
      <trkpt lat="37.785046" lon="-122.448082"><time>2024-06-01T11:31:51Z</time></trkpt>
      <trkpt lat="37.784903" lon="-122.448038"><time>2024-06-01T11:32:18Z</time></trkpt>
      <trkpt lat="37.785034" lon="-122.447964"><time>2024-06-01T11:32:29Z</time></trkpt>
      <trkpt lat="37.785171" lon="-122.448025"><time>2024-06-01T11:32:46Z</time></trkpt>
      <trkpt lat="37.785295" lon="-122.447941"><time>2024-06-01T11:33:15Z</time></trkpt>
      <trkpt lat="37.785383" lon="-122.447819"><time>2024-06-01T11:33:35Z</time></trkpt>
      <trkpt lat="37.785247" lon="-122.447882"><time>2024-06-01T11:33:56Z</time></trkpt>
      <trkpt lat="37.785310" lon="-122.447746"><time>2024-06-01T11:34:15Z</time></trkpt>
      <trkpt lat="37.785169" lon="-122.447798"><time>2024-06-01T11:34:45Z</time></trkpt>
      <trkpt lat="37.785301" lon="-122.447869"><time>2024-06-01T11:35:10Z</time></trkpt>
      <trkpt lat="37.785437" lon="-122.447934"><time>2024-06-01T11:35:35Z</time></trkpt>
      <trkpt lat="37.785294" lon="-122.447982"><time>2024-06-01T11:35:53Z</time></trkpt>
      <trkpt lat="37.785416" lon="-122.448070"><time>2024-06-01T11:36:15Z</time></trkpt>
      <trkpt lat="37.785475" lon="-122.447932"><time>2024-06-01T11:36:40Z</time></trkpt>
      <trkpt lat="37.785624" lon="-122.447912"><time>2024-06-01T11:36:57Z</time></trkpt>
      <trkpt lat="37.785569" lon="-122.448052"><time>2024-06-01T11:37:27Z</time></trkpt>
      <trkpt lat="37.785482" lon="-122.448174"><time>2024-06-01T11:37:56Z</time></trkpt>
      <trkpt lat="37.785530" lon="-122.448032"><time>2024-06-01T11:38:23Z</time></trkpt>
      <trkpt lat="37.785432" lon="-122.448145"><time>2024-06-01T11:38:52Z</time></trkpt>
      <trkpt lat="37.785324" lon="-122.448041"><time>2024-06-01T11:39:02Z</time></trkpt>
      <trkpt lat="37.785273" lon="-122.448182"><time>2024-06-01T11:39:27Z</time></trkpt>
      <trkpt lat="37.785208" lon="-122.448046"><time>2024-06-01T11:39:44Z</time></trkpt>
      <trkpt lat="37.785242" lon="-122.448192"><time>2024-06-01T11:40:08Z</time></trkpt>
      <trkpt lat="37.785170" lon="-122.448061"><time>2024-06-01T11:40:31Z</time></trkpt>
      <trkpt lat="37.785313" lon="-122.448016"><time>2024-06-01T11:40:57Z</time></trkpt>
      <trkpt lat="37.785431" lon="-122.448108"><time>2024-06-01T11:41:13Z</time></trkpt>
      <trkpt lat="37.785519" lon="-122.448230"><time>2024-06-01T11:41:23Z</time></trkpt>
      <trkpt lat="37.785532" lon="-122.448379"><time>2024-06-01T11:41:46Z</time></trkpt>
      <trkpt lat="37.785639" lon="-122.448484"><time>2024-06-01T11:41:59Z</time></trkpt>
      <trkpt lat="37.785643" lon="-122.448334"><time>2024-06-01T11:42:11Z</time></trkpt>
      <trkpt lat="37.785649" lon="-122.448184"><time>2024-06-01T11:42:26Z</time></trkpt>
      <trkpt lat="37.785733" lon="-122.448060"><time>2024-06-01T11:42:45Z</time></trkpt>
      <trkpt lat="37.785626" lon="-122.447956"><time>2024-06-01T11:43:13Z</time></trkpt>
      <trkpt lat="37.785555" lon="-122.447824"><time>2024-06-01T11:43:26Z</time></trkpt>
      <trkpt lat="37.785701" lon="-122.447790"><time>2024-06-01T11:43:54Z</time></trkpt>
      <trkpt lat="37.785554" lon="-122.447761"><time>2024-06-01T11:44:13Z</time></trkpt>
      <trkpt lat="37.785458" lon="-122.447877"><time>2024-06-01T11:44:30Z</time></trkpt>
      <trkpt lat="37.785323" lon="-122.447813"><time>2024-06-01T11:44:59Z</time></trkpt>
      <trkpt lat="37.785307" lon="-122.447664"><time>2024-06-01T11:45:28Z</time></trkpt>
      <trkpt lat="37.785287" lon="-122.447812"><time>2024-06-01T11:45:56Z</time></trkpt>
      <trkpt lat="37.785400" lon="-122.447714"><time>2024-06-01T11:46:14Z</time></trkpt>
      <trkpt lat="37.785532" lon="-122.447642"><time>2024-06-01T11:46:34Z</time></trkpt>
      <trkpt lat="37.785487" lon="-122.447785"><time>2024-06-01T11:46:59Z</time></trkpt>
      <trkpt lat="37.785565" lon="-122.447914"><time>2024-06-01T11:47:20Z</time></trkpt>
      <trkpt lat="37.785422" lon="-122.447960"><time>2024-06-01T11:47:40Z</time></trkpt>
      <trkpt lat="37.785272" lon="-122.447961"><time>2024-06-01T11:48:03Z</time></trkpt>
      <trkpt lat="37.785418" lon="-122.447927"><time>2024-06-01T11:48:20Z</time></trkpt>
      <trkpt lat="37.785494" lon="-122.448056"><time>2024-06-01T11:48:48Z</time></trkpt>
      <trkpt lat="37.785629" lon="-122.447990"><time>2024-06-01T11:49:17Z</time></trkpt>
      <trkpt lat="37.785587" lon="-122.447846"><time>2024-06-01T11:49:32Z</time></trkpt>
      <trkpt lat="37.785601" lon="-122.447995"><time>2024-06-01T11:50:02Z</time></trkpt>
      <trkpt lat="37.785452" lon="-122.447984"><time>2024-06-01T11:50:18Z</time></trkpt>
      <trkpt lat="37.785339" lon="-122.448082"><time>2024-06-01T11:50:39Z</time></trkpt>
      <trkpt lat="37.785192" lon="-122.448050"><time>2024-06-01T11:50:59Z</time></trkpt>
      <trkpt lat="37.785269" lon="-122.448179"><time>2024-06-01T11:51:18Z</time></trkpt>
      <trkpt lat="37.785196" lon="-122.448310"><time>2024-06-01T11:51:40Z</time></trkpt>
      <trkpt lat="37.785342" lon="-122.448345"><time>2024-06-01T11:52:05Z</time></trkpt>
      <trkpt lat="37.785224" lon="-122.448438"><time>2024-06-01T11:52:25Z</time></trkpt>
      <trkpt lat="37.785373" lon="-122.448418"><time>2024-06-01T11:52:35Z</time></trkpt>
      <trkpt lat="37.785423" lon="-122.448277"><time>2024-06-01T11:53:02Z</time></trkpt>
      <trkpt lat="37.785568" lon="-122.448239"><time>2024-06-01T11:53:14Z</time></trkpt>
      <trkpt lat="37.785698" lon="-122.448313"><time>2024-06-01T11:53:33Z</time></trkpt>
      <trkpt lat="37.785565" lon="-122.448382"><time>2024-06-01T11:53:43Z</time></trkpt>
      <trkpt lat="37.785415" lon="-122.448390"><time>2024-06-01T11:53:53Z</time></trkpt>
      <trkpt lat="37.785556" lon="-122.448442"><time>2024-06-01T11:54:14Z</time></trkpt>
      <trkpt lat="37.785484" lon="-122.448310"><time>2024-06-01T11:54:32Z</time></trkpt>
      <trkpt lat="37.785584" lon="-122.448198"><time>2024-06-01T11:54:56Z</time></trkpt>
      <trkpt lat="37.785472" lon="-122.448297"><time>2024-06-01T11:55:18Z</time></trkpt>
      <trkpt lat="37.785567" lon="-122.448412"><time>2024-06-01T11:55:31Z</time></trkpt>
      <trkpt lat="37.785420" lon="-122.448441"><time>2024-06-01T11:55:51Z</time></trkpt>
      <trkpt lat="37.785428" lon="-122.448291"><time>2024-06-01T11:56:15Z</time></trkpt>
      <trkpt lat="37.785315" lon="-122.448390"><time>2024-06-01T11:56:25Z</time></trkpt>
      <trkpt lat="37.785169" lon="-122.448422"><time>2024-06-01T11:56:47Z</time></trkpt>
      <trkpt lat="37.785313" lon="-122.448382"><time>2024-06-01T11:57:01Z</time></trkpt>
      <trkpt lat="37.785444" lon="-122.448308"><time>2024-06-01T11:57:16Z</time></trkpt>
      <trkpt lat="37.785541" lon="-122.448421"><time>2024-06-01T11:57:44Z</time></trkpt>
      <trkpt lat="37.785469" lon="-122.448553"><time>2024-06-01T11:58:09Z</time></trkpt>
      <trkpt lat="37.785344" lon="-122.448470"><time>2024-06-01T11:58:21Z</time></trkpt>
      <trkpt lat="37.785283" lon="-122.448333"><time>2024-06-01T11:58:36Z</time></trkpt>
      <trkpt lat="37.785378" lon="-122.448216"><time>2024-06-01T11:59:05Z</time></trkpt>
      <trkpt lat="37.785386" lon="-122.448366"><time>2024-06-01T11:59:29Z</time></trkpt>
      <trkpt lat="37.785526" lon="-122.448421"><time>2024-06-01T11:59:58Z</time></trkpt>
      <trkpt lat="37.785432" lon="-122.448304"><time>2024-06-01T12:00:20Z</time></trkpt>
      <trkpt lat="37.785357" lon="-122.448174"><time>2024-06-01T12:00:30Z</time></trkpt>
      <trkpt lat="37.785378" lon="-122.448323"><time>2024-06-01T12:00:51Z</time></trkpt>
      <trkpt lat="37.785393" lon="-122.448472"><time>2024-06-01T12:01:03Z</time></trkpt>
      <trkpt lat="37.785330" lon="-122.448336"><time>2024-06-01T12:01:24Z</time></trkpt>
      <trkpt lat="37.785353" lon="-122.448484"><time>2024-06-01T12:01:39Z</time></trkpt>
      <trkpt lat="37.785305" lon="-122.448342"><time>2024-06-01T12:01:59Z</time></trkpt>
      <trkpt lat="37.785333" lon="-122.448489"><time>2024-06-01T12:02:19Z</time></trkpt>
      <trkpt lat="37.785281" lon="-122.448348"><time>2024-06-01T12:02:42Z</time></trkpt>
      <trkpt lat="37.785416" lon="-122.448281"><time>2024-06-01T12:03:12Z</time></trkpt>
      <trkpt lat="37.785410" lon="-122.448132"><time>2024-06-01T12:03:22Z</time></trkpt>
      <trkpt lat="37.785560" lon="-122.448129"><time>2024-06-01T12:03:32Z</time></trkpt>
      <trkpt lat="37.785416" lon="-122.448087"><time>2024-06-01T12:03:48Z</time></trkpt>
      <trkpt lat="37.785283" lon="-122.448018"><time>2024-06-01T12:04:11Z</time></trkpt>
      <trkpt lat="37.785247" lon="-122.447872"><time>2024-06-01T12:04:23Z</time></trkpt>
      <trkpt lat="37.785098" lon="-122.447854"><time>2024-06-01T12:04:33Z</time></trkpt>
      <trkpt lat="37.785101" lon="-122.447704"><time>2024-06-01T12:04:53Z</time></trkpt>
      <trkpt lat="37.784952" lon="-122.447693"><time>2024-06-01T12:05:04Z</time></trkpt>
      <trkpt lat="37.784864" lon="-122.447571"><time>2024-06-01T12:05:25Z</time></trkpt>
      <trkpt lat="37.785009" lon="-122.447609"><time>2024-06-01T12:05:41Z</time></trkpt>
      <trkpt lat="37.784888" lon="-122.447697"><time>2024-06-01T12:06:06Z</time></trkpt>
      <trkpt lat="37.784986" lon="-122.447584"><time>2024-06-01T12:06:17Z</time></trkpt>
      <trkpt lat="37.784856" lon="-122.447659"><time>2024-06-01T12:06:47Z</time></trkpt>
      <trkpt lat="37.784951" lon="-122.447775"><time>2024-06-01T12:07:10Z</time></trkpt>
      <trkpt lat="37.784956" lon="-122.447625"><time>2024-06-01T12:07:34Z</time></trkpt>
      <trkpt lat="37.785017" lon="-122.447489"><time>2024-06-01T12:08:04Z</time></trkpt>
      <trkpt lat="37.785162" lon="-122.447529"><time>2024-06-01T12:08:32Z</time></trkpt>
      <trkpt lat="37.785309" lon="-122.447560"><time>2024-06-01T12:08:56Z</time></trkpt>
      <trkpt lat="37.785267" lon="-122.447704"><time>2024-06-01T12:09:12Z</time></trkpt>
      <trkpt lat="37.785381" lon="-122.447607"><time>2024-06-01T12:09:41Z</time></trkpt>
      <trkpt lat="37.785299" lon="-122.447732"><time>2024-06-01T12:09:57Z</time></trkpt>
      <trkpt lat="37.785243" lon="-122.447593"><time>2024-06-01T12:10:17Z</time></trkpt>
      <trkpt lat="37.785199" lon="-122.447450"><time>2024-06-01T12:10:30Z</time></trkpt>
      <trkpt lat="37.785071" lon="-122.447528"><time>2024-06-01T12:10:59Z</time></trkpt>
      <trkpt lat="37.784940" lon="-122.447455"><time>2024-06-01T12:11:19Z</time></trkpt>
      <trkpt lat="37.785083" lon="-122.447501"><time>2024-06-01T12:11:44Z</time></trkpt>
      <trkpt lat="37.784938" lon="-122.447541"><time>2024-06-01T12:12:09Z</time></trkpt>
      <trkpt lat="37.784997" lon="-122.447403"><time>2024-06-01T12:12:34Z</time></trkpt>
      <trkpt lat="37.785006" lon="-122.447552"><time>2024-06-01T12:13:03Z</time></trkpt>
      <trkpt lat="37.784882" lon="-122.447638"><time>2024-06-01T12:13:15Z</time></trkpt>
      <trkpt lat="37.785031" lon="-122.447657"><time>2024-06-01T12:13:30Z</time></trkpt>
      <trkpt lat="37.784959" lon="-122.447788"><time>2024-06-01T12:13:59Z</time></trkpt>
      <trkpt lat="37.784965" lon="-122.447638"><time>2024-06-01T12:14:14Z</time></trkpt>
      <trkpt lat="37.784856" lon="-122.447742"><time>2024-06-01T12:14:42Z</time></trkpt>
      <trkpt lat="37.785006" lon="-122.447740"><time>2024-06-01T12:14:52Z</time></trkpt>
      <trkpt lat="37.784945" lon="-122.447602"><time>2024-06-01T12:15:16Z</time></trkpt>
      <trkpt lat="37.785034" lon="-122.447724"><time>2024-06-01T12:15:32Z</time></trkpt>
      <trkpt lat="37.784932" lon="-122.447613"><time>2024-06-01T12:15:53Z</time></trkpt>
      <trkpt lat="37.784791" lon="-122.447563"><time>2024-06-01T12:16:15Z</time></trkpt>
      <trkpt lat="37.784715" lon="-122.447692"><time>2024-06-01T12:16:25Z</time></trkpt>
      <trkpt lat="37.784619" lon="-122.447576"><time>2024-06-01T12:16:49Z</time></trkpt>
      <trkpt lat="37.784753" lon="-122.447645"><time>2024-06-01T12:17:17Z</time></trkpt>
      <trkpt lat="37.784639" lon="-122.447547"><time>2024-06-01T12:17:29Z</time></trkpt>
      <trkpt lat="37.784490" lon="-122.447572"><time>2024-06-01T12:17:49Z</time></trkpt>
      <trkpt lat="37.784525" lon="-122.447718"><time>2024-06-01T12:18:04Z</time></trkpt>
      <trkpt lat="37.784469" lon="-122.447578"><time>2024-06-01T12:18:29Z</time></trkpt>
      <trkpt lat="37.784363" lon="-122.447473"><time>2024-06-01T12:18:47Z</time></trkpt>
      <trkpt lat="37.784275" lon="-122.447595"><time>2024-06-01T12:19:02Z</time></trkpt>
      <trkpt lat="37.784330" lon="-122.447735"><time>2024-06-01T12:19:24Z</time></trkpt>
      <trkpt lat="37.784357" lon="-122.447587"><time>2024-06-01T12:19:35Z</time></trkpt>
      <trkpt lat="37.784393" lon="-122.447441"><time>2024-06-01T12:20:02Z</time></trkpt>
      <trkpt lat="37.784395" lon="-122.447591"><time>2024-06-01T12:20:15Z</time></trkpt>
      <trkpt lat="37.784535" lon="-122.447539"><time>2024-06-01T12:20:45Z</time></trkpt>
      <trkpt lat="37.784407" lon="-122.447462"><time>2024-06-01T12:20:59Z</time></trkpt>
      <trkpt lat="37.784338" lon="-122.447595"><time>2024-06-01T12:21:21Z</time></trkpt>
      <trkpt lat="37.784482" lon="-122.447553"><time>2024-06-01T12:21:37Z</time></trkpt>
      <trkpt lat="37.784344" lon="-122.447494"><time>2024-06-01T12:21:52Z</time></trkpt>
      <trkpt lat="37.784484" lon="-122.447439"><time>2024-06-01T12:22:21Z</time></trkpt>
      <trkpt lat="37.784566" lon="-122.447314"><time>2024-06-01T12:22:36Z</time></trkpt>
      <trkpt lat="37.784698" lon="-122.447242"><time>2024-06-01T12:23:06Z</time></trkpt>
      <trkpt lat="37.784786" lon="-122.447363"><time>2024-06-01T12:23:27Z</time></trkpt>
      <trkpt lat="37.784837" lon="-122.447222"><time>2024-06-01T12:23:41Z</time></trkpt>
      <trkpt lat="37.784858" lon="-122.447371"><time>2024-06-01T12:23:52Z</time></trkpt>
      <trkpt lat="37.784881" lon="-122.447519"><time>2024-06-01T12:24:19Z</time></trkpt>
      <trkpt lat="37.784979" lon="-122.447405"><time>2024-06-01T12:24:36Z</time></trkpt>
      <trkpt lat="37.784925" lon="-122.447265"><time>2024-06-01T12:24:57Z</time></trkpt>
      <trkpt lat="37.784805" lon="-122.447355"><time>2024-06-01T12:25:19Z</time></trkpt>
      <trkpt lat="37.784693" lon="-122.447256"><time>2024-06-01T12:25:30Z</time></trkpt>
      <trkpt lat="37.784777" lon="-122.447380"><time>2024-06-01T12:25:43Z</time></trkpt>
      <trkpt lat="37.784634" lon="-122.447423"><time>2024-06-01T12:26:12Z</time></trkpt>
      <trkpt lat="37.784782" lon="-122.447449"><time>2024-06-01T12:26:40Z</time></trkpt>
      <trkpt lat="37.784643" lon="-122.447392"><time>2024-06-01T12:26:50Z</time></trkpt>
      <trkpt lat="37.784703" lon="-122.447530"><time>2024-06-01T12:27:04Z</time></trkpt>
      <trkpt lat="37.784580" lon="-122.447443"><time>2024-06-01T12:27:15Z</time></trkpt>
      <trkpt lat="37.784532" lon="-122.447301"><time>2024-06-01T12:27:43Z</time></trkpt>
      <trkpt lat="37.784383" lon="-122.447286"><time>2024-06-01T12:27:58Z</time></trkpt>
      <trkpt lat="37.784468" lon="-122.447409"><time>2024-06-01T12:28:11Z</time></trkpt>
      <trkpt lat="37.784482" lon="-122.447260"><time>2024-06-01T12:28:34Z</time></trkpt>
      <trkpt lat="37.784536" lon="-122.447400"><time>2024-06-01T12:28:59Z</time></trkpt>
      <trkpt lat="37.784418" lon="-122.447307"><time>2024-06-01T12:29:19Z</time></trkpt>
      <trkpt lat="37.784269" lon="-122.447328"><time>2024-06-01T12:29:32Z</time></trkpt>
      <trkpt lat="37.784137" lon="-122.447256"><time>2024-06-01T12:29:54Z</time></trkpt>
      <trkpt lat="37.784249" lon="-122.447156"><time>2024-06-01T12:30:13Z</time></trkpt>
      <trkpt lat="37.784161" lon="-122.447278"><time>2024-06-01T12:30:30Z</time></trkpt>
      <trkpt lat="37.784262" lon="-122.447388"><time>2024-06-01T12:30:48Z</time></trkpt>
      <trkpt lat="37.784345" lon="-122.447514"><time>2024-06-01T12:31:05Z</time></trkpt>
      <trkpt lat="37.784488" lon="-122.447560"><time>2024-06-01T12:31:24Z</time></trkpt>
      <trkpt lat="37.784523" lon="-122.447414"><time>2024-06-01T12:31:41Z</time></trkpt>
      <trkpt lat="37.784649" lon="-122.447333"><time>2024-06-01T12:32:07Z</time></trkpt>
      <trkpt lat="37.784743" lon="-122.447450"><time>2024-06-01T12:32:19Z</time></trkpt>
      <trkpt lat="37.784843" lon="-122.447338"><time>2024-06-01T12:32:33Z</time></trkpt>
      <trkpt lat="37.784960" lon="-122.447432"><time>2024-06-01T12:32:43Z</time></trkpt>
      <trkpt lat="37.784820" lon="-122.447486"><time>2024-06-01T12:32:56Z</time></trkpt>
      <trkpt lat="37.784878" lon="-122.447348"><time>2024-06-01T12:33:18Z</time></trkpt>
      <trkpt lat="37.784732" lon="-122.447317"><time>2024-06-01T12:33:36Z</time></trkpt>
      <trkpt lat="37.784863" lon="-122.447389"><time>2024-06-01T12:33:55Z</time></trkpt>
      <trkpt lat="37.784984" lon="-122.447300"><time>2024-06-01T12:34:25Z</time></trkpt>
      <trkpt lat="37.785025" lon="-122.447445"><time>2024-06-01T12:34:46Z</time></trkpt>
      <trkpt lat="37.785014" lon="-122.447594"><time>2024-06-01T12:35:11Z</time></trkpt>
      <trkpt lat="37.784959" lon="-122.447734"><time>2024-06-01T12:35:30Z</time></trkpt>
      <trkpt lat="37.785093" lon="-122.447667"><time>2024-06-01T12:36:00Z</time></trkpt>
      <trkpt lat="37.784952" lon="-122.447719"><time>2024-06-01T12:36:15Z</time></trkpt>
      <trkpt lat="37.784803" lon="-122.447711"><time>2024-06-01T12:36:42Z</time></trkpt>
      <trkpt lat="37.784734" lon="-122.447578"><time>2024-06-01T12:37:05Z</time></trkpt>
      <trkpt lat="37.784677" lon="-122.447717"><time>2024-06-01T12:37:24Z</time></trkpt>
      <trkpt lat="37.784777" lon="-122.447829"><time>2024-06-01T12:37:54Z</time></trkpt>
      <trkpt lat="37.784714" lon="-122.447693"><time>2024-06-01T12:38:17Z</time></trkpt>
      <trkpt lat="37.784860" lon="-122.447662"><time>2024-06-01T12:38:46Z</time></trkpt>
      <trkpt lat="37.784820" lon="-122.447806"><time>2024-06-01T12:38:56Z</time></trkpt>
      <trkpt lat="37.784889" lon="-122.447673"><time>2024-06-01T12:39:26Z</time></trkpt>
      <trkpt lat="37.785036" lon="-122.447645"><time>2024-06-01T12:39:44Z</time></trkpt>
      <trkpt lat="37.785033" lon="-122.447495"><time>2024-06-01T12:40:04Z</time></trkpt>
      <trkpt lat="37.785139" lon="-122.447389"><time>2024-06-01T12:40:29Z</time></trkpt>
      <trkpt lat="37.785276" lon="-122.447329"><time>2024-06-01T12:40:58Z</time></trkpt>
      <trkpt lat="37.785319" lon="-122.447472"><time>2024-06-01T12:41:15Z</time></trkpt>
      <trkpt lat="37.785171" lon="-122.447497"><time>2024-06-01T12:41:38Z</time></trkpt>
      <trkpt lat="37.785287" lon="-122.447402"><time>2024-06-01T12:41:58Z</time></trkpt>
      <trkpt lat="37.785285" lon="-122.447552"><time>2024-06-01T12:42:22Z</time></trkpt>
      <trkpt lat="37.785435" lon="-122.447538"><time>2024-06-01T12:42:48Z</time></trkpt>
      <trkpt lat="37.785320" lon="-122.447635"><time>2024-06-01T12:42:58Z</time></trkpt>
      <trkpt lat="37.785209" lon="-122.447736"><time>2024-06-01T12:43:28Z</time></trkpt>
      <trkpt lat="37.785104" lon="-122.447629"><time>2024-06-01T12:43:52Z</time></trkpt>
      <trkpt lat="37.784993" lon="-122.447731"><time>2024-06-01T12:44:09Z</time></trkpt>
      <trkpt lat="37.785060" lon="-122.447865"><time>2024-06-01T12:44:35Z</time></trkpt>
      <trkpt lat="37.785071" lon="-122.447716"><time>2024-06-01T12:45:01Z</time></trkpt>
      <trkpt lat="37.785165" lon="-122.447599"><time>2024-06-01T12:45:23Z</time></trkpt>
      <trkpt lat="37.785128" lon="-122.447454"><time>2024-06-01T12:45:52Z</time></trkpt>
      <trkpt lat="37.785183" lon="-122.447314"><time>2024-06-01T12:46:04Z</time></trkpt>
      <trkpt lat="37.785238" lon="-122.447454"><time>2024-06-01T12:46:33Z</time></trkpt>
      <trkpt lat="37.785194" lon="-122.447310"><time>2024-06-01T12:47:02Z</time></trkpt>
      <trkpt lat="37.785279" lon="-122.447187"><time>2024-06-01T12:47:18Z</time></trkpt>
      <trkpt lat="37.785427" lon="-122.447212"><time>2024-06-01T12:47:48Z</time></trkpt>
      <trkpt lat="37.785372" lon="-122.447072"><time>2024-06-01T12:48:07Z</time></trkpt>
      <trkpt lat="37.785316" lon="-122.447211"><time>2024-06-01T12:48:25Z</time></trkpt>
      <trkpt lat="37.785408" lon="-122.447329"><time>2024-06-01T12:48:36Z</time></trkpt>
      <trkpt lat="37.785380" lon="-122.447182"><time>2024-06-01T12:48:54Z</time></trkpt>
      <trkpt lat="37.785415" lon="-122.447036"><time>2024-06-01T12:49:11Z</time></trkpt>
      <trkpt lat="37.785520" lon="-122.446929"><time>2024-06-01T12:49:41Z</time></trkpt>
      <trkpt lat="37.785445" lon="-122.447059"><time>2024-06-01T12:49:59Z</time></trkpt>
      <trkpt lat="37.785458" lon="-122.447208"><time>2024-06-01T12:50:11Z</time></trkpt>
      <trkpt lat="37.785432" lon="-122.447060"><time>2024-06-01T12:50:22Z</time></trkpt>
      <trkpt lat="37.785307" lon="-122.446978"><time>2024-06-01T12:50:48Z</time></trkpt>
      <trkpt lat="37.785191" lon="-122.447073"><time>2024-06-01T12:51:13Z</time></trkpt>
      <trkpt lat="37.785049" lon="-122.447025"><time>2024-06-01T12:51:36Z</time></trkpt>
      <trkpt lat="37.784915" lon="-122.447092"><time>2024-06-01T12:51:48Z</time></trkpt>
      <trkpt lat="37.785062" lon="-122.447124"><time>2024-06-01T12:51:58Z</time></trkpt>
      <trkpt lat="37.784968" lon="-122.447242"><time>2024-06-01T12:52:28Z</time></trkpt>
      <trkpt lat="37.785039" lon="-122.447374"><time>2024-06-01T12:52:54Z</time></trkpt>
      <trkpt lat="37.785010" lon="-122.447521"><time>2024-06-01T12:53:13Z</time></trkpt>
      <trkpt lat="37.785066" lon="-122.447661"><time>2024-06-01T12:53:40Z</time></trkpt>
      <trkpt lat="37.785179" lon="-122.447562"><time>2024-06-01T12:53:56Z</time></trkpt>
      <trkpt lat="37.785092" lon="-122.447440"><time>2024-06-01T12:54:07Z</time></trkpt>
      <trkpt lat="37.784949" lon="-122.447487"><time>2024-06-01T12:54:32Z</time></trkpt>
      <trkpt lat="37.785071" lon="-122.447400"><time>2024-06-01T12:54:56Z</time></trkpt>
      <trkpt lat="37.784971" lon="-122.447511"><time>2024-06-01T12:55:21Z</time></trkpt>
      <trkpt lat="37.784822" lon="-122.447499"><time>2024-06-01T12:55:47Z</time></trkpt>
      <trkpt lat="37.784770" lon="-122.447640"><time>2024-06-01T12:55:59Z</time></trkpt>
      <trkpt lat="37.784708" lon="-122.447503"><time>2024-06-01T12:56:23Z</time></trkpt>
      <trkpt lat="37.784559" lon="-122.447517"><time>2024-06-01T12:56:51Z</time></trkpt>
      <trkpt lat="37.784429" lon="-122.447593"><time>2024-06-01T12:57:10Z</time></trkpt>
      <trkpt lat="37.784438" lon="-122.447742"><time>2024-06-01T12:57:29Z</time></trkpt>
      <trkpt lat="37.784418" lon="-122.447891"><time>2024-06-01T12:57:42Z</time></trkpt>
      <trkpt lat="37.784398" lon="-122.448040"><time>2024-06-01T12:58:12Z</time></trkpt>
      <trkpt lat="37.784249" lon="-122.448055"><time>2024-06-01T12:58:22Z</time></trkpt>
      <trkpt lat="37.784324" lon="-122.448184"><time>2024-06-01T12:58:38Z</time></trkpt>
      <trkpt lat="37.784378" lon="-122.448324"><time>2024-06-01T12:58:59Z</time></trkpt>
      <trkpt lat="37.784460" lon="-122.448199"><time>2024-06-01T12:59:25Z</time></trkpt>
      <trkpt lat="37.784594" lon="-122.448267"><time>2024-06-01T12:59:44Z</time></trkpt>
      <trkpt lat="37.784695" lon="-122.448378"><time>2024-06-01T13:00:10Z</time></trkpt>
      <trkpt lat="37.784826" lon="-122.448451"><time>2024-06-01T13:00:31Z</time></trkpt>
      <trkpt lat="37.784866" lon="-122.448306"><time>2024-06-01T13:00:52Z</time></trkpt>
      <trkpt lat="37.784729" lon="-122.448367"><time>2024-06-01T13:01:14Z</time></trkpt>
      <trkpt lat="37.784879" lon="-122.448368"><time>2024-06-01T13:01:30Z</time></trkpt>
      <trkpt lat="37.784735" lon="-122.448323"><time>2024-06-01T13:01:54Z</time></trkpt>
      <trkpt lat="37.784789" lon="-122.448463"><time>2024-06-01T13:02:20Z</time></trkpt>
      <trkpt lat="37.784847" lon="-122.448602"><time>2024-06-01T13:02:41Z</time></trkpt>
      <trkpt lat="37.784852" lon="-122.448752"><time>2024-06-01T13:02:52Z</time></trkpt>
      <trkpt lat="37.784757" lon="-122.448636"><time>2024-06-01T13:03:22Z</time></trkpt>
      <trkpt lat="37.784754" lon="-122.448486"><time>2024-06-01T13:03:40Z</time></trkpt>
      <trkpt lat="37.784883" lon="-122.448409"><time>2024-06-01T13:04:03Z</time></trkpt>
      <trkpt lat="37.784764" lon="-122.448501"><time>2024-06-01T13:04:25Z</time></trkpt>
      <trkpt lat="37.784893" lon="-122.448424"><time>2024-06-01T13:04:50Z</time></trkpt>
      <trkpt lat="37.784959" lon="-122.448559"><time>2024-06-01T13:05:11Z</time></trkpt>
      <trkpt lat="37.784908" lon="-122.448700"><time>2024-06-01T13:05:40Z</time></trkpt>
      <trkpt lat="37.785012" lon="-122.448591"><time>2024-06-01T13:06:04Z</time></trkpt>
      <trkpt lat="37.784867" lon="-122.448552"><time>2024-06-01T13:06:26Z</time></trkpt>
      <trkpt lat="37.784737" lon="-122.448476"><time>2024-06-01T13:06:40Z</time></trkpt>
      <trkpt lat="37.784649" lon="-122.448355"><time>2024-06-01T13:07:10Z</time></trkpt>
      <trkpt lat="37.784532" lon="-122.448449"><time>2024-06-01T13:07:25Z</time></trkpt>
      <trkpt lat="37.784681" lon="-122.448438"><time>2024-06-01T13:07:42Z</time></trkpt>
      <trkpt lat="37.784820" lon="-122.448496"><time>2024-06-01T13:08:00Z</time></trkpt>
      <trkpt lat="37.784689" lon="-122.448570"><time>2024-06-01T13:08:14Z</time></trkpt>
      <trkpt lat="37.784615" lon="-122.448439"><time>2024-06-01T13:08:40Z</time></trkpt>
      <trkpt lat="37.784634" lon="-122.448588"><time>2024-06-01T13:08:57Z</time></trkpt>
      <trkpt lat="37.784516" lon="-122.448681"><time>2024-06-01T13:09:19Z</time></trkpt>
      <trkpt lat="37.784614" lon="-122.448567"><time>2024-06-01T13:09:39Z</time></trkpt>
      <trkpt lat="37.784467" lon="-122.448536"><time>2024-06-01T13:09:56Z</time></trkpt>
      <trkpt lat="37.784317" lon="-122.448526"><time>2024-06-01T13:10:11Z</time></trkpt>
      <trkpt lat="37.784442" lon="-122.448443"><time>2024-06-01T13:10:38Z</time></trkpt>
      <trkpt lat="37.784474" lon="-122.448590"><time>2024-06-01T13:10:54Z</time></trkpt>
      <trkpt lat="37.784324" lon="-122.448590"><time>2024-06-01T13:11:08Z</time></trkpt>
      <trkpt lat="37.784471" lon="-122.448616"><time>2024-06-01T13:11:29Z</time></trkpt>
      <trkpt lat="37.784337" lon="-122.448682"><time>2024-06-01T13:11:52Z</time></trkpt>
      <trkpt lat="37.784261" lon="-122.448552"><time>2024-06-01T13:12:08Z</time></trkpt>
      <trkpt lat="37.784409" lon="-122.448577"><time>2024-06-01T13:12:36Z</time></trkpt>
      <trkpt lat="37.784264" lon="-122.448539"><time>2024-06-01T13:13:01Z</time></trkpt>
      <trkpt lat="37.784334" lon="-122.448672"><time>2024-06-01T13:13:30Z</time></trkpt>
      <trkpt lat="37.784415" lon="-122.448546"><time>2024-06-01T13:13:42Z</time></trkpt>
      <trkpt lat="37.784550" lon="-122.448480"><time>2024-06-01T13:13:54Z</time></trkpt>
      <trkpt lat="37.784507" lon="-122.448336"><time>2024-06-01T13:14:11Z</time></trkpt>
      <trkpt lat="37.784401" lon="-122.448441"><time>2024-06-01T13:14:26Z</time></trkpt>
      <trkpt lat="37.784535" lon="-122.448374"><time>2024-06-01T13:14:38Z</time></trkpt>
      <trkpt lat="37.784385" lon="-122.448363"><time>2024-06-01T13:15:05Z</time></trkpt>
      <trkpt lat="37.784370" lon="-122.448214"><time>2024-06-01T13:15:18Z</time></trkpt>
      <trkpt lat="37.784264" lon="-122.448108"><time>2024-06-01T13:15:48Z</time></trkpt>
      <trkpt lat="37.784224" lon="-122.447963"><time>2024-06-01T13:16:00Z</time></trkpt>
      <trkpt lat="37.784074" lon="-122.447961"><time>2024-06-01T13:16:19Z</time></trkpt>
      <trkpt lat="37.784029" lon="-122.448104"><time>2024-06-01T13:16:40Z</time></trkpt>
      <trkpt lat="37.784122" lon="-122.448222"><time>2024-06-01T13:16:50Z</time></trkpt>
      <trkpt lat="37.783989" lon="-122.448293"><time>2024-06-01T13:17:04Z</time></trkpt>
      <trkpt lat="37.783845" lon="-122.448333"><time>2024-06-01T13:17:19Z</time></trkpt>
      <trkpt lat="37.783942" lon="-122.448219"><time>2024-06-01T13:17:42Z</time></trkpt>
      <trkpt lat="37.783823" lon="-122.448309"><time>2024-06-01T13:18:08Z</time></trkpt>
      <trkpt lat="37.783815" lon="-122.448459"><time>2024-06-01T13:18:20Z</time></trkpt>
      <trkpt lat="37.783741" lon="-122.448590"><time>2024-06-01T13:18:35Z</time></trkpt>
      <trkpt lat="37.783592" lon="-122.448603"><time>2024-06-01T13:18:48Z</time></trkpt>
      <trkpt lat="37.783527" lon="-122.448739"><time>2024-06-01T13:19:00Z</time></trkpt>
      <trkpt lat="37.783607" lon="-122.448866"><time>2024-06-01T13:19:11Z</time></trkpt>
      <trkpt lat="37.783522" lon="-122.448742"><time>2024-06-01T13:19:23Z</time></trkpt>
      <trkpt lat="37.783458" lon="-122.448878"><time>2024-06-01T13:19:51Z</time></trkpt>
      <trkpt lat="37.783596" lon="-122.448937"><time>2024-06-01T13:20:12Z</time></trkpt>
      <trkpt lat="37.783544" lon="-122.449078"><time>2024-06-01T13:20:36Z</time></trkpt>
      <trkpt lat="37.783619" lon="-122.449208"><time>2024-06-01T13:21:04Z</time></trkpt>
      <trkpt lat="37.783525" lon="-122.449091"><time>2024-06-01T13:21:23Z</time></trkpt>
      <trkpt lat="37.783379" lon="-122.449121"><time>2024-06-01T13:21:50Z</time></trkpt>
      <trkpt lat="37.783527" lon="-122.449146"><time>2024-06-01T13:22:06Z</time></trkpt>
      <trkpt lat="37.783427" lon="-122.449034"><time>2024-06-01T13:22:36Z</time></trkpt>
      <trkpt lat="37.783409" lon="-122.449183"><time>2024-06-01T13:23:01Z</time></trkpt>
      <trkpt lat="37.783542" lon="-122.449252"><time>2024-06-01T13:23:16Z</time></trkpt>
      <trkpt lat="37.783402" lon="-122.449199"><time>2024-06-01T13:23:32Z</time></trkpt>
      <trkpt lat="37.783548" lon="-122.449165"><time>2024-06-01T13:23:44Z</time></trkpt>
      <trkpt lat="37.783406" lon="-122.449117"><time>2024-06-01T13:24:09Z</time></trkpt>
      <trkpt lat="37.783555" lon="-122.449097"><time>2024-06-01T13:24:31Z</time></trkpt>
      <trkpt lat="37.783694" lon="-122.449040"><time>2024-06-01T13:24:45Z</time></trkpt>
      <trkpt lat="37.783608" lon="-122.448917"><time>2024-06-01T13:25:10Z</time></trkpt>
      <trkpt lat="37.783740" lon="-122.448846"><time>2024-06-01T13:25:32Z</time></trkpt>
      <trkpt lat="37.783821" lon="-122.448972"><time>2024-06-01T13:25:59Z</time></trkpt>
      <trkpt lat="37.783676" lon="-122.448934"><time>2024-06-01T13:26:15Z</time></trkpt>
      <trkpt lat="37.783765" lon="-122.448814"><time>2024-06-01T13:26:25Z</time></trkpt>
      <trkpt lat="37.783835" lon="-122.448946"><time>2024-06-01T13:26:36Z</time></trkpt>
      <trkpt lat="37.783759" lon="-122.448816"><time>2024-06-01T13:26:52Z</time></trkpt>
      <trkpt lat="37.783828" lon="-122.448950"><time>2024-06-01T13:27:06Z</time></trkpt>
      <trkpt lat="37.783847" lon="-122.449099"><time>2024-06-01T13:27:31Z</time></trkpt>
      <trkpt lat="37.783913" lon="-122.448964"><time>2024-06-01T13:27:51Z</time></trkpt>
      <trkpt lat="37.783855" lon="-122.448825"><time>2024-06-01T13:28:16Z</time></trkpt>
      <trkpt lat="37.783708" lon="-122.448851"><time>2024-06-01T13:28:28Z</time></trkpt>
      <trkpt lat="37.783783" lon="-122.448980"><time>2024-06-01T13:28:42Z</time></trkpt>
      <trkpt lat="37.783633" lon="-122.448987"><time>2024-06-01T13:28:57Z</time></trkpt>
      <trkpt lat="37.783778" lon="-122.449026"><time>2024-06-01T13:29:26Z</time></trkpt>
      <trkpt lat="37.783692" lon="-122.449148"><time>2024-06-01T13:29:37Z</time></trkpt>
      <trkpt lat="37.783624" lon="-122.449282"><time>2024-06-01T13:30:06Z</time></trkpt>
      <trkpt lat="37.783718" lon="-122.449165"><time>2024-06-01T13:30:17Z</time></trkpt>
      <trkpt lat="37.783867" lon="-122.449145"><time>2024-06-01T13:30:45Z</time></trkpt>
      <trkpt lat="37.783895" lon="-122.448998"><time>2024-06-01T13:31:07Z</time></trkpt>
      <trkpt lat="37.783772" lon="-122.449085"><time>2024-06-01T13:31:21Z</time></trkpt>
      <trkpt lat="37.783834" lon="-122.449221"><time>2024-06-01T13:31:33Z</time></trkpt>
      <trkpt lat="37.783761" lon="-122.449090"><time>2024-06-01T13:31:57Z</time></trkpt>
      <trkpt lat="37.783629" lon="-122.449019"><time>2024-06-01T13:32:14Z</time></trkpt>
      <trkpt lat="37.783694" lon="-122.449154"><time>2024-06-01T13:32:42Z</time></trkpt>
      <trkpt lat="37.783844" lon="-122.449156"><time>2024-06-01T13:32:54Z</time></trkpt>
      <trkpt lat="37.783704" lon="-122.449209"><time>2024-06-01T13:33:14Z</time></trkpt>
      <trkpt lat="37.783781" lon="-122.449338"><time>2024-06-01T13:33:44Z</time></trkpt>
      <trkpt lat="37.783813" lon="-122.449485"><time>2024-06-01T13:34:08Z</time></trkpt>
      <trkpt lat="37.783920" lon="-122.449589"><time>2024-06-01T13:34:32Z</time></trkpt>
      <trkpt lat="37.784025" lon="-122.449483"><time>2024-06-01T13:35:01Z</time></trkpt>
      <trkpt lat="37.784175" lon="-122.449494"><time>2024-06-01T13:35:13Z</time></trkpt>
      <trkpt lat="37.784317" lon="-122.449447"><time>2024-06-01T13:35:29Z</time></trkpt>
      <trkpt lat="37.784449" lon="-122.449376"><time>2024-06-01T13:35:47Z</time></trkpt>
      <trkpt lat="37.784332" lon="-122.449469"><time>2024-06-01T13:36:08Z</time></trkpt>
      <trkpt lat="37.784317" lon="-122.449618"><time>2024-06-01T13:36:37Z</time></trkpt>
      <trkpt lat="37.784461" lon="-122.449577"><time>2024-06-01T13:36:54Z</time></trkpt>
      <trkpt lat="37.784590" lon="-122.449501"><time>2024-06-01T13:37:22Z</time></trkpt>
      <trkpt lat="37.784455" lon="-122.449435"><time>2024-06-01T13:37:34Z</time></trkpt>
      <trkpt lat="37.784575" lon="-122.449525"><time>2024-06-01T13:37:59Z</time></trkpt>
      <trkpt lat="37.784487" lon="-122.449404"><time>2024-06-01T13:38:21Z</time></trkpt>
      <trkpt lat="37.784630" lon="-122.449358"><time>2024-06-01T13:38:32Z</time></trkpt>
      <trkpt lat="37.784646" lon="-122.449507"><time>2024-06-01T13:38:52Z</time></trkpt>
      <trkpt lat="37.784641" lon="-122.449357"><time>2024-06-01T13:39:12Z</time></trkpt>
      <trkpt lat="37.784531" lon="-122.449459"><time>2024-06-01T13:39:28Z</time></trkpt>
      <trkpt lat="37.784410" lon="-122.449370"><time>2024-06-01T13:39:56Z</time></trkpt>
      <trkpt lat="37.784438" lon="-122.449517"><time>2024-06-01T13:40:21Z</time></trkpt>
      <trkpt lat="37.784504" lon="-122.449382"><time>2024-06-01T13:40:36Z</time></trkpt>
      <trkpt lat="37.784537" lon="-122.449529"><time>2024-06-01T13:40:47Z</time></trkpt>
      <trkpt lat="37.784390" lon="-122.449560"><time>2024-06-01T13:41:00Z</time></trkpt>
      <trkpt lat="37.784536" lon="-122.449527"><time>2024-06-01T13:41:26Z</time></trkpt>
      <trkpt lat="37.784414" lon="-122.449613"><time>2024-06-01T13:41:40Z</time></trkpt>
      <trkpt lat="37.784525" lon="-122.449512"><time>2024-06-01T13:42:05Z</time></trkpt>
      <trkpt lat="37.784579" lon="-122.449372"><time>2024-06-01T13:42:16Z</time></trkpt>
      <trkpt lat="37.784704" lon="-122.449289"><time>2024-06-01T13:42:37Z</time></trkpt>
      <trkpt lat="37.784739" lon="-122.449434"><time>2024-06-01T13:42:57Z</time></trkpt>
      <trkpt lat="37.784607" lon="-122.449364"><time>2024-06-01T13:43:19Z</time></trkpt>
      <trkpt lat="37.784537" lon="-122.449231"><time>2024-06-01T13:43:35Z</time></trkpt>
      <trkpt lat="37.784627" lon="-122.449111"><time>2024-06-01T13:44:03Z</time></trkpt>
      <trkpt lat="37.784511" lon="-122.449017"><time>2024-06-01T13:44:16Z</time></trkpt>
      <trkpt lat="37.784605" lon="-122.448900"><time>2024-06-01T13:44:30Z</time></trkpt>
      <trkpt lat="37.784657" lon="-122.449040"><time>2024-06-01T13:44:48Z</time></trkpt>
      <trkpt lat="37.784561" lon="-122.449156"><time>2024-06-01T13:45:16Z</time></trkpt>
      <trkpt lat="37.784445" lon="-122.449250"><time>2024-06-01T13:45:40Z</time></trkpt>
      <trkpt lat="37.784446" lon="-122.449400"><time>2024-06-01T13:45:51Z</time></trkpt>
      <trkpt lat="37.784300" lon="-122.449436"><time>2024-06-01T13:46:08Z</time></trkpt>
      <trkpt lat="37.784447" lon="-122.449467"><time>2024-06-01T13:46:20Z</time></trkpt>
      <trkpt lat="37.784322" lon="-122.449551"><time>2024-06-01T13:46:43Z</time></trkpt>
      <trkpt lat="37.784179" lon="-122.449596"><time>2024-06-01T13:47:00Z</time></trkpt>
      <trkpt lat="37.784225" lon="-122.449739"><time>2024-06-01T13:47:29Z</time></trkpt>
      <trkpt lat="37.784367" lon="-122.449787"><time>2024-06-01T13:47:59Z</time></trkpt>
      <trkpt lat="37.784241" lon="-122.449868"><time>2024-06-01T13:48:15Z</time></trkpt>
      <trkpt lat="37.784350" lon="-122.449971"><time>2024-06-01T13:48:35Z</time></trkpt>
      <trkpt lat="37.784296" lon="-122.450110"><time>2024-06-01T13:48:53Z</time></trkpt>
      <trkpt lat="37.784445" lon="-122.450129"><time>2024-06-01T13:49:20Z</time></trkpt>
      <trkpt lat="37.784425" lon="-122.449980"><time>2024-06-01T13:49:32Z</time></trkpt>
      <trkpt lat="37.784388" lon="-122.449835"><time>2024-06-01T13:49:44Z</time></trkpt>
      <trkpt lat="37.784238" lon="-122.449836"><time>2024-06-01T13:50:12Z</time></trkpt>
      <trkpt lat="37.784267" lon="-122.449688"><time>2024-06-01T13:50:25Z</time></trkpt>
      <trkpt lat="37.784216" lon="-122.449547"><time>2024-06-01T13:50:51Z</time></trkpt>
      <trkpt lat="37.784091" lon="-122.449465"><time>2024-06-01T13:51:10Z</time></trkpt>
      <trkpt lat="37.784213" lon="-122.449552"><time>2024-06-01T13:51:25Z</time></trkpt>
      <trkpt lat="37.784196" lon="-122.449701"><time>2024-06-01T13:51:37Z</time></trkpt>
      <trkpt lat="37.784154" lon="-122.449557"><time>2024-06-01T13:51:49Z</time></trkpt>
      <trkpt lat="37.784264" lon="-122.449658"><time>2024-06-01T13:52:00Z</time></trkpt>
      <trkpt lat="37.784344" lon="-122.449786"><time>2024-06-01T13:52:12Z</time></trkpt>
      <trkpt lat="37.784195" lon="-122.449806"><time>2024-06-01T13:52:39Z</time></trkpt>
      <trkpt lat="37.784336" lon="-122.449856"><time>2024-06-01T13:52:51Z</time></trkpt>
      <trkpt lat="37.784484" lon="-122.449883"><time>2024-06-01T13:53:11Z</time></trkpt>
      <trkpt lat="37.784476" lon="-122.450033"><time>2024-06-01T13:53:38Z</time></trkpt>
      <trkpt lat="37.784444" lon="-122.450179"><time>2024-06-01T13:53:49Z</time></trkpt>
      <trkpt lat="37.784340" lon="-122.450072"><time>2024-06-01T13:54:11Z</time></trkpt>
      <trkpt lat="37.784446" lon="-122.450178"><time>2024-06-01T13:54:34Z</time></trkpt>
      <trkpt lat="37.784546" lon="-122.450290"><time>2024-06-01T13:55:00Z</time></trkpt>
      <trkpt lat="37.784423" lon="-122.450203"><time>2024-06-01T13:55:24Z</time></trkpt>
      <trkpt lat="37.784570" lon="-122.450171"><time>2024-06-01T13:55:47Z</time></trkpt>
      <trkpt lat="37.784504" lon="-122.450036"><time>2024-06-01T13:56:00Z</time></trkpt>
      <trkpt lat="37.784485" lon="-122.449887"><time>2024-06-01T13:56:10Z</time></trkpt>
      <trkpt lat="37.784533" lon="-122.449745"><time>2024-06-01T13:56:32Z</time></trkpt>
      <trkpt lat="37.784412" lon="-122.449656"><time>2024-06-01T13:56:59Z</time></trkpt>
      <trkpt lat="37.784270" lon="-122.449607"><time>2024-06-01T13:57:17Z</time></trkpt>
      <trkpt lat="37.784350" lon="-122.449734"><time>2024-06-01T13:57:31Z</time></trkpt>
      <trkpt lat="37.784498" lon="-122.449710"><time>2024-06-01T13:57:56Z</time></trkpt>
      <trkpt lat="37.784352" lon="-122.449745"><time>2024-06-01T13:58:14Z</time></trkpt>
      <trkpt lat="37.784500" lon="-122.449719"><time>2024-06-01T13:58:40Z</time></trkpt>
      <trkpt lat="37.784648" lon="-122.449743"><time>2024-06-01T13:59:06Z</time></trkpt>
      <trkpt lat="37.784555" lon="-122.449861"><time>2024-06-01T13:59:28Z</time></trkpt>
      <trkpt lat="37.784621" lon="-122.449996"><time>2024-06-01T13:59:53Z</time></trkpt>
      <trkpt lat="37.784766" lon="-122.449958"><time>2024-06-01T14:00:12Z</time></trkpt>
      <trkpt lat="37.784699" lon="-122.449824"><time>2024-06-01T14:00:29Z</time></trkpt>
      <trkpt lat="37.784777" lon="-122.449695"><time>2024-06-01T14:00:51Z</time></trkpt>
      <trkpt lat="37.784636" lon="-122.449748"><time>2024-06-01T14:01:10Z</time></trkpt>
      <trkpt lat="37.784634" lon="-122.449598"><time>2024-06-01T14:01:25Z</time></trkpt>
      <trkpt lat="37.784775" lon="-122.449549"><time>2024-06-01T14:01:54Z</time></trkpt>
      <trkpt lat="37.784907" lon="-122.449477"><time>2024-06-01T14:02:17Z</time></trkpt>
      <trkpt lat="37.785055" lon="-122.449501"><time>2024-06-01T14:02:34Z</time></trkpt>
      <trkpt lat="37.785170" lon="-122.449405"><time>2024-06-01T14:02:59Z</time></trkpt>
      <trkpt lat="37.785094" lon="-122.449534"><time>2024-06-01T14:03:28Z</time></trkpt>
      <trkpt lat="37.785001" lon="-122.449652"><time>2024-06-01T14:03:48Z</time></trkpt>
      <trkpt lat="37.785151" lon="-122.449640"><time>2024-06-01T14:04:00Z</time></trkpt>
      <trkpt lat="37.785069" lon="-122.449765"><time>2024-06-01T14:04:14Z</time></trkpt>
      <trkpt lat="37.785083" lon="-122.449616"><time>2024-06-01T14:04:42Z</time></trkpt>
      <trkpt lat="37.785228" lon="-122.449654"><time>2024-06-01T14:04:58Z</time></trkpt>
      <trkpt lat="37.785287" lon="-122.449516"><time>2024-06-01T14:05:15Z</time></trkpt>
      <trkpt lat="37.785380" lon="-122.449398"><time>2024-06-01T14:05:31Z</time></trkpt>
      <trkpt lat="37.785261" lon="-122.449308"><time>2024-06-01T14:05:57Z</time></trkpt>
      <trkpt lat="37.785117" lon="-122.449266"><time>2024-06-01T14:06:12Z</time></trkpt>
      <trkpt lat="37.785010" lon="-122.449160"><time>2024-06-01T14:06:34Z</time></trkpt>
      <trkpt lat="37.784957" lon="-122.449300"><time>2024-06-01T14:06:46Z</time></trkpt>
      <trkpt lat="37.784989" lon="-122.449446"><time>2024-06-01T14:07:14Z</time></trkpt>
      <trkpt lat="37.784857" lon="-122.449375"><time>2024-06-01T14:07:38Z</time></trkpt>
      <trkpt lat="37.784724" lon="-122.449445"><time>2024-06-01T14:07:58Z</time></trkpt>
      <trkpt lat="37.784578" lon="-122.449411"><time>2024-06-01T14:08:12Z</time></trkpt>
      <trkpt lat="37.784728" lon="-122.449402"><time>2024-06-01T14:08:42Z</time></trkpt>
      <trkpt lat="37.784817" lon="-122.449523"><time>2024-06-01T14:08:52Z</time></trkpt>
      <trkpt lat="37.784898" lon="-122.449396"><time>2024-06-01T14:09:15Z</time></trkpt>
      <trkpt lat="37.784834" lon="-122.449532"><time>2024-06-01T14:09:33Z</time></trkpt>
      <trkpt lat="37.784941" lon="-122.449426"><time>2024-06-01T14:09:48Z</time></trkpt>
      <trkpt lat="37.784907" lon="-122.449280"><time>2024-06-01T14:10:01Z</time></trkpt>
      <trkpt lat="37.785009" lon="-122.449390"><time>2024-06-01T14:10:25Z</time></trkpt>
      <trkpt lat="37.784898" lon="-122.449289"><time>2024-06-01T14:10:44Z</time></trkpt>
      <trkpt lat="37.784904" lon="-122.449439"><time>2024-06-01T14:11:03Z</time></trkpt>
      <trkpt lat="37.784801" lon="-122.449330"><time>2024-06-01T14:11:20Z</time></trkpt>
      <trkpt lat="37.784841" lon="-122.449475"><time>2024-06-01T14:11:41Z</time></trkpt>
      <trkpt lat="37.784983" lon="-122.449426"><time>2024-06-01T14:11:51Z</time></trkpt>
      <trkpt lat="37.785098" lon="-122.449329"><time>2024-06-01T14:12:04Z</time></trkpt>
      <trkpt lat="37.784957" lon="-122.449382"><time>2024-06-01T14:12:14Z</time></trkpt>
      <trkpt lat="37.785107" lon="-122.449392"><time>2024-06-01T14:12:38Z</time></trkpt>
      <trkpt lat="37.785004" lon="-122.449501"><time>2024-06-01T14:12:57Z</time></trkpt>
      <trkpt lat="37.784979" lon="-122.449649"><time>2024-06-01T14:13:18Z</time></trkpt>
      <trkpt lat="37.784921" lon="-122.449511"><time>2024-06-01T14:13:40Z</time></trkpt>
      <trkpt lat="37.784830" lon="-122.449630"><time>2024-06-01T14:14:03Z</time></trkpt>
      <trkpt lat="37.784979" lon="-122.449649"><time>2024-06-01T14:14:19Z</time></trkpt>
      <trkpt lat="37.784843" lon="-122.449713"><time>2024-06-01T14:14:36Z</time></trkpt>
      <trkpt lat="37.784705" lon="-122.449656"><time>2024-06-01T14:15:01Z</time></trkpt>
      <trkpt lat="37.784691" lon="-122.449805"><time>2024-06-01T14:15:11Z</time></trkpt>
      <trkpt lat="37.784552" lon="-122.449750"><time>2024-06-01T14:15:35Z</time></trkpt>
      <trkpt lat="37.784444" lon="-122.449646"><time>2024-06-01T14:15:50Z</time></trkpt>
      <trkpt lat="37.784587" lon="-122.449690"><time>2024-06-01T14:16:14Z</time></trkpt>
      <trkpt lat="37.784713" lon="-122.449772"><time>2024-06-01T14:16:37Z</time></trkpt>
      <trkpt lat="37.784564" lon="-122.449794"><time>2024-06-01T14:17:07Z</time></trkpt>
      <trkpt lat="37.784430" lon="-122.449860"><time>2024-06-01T14:17:31Z</time></trkpt>
      <trkpt lat="37.784499" lon="-122.449726"><time>2024-06-01T14:17:59Z</time></trkpt>
      <trkpt lat="37.784457" lon="-122.449871"><time>2024-06-01T14:18:27Z</time></trkpt>
      <trkpt lat="37.784602" lon="-122.449910"><time>2024-06-01T14:18:55Z</time></trkpt>
      <trkpt lat="37.784596" lon="-122.449760"><time>2024-06-01T14:19:05Z</time></trkpt>
      <trkpt lat="37.784660" lon="-122.449625"><time>2024-06-01T14:19:35Z</time></trkpt>
      <trkpt lat="37.784644" lon="-122.449476"><time>2024-06-01T14:19:57Z</time></trkpt>
      <trkpt lat="37.784629" lon="-122.449625"><time>2024-06-01T14:20:27Z</time></trkpt>
      <trkpt lat="37.784750" lon="-122.449536"><time>2024-06-01T14:20:49Z</time></trkpt>
      <trkpt lat="37.784695" lon="-122.449396"><time>2024-06-01T14:21:08Z</time></trkpt>
      <trkpt lat="37.784561" lon="-122.449462"><time>2024-06-01T14:21:26Z</time></trkpt>
      <trkpt lat="37.784697" lon="-122.449524"><time>2024-06-01T14:21:40Z</time></trkpt>
      <trkpt lat="37.784605" lon="-122.449405"><time>2024-06-01T14:21:59Z</time></trkpt>
      <trkpt lat="37.784505" lon="-122.449516"><time>2024-06-01T14:22:12Z</time></trkpt>
      <trkpt lat="37.784430" lon="-122.449647"><time>2024-06-01T14:22:33Z</time></trkpt>
      <trkpt lat="37.784577" lon="-122.449618"><time>2024-06-01T14:22:47Z</time></trkpt>
      <trkpt lat="37.784715" lon="-122.449557"><time>2024-06-01T14:23:07Z</time></trkpt>
      <trkpt lat="37.784565" lon="-122.449554"><time>2024-06-01T14:23:24Z</time></trkpt>
      <trkpt lat="37.784451" lon="-122.449651"><time>2024-06-01T14:23:52Z</time></trkpt>
      <trkpt lat="37.784347" lon="-122.449542"><time>2024-06-01T14:24:21Z</time></trkpt>
      <trkpt lat="37.784464" lon="-122.449637"><time>2024-06-01T14:24:41Z</time></trkpt>
      <trkpt lat="37.784317" lon="-122.449667"><time>2024-06-01T14:24:56Z</time></trkpt>
      <trkpt lat="37.784322" lon="-122.449817"><time>2024-06-01T14:25:06Z</time></trkpt>
      <trkpt lat="37.784250" lon="-122.449686"><time>2024-06-01T14:25:29Z</time></trkpt>
      <trkpt lat="37.784129" lon="-122.449596"><time>2024-06-01T14:25:53Z</time></trkpt>
      <trkpt lat="37.784170" lon="-122.449452"><time>2024-06-01T14:26:17Z</time></trkpt>
      <trkpt lat="37.784029" lon="-122.449502"><time>2024-06-01T14:26:45Z</time></trkpt>
      <trkpt lat="37.784004" lon="-122.449650"><time>2024-06-01T14:27:00Z</time></trkpt>
      <trkpt lat="37.784150" lon="-122.449613"><time>2024-06-01T14:27:11Z</time></trkpt>
      <trkpt lat="37.784263" lon="-122.449515"><time>2024-06-01T14:27:28Z</time></trkpt>
      <trkpt lat="37.784321" lon="-122.449377"><time>2024-06-01T14:27:52Z</time></trkpt>
      <trkpt lat="37.784243" lon="-122.449505"><time>2024-06-01T14:28:09Z</time></trkpt>
      <trkpt lat="37.784386" lon="-122.449551"><time>2024-06-01T14:28:23Z</time></trkpt>
      <trkpt lat="37.784409" lon="-122.449403"><time>2024-06-01T14:28:39Z</time></trkpt>
      <trkpt lat="37.784558" lon="-122.449418"><time>2024-06-01T14:28:57Z</time></trkpt>
      <trkpt lat="37.784636" lon="-122.449546"><time>2024-06-01T14:29:18Z</time></trkpt>
      <trkpt lat="37.784596" lon="-122.449690"><time>2024-06-01T14:29:33Z</time></trkpt>
      <trkpt lat="37.784695" lon="-122.449802"><time>2024-06-01T14:30:02Z</time></trkpt>
      <trkpt lat="37.784571" lon="-122.449886"><time>2024-06-01T14:30:28Z</time></trkpt>
      <trkpt lat="37.784687" lon="-122.449791"><time>2024-06-01T14:30:44Z</time></trkpt>
      <trkpt lat="37.784538" lon="-122.449811"><time>2024-06-01T14:30:55Z</time></trkpt>
      <trkpt lat="37.784661" lon="-122.449724"><time>2024-06-01T14:31:07Z</time></trkpt>
      <trkpt lat="37.784680" lon="-122.449873"><time>2024-06-01T14:31:31Z</time></trkpt>
      <trkpt lat="37.784543" lon="-122.449934"><time>2024-06-01T14:32:00Z</time></trkpt>
      <trkpt lat="37.784592" lon="-122.450076"><time>2024-06-01T14:32:11Z</time></trkpt>
      <trkpt lat="37.784451" lon="-122.450125"><time>2024-06-01T14:32:32Z</time></trkpt>
      <trkpt lat="37.784339" lon="-122.450225"><time>2024-06-01T14:32:50Z</time></trkpt>
      <trkpt lat="37.784222" lon="-122.450318"><time>2024-06-01T14:33:09Z</time></trkpt>
      <trkpt lat="37.784329" lon="-122.450423"><time>2024-06-01T14:33:28Z</time></trkpt>
      <trkpt lat="37.784466" lon="-122.450363"><time>2024-06-01T14:33:50Z</time></trkpt>
      <trkpt lat="37.784537" lon="-122.450231"><time>2024-06-01T14:34:04Z</time></trkpt>
      <trkpt lat="37.784469" lon="-122.450097"><time>2024-06-01T14:34:26Z</time></trkpt>
      <trkpt lat="37.784568" lon="-122.449984"><time>2024-06-01T14:34:48Z</time></trkpt>
      <trkpt lat="37.784696" lon="-122.449906"><time>2024-06-01T14:35:13Z</time></trkpt>
      <trkpt lat="37.784550" lon="-122.449871"><time>2024-06-01T14:35:36Z</time></trkpt>
      <trkpt lat="37.784661" lon="-122.449971"><time>2024-06-01T14:35:48Z</time></trkpt>
      <trkpt lat="37.784676" lon="-122.450121"><time>2024-06-01T14:36:13Z</time></trkpt>
      <trkpt lat="37.784715" lon="-122.449976"><time>2024-06-01T14:36:37Z</time></trkpt>
      <trkpt lat="37.784810" lon="-122.449860"><time>2024-06-01T14:37:04Z</time></trkpt>
      <trkpt lat="37.784881" lon="-122.449728"><time>2024-06-01T14:37:17Z</time></trkpt>
      <trkpt lat="37.784741" lon="-122.449782"><time>2024-06-01T14:37:38Z</time></trkpt>
      <trkpt lat="37.784637" lon="-122.449890"><time>2024-06-01T14:37:51Z</time></trkpt>
      <trkpt lat="37.784785" lon="-122.449918"><time>2024-06-01T14:38:05Z</time></trkpt>
      <trkpt lat="37.784930" lon="-122.449956"><time>2024-06-01T14:38:24Z</time></trkpt>
      <trkpt lat="37.784979" lon="-122.449814"><time>2024-06-01T14:38:42Z</time></trkpt>
      <trkpt lat="37.784861" lon="-122.449907"><time>2024-06-01T14:39:07Z</time></trkpt>
      <trkpt lat="37.784972" lon="-122.450008"><time>2024-06-01T14:39:31Z</time></trkpt>
      <trkpt lat="37.785042" lon="-122.449875"><time>2024-06-01T14:39:51Z</time></trkpt>
      <trkpt lat="37.784972" lon="-122.449743"><time>2024-06-01T14:40:11Z</time></trkpt>
      <trkpt lat="37.784822" lon="-122.449751"><time>2024-06-01T14:40:23Z</time></trkpt>
      <trkpt lat="37.784702" lon="-122.449841"><time>2024-06-01T14:40:41Z</time></trkpt>
      <trkpt lat="37.784758" lon="-122.449980"><time>2024-06-01T14:41:00Z</time></trkpt>
      <trkpt lat="37.784781" lon="-122.449831"><time>2024-06-01T14:41:24Z</time></trkpt>
      <trkpt lat="37.784923" lon="-122.449784"><time>2024-06-01T14:41:40Z</time></trkpt>
      <trkpt lat="37.784783" lon="-122.449836"><time>2024-06-01T14:42:08Z</time></trkpt>
      <trkpt lat="37.784790" lon="-122.449986"><time>2024-06-01T14:42:33Z</time></trkpt>
      <trkpt lat="37.784669" lon="-122.450075"><time>2024-06-01T14:42:44Z</time></trkpt>
      <trkpt lat="37.784725" lon="-122.450214"><time>2024-06-01T14:43:09Z</time></trkpt>
      <trkpt lat="37.784850" lon="-122.450298"><time>2024-06-01T14:43:39Z</time></trkpt>
      <trkpt lat="37.784709" lon="-122.450247"><time>2024-06-01T14:43:54Z</time></trkpt>
      <trkpt lat="37.784574" lon="-122.450181"><time>2024-06-01T14:44:23Z</time></trkpt>
      <trkpt lat="37.784452" lon="-122.450269"><time>2024-06-01T14:44:40Z</time></trkpt>
      <trkpt lat="37.784372" lon="-122.450396"><time>2024-06-01T14:44:55Z</time></trkpt>
      <trkpt lat="37.784251" lon="-122.450307"><time>2024-06-01T14:45:18Z</time></trkpt>
      <trkpt lat="37.784102" lon="-122.450328"><time>2024-06-01T14:45:35Z</time></trkpt>
      <trkpt lat="37.784123" lon="-122.450180"><time>2024-06-01T14:45:50Z</time></trkpt>
      <trkpt lat="37.784117" lon="-122.450030"><time>2024-06-01T14:46:20Z</time></trkpt>
      <trkpt lat="37.783990" lon="-122.450110"><time>2024-06-01T14:46:43Z</time></trkpt>
      <trkpt lat="37.784002" lon="-122.449961"><time>2024-06-01T14:47:10Z</time></trkpt>
      <trkpt lat="37.783946" lon="-122.450100"><time>2024-06-01T14:47:29Z</time></trkpt>
      <trkpt lat="37.784090" lon="-122.450143"><time>2024-06-01T14:47:46Z</time></trkpt>
      <trkpt lat="37.784240" lon="-122.450147"><time>2024-06-01T14:48:11Z</time></trkpt>
      <trkpt lat="37.784357" lon="-122.450241"><time>2024-06-01T14:48:41Z</time></trkpt>
      <trkpt lat="37.784210" lon="-122.450209"><time>2024-06-01T14:49:08Z</time></trkpt>
      <trkpt lat="37.784074" lon="-122.450147"><time>2024-06-01T14:49:22Z</time></trkpt>
      <trkpt lat="37.784213" lon="-122.450093"><time>2024-06-01T14:49:48Z</time></trkpt>
      <trkpt lat="37.784330" lon="-122.449998"><time>2024-06-01T14:50:15Z</time></trkpt>
      <trkpt lat="37.784390" lon="-122.449861"><time>2024-06-01T14:50:42Z</time></trkpt>
      <trkpt lat="37.784512" lon="-122.449949"><time>2024-06-01T14:51:11Z</time></trkpt>
      <trkpt lat="37.784495" lon="-122.450098"><time>2024-06-01T14:51:35Z</time></trkpt>
      <trkpt lat="37.784535" lon="-122.450243"><time>2024-06-01T14:51:49Z</time></trkpt>
      <trkpt lat="37.784630" lon="-122.450127"><time>2024-06-01T14:52:14Z</time></trkpt>
      <trkpt lat="37.784485" lon="-122.450088"><time>2024-06-01T14:52:29Z</time></trkpt>
      <trkpt lat="37.784614" lon="-122.450012"><time>2024-06-01T14:52:54Z</time></trkpt>
      <trkpt lat="37.784472" lon="-122.450058"><time>2024-06-01T14:53:18Z</time></trkpt>
      <trkpt lat="37.784597" lon="-122.449976"><time>2024-06-01T14:53:48Z</time></trkpt>
      <trkpt lat="37.784659" lon="-122.450112"><time>2024-06-01T14:54:11Z</time></trkpt>
      <trkpt lat="37.784800" lon="-122.450163"><time>2024-06-01T14:54:21Z</time></trkpt>
      <trkpt lat="37.784949" lon="-122.450176"><time>2024-06-01T14:54:33Z</time></trkpt>
      <trkpt lat="37.784847" lon="-122.450286"><time>2024-06-01T14:54:53Z</time></trkpt>
      <trkpt lat="37.784810" lon="-122.450141"><time>2024-06-01T14:55:05Z</time></trkpt>
      <trkpt lat="37.784756" lon="-122.450001"><time>2024-06-01T14:55:28Z</time></trkpt>
      <trkpt lat="37.784787" lon="-122.449854"><time>2024-06-01T14:55:42Z</time></trkpt>
      <trkpt lat="37.784827" lon="-122.449998"><time>2024-06-01T14:55:52Z</time></trkpt>
      <trkpt lat="37.784693" lon="-122.450064"><time>2024-06-01T14:56:11Z</time></trkpt>
      <trkpt lat="37.784841" lon="-122.450086"><time>2024-06-01T14:56:24Z</time></trkpt>
      <trkpt lat="37.784830" lon="-122.449937"><time>2024-06-01T14:56:35Z</time></trkpt>
      <trkpt lat="37.784680" lon="-122.449923"><time>2024-06-01T14:57:02Z</time></trkpt>
      <trkpt lat="37.784798" lon="-122.449830"><time>2024-06-01T14:57:31Z</time></trkpt>
      <trkpt lat="37.784815" lon="-122.449681"><time>2024-06-01T14:57:49Z</time></trkpt>
      <trkpt lat="37.784952" lon="-122.449621"><time>2024-06-01T14:58:09Z</time></trkpt>
      <trkpt lat="37.785073" lon="-122.449710"><time>2024-06-01T14:58:24Z</time></trkpt>
      <trkpt lat="37.785144" lon="-122.449578"><time>2024-06-01T14:58:53Z</time></trkpt>
      <trkpt lat="37.785193" lon="-122.449436"><time>2024-06-01T14:59:23Z</time></trkpt>
      <trkpt lat="37.785064" lon="-122.449359"><time>2024-06-01T14:59:50Z</time></trkpt>
      <trkpt lat="37.785142" lon="-122.449487"><time>2024-06-01T15:00:05Z</time></trkpt>
      <trkpt lat="37.785286" lon="-122.449446"><time>2024-06-01T15:00:22Z</time></trkpt>
      <trkpt lat="37.785208" lon="-122.449574"><time>2024-06-01T15:00:33Z</time></trkpt>
      <trkpt lat="37.785146" lon="-122.449710"><time>2024-06-01T15:00:50Z</time></trkpt>
      <trkpt lat="37.785296" lon="-122.449721"><time>2024-06-01T15:01:16Z</time></trkpt>
      <trkpt lat="37.785333" lon="-122.449576"><time>2024-06-01T15:01:43Z</time></trkpt>
      <trkpt lat="37.785183" lon="-122.449562"><time>2024-06-01T15:02:13Z</time></trkpt>
      <trkpt lat="37.785092" lon="-122.449443"><time>2024-06-01T15:02:34Z</time></trkpt>
      <trkpt lat="37.785148" lon="-122.449582"><time>2024-06-01T15:02:49Z</time></trkpt>
      <trkpt lat="37.785250" lon="-122.449472"><time>2024-06-01T15:03:06Z</time></trkpt>
      <trkpt lat="37.785338" lon="-122.449594"><time>2024-06-01T15:03:34Z</time></trkpt>
      <trkpt lat="37.785188" lon="-122.449609"><time>2024-06-01T15:03:49Z</time></trkpt>
      <trkpt lat="37.785204" lon="-122.449758"><time>2024-06-01T15:04:13Z</time></trkpt>
      <trkpt lat="37.785342" lon="-122.449698"><time>2024-06-01T15:04:24Z</time></trkpt>
      <trkpt lat="37.785201" lon="-122.449648"><time>2024-06-01T15:04:50Z</time></trkpt>
      <trkpt lat="37.785274" lon="-122.449779"><time>2024-06-01T15:05:11Z</time></trkpt>
      <trkpt lat="37.785124" lon="-122.449782"><time>2024-06-01T15:05:23Z</time></trkpt>
      <trkpt lat="37.784985" lon="-122.449727"><time>2024-06-01T15:05:38Z</time></trkpt>
      <trkpt lat="37.784880" lon="-122.449619"><time>2024-06-01T15:05:50Z</time></trkpt>
      <trkpt lat="37.784807" lon="-122.449488"><time>2024-06-01T15:06:10Z</time></trkpt>
      <trkpt lat="37.784668" lon="-122.449543"><time>2024-06-01T15:06:32Z</time></trkpt>
      <trkpt lat="37.784689" lon="-122.449394"><time>2024-06-01T15:06:58Z</time></trkpt>
      <trkpt lat="37.784836" lon="-122.449419"><time>2024-06-01T15:07:20Z</time></trkpt>
      <trkpt lat="37.784955" lon="-122.449327"><time>2024-06-01T15:07:46Z</time></trkpt>
      <trkpt lat="37.784824" lon="-122.449399"><time>2024-06-01T15:08:09Z</time></trkpt>
      <trkpt lat="37.784769" lon="-122.449539"><time>2024-06-01T15:08:28Z</time></trkpt>
      <trkpt lat="37.784678" lon="-122.449420"><time>2024-06-01T15:08:44Z</time></trkpt>
      <trkpt lat="37.784743" lon="-122.449285"><time>2024-06-01T15:09:12Z</time></trkpt>
      <trkpt lat="37.784859" lon="-122.449190"><time>2024-06-01T15:09:34Z</time></trkpt>
      <trkpt lat="37.785005" lon="-122.449222"><time>2024-06-01T15:09:45Z</time></trkpt>
      <trkpt lat="37.784937" lon="-122.449089"><time>2024-06-01T15:10:00Z</time></trkpt>
      <trkpt lat="37.785010" lon="-122.448958"><time>2024-06-01T15:10:12Z</time></trkpt>
      <trkpt lat="37.785068" lon="-122.449096"><time>2024-06-01T15:10:22Z</time></trkpt>
      <trkpt lat="37.785104" lon="-122.449242"><time>2024-06-01T15:10:52Z</time></trkpt>
      <trkpt lat="37.785143" lon="-122.449387"><time>2024-06-01T15:11:20Z</time></trkpt>
      <trkpt lat="37.785135" lon="-122.449537"><time>2024-06-01T15:11:35Z</time></trkpt>
      <trkpt lat="37.785077" lon="-122.449399"><time>2024-06-01T15:11:58Z</time></trkpt>
      <trkpt lat="37.785138" lon="-122.449535"><time>2024-06-01T15:12:14Z</time></trkpt>
      <trkpt lat="37.785258" lon="-122.449445"><time>2024-06-01T15:12:30Z</time></trkpt>
      <trkpt lat="37.785116" lon="-122.449395"><time>2024-06-01T15:12:49Z</time></trkpt>
      <trkpt lat="37.785105" lon="-122.449246"><time>2024-06-01T15:13:18Z</time></trkpt>
      <trkpt lat="37.785081" lon="-122.449394"><time>2024-06-01T15:13:39Z</time></trkpt>
      <trkpt lat="37.784958" lon="-122.449309"><time>2024-06-01T15:13:50Z</time></trkpt>
      <trkpt lat="37.784836" lon="-122.449221"><time>2024-06-01T15:14:00Z</time></trkpt>
      <trkpt lat="37.784863" lon="-122.449369"><time>2024-06-01T15:14:25Z</time></trkpt>
      <trkpt lat="37.784732" lon="-122.449442"><time>2024-06-01T15:14:43Z</time></trkpt>
      <trkpt lat="37.784582" lon="-122.449428"><time>2024-06-01T15:14:54Z</time></trkpt>
      <trkpt lat="37.784449" lon="-122.449359"><time>2024-06-01T15:15:21Z</time></trkpt>
      <trkpt lat="37.784344" lon="-122.449252"><time>2024-06-01T15:15:46Z</time></trkpt>
      <trkpt lat="37.784332" lon="-122.449401"><time>2024-06-01T15:16:03Z</time></trkpt>
      <trkpt lat="37.784184" lon="-122.449422"><time>2024-06-01T15:16:21Z</time></trkpt>
      <trkpt lat="37.784322" lon="-122.449363"><time>2024-06-01T15:16:45Z</time></trkpt>
      <trkpt lat="37.784243" lon="-122.449491"><time>2024-06-01T15:17:00Z</time></trkpt>
      <trkpt lat="37.784393" lon="-122.449491"><time>2024-06-01T15:17:11Z</time></trkpt>
      <trkpt lat="37.784542" lon="-122.449479"><time>2024-06-01T15:17:35Z</time></trkpt>
      <trkpt lat="37.784532" lon="-122.449329"><time>2024-06-01T15:17:50Z</time></trkpt>
      <trkpt lat="37.784420" lon="-122.449229"><time>2024-06-01T15:18:00Z</time></trkpt>
      <trkpt lat="37.784375" lon="-122.449372"><time>2024-06-01T15:18:13Z</time></trkpt>
      <trkpt lat="37.784259" lon="-122.449467"><time>2024-06-01T15:18:25Z</time></trkpt>
      <trkpt lat="37.784238" lon="-122.449319"><time>2024-06-01T15:18:47Z</time></trkpt>
      <trkpt lat="37.784135" lon="-122.449428"><time>2024-06-01T15:19:00Z</time></trkpt>
      <trkpt lat="37.784016" lon="-122.449520"><time>2024-06-01T15:19:16Z</time></trkpt>
      <trkpt lat="37.784166" lon="-122.449517"><time>2024-06-01T15:19:40Z</time></trkpt>
      <trkpt lat="37.784070" lon="-122.449632"><time>2024-06-01T15:20:01Z</time></trkpt>
      <trkpt lat="37.783934" lon="-122.449693"><time>2024-06-01T15:20:24Z</time></trkpt>
      <trkpt lat="37.784010" lon="-122.449565"><time>2024-06-01T15:20:48Z</time></trkpt>
      <trkpt lat="37.784147" lon="-122.449626"><time>2024-06-01T15:21:08Z</time></trkpt>
      <trkpt lat="37.784161" lon="-122.449476"><time>2024-06-01T15:21:36Z</time></trkpt>
      <trkpt lat="37.784310" lon="-122.449496"><time>2024-06-01T15:21:57Z</time></trkpt>
      <trkpt lat="37.784185" lon="-122.449412"><time>2024-06-01T15:22:25Z</time></trkpt>
      <trkpt lat="37.784040" lon="-122.449374"><time>2024-06-01T15:22:51Z</time></trkpt>
      <trkpt lat="37.784067" lon="-122.449226"><time>2024-06-01T15:23:04Z</time></trkpt>
      <trkpt lat="37.784169" lon="-122.449117"><time>2024-06-01T15:23:25Z</time></trkpt>
      <trkpt lat="37.784211" lon="-122.449261"><time>2024-06-01T15:23:48Z</time></trkpt>
      <trkpt lat="37.784361" lon="-122.449276"><time>2024-06-01T15:24:15Z</time></trkpt>
      <trkpt lat="37.784317" lon="-122.449133"><time>2024-06-01T15:24:43Z</time></trkpt>
      <trkpt lat="37.784302" lon="-122.448983"><time>2024-06-01T15:24:55Z</time></trkpt>
      <trkpt lat="37.784382" lon="-122.449110"><time>2024-06-01T15:25:11Z</time></trkpt>
      <trkpt lat="37.784239" lon="-122.449064"><time>2024-06-01T15:25:26Z</time></trkpt>
      <trkpt lat="37.784268" lon="-122.449211"><time>2024-06-01T15:25:43Z</time></trkpt>
      <trkpt lat="37.784131" lon="-122.449150"><time>2024-06-01T15:26:07Z</time></trkpt>
      <trkpt lat="37.783982" lon="-122.449165"><time>2024-06-01T15:26:30Z</time></trkpt>
      <trkpt lat="37.784127" lon="-122.449128"><time>2024-06-01T15:26:47Z</time></trkpt>
      <trkpt lat="37.784035" lon="-122.449010"><time>2024-06-01T15:27:08Z</time></trkpt>
      <trkpt lat="37.784076" lon="-122.449154"><time>2024-06-01T15:27:27Z</time></trkpt>
      <trkpt lat="37.784123" lon="-122.449297"><time>2024-06-01T15:27:44Z</time></trkpt>
      <trkpt lat="37.784232" lon="-122.449400"><time>2024-06-01T15:28:07Z</time></trkpt>
      <trkpt lat="37.784212" lon="-122.449252"><time>2024-06-01T15:28:31Z</time></trkpt>
      <trkpt lat="37.784188" lon="-122.449400"><time>2024-06-01T15:28:49Z</time></trkpt>
      <trkpt lat="37.784091" lon="-122.449514"><time>2024-06-01T15:29:06Z</time></trkpt>
      <trkpt lat="37.784115" lon="-122.449662"><time>2024-06-01T15:29:28Z</time></trkpt>
      <trkpt lat="37.783969" lon="-122.449629"><time>2024-06-01T15:29:46Z</time></trkpt>
      <trkpt lat="37.783871" lon="-122.449515"><time>2024-06-01T15:30:07Z</time></trkpt>
      <trkpt lat="37.783744" lon="-122.449594"><time>2024-06-01T15:30:25Z</time></trkpt>
      <trkpt lat="37.783626" lon="-122.449686"><time>2024-06-01T15:30:52Z</time></trkpt>
      <trkpt lat="37.783697" lon="-122.449818"><time>2024-06-01T15:31:12Z</time></trkpt>
      <trkpt lat="37.783838" lon="-122.449870"><time>2024-06-01T15:31:23Z</time></trkpt>
      <trkpt lat="37.783954" lon="-122.449965"><time>2024-06-01T15:31:39Z</time></trkpt>
      <trkpt lat="37.783879" lon="-122.450095"><time>2024-06-01T15:32:01Z</time></trkpt>
      <trkpt lat="37.784012" lon="-122.450025"><time>2024-06-01T15:32:20Z</time></trkpt>
      <trkpt lat="37.784012" lon="-122.450175"><time>2024-06-01T15:32:42Z</time></trkpt>
      <trkpt lat="37.783965" lon="-122.450032"><time>2024-06-01T15:33:00Z</time></trkpt>
      <trkpt lat="37.784103" lon="-122.449972"><time>2024-06-01T15:33:16Z</time></trkpt>
      <trkpt lat="37.784034" lon="-122.449839"><time>2024-06-01T15:33:28Z</time></trkpt>
      <trkpt lat="37.783889" lon="-122.449802"><time>2024-06-01T15:33:56Z</time></trkpt>
      <trkpt lat="37.783966" lon="-122.449673"><time>2024-06-01T15:34:11Z</time></trkpt>
      <trkpt lat="37.783833" lon="-122.449742"><time>2024-06-01T15:34:40Z</time></trkpt>
      <trkpt lat="37.783684" lon="-122.449726"><time>2024-06-01T15:34:50Z</time></trkpt>
      <trkpt lat="37.783541" lon="-122.449680"><time>2024-06-01T15:35:11Z</time></trkpt>
      <trkpt lat="37.783398" lon="-122.449726"><time>2024-06-01T15:35:38Z</time></trkpt>
      <trkpt lat="37.783446" lon="-122.449868"><time>2024-06-01T15:36:00Z</time></trkpt>
      <trkpt lat="37.783297" lon="-122.449878"><time>2024-06-01T15:36:19Z</time></trkpt>
      <trkpt lat="37.783293" lon="-122.449728"><time>2024-06-01T15:36:30Z</time></trkpt>
      <trkpt lat="37.783422" lon="-122.449805"><time>2024-06-01T15:36:44Z</time></trkpt>
      <trkpt lat="37.783511" lon="-122.449684"><time>2024-06-01T15:37:12Z</time></trkpt>
      <trkpt lat="37.783548" lon="-122.449829"><time>2024-06-01T15:37:37Z</time></trkpt>
      <trkpt lat="37.783673" lon="-122.449912"><time>2024-06-01T15:37:51Z</time></trkpt>
      <trkpt lat="37.783813" lon="-122.449965"><time>2024-06-01T15:38:03Z</time></trkpt>
      <trkpt lat="37.783678" lon="-122.449901"><time>2024-06-01T15:38:17Z</time></trkpt>
      <trkpt lat="37.783573" lon="-122.450008"><time>2024-06-01T15:38:47Z</time></trkpt>
      <trkpt lat="37.783471" lon="-122.449898"><time>2024-06-01T15:38:58Z</time></trkpt>
      <trkpt lat="37.783598" lon="-122.449979"><time>2024-06-01T15:39:21Z</time></trkpt>
      <trkpt lat="37.783608" lon="-122.449829"><time>2024-06-01T15:39:42Z</time></trkpt>
      <trkpt lat="37.783757" lon="-122.449842"><time>2024-06-01T15:40:11Z</time></trkpt>
      <trkpt lat="37.783638" lon="-122.449933"><time>2024-06-01T15:40:36Z</time></trkpt>
      <trkpt lat="37.783493" lon="-122.449895"><time>2024-06-01T15:40:55Z</time></trkpt>
      <trkpt lat="37.783520" lon="-122.450042"><time>2024-06-01T15:41:15Z</time></trkpt>
      <trkpt lat="37.783493" lon="-122.450190"><time>2024-06-01T15:41:44Z</time></trkpt>
      <trkpt lat="37.783625" lon="-122.450260"><time>2024-06-01T15:41:55Z</time></trkpt>
      <trkpt lat="37.783477" lon="-122.450236"><time>2024-06-01T15:42:15Z</time></trkpt>
      <trkpt lat="37.783625" lon="-122.450260"><time>2024-06-01T15:42:25Z</time></trkpt>
      <trkpt lat="37.783505" lon="-122.450170"><time>2024-06-01T15:42:38Z</time></trkpt>
      <trkpt lat="37.783643" lon="-122.450229"><time>2024-06-01T15:42:59Z</time></trkpt>
      <trkpt lat="37.783625" lon="-122.450378"><time>2024-06-01T15:43:16Z</time></trkpt>
      <trkpt lat="37.783483" lon="-122.450427"><time>2024-06-01T15:43:40Z</time></trkpt>
      <trkpt lat="37.783337" lon="-122.450460"><time>2024-06-01T15:44:07Z</time></trkpt>
      <trkpt lat="37.783275" lon="-122.450597"><time>2024-06-01T15:44:17Z</time></trkpt>
      <trkpt lat="37.783125" lon="-122.450603"><time>2024-06-01T15:44:32Z</time></trkpt>
      <trkpt lat="37.783117" lon="-122.450454"><time>2024-06-01T15:44:50Z</time></trkpt>
      <trkpt lat="37.783187" lon="-122.450321"><time>2024-06-01T15:45:01Z</time></trkpt>
      <trkpt lat="37.783037" lon="-122.450327"><time>2024-06-01T15:45:31Z</time></trkpt>
      <trkpt lat="37.783096" lon="-122.450190"><time>2024-06-01T15:45:50Z</time></trkpt>
      <trkpt lat="37.783237" lon="-122.450138"><time>2024-06-01T15:46:15Z</time></trkpt>
      <trkpt lat="37.783089" lon="-122.450162"><time>2024-06-01T15:46:32Z</time></trkpt>
      <trkpt lat="37.782973" lon="-122.450257"><time>2024-06-01T15:46:50Z</time></trkpt>
      <trkpt lat="37.782823" lon="-122.450259"><time>2024-06-01T15:47:10Z</time></trkpt>
      <trkpt lat="37.782921" lon="-122.450373"><time>2024-06-01T15:47:27Z</time></trkpt>
      <trkpt lat="37.782950" lon="-122.450520"><time>2024-06-01T15:47:37Z</time></trkpt>
      <trkpt lat="37.782830" lon="-122.450611"><time>2024-06-01T15:47:57Z</time></trkpt>
      <trkpt lat="37.782685" lon="-122.450573"><time>2024-06-01T15:48:08Z</time></trkpt>
      <trkpt lat="37.782588" lon="-122.450688"><time>2024-06-01T15:48:23Z</time></trkpt>
      <trkpt lat="37.782650" lon="-122.450824"><time>2024-06-01T15:48:35Z</time></trkpt>
      <trkpt lat="37.782568" lon="-122.450950"><time>2024-06-01T15:48:45Z</time></trkpt>
      <trkpt lat="37.782503" lon="-122.450814"><time>2024-06-01T15:49:11Z</time></trkpt>
      <trkpt lat="37.782459" lon="-122.450958"><time>2024-06-01T15:49:30Z</time></trkpt>
      <trkpt lat="37.782496" lon="-122.451103"><time>2024-06-01T15:49:43Z</time></trkpt>
      <trkpt lat="37.782526" lon="-122.451250"><time>2024-06-01T15:50:08Z</time></trkpt>
      <trkpt lat="37.782399" lon="-122.451331"><time>2024-06-01T15:50:22Z</time></trkpt>
      <trkpt lat="37.782321" lon="-122.451202"><time>2024-06-01T15:50:36Z</time></trkpt>
      <trkpt lat="37.782448" lon="-122.451283"><time>2024-06-01T15:50:58Z</time></trkpt>
      <trkpt lat="37.782425" lon="-122.451134"><time>2024-06-01T15:51:19Z</time></trkpt>
      <trkpt lat="37.782575" lon="-122.451122"><time>2024-06-01T15:51:43Z</time></trkpt>
      <trkpt lat="37.782592" lon="-122.451271"><time>2024-06-01T15:52:05Z</time></trkpt>
      <trkpt lat="37.782495" lon="-122.451385"><time>2024-06-01T15:52:21Z</time></trkpt>
      <trkpt lat="37.782547" lon="-122.451526"><time>2024-06-01T15:52:32Z</time></trkpt>
      <trkpt lat="37.782484" lon="-122.451390"><time>2024-06-01T15:52:56Z</time></trkpt>
      <trkpt lat="37.782340" lon="-122.451434"><time>2024-06-01T15:53:23Z</time></trkpt>
      <trkpt lat="37.782236" lon="-122.451325"><time>2024-06-01T15:53:53Z</time></trkpt>
      <trkpt lat="37.782384" lon="-122.451350"><time>2024-06-01T15:54:18Z</time></trkpt>
      <trkpt lat="37.782280" lon="-122.451242"><time>2024-06-01T15:54:41Z</time></trkpt>
      <trkpt lat="37.782130" lon="-122.451238"><time>2024-06-01T15:55:08Z</time></trkpt>
      <trkpt lat="37.782114" lon="-122.451089"><time>2024-06-01T15:55:26Z</time></trkpt>
      <trkpt lat="37.781986" lon="-122.451167"><time>2024-06-01T15:55:51Z</time></trkpt>
      <trkpt lat="37.782127" lon="-122.451218"><time>2024-06-01T15:56:09Z</time></trkpt>
      <trkpt lat="37.782132" lon="-122.451368"><time>2024-06-01T15:56:38Z</time></trkpt>
      <trkpt lat="37.782181" lon="-122.451226"><time>2024-06-01T15:57:08Z</time></trkpt>
      <trkpt lat="37.782285" lon="-122.451118"><time>2024-06-01T15:57:38Z</time></trkpt>
      <trkpt lat="37.782337" lon="-122.451259"><time>2024-06-01T15:57:56Z</time></trkpt>
      <trkpt lat="37.782356" lon="-122.451407"><time>2024-06-01T15:58:16Z</time></trkpt>
      <trkpt lat="37.782264" lon="-122.451526"><time>2024-06-01T15:58:41Z</time></trkpt>
      <trkpt lat="37.782397" lon="-122.451456"><time>2024-06-01T15:58:55Z</time></trkpt>
      <trkpt lat="37.782250" lon="-122.451427"><time>2024-06-01T15:59:13Z</time></trkpt>
      <trkpt lat="37.782257" lon="-122.451576"><time>2024-06-01T15:59:24Z</time></trkpt>
      <trkpt lat="37.782397" lon="-122.451630"><time>2024-06-01T15:59:43Z</time></trkpt>
      <trkpt lat="37.782401" lon="-122.451780"><time>2024-06-01T15:59:57Z</time></trkpt>
      <trkpt lat="37.782291" lon="-122.451883"><time>2024-06-01T16:00:18Z</time></trkpt>
      <trkpt lat="37.782428" lon="-122.451821"><time>2024-06-01T16:00:39Z</time></trkpt>
      <trkpt lat="37.782414" lon="-122.451970"><time>2024-06-01T16:00:58Z</time></trkpt>
      <trkpt lat="37.782457" lon="-122.452114"><time>2024-06-01T16:01:10Z</time></trkpt>
      <trkpt lat="37.782352" lon="-122.452221"><time>2024-06-01T16:01:25Z</time></trkpt>
      <trkpt lat="37.782409" lon="-122.452082"><time>2024-06-01T16:01:44Z</time></trkpt>
      <trkpt lat="37.782553" lon="-122.452038"><time>2024-06-01T16:02:14Z</time></trkpt>
      <trkpt lat="37.782419" lon="-122.451970"><time>2024-06-01T16:02:38Z</time></trkpt>
      <trkpt lat="37.782462" lon="-122.452114"><time>2024-06-01T16:02:49Z</time></trkpt>
      <trkpt lat="37.782611" lon="-122.452123"><time>2024-06-01T16:03:03Z</time></trkpt>
      <trkpt lat="37.782638" lon="-122.452271"><time>2024-06-01T16:03:18Z</time></trkpt>
      <trkpt lat="37.782489" lon="-122.452253"><time>2024-06-01T16:03:43Z</time></trkpt>
      <trkpt lat="37.782637" lon="-122.452227"><time>2024-06-01T16:04:02Z</time></trkpt>
      <trkpt lat="37.782519" lon="-122.452320"><time>2024-06-01T16:04:15Z</time></trkpt>
      <trkpt lat="37.782536" lon="-122.452171"><time>2024-06-01T16:04:41Z</time></trkpt>
      <trkpt lat="37.782496" lon="-122.452026"><time>2024-06-01T16:04:59Z</time></trkpt>
      <trkpt lat="37.782379" lon="-122.452120"><time>2024-06-01T16:05:28Z</time></trkpt>
      <trkpt lat="37.782260" lon="-122.452030"><time>2024-06-01T16:05:44Z</time></trkpt>
      <trkpt lat="37.782145" lon="-122.452126"><time>2024-06-01T16:06:11Z</time></trkpt>
      <trkpt lat="37.782281" lon="-122.452064"><time>2024-06-01T16:06:21Z</time></trkpt>
      <trkpt lat="37.782212" lon="-122.451931"><time>2024-06-01T16:06:41Z</time></trkpt>
      <trkpt lat="37.782268" lon="-122.452070"><time>2024-06-01T16:06:57Z</time></trkpt>
      <trkpt lat="37.782213" lon="-122.452210"><time>2024-06-01T16:07:13Z</time></trkpt>
      <trkpt lat="37.782172" lon="-122.452354"><time>2024-06-01T16:07:37Z</time></trkpt>
      <trkpt lat="37.782322" lon="-122.452361"><time>2024-06-01T16:07:54Z</time></trkpt>
      <trkpt lat="37.782374" lon="-122.452220"><time>2024-06-01T16:08:19Z</time></trkpt>
      <trkpt lat="37.782518" lon="-122.452177"><time>2024-06-01T16:08:35Z</time></trkpt>
      <trkpt lat="37.782638" lon="-122.452267"><time>2024-06-01T16:09:03Z</time></trkpt>
      <trkpt lat="37.782599" lon="-122.452122"><time>2024-06-01T16:09:13Z</time></trkpt>
      <trkpt lat="37.782647" lon="-122.451980"><time>2024-06-01T16:09:27Z</time></trkpt>
      <trkpt lat="37.782528" lon="-122.451889"><time>2024-06-01T16:09:54Z</time></trkpt>
      <trkpt lat="37.782414" lon="-122.451791"><time>2024-06-01T16:10:17Z</time></trkpt>
      <trkpt lat="37.782548" lon="-122.451858"><time>2024-06-01T16:10:36Z</time></trkpt>
      <trkpt lat="37.782687" lon="-122.451801"><time>2024-06-01T16:10:56Z</time></trkpt>
      <trkpt lat="37.782543" lon="-122.451757"><time>2024-06-01T16:11:26Z</time></trkpt>
      <trkpt lat="37.782413" lon="-122.451831"><time>2024-06-01T16:11:52Z</time></trkpt>
      <trkpt lat="37.782374" lon="-122.451686"><time>2024-06-01T16:12:03Z</time></trkpt>
      <trkpt lat="37.782372" lon="-122.451536"><time>2024-06-01T16:12:31Z</time></trkpt>
      <trkpt lat="37.782522" lon="-122.451532"><time>2024-06-01T16:12:41Z</time></trkpt>
      <trkpt lat="37.782599" lon="-122.451661"><time>2024-06-01T16:12:53Z</time></trkpt>
      <trkpt lat="37.782455" lon="-122.451702"><time>2024-06-01T16:13:15Z</time></trkpt>
      <trkpt lat="37.782519" lon="-122.451837"><time>2024-06-01T16:13:40Z</time></trkpt>
      <trkpt lat="37.782418" lon="-122.451727"><time>2024-06-01T16:13:58Z</time></trkpt>
      <trkpt lat="37.782565" lon="-122.451700"><time>2024-06-01T16:14:28Z</time></trkpt>
      <trkpt lat="37.782715" lon="-122.451685"><time>2024-06-01T16:14:50Z</time></trkpt>
      <trkpt lat="37.782659" lon="-122.451546"><time>2024-06-01T16:15:17Z</time></trkpt>
      <trkpt lat="37.782644" lon="-122.451695"><time>2024-06-01T16:15:45Z</time></trkpt>
      <trkpt lat="37.782763" lon="-122.451786"><time>2024-06-01T16:16:11Z</time></trkpt>
      <trkpt lat="37.782673" lon="-122.451906"><time>2024-06-01T16:16:34Z</time></trkpt>
      <trkpt lat="37.782822" lon="-122.451923"><time>2024-06-01T16:16:47Z</time></trkpt>
      <trkpt lat="37.782838" lon="-122.451774"><time>2024-06-01T16:17:05Z</time></trkpt>
      <trkpt lat="37.782978" lon="-122.451721"><time>2024-06-01T16:17:26Z</time></trkpt>
      <trkpt lat="37.782882" lon="-122.451836"><time>2024-06-01T16:17:43Z</time></trkpt>
      <trkpt lat="37.782765" lon="-122.451742"><time>2024-06-01T16:18:05Z</time></trkpt>
      <trkpt lat="37.782856" lon="-122.451861"><time>2024-06-01T16:18:29Z</time></trkpt>
      <trkpt lat="37.782976" lon="-122.451952"><time>2024-06-01T16:18:57Z</time></trkpt>
      <trkpt lat="37.782979" lon="-122.451802"><time>2024-06-01T16:19:16Z</time></trkpt>
      <trkpt lat="37.782845" lon="-122.451869"><time>2024-06-01T16:19:27Z</time></trkpt>
      <trkpt lat="37.782710" lon="-122.451936"><time>2024-06-01T16:19:56Z</time></trkpt>
      <trkpt lat="37.782573" lon="-122.451875"><time>2024-06-01T16:20:18Z</time></trkpt>
      <trkpt lat="37.782484" lon="-122.451995"><time>2024-06-01T16:20:30Z</time></trkpt>
      <trkpt lat="37.782384" lon="-122.452107"><time>2024-06-01T16:20:49Z</time></trkpt>
      <trkpt lat="37.782534" lon="-122.452098"><time>2024-06-01T16:21:18Z</time></trkpt>
      <trkpt lat="37.782564" lon="-122.451951"><time>2024-06-01T16:21:32Z</time></trkpt>
      <trkpt lat="37.782714" lon="-122.451953"><time>2024-06-01T16:21:45Z</time></trkpt>
      <trkpt lat="37.782566" lon="-122.451977"><time>2024-06-01T16:22:07Z</time></trkpt>
      <trkpt lat="37.782667" lon="-122.451866"><time>2024-06-01T16:22:24Z</time></trkpt>
      <trkpt lat="37.782794" lon="-122.451945"><time>2024-06-01T16:22:47Z</time></trkpt>
      <trkpt lat="37.782687" lon="-122.452050"><time>2024-06-01T16:23:10Z</time></trkpt>
      <trkpt lat="37.782644" lon="-122.451907"><time>2024-06-01T16:23:32Z</time></trkpt>
      <trkpt lat="37.782720" lon="-122.452036"><time>2024-06-01T16:23:48Z</time></trkpt>
      <trkpt lat="37.782842" lon="-122.452123"><time>2024-06-01T16:24:08Z</time></trkpt>
      <trkpt lat="37.782945" lon="-122.452014"><time>2024-06-01T16:24:37Z</time></trkpt>
      <trkpt lat="37.783041" lon="-122.452129"><time>2024-06-01T16:24:51Z</time></trkpt>
      <trkpt lat="37.782928" lon="-122.452030"><time>2024-06-01T16:25:18Z</time></trkpt>
      <trkpt lat="37.782840" lon="-122.451908"><time>2024-06-01T16:25:39Z</time></trkpt>
      <trkpt lat="37.782749" lon="-122.451789"><time>2024-06-01T16:25:49Z</time></trkpt>
      <trkpt lat="37.782879" lon="-122.451864"><time>2024-06-01T16:26:00Z</time></trkpt>
      <trkpt lat="37.782855" lon="-122.451716"><time>2024-06-01T16:26:14Z</time></trkpt>
      <trkpt lat="37.782742" lon="-122.451617"><time>2024-06-01T16:26:36Z</time></trkpt>
      <trkpt lat="37.782656" lon="-122.451495"><time>2024-06-01T16:27:02Z</time></trkpt>
      <trkpt lat="37.782771" lon="-122.451591"><time>2024-06-01T16:27:27Z</time></trkpt>
      <trkpt lat="37.782920" lon="-122.451573"><time>2024-06-01T16:27:40Z</time></trkpt>
      <trkpt lat="37.782990" lon="-122.451706"><time>2024-06-01T16:28:10Z</time></trkpt>
      <trkpt lat="37.783113" lon="-122.451620"><time>2024-06-01T16:28:27Z</time></trkpt>
      <trkpt lat="37.783252" lon="-122.451678"><time>2024-06-01T16:28:40Z</time></trkpt>
      <trkpt lat="37.783400" lon="-122.451654"><time>2024-06-01T16:28:54Z</time></trkpt>
      <trkpt lat="37.783331" lon="-122.451521"><time>2024-06-01T16:29:08Z</time></trkpt>
      <trkpt lat="37.783323" lon="-122.451671"><time>2024-06-01T16:29:28Z</time></trkpt>
      <trkpt lat="37.783259" lon="-122.451535"><time>2024-06-01T16:29:43Z</time></trkpt>
      <trkpt lat="37.783320" lon="-122.451398"><time>2024-06-01T16:30:12Z</time></trkpt>
      <trkpt lat="37.783265" lon="-122.451259"><time>2024-06-01T16:30:35Z</time></trkpt>
      <trkpt lat="37.783371" lon="-122.451154"><time>2024-06-01T16:30:45Z</time></trkpt>
      <trkpt lat="37.783413" lon="-122.451298"><time>2024-06-01T16:31:14Z</time></trkpt>
      <trkpt lat="37.783453" lon="-122.451153"><time>2024-06-01T16:31:43Z</time></trkpt>
      <trkpt lat="37.783583" lon="-122.451079"><time>2024-06-01T16:31:59Z</time></trkpt>
      <trkpt lat="37.783449" lon="-122.451012"><time>2024-06-01T16:32:22Z</time></trkpt>
      <trkpt lat="37.783458" lon="-122.450862"><time>2024-06-01T16:32:40Z</time></trkpt>
      <trkpt lat="37.783311" lon="-122.450893"><time>2024-06-01T16:32:52Z</time></trkpt>
      <trkpt lat="37.783325" lon="-122.450743"><time>2024-06-01T16:33:11Z</time></trkpt>
      <trkpt lat="37.783395" lon="-122.450611"><time>2024-06-01T16:33:41Z</time></trkpt>
      <trkpt lat="37.783345" lon="-122.450752"><time>2024-06-01T16:33:54Z</time></trkpt>
      <trkpt lat="37.783491" lon="-122.450782"><time>2024-06-01T16:34:12Z</time></trkpt>
      <trkpt lat="37.783611" lon="-122.450873"><time>2024-06-01T16:34:35Z</time></trkpt>
      <trkpt lat="37.783608" lon="-122.450724"><time>2024-06-01T16:34:50Z</time></trkpt>
      <trkpt lat="37.783459" lon="-122.450742"><time>2024-06-01T16:35:18Z</time></trkpt>
      <trkpt lat="37.783382" lon="-122.450613"><time>2024-06-01T16:35:42Z</time></trkpt>
      <trkpt lat="37.783353" lon="-122.450466"><time>2024-06-01T16:36:08Z</time></trkpt>
      <trkpt lat="37.783357" lon="-122.450316"><time>2024-06-01T16:36:35Z</time></trkpt>
      <trkpt lat="37.783230" lon="-122.450394"><time>2024-06-01T16:36:53Z</time></trkpt>
      <trkpt lat="37.783360" lon="-122.450468"><time>2024-06-01T16:37:14Z</time></trkpt>
      <trkpt lat="37.783219" lon="-122.450518"><time>2024-06-01T16:37:28Z</time></trkpt>
      <trkpt lat="37.783081" lon="-122.450460"><time>2024-06-01T16:37:46Z</time></trkpt>
      <trkpt lat="37.783227" lon="-122.450491"><time>2024-06-01T16:38:10Z</time></trkpt>
      <trkpt lat="37.783371" lon="-122.450447"><time>2024-06-01T16:38:33Z</time></trkpt>
      <trkpt lat="37.783252" lon="-122.450356"><time>2024-06-01T16:38:52Z</time></trkpt>
      <trkpt lat="37.783400" lon="-122.450381"><time>2024-06-01T16:39:05Z</time></trkpt>
      <trkpt lat="37.783463" lon="-122.450245"><time>2024-06-01T16:39:27Z</time></trkpt>
      <trkpt lat="37.783313" lon="-122.450254"><time>2024-06-01T16:39:57Z</time></trkpt>
      <trkpt lat="37.783379" lon="-122.450120"><time>2024-06-01T16:40:21Z</time></trkpt>
      <trkpt lat="37.783516" lon="-122.450180"><time>2024-06-01T16:40:40Z</time></trkpt>
      <trkpt lat="37.783384" lon="-122.450250"><time>2024-06-01T16:41:00Z</time></trkpt>
      <trkpt lat="37.783521" lon="-122.450310"><time>2024-06-01T16:41:18Z</time></trkpt>
      <trkpt lat="37.783382" lon="-122.450365"><time>2024-06-01T16:41:44Z</time></trkpt>
      <trkpt lat="37.783315" lon="-122.450230"><time>2024-06-01T16:42:04Z</time></trkpt>
      <trkpt lat="37.783168" lon="-122.450259"><time>2024-06-01T16:42:16Z</time></trkpt>
      <trkpt lat="37.783297" lon="-122.450183"><time>2024-06-01T16:42:26Z</time></trkpt>
      <trkpt lat="37.783252" lon="-122.450040"><time>2024-06-01T16:42:48Z</time></trkpt>
      <trkpt lat="37.783320" lon="-122.449906"><time>2024-06-01T16:43:11Z</time></trkpt>
      <trkpt lat="37.783171" lon="-122.449886"><time>2024-06-01T16:43:29Z</time></trkpt>
      <trkpt lat="37.783139" lon="-122.449740"><time>2024-06-01T16:43:42Z</time></trkpt>
      <trkpt lat="37.783045" lon="-122.449856"><time>2024-06-01T16:44:09Z</time></trkpt>
      <trkpt lat="37.782900" lon="-122.449815"><time>2024-06-01T16:44:39Z</time></trkpt>
      <trkpt lat="37.782947" lon="-122.449673"><time>2024-06-01T16:45:05Z</time></trkpt>
      <trkpt lat="37.783097" lon="-122.449671"><time>2024-06-01T16:45:28Z</time></trkpt>
      <trkpt lat="37.783100" lon="-122.449521"><time>2024-06-01T16:45:50Z</time></trkpt>
      <trkpt lat="37.783249" lon="-122.449518"><time>2024-06-01T16:46:05Z</time></trkpt>
      <trkpt lat="37.783395" lon="-122.449554"><time>2024-06-01T16:46:31Z</time></trkpt>
      <trkpt lat="37.783424" lon="-122.449407"><time>2024-06-01T16:46:45Z</time></trkpt>
      <trkpt lat="37.783544" lon="-122.449498"><time>2024-06-01T16:46:58Z</time></trkpt>
      <trkpt lat="37.783433" lon="-122.449599"><time>2024-06-01T16:47:18Z</time></trkpt>
      <trkpt lat="37.783303" lon="-122.449674"><time>2024-06-01T16:47:31Z</time></trkpt>
      <trkpt lat="37.783327" lon="-122.449525"><time>2024-06-01T16:47:46Z</time></trkpt>
      <trkpt lat="37.783402" lon="-122.449396"><time>2024-06-01T16:47:59Z</time></trkpt>
      <trkpt lat="37.783525" lon="-122.449482"><time>2024-06-01T16:48:09Z</time></trkpt>
      <trkpt lat="37.783377" lon="-122.449455"><time>2024-06-01T16:48:38Z</time></trkpt>
      <trkpt lat="37.783348" lon="-122.449307"><time>2024-06-01T16:48:49Z</time></trkpt>
      <trkpt lat="37.783211" lon="-122.449368"><time>2024-06-01T16:49:12Z</time></trkpt>
      <trkpt lat="37.783074" lon="-122.449430"><time>2024-06-01T16:49:33Z</time></trkpt>
      <trkpt lat="37.783048" lon="-122.449577"><time>2024-06-01T16:49:59Z</time></trkpt>
      <trkpt lat="37.783088" lon="-122.449433"><time>2024-06-01T16:50:24Z</time></trkpt>
      <trkpt lat="37.782942" lon="-122.449466"><time>2024-06-01T16:50:38Z</time></trkpt>
      <trkpt lat="37.782797" lon="-122.449426"><time>2024-06-01T16:50:54Z</time></trkpt>
      <trkpt lat="37.782839" lon="-122.449282"><time>2024-06-01T16:51:04Z</time></trkpt>
      <trkpt lat="37.782810" lon="-122.449429"><time>2024-06-01T16:51:16Z</time></trkpt>
      <trkpt lat="37.782923" lon="-122.449331"><time>2024-06-01T16:51:26Z</time></trkpt>
      <trkpt lat="37.782827" lon="-122.449446"><time>2024-06-01T16:51:46Z</time></trkpt>
      <trkpt lat="37.782690" lon="-122.449386"><time>2024-06-01T16:52:12Z</time></trkpt>
      <trkpt lat="37.782791" lon="-122.449276"><time>2024-06-01T16:52:26Z</time></trkpt>
      <trkpt lat="37.782661" lon="-122.449203"><time>2024-06-01T16:52:55Z</time></trkpt>
      <trkpt lat="37.782551" lon="-122.449101"><time>2024-06-01T16:53:25Z</time></trkpt>
      <trkpt lat="37.782698" lon="-122.449075"><time>2024-06-01T16:53:40Z</time></trkpt>
      <trkpt lat="37.782563" lon="-122.449011"><time>2024-06-01T16:54:04Z</time></trkpt>
      <trkpt lat="37.782672" lon="-122.448909"><time>2024-06-01T16:54:31Z</time></trkpt>
      <trkpt lat="37.782715" lon="-122.448765"><time>2024-06-01T16:54:56Z</time></trkpt>
      <trkpt lat="37.782719" lon="-122.448915"><time>2024-06-01T16:55:21Z</time></trkpt>
      <trkpt lat="37.782607" lon="-122.449015"><time>2024-06-01T16:55:48Z</time></trkpt>
      <trkpt lat="37.782757" lon="-122.449014"><time>2024-06-01T16:56:15Z</time></trkpt>
      <trkpt lat="37.782857" lon="-122.448902"><time>2024-06-01T16:56:25Z</time></trkpt>
      <trkpt lat="37.782721" lon="-122.448838"><time>2024-06-01T16:56:45Z</time></trkpt>
      <trkpt lat="37.782754" lon="-122.448691"><time>2024-06-01T16:56:55Z</time></trkpt>
      <trkpt lat="37.782896" lon="-122.448641"><time>2024-06-01T16:57:11Z</time></trkpt>
      <trkpt lat="37.782994" lon="-122.448528"><time>2024-06-01T16:57:41Z</time></trkpt>
      <trkpt lat="37.782869" lon="-122.448611"><time>2024-06-01T16:57:58Z</time></trkpt>
      <trkpt lat="37.783007" lon="-122.448670"><time>2024-06-01T16:58:21Z</time></trkpt>
      <trkpt lat="37.782920" lon="-122.448547"><time>2024-06-01T16:58:38Z</time></trkpt>
      <trkpt lat="37.782773" lon="-122.448576"><time>2024-06-01T16:58:52Z</time></trkpt>
      <trkpt lat="37.782626" lon="-122.448606"><time>2024-06-01T16:59:02Z</time></trkpt>
      <trkpt lat="37.782738" lon="-122.448506"><time>2024-06-01T16:59:24Z</time></trkpt>
      <trkpt lat="37.782817" lon="-122.448379"><time>2024-06-01T16:59:46Z</time></trkpt>
      <trkpt lat="37.782776" lon="-122.448523"><time>2024-06-01T17:00:08Z</time></trkpt>
      <trkpt lat="37.782700" lon="-122.448652"><time>2024-06-01T17:00:31Z</time></trkpt>
      <trkpt lat="37.782673" lon="-122.448505"><time>2024-06-01T17:00:57Z</time></trkpt>
      <trkpt lat="37.782664" lon="-122.448654"><time>2024-06-01T17:01:10Z</time></trkpt>
      <trkpt lat="37.782783" lon="-122.448745"><time>2024-06-01T17:01:32Z</time></trkpt>
      <trkpt lat="37.782820" lon="-122.448891"><time>2024-06-01T17:01:59Z</time></trkpt>
      <trkpt lat="37.782771" lon="-122.448749"><time>2024-06-01T17:02:11Z</time></trkpt>
      <trkpt lat="37.782793" lon="-122.448898"><time>2024-06-01T17:02:25Z</time></trkpt>
      <trkpt lat="37.782650" lon="-122.448944"><time>2024-06-01T17:02:40Z</time></trkpt>
      <trkpt lat="37.782604" lon="-122.449087"><time>2024-06-01T17:02:50Z</time></trkpt>
      <trkpt lat="37.782739" lon="-122.449023"><time>2024-06-01T17:03:09Z</time></trkpt>
      <trkpt lat="37.782598" lon="-122.449073"><time>2024-06-01T17:03:36Z</time></trkpt>
      <trkpt lat="37.782680" lon="-122.449199"><time>2024-06-01T17:03:56Z</time></trkpt>
      <trkpt lat="37.782823" lon="-122.449152"><time>2024-06-01T17:04:14Z</time></trkpt>
      <trkpt lat="37.782868" lon="-122.449009"><time>2024-06-01T17:04:40Z</time></trkpt>
      <trkpt lat="37.782729" lon="-122.449065"><time>2024-06-01T17:04:51Z</time></trkpt>
      <trkpt lat="37.782879" lon="-122.449061"><time>2024-06-01T17:05:07Z</time></trkpt>
      <trkpt lat="37.782942" lon="-122.449197"><time>2024-06-01T17:05:18Z</time></trkpt>
      <trkpt lat="37.783019" lon="-122.449326"><time>2024-06-01T17:05:45Z</time></trkpt>
      <trkpt lat="37.782930" lon="-122.449205"><time>2024-06-01T17:06:11Z</time></trkpt>
      <trkpt lat="37.783045" lon="-122.449108"><time>2024-06-01T17:06:21Z</time></trkpt>
      <trkpt lat="37.783087" lon="-122.448964"><time>2024-06-01T17:06:48Z</time></trkpt>
      <trkpt lat="37.783174" lon="-122.449087"><time>2024-06-01T17:07:15Z</time></trkpt>
      <trkpt lat="37.783195" lon="-122.449235"><time>2024-06-01T17:07:45Z</time></trkpt>
      <trkpt lat="37.783336" lon="-122.449285"><time>2024-06-01T17:08:13Z</time></trkpt>
      <trkpt lat="37.783348" lon="-122.449135"><time>2024-06-01T17:08:25Z</time></trkpt>
      <trkpt lat="37.783227" lon="-122.449047"><time>2024-06-01T17:08:43Z</time></trkpt>
      <trkpt lat="37.783375" lon="-122.449020"><time>2024-06-01T17:09:10Z</time></trkpt>
      <trkpt lat="37.783418" lon="-122.449164"><time>2024-06-01T17:09:34Z</time></trkpt>
      <trkpt lat="37.783341" lon="-122.449035"><time>2024-06-01T17:10:00Z</time></trkpt>
      <trkpt lat="37.783472" lon="-122.448962"><time>2024-06-01T17:10:28Z</time></trkpt>
      <trkpt lat="37.783433" lon="-122.448818"><time>2024-06-01T17:10:52Z</time></trkpt>
      <trkpt lat="37.783494" lon="-122.448681"><time>2024-06-01T17:11:21Z</time></trkpt>
      <trkpt lat="37.783464" lon="-122.448828"><time>2024-06-01T17:11:38Z</time></trkpt>
      <trkpt lat="37.783590" lon="-122.448746"><time>2024-06-01T17:12:04Z</time></trkpt>
      <trkpt lat="37.783548" lon="-122.448890"><time>2024-06-01T17:12:20Z</time></trkpt>
      <trkpt lat="37.783540" lon="-122.449040"><time>2024-06-01T17:12:47Z</time></trkpt>
      <trkpt lat="37.783392" lon="-122.449061"><time>2024-06-01T17:13:02Z</time></trkpt>
      <trkpt lat="37.783314" lon="-122.449189"><time>2024-06-01T17:13:20Z</time></trkpt>
      <trkpt lat="37.783187" lon="-122.449110"><time>2024-06-01T17:13:50Z</time></trkpt>
      <trkpt lat="37.783281" lon="-122.448992"><time>2024-06-01T17:14:03Z</time></trkpt>
      <trkpt lat="37.783347" lon="-122.448858"><time>2024-06-01T17:14:13Z</time></trkpt>
      <trkpt lat="37.783269" lon="-122.448986"><time>2024-06-01T17:14:23Z</time></trkpt>
      <trkpt lat="37.783130" lon="-122.449042"><time>2024-06-01T17:14:34Z</time></trkpt>
      <trkpt lat="37.783146" lon="-122.448893"><time>2024-06-01T17:14:44Z</time></trkpt>
      <trkpt lat="37.783051" lon="-122.449009"><time>2024-06-01T17:15:07Z</time></trkpt>
      <trkpt lat="37.783201" lon="-122.449004"><time>2024-06-01T17:15:30Z</time></trkpt>
      <trkpt lat="37.783231" lon="-122.449151"><time>2024-06-01T17:15:53Z</time></trkpt>
      <trkpt lat="37.783141" lon="-122.449030"><time>2024-06-01T17:16:14Z</time></trkpt>
      <trkpt lat="37.782992" lon="-122.449015"><time>2024-06-01T17:16:35Z</time></trkpt>
      <trkpt lat="37.783142" lon="-122.449016"><time>2024-06-01T17:16:55Z</time></trkpt>
      <trkpt lat="37.783262" lon="-122.449107"><time>2024-06-01T17:17:21Z</time></trkpt>
      <trkpt lat="37.783231" lon="-122.448960"><time>2024-06-01T17:17:51Z</time></trkpt>
      <trkpt lat="37.783379" lon="-122.448985"><time>2024-06-01T17:18:19Z</time></trkpt>
      <trkpt lat="37.783483" lon="-122.449093"><time>2024-06-01T17:18:36Z</time></trkpt>
      <trkpt lat="37.783460" lon="-122.448945"><time>2024-06-01T17:19:02Z</time></trkpt>
      <trkpt lat="37.783313" lon="-122.448973"><time>2024-06-01T17:19:16Z</time></trkpt>
      <trkpt lat="37.783217" lon="-122.449088"><time>2024-06-01T17:19:36Z</time></trkpt>
      <trkpt lat="37.783130" lon="-122.449210"><time>2024-06-01T17:20:00Z</time></trkpt>
      <trkpt lat="37.783069" lon="-122.449074"><time>2024-06-01T17:20:30Z</time></trkpt>
      <trkpt lat="37.783101" lon="-122.449220"><time>2024-06-01T17:20:48Z</time></trkpt>
      <trkpt lat="37.783177" lon="-122.449091"><time>2024-06-01T17:21:08Z</time></trkpt>
      <trkpt lat="37.783036" lon="-122.449041"><time>2024-06-01T17:21:25Z</time></trkpt>
      <trkpt lat="37.783011" lon="-122.449189"><time>2024-06-01T17:21:38Z</time></trkpt>
      <trkpt lat="37.782980" lon="-122.449336"><time>2024-06-01T17:22:00Z</time></trkpt>
      <trkpt lat="37.783040" lon="-122.449474"><time>2024-06-01T17:22:29Z</time></trkpt>
      <trkpt lat="37.783030" lon="-122.449624"><time>2024-06-01T17:22:51Z</time></trkpt>
      <trkpt lat="37.782889" lon="-122.449675"><time>2024-06-01T17:23:14Z</time></trkpt>
      <trkpt lat="37.782947" lon="-122.449813"><time>2024-06-01T17:23:28Z</time></trkpt>
      <trkpt lat="37.783057" lon="-122.449916"><time>2024-06-01T17:23:53Z</time></trkpt>
      <trkpt lat="37.783193" lon="-122.449979"><time>2024-06-01T17:24:11Z</time></trkpt>
      <trkpt lat="37.783254" lon="-122.449841"><time>2024-06-01T17:24:37Z</time></trkpt>
      <trkpt lat="37.783106" lon="-122.449863"><time>2024-06-01T17:25:03Z</time></trkpt>
      <trkpt lat="37.783175" lon="-122.449731"><time>2024-06-01T17:25:22Z</time></trkpt>
      <trkpt lat="37.783240" lon="-122.449866"><time>2024-06-01T17:25:32Z</time></trkpt>
      <trkpt lat="37.783196" lon="-122.449723"><time>2024-06-01T17:25:56Z</time></trkpt>
      <trkpt lat="37.783341" lon="-122.449687"><time>2024-06-01T17:26:26Z</time></trkpt>
      <trkpt lat="37.783224" lon="-122.449593"><time>2024-06-01T17:26:36Z</time></trkpt>
      <trkpt lat="37.783082" lon="-122.449544"><time>2024-06-01T17:26:51Z</time></trkpt>
      <trkpt lat="37.782974" lon="-122.449648"><time>2024-06-01T17:27:20Z</time></trkpt>
      <trkpt lat="37.782940" lon="-122.449794"><time>2024-06-01T17:27:34Z</time></trkpt>
      <trkpt lat="37.782990" lon="-122.449652"><time>2024-06-01T17:27:56Z</time></trkpt>
      <trkpt lat="37.782867" lon="-122.449566"><time>2024-06-01T17:28:15Z</time></trkpt>
      <trkpt lat="37.782747" lon="-122.449476"><time>2024-06-01T17:28:27Z</time></trkpt>
      <trkpt lat="37.782695" lon="-122.449335"><time>2024-06-01T17:28:47Z</time></trkpt>
      <trkpt lat="37.782598" lon="-122.449221"><time>2024-06-01T17:29:11Z</time></trkpt>
      <trkpt lat="37.782743" lon="-122.449183"><time>2024-06-01T17:29:34Z</time></trkpt>
      <trkpt lat="37.782844" lon="-122.449072"><time>2024-06-01T17:29:44Z</time></trkpt>
      <trkpt lat="37.782796" lon="-122.448930"><time>2024-06-01T17:30:06Z</time></trkpt>
      <trkpt lat="37.782738" lon="-122.449068"><time>2024-06-01T17:30:32Z</time></trkpt>
      <trkpt lat="37.782814" lon="-122.449198"><time>2024-06-01T17:31:00Z</time></trkpt>
      <trkpt lat="37.782953" lon="-122.449142"><time>2024-06-01T17:31:22Z</time></trkpt>
      <trkpt lat="37.782869" lon="-122.449018"><time>2024-06-01T17:31:49Z</time></trkpt>
      <trkpt lat="37.782867" lon="-122.448868"><time>2024-06-01T17:32:16Z</time></trkpt>
      <trkpt lat="37.782988" lon="-122.448957"><time>2024-06-01T17:32:39Z</time></trkpt>
      <trkpt lat="37.783100" lon="-122.448856"><time>2024-06-01T17:33:01Z</time></trkpt>
      <trkpt lat="37.783181" lon="-122.448982"><time>2024-06-01T17:33:17Z</time></trkpt>
      <trkpt lat="37.783043" lon="-122.448923"><time>2024-06-01T17:33:35Z</time></trkpt>
      <trkpt lat="37.782981" lon="-122.448787"><time>2024-06-01T17:33:58Z</time></trkpt>
      <trkpt lat="37.782981" lon="-122.448637"><time>2024-06-01T17:34:28Z</time></trkpt>
      <trkpt lat="37.782831" lon="-122.448632"><time>2024-06-01T17:34:41Z</time></trkpt>
      <trkpt lat="37.782694" lon="-122.448692"><time>2024-06-01T17:34:53Z</time></trkpt>
      <trkpt lat="37.782582" lon="-122.448792"><time>2024-06-01T17:35:17Z</time></trkpt>
      <trkpt lat="37.782726" lon="-122.448834"><time>2024-06-01T17:35:36Z</time></trkpt>
      <trkpt lat="37.782874" lon="-122.448811"><time>2024-06-01T17:35:59Z</time></trkpt>
      <trkpt lat="37.782733" lon="-122.448759"><time>2024-06-01T17:36:15Z</time></trkpt>
      <trkpt lat="37.782861" lon="-122.448682"><time>2024-06-01T17:36:39Z</time></trkpt>
      <trkpt lat="37.782844" lon="-122.448533"><time>2024-06-01T17:37:00Z</time></trkpt>
      <trkpt lat="37.782774" lon="-122.448400"><time>2024-06-01T17:37:17Z</time></trkpt>
      <trkpt lat="37.782650" lon="-122.448316"><time>2024-06-01T17:37:34Z</time></trkpt>
      <trkpt lat="37.782770" lon="-122.448226"><time>2024-06-01T17:38:02Z</time></trkpt>
      <trkpt lat="37.782908" lon="-122.448169"><time>2024-06-01T17:38:15Z</time></trkpt>
      <trkpt lat="37.782991" lon="-122.448293"><time>2024-06-01T17:38:26Z</time></trkpt>
      <trkpt lat="37.783038" lon="-122.448436"><time>2024-06-01T17:38:46Z</time></trkpt>
      <trkpt lat="37.783057" lon="-122.448585"><time>2024-06-01T17:38:59Z</time></trkpt>
      <trkpt lat="37.782963" lon="-122.448701"><time>2024-06-01T17:39:24Z</time></trkpt>
      <trkpt lat="37.783022" lon="-122.448563"><time>2024-06-01T17:39:51Z</time></trkpt>
      <trkpt lat="37.782906" lon="-122.448468"><time>2024-06-01T17:40:19Z</time></trkpt>
      <trkpt lat="37.782870" lon="-122.448323"><time>2024-06-01T17:40:39Z</time></trkpt>
      <trkpt lat="37.783013" lon="-122.448277"><time>2024-06-01T17:41:00Z</time></trkpt>
      <trkpt lat="37.782870" lon="-122.448322"><time>2024-06-01T17:41:25Z</time></trkpt>
      <trkpt lat="37.783017" lon="-122.448352"><time>2024-06-01T17:41:37Z</time></trkpt>
      <trkpt lat="37.783165" lon="-122.448330"><time>2024-06-01T17:41:50Z</time></trkpt>
      <trkpt lat="37.783304" lon="-122.448387"><time>2024-06-01T17:42:20Z</time></trkpt>
      <trkpt lat="37.783283" lon="-122.448536"><time>2024-06-01T17:42:37Z</time></trkpt>
      <trkpt lat="37.783133" lon="-122.448538"><time>2024-06-01T17:43:04Z</time></trkpt>
      <trkpt lat="37.783060" lon="-122.448407"><time>2024-06-01T17:43:25Z</time></trkpt>
      <trkpt lat="37.783163" lon="-122.448299"><time>2024-06-01T17:43:55Z</time></trkpt>
      <trkpt lat="37.783203" lon="-122.448154"><time>2024-06-01T17:44:25Z</time></trkpt>
      <trkpt lat="37.783302" lon="-122.448267"><time>2024-06-01T17:44:48Z</time></trkpt>
      <trkpt lat="37.783179" lon="-122.448182"><time>2024-06-01T17:45:10Z</time></trkpt>
      <trkpt lat="37.783302" lon="-122.448267"><time>2024-06-01T17:45:29Z</time></trkpt>
      <trkpt lat="37.783394" lon="-122.448148"><time>2024-06-01T17:45:53Z</time></trkpt>
      <trkpt lat="37.783543" lon="-122.448135"><time>2024-06-01T17:46:09Z</time></trkpt>
      <trkpt lat="37.783395" lon="-122.448116"><time>2024-06-01T17:46:28Z</time></trkpt>
      <trkpt lat="37.783521" lon="-122.448197"><time>2024-06-01T17:46:49Z</time></trkpt>
      <trkpt lat="37.783400" lon="-122.448108"><time>2024-06-01T17:47:00Z</time></trkpt>
      <trkpt lat="37.783331" lon="-122.448241"><time>2024-06-01T17:47:13Z</time></trkpt>
      <trkpt lat="37.783295" lon="-122.448387"><time>2024-06-01T17:47:37Z</time></trkpt>
      <trkpt lat="37.783375" lon="-122.448514"><time>2024-06-01T17:48:07Z</time></trkpt>
      <trkpt lat="37.783523" lon="-122.448491"><time>2024-06-01T17:48:23Z</time></trkpt>
      <trkpt lat="37.783472" lon="-122.448632"><time>2024-06-01T17:48:37Z</time></trkpt>
      <trkpt lat="37.783457" lon="-122.448781"><time>2024-06-01T17:49:03Z</time></trkpt>
      <trkpt lat="37.783572" lon="-122.448684"><time>2024-06-01T17:49:26Z</time></trkpt>
      <trkpt lat="37.783502" lon="-122.448817"><time>2024-06-01T17:49:50Z</time></trkpt>
      <trkpt lat="37.783370" lon="-122.448746"><time>2024-06-01T17:50:20Z</time></trkpt>
      <trkpt lat="37.783431" lon="-122.448883"><time>2024-06-01T17:50:45Z</time></trkpt>
      <trkpt lat="37.783282" lon="-122.448900"><time>2024-06-01T17:51:09Z</time></trkpt>
      <trkpt lat="37.783155" lon="-122.448820"><time>2024-06-01T17:51:37Z</time></trkpt>
      <trkpt lat="37.783069" lon="-122.448942"><time>2024-06-01T17:51:55Z</time></trkpt>
      <trkpt lat="37.782977" lon="-122.449061"><time>2024-06-01T17:52:08Z</time></trkpt>
      <trkpt lat="37.783124" lon="-122.449031"><time>2024-06-01T17:52:21Z</time></trkpt>
      <trkpt lat="37.783023" lon="-122.448920"><time>2024-06-01T17:52:43Z</time></trkpt>
      <trkpt lat="37.783071" lon="-122.449062"><time>2024-06-01T17:53:05Z</time></trkpt>
      <trkpt lat="37.783165" lon="-122.448945"><time>2024-06-01T17:53:29Z</time></trkpt>
      <trkpt lat="37.783053" lon="-122.448845"><time>2024-06-01T17:53:44Z</time></trkpt>
      <trkpt lat="37.783140" lon="-122.448967"><time>2024-06-01T17:54:06Z</time></trkpt>
      <trkpt lat="37.783120" lon="-122.449116"><time>2024-06-01T17:54:19Z</time></trkpt>
      <trkpt lat="37.782971" lon="-122.449096"><time>2024-06-01T17:54:29Z</time></trkpt>
      <trkpt lat="37.782989" lon="-122.448947"><time>2024-06-01T17:54:59Z</time></trkpt>
      <trkpt lat="37.782938" lon="-122.449089"><time>2024-06-01T17:55:13Z</time></trkpt>
      <trkpt lat="37.782847" lon="-122.448969"><time>2024-06-01T17:55:40Z</time></trkpt>
      <trkpt lat="37.782855" lon="-122.448819"><time>2024-06-01T17:55:51Z</time></trkpt>
      <trkpt lat="37.782882" lon="-122.448967"><time>2024-06-01T17:56:07Z</time></trkpt>
      <trkpt lat="37.782768" lon="-122.448870"><time>2024-06-01T17:56:28Z</time></trkpt>
      <trkpt lat="37.782638" lon="-122.448945"><time>2024-06-01T17:56:49Z</time></trkpt>
      <trkpt lat="37.782498" lon="-122.448998"><time>2024-06-01T17:57:10Z</time></trkpt>
      <trkpt lat="37.782635" lon="-122.449058"><time>2024-06-01T17:57:25Z</time></trkpt>
      <trkpt lat="37.782571" lon="-122.449194"><time>2024-06-01T17:57:54Z</time></trkpt>
      <trkpt lat="37.782637" lon="-122.449059"><time>2024-06-01T17:58:07Z</time></trkpt>
      <trkpt lat="37.782551" lon="-122.448937"><time>2024-06-01T17:58:19Z</time></trkpt>
      <trkpt lat="37.782664" lon="-122.449036"><time>2024-06-01T17:58:43Z</time></trkpt>
      <trkpt lat="37.782516" lon="-122.449063"><time>2024-06-01T17:59:10Z</time></trkpt>
      <trkpt lat="37.782584" lon="-122.449197"><time>2024-06-01T17:59:30Z</time></trkpt>
      <trkpt lat="37.782548" lon="-122.449052"><time>2024-06-01T17:59:55Z</time></trkpt>
      <trkpt lat="37.782698" lon="-122.449060"><time>2024-06-01T18:00:19Z</time></trkpt>
      <trkpt lat="37.782580" lon="-122.448967"><time>2024-06-01T18:00:43Z</time></trkpt>
      <trkpt lat="37.782595" lon="-122.448818"><time>2024-06-01T18:00:55Z</time></trkpt>
      <trkpt lat="37.782690" lon="-122.448934"><time>2024-06-01T18:01:14Z</time></trkpt>
      <trkpt lat="37.782606" lon="-122.449058"><time>2024-06-01T18:01:29Z</time></trkpt>
      <trkpt lat="37.782607" lon="-122.449208"><time>2024-06-01T18:01:58Z</time></trkpt>
      <trkpt lat="37.782757" lon="-122.449211"><time>2024-06-01T18:02:21Z</time></trkpt>
      <trkpt lat="37.782623" lon="-122.449278"><time>2024-06-01T18:02:50Z</time></trkpt>
      <trkpt lat="37.782553" lon="-122.449145"><time>2024-06-01T18:03:16Z</time></trkpt>
      <trkpt lat="37.782567" lon="-122.448995"><time>2024-06-01T18:03:28Z</time></trkpt>
      <trkpt lat="37.782715" lon="-122.449018"><time>2024-06-01T18:03:58Z</time></trkpt>
      <trkpt lat="37.782814" lon="-122.448906"><time>2024-06-01T18:04:16Z</time></trkpt>
      <trkpt lat="37.782889" lon="-122.449036"><time>2024-06-01T18:04:33Z</time></trkpt>
      <trkpt lat="37.782741" lon="-122.449015"><time>2024-06-01T18:04:53Z</time></trkpt>
      <trkpt lat="37.782610" lon="-122.449088"><time>2024-06-01T18:05:15Z</time></trkpt>
      <trkpt lat="37.782653" lon="-122.449232"><time>2024-06-01T18:05:37Z</time></trkpt>
      <trkpt lat="37.782547" lon="-122.449126"><time>2024-06-01T18:05:51Z</time></trkpt>
      <trkpt lat="37.782543" lon="-122.449276"><time>2024-06-01T18:06:21Z</time></trkpt>
      <trkpt lat="37.782451" lon="-122.449157"><time>2024-06-01T18:06:35Z</time></trkpt>
      <trkpt lat="37.782348" lon="-122.449267"><time>2024-06-01T18:07:01Z</time></trkpt>
      <trkpt lat="37.782258" lon="-122.449146"><time>2024-06-01T18:07:27Z</time></trkpt>
      <trkpt lat="37.782195" lon="-122.449282"><time>2024-06-01T18:07:56Z</time></trkpt>
      <trkpt lat="37.782056" lon="-122.449338"><time>2024-06-01T18:08:26Z</time></trkpt>
      <trkpt lat="37.782193" lon="-122.449397"><time>2024-06-01T18:08:45Z</time></trkpt>
      <trkpt lat="37.782326" lon="-122.449327"><time>2024-06-01T18:09:03Z</time></trkpt>
      <trkpt lat="37.782325" lon="-122.449177"><time>2024-06-01T18:09:25Z</time></trkpt>
      <trkpt lat="37.782362" lon="-122.449032"><time>2024-06-01T18:09:35Z</time></trkpt>
      <trkpt lat="37.782297" lon="-122.448897"><time>2024-06-01T18:09:51Z</time></trkpt>
      <trkpt lat="37.782211" lon="-122.449020"><time>2024-06-01T18:10:19Z</time></trkpt>
      <trkpt lat="37.782312" lon="-122.448909"><time>2024-06-01T18:10:44Z</time></trkpt>
      <trkpt lat="37.782165" lon="-122.448878"><time>2024-06-01T18:10:54Z</time></trkpt>
      <trkpt lat="37.782064" lon="-122.448767"><time>2024-06-01T18:11:22Z</time></trkpt>
      <trkpt lat="37.781915" lon="-122.448784"><time>2024-06-01T18:11:50Z</time></trkpt>
      <trkpt lat="37.781828" lon="-122.448663"><time>2024-06-01T18:12:01Z</time></trkpt>
      <trkpt lat="37.781951" lon="-122.448577"><time>2024-06-01T18:12:16Z</time></trkpt>
      <trkpt lat="37.781948" lon="-122.448427"><time>2024-06-01T18:12:42Z</time></trkpt>
      <trkpt lat="37.782004" lon="-122.448287"><time>2024-06-01T18:12:59Z</time></trkpt>
      <trkpt lat="37.781979" lon="-122.448435"><time>2024-06-01T18:13:26Z</time></trkpt>
      <trkpt lat="37.782076" lon="-122.448321"><time>2024-06-01T18:13:39Z</time></trkpt>
      <trkpt lat="37.782063" lon="-122.448171"><time>2024-06-01T18:13:53Z</time></trkpt>
      <trkpt lat="37.781943" lon="-122.448081"><time>2024-06-01T18:14:18Z</time></trkpt>
      <trkpt lat="37.782086" lon="-122.448126"><time>2024-06-01T18:14:48Z</time></trkpt>
      <trkpt lat="37.781995" lon="-122.448007"><time>2024-06-01T18:15:15Z</time></trkpt>
      <trkpt lat="37.781847" lon="-122.447983"><time>2024-06-01T18:15:42Z</time></trkpt>
      <trkpt lat="37.781915" lon="-122.447850"><time>2024-06-01T18:16:08Z</time></trkpt>
      <trkpt lat="37.781767" lon="-122.447874"><time>2024-06-01T18:16:34Z</time></trkpt>
      <trkpt lat="37.781685" lon="-122.447748"><time>2024-06-01T18:17:04Z</time></trkpt>
      <trkpt lat="37.781781" lon="-122.447633"><time>2024-06-01T18:17:19Z</time></trkpt>
      <trkpt lat="37.781892" lon="-122.447734"><time>2024-06-01T18:17:48Z</time></trkpt>
      <trkpt lat="37.781744" lon="-122.447758"><time>2024-06-01T18:18:01Z</time></trkpt>
      <trkpt lat="37.781618" lon="-122.447839"><time>2024-06-01T18:18:17Z</time></trkpt>
      <trkpt lat="37.781768" lon="-122.447832"><time>2024-06-01T18:18:33Z</time></trkpt>
      <trkpt lat="37.781824" lon="-122.447971"><time>2024-06-01T18:18:45Z</time></trkpt>
      <trkpt lat="37.781855" lon="-122.447824"><time>2024-06-01T18:19:08Z</time></trkpt>
      <trkpt lat="37.781841" lon="-122.447675"><time>2024-06-01T18:19:33Z</time></trkpt>
      <trkpt lat="37.781731" lon="-122.447573"><time>2024-06-01T18:20:00Z</time></trkpt>
      <trkpt lat="37.781833" lon="-122.447683"><time>2024-06-01T18:20:24Z</time></trkpt>
      <trkpt lat="37.781973" lon="-122.447629"><time>2024-06-01T18:20:50Z</time></trkpt>
      <trkpt lat="37.782071" lon="-122.447515"><time>2024-06-01T18:21:05Z</time></trkpt>
      <trkpt lat="37.781921" lon="-122.447527"><time>2024-06-01T18:21:28Z</time></trkpt>
      <trkpt lat="37.781861" lon="-122.447389"><time>2024-06-01T18:21:44Z</time></trkpt>
      <trkpt lat="37.781946" lon="-122.447266"><time>2024-06-01T18:22:00Z</time></trkpt>
      <trkpt lat="37.782027" lon="-122.447392"><time>2024-06-01T18:22:15Z</time></trkpt>
    </trkseg>
  </trk>
</gpx>