<?xml version="1.0" encoding="UTF-8"?>
<gpx version="1.1" creator="PythonScript" xmlns="http://www.topografix.com/GPX/1/1">
  <trk>
    <name>Long Synthetic Explorer Trace</name>
    <trkseg>
      <trkpt lat="37.791691" lon="-122.412395"><time>2024-06-01T10:00:24Z</time></trkpt>
      <trkpt lat="37.791599" lon="-122.412514"><time>2024-06-01T10:00:53Z</time></trkpt>
      <trkpt lat="37.791749" lon="-122.412528"><time>2024-06-01T10:01:16Z</time></trkpt>
      <trkpt lat="37.791680" lon="-122.412395"><time>2024-06-01T10:01:31Z</time></trkpt>
      <trkpt lat="37.791530" lon="-122.412387"><time>2024-06-01T10:01:58Z</time></trkpt>
      <trkpt lat="37.791542" lon="-122.412238"><time>2024-06-01T10:02:08Z</time></trkpt>
      <trkpt lat="37.791572" lon="-122.412385"><time>2024-06-01T10:02:36Z</time></trkpt>
      <trkpt lat="37.791615" lon="-122.412528"><time>2024-06-01T10:03:01Z</time></trkpt>
      <trkpt lat="37.791742" lon="-122.412608"><time>2024-06-01T10:03:13Z</time></trkpt>
      <trkpt lat="37.791718" lon="-122.412460"><time>2024-06-01T10:03:27Z</time></trkpt>
      <trkpt lat="37.791702" lon="-122.412311"><time>2024-06-01T10:03:55Z</time></trkpt>
      <trkpt lat="37.791777" lon="-122.412440"><time>2024-06-01T10:04:22Z</time></trkpt>
      <trkpt lat="37.791927" lon="-122.412448"><time>2024-06-01T10:04:40Z</time></trkpt>
      <trkpt lat="37.792029" lon="-122.412558"><time>2024-06-01T10:04:51Z</time></trkpt>
      <trkpt lat="37.792152" lon="-122.412471"><time>2024-06-01T10:05:09Z</time></trkpt>
      <trkpt lat="37.792087" lon="-122.412336"><time>2024-06-01T10:05:28Z</time></trkpt>
      <trkpt lat="37.792205" lon="-122.412429"><time>2024-06-01T10:05:43Z</time></trkpt>
      <trkpt lat="37.792277" lon="-122.412560"><time>2024-06-01T10:06:00Z</time></trkpt>
      <trkpt lat="37.792418" lon="-122.412509"><time>2024-06-01T10:06:24Z</time></trkpt>
      <trkpt lat="37.792269" lon="-122.412524"><time>2024-06-01T10:06:46Z</time></trkpt>
      <trkpt lat="37.792403" lon="-122.412458"><time>2024-06-01T10:07:00Z</time></trkpt>
      <trkpt lat="37.792256" lon="-122.412489"><time>2024-06-01T10:07:16Z</time></trkpt>
      <trkpt lat="37.792115" lon="-122.412440"><time>2024-06-01T10:07:45Z</time></trkpt>
      <trkpt lat="37.792018" lon="-122.412325"><time>2024-06-01T10:08:10Z</time></trkpt>
      <trkpt lat="37.792154" lon="-122.412390"><time>2024-06-01T10:08:26Z</time></trkpt>
      <trkpt lat="37.792185" lon="-122.412536"><time>2024-06-01T10:08:38Z</time></trkpt>
      <trkpt lat="37.792295" lon="-122.412638"><time>2024-06-01T10:08:56Z</time></trkpt>
      <trkpt lat="37.792310" lon="-122.412787"><time>2024-06-01T10:09:18Z</time></trkpt>
      <trkpt lat="37.792410" lon="-122.412898"><time>2024-06-01T10:09:36Z</time></trkpt>
      <trkpt lat="37.792534" lon="-122.412814"><time>2024-06-01T10:09:50Z</time></trkpt>
      <trkpt lat="37.792384" lon="-122.412812"><time>2024-06-01T10:10:15Z</time></trkpt>
      <trkpt lat="37.792256" lon="-122.412891"><time>2024-06-01T10:10:32Z</time></trkpt>
      <trkpt lat="37.792279" lon="-122.413039"><time>2024-06-01T10:11:01Z</time></trkpt>
      <trkpt lat="37.792248" lon="-122.412892"><time>2024-06-01T10:11:16Z</time></trkpt>
      <trkpt lat="37.792134" lon="-122.412794"><time>2024-06-01T10:11:26Z</time></trkpt>
      <trkpt lat="37.792182" lon="-122.412936"><time>2024-06-01T10:11:47Z</time></trkpt>
      <trkpt lat="37.792184" lon="-122.413086"><time>2024-06-01T10:12:10Z</time></trkpt>
      <trkpt lat="37.792306" lon="-122.413173"><time>2024-06-01T10:12:35Z</time></trkpt>
      <trkpt lat="37.792252" lon="-122.413313"><time>2024-06-01T10:12:52Z</time></trkpt>
      <trkpt lat="37.792131" lon="-122.413402"><time>2024-06-01T10:13:18Z</time></trkpt>
      <trkpt lat="37.792171" lon="-122.413547"><time>2024-06-01T10:13:32Z</time></trkpt>
      <trkpt lat="37.792031" lon="-122.413600"><time>2024-06-01T10:14:00Z</time></trkpt>
      <trkpt lat="37.792077" lon="-122.413743"><time>2024-06-01T10:14:12Z</time></trkpt>
      <trkpt lat="37.792215" lon="-122.413802"><time>2024-06-01T10:14:30Z</time></trkpt>
      <trkpt lat="37.792072" lon="-122.413847"><time>2024-06-01T10:14:52Z</time></trkpt>
      <trkpt lat="37.791990" lon="-122.413973"><time>2024-06-01T10:15:18Z</time></trkpt>
      <trkpt lat="37.791903" lon="-122.413850"><time>2024-06-01T10:15:38Z</time></trkpt>
      <trkpt lat="37.791770" lon="-122.413920"><time>2024-06-01T10:15:58Z</time></trkpt>
      <trkpt lat="37.791904" lon="-122.413989"><time>2024-06-01T10:16:28Z</time></trkpt>
      <trkpt lat="37.791949" lon="-122.413846"><time>2024-06-01T10:16:53Z</time></trkpt>
      <trkpt lat="37.791842" lon="-122.413741"><time>2024-06-01T10:17:05Z</time></trkpt>
      <trkpt lat="37.791849" lon="-122.413592"><time>2024-06-01T10:17:23Z</time></trkpt>
      <trkpt lat="37.791913" lon="-122.413456"><time>2024-06-01T10:17:34Z</time></trkpt>
      <trkpt lat="37.792049" lon="-122.413520"><time>2024-06-01T10:18:04Z</time></trkpt>
      <trkpt lat="37.791945" lon="-122.413628"><time>2024-06-01T10:18:28Z</time></trkpt>
      <trkpt lat="37.792009" lon="-122.413492"><time>2024-06-01T10:18:56Z</time></trkpt>
      <trkpt lat="37.792003" lon="-122.413343"><time>2024-06-01T10:19:14Z</time></trkpt>
      <trkpt lat="37.791853" lon="-122.413342"><time>2024-06-01T10:19:30Z</time></trkpt>
      <trkpt lat="37.791893" lon="-122.413198"><time>2024-06-01T10:20:00Z</time></trkpt>
      <trkpt lat="37.792031" lon="-122.413138"><time>2024-06-01T10:20:19Z</time></trkpt>
      <trkpt lat="37.791893" lon="-122.413078"><time>2024-06-01T10:20:48Z</time></trkpt>
      <trkpt lat="37.792043" lon="-122.413080"><time>2024-06-01T10:20:58Z</time></trkpt>
      <trkpt lat="37.792178" lon="-122.413014"><time>2024-06-01T10:21:18Z</time></trkpt>
      <trkpt lat="37.792251" lon="-122.413145"><time>2024-06-01T10:21:46Z</time></trkpt>
      <trkpt lat="37.792211" lon="-122.413001"><time>2024-06-01T10:22:14Z</time></trkpt>
      <trkpt lat="37.792322" lon="-122.412900"><time>2024-06-01T10:22:37Z</time></trkpt>
      <trkpt lat="37.792201" lon="-122.412811"><time>2024-06-01T10:23:03Z</time></trkpt>
      <trkpt lat="37.792108" lon="-122.412929"><time>2024-06-01T10:23:27Z</time></trkpt>
      <trkpt lat="37.792254" lon="-122.412894"><time>2024-06-01T10:23:42Z</time></trkpt>
      <trkpt lat="37.792245" lon="-122.413044"><time>2024-06-01T10:24:04Z</time></trkpt>
      <trkpt lat="37.792393" lon="-122.413023"><time>2024-06-01T10:24:20Z</time></trkpt>
      <trkpt lat="37.792488" lon="-122.412906"><time>2024-06-01T10:24:47Z</time></trkpt>
      <trkpt lat="37.792380" lon="-122.413011"><time>2024-06-01T10:25:16Z</time></trkpt>
      <trkpt lat="37.792453" lon="-122.412880"><time>2024-06-01T10:25:41Z</time></trkpt>
      <trkpt lat="37.792382" lon="-122.412748"><time>2024-06-01T10:26:05Z</time></trkpt>
      <trkpt lat="37.792494" lon="-122.412847"><time>2024-06-01T10:26:35Z</time></trkpt>
      <trkpt lat="37.792426" lon="-122.412981"><time>2024-06-01T10:27:05Z</time></trkpt>
      <trkpt lat="37.792571" lon="-122.413019"><time>2024-06-01T10:27:21Z</time></trkpt>
      <trkpt lat="37.792661" lon="-122.413138"><time>2024-06-01T10:27:43Z</time></trkpt>
      <trkpt lat="37.792540" lon="-122.413049"><time>2024-06-01T10:28:05Z</time></trkpt>
      <trkpt lat="37.792391" lon="-122.413036"><time>2024-06-01T10:28:16Z</time></trkpt>
      <trkpt lat="37.792449" lon="-122.413175"><time>2024-06-01T10:28:29Z</time></trkpt>
      <trkpt lat="37.792392" lon="-122.413314"><time>2024-06-01T10:28:46Z</time></trkpt>
      <trkpt lat="37.792532" lon="-122.413260"><time>2024-06-01T10:29:09Z</time></trkpt>
      <trkpt lat="37.792529" lon="-122.413410"><time>2024-06-01T10:29:29Z</time></trkpt>
      <trkpt lat="37.792525" lon="-122.413260"><time>2024-06-01T10:29:53Z</time></trkpt>
      <trkpt lat="37.792647" lon="-122.413348"><time>2024-06-01T10:30:08Z</time></trkpt>
      <trkpt lat="37.792513" lon="-122.413415"><time>2024-06-01T10:30:25Z</time></trkpt>
      <trkpt lat="37.792363" lon="-122.413404"><time>2024-06-01T10:30:50Z</time></trkpt>
      <trkpt lat="37.792443" lon="-122.413530"><time>2024-06-01T10:31:08Z</time></trkpt>
      <trkpt lat="37.792545" lon="-122.413641"><time>2024-06-01T10:31:34Z</time></trkpt>
      <trkpt lat="37.792429" lon="-122.413546"><time>2024-06-01T10:31:56Z</time></trkpt>
      <trkpt lat="37.792552" lon="-122.413461"><time>2024-06-01T10:32:09Z</time></trkpt>
      <trkpt lat="37.792600" lon="-122.413603"><time>2024-06-01T10:32:38Z</time></trkpt>
      <trkpt lat="37.792736" lon="-122.413666"><time>2024-06-01T10:32:58Z</time></trkpt>
      <trkpt lat="37.792621" lon="-122.413569"><time>2024-06-01T10:33:27Z</time></trkpt>
      <trkpt lat="37.792504" lon="-122.413663"><time>2024-06-01T10:33:47Z</time></trkpt>
      <trkpt lat="37.792651" lon="-122.413635"><time>2024-06-01T10:33:58Z</time></trkpt>
      <trkpt lat="37.792502" lon="-122.413622"><time>2024-06-01T10:34:23Z</time></trkpt>
      <trkpt lat="37.792352" lon="-122.413610"><time>2024-06-01T10:34:45Z</time></trkpt>
      <trkpt lat="37.792402" lon="-122.413468"><time>2024-06-01T10:35:15Z</time></trkpt>
      <trkpt lat="37.792499" lon="-122.413582"><time>2024-06-01T10:35:37Z</time></trkpt>
      <trkpt lat="37.792465" lon="-122.413436"><time>2024-06-01T10:35:48Z</time></trkpt>
      <trkpt lat="37.792564" lon="-122.413323"><time>2024-06-01T10:36:12Z</time></trkpt>
      <trkpt lat="37.792517" lon="-122.413181"><time>2024-06-01T10:36:33Z</time></trkpt>
      <trkpt lat="37.792584" lon="-122.413315"><time>2024-06-01T10:36:49Z</time></trkpt>
      <trkpt lat="37.792707" lon="-122.413229"><time>2024-06-01T10:37:08Z</time></trkpt>
      <trkpt lat="37.792733" lon="-122.413376"><time>2024-06-01T10:37:18Z</time></trkpt>
      <trkpt lat="37.792653" lon="-122.413504"><time>2024-06-01T10:37:47Z</time></trkpt>
      <trkpt lat="37.792632" lon="-122.413652"><time>2024-06-01T10:38:05Z</time></trkpt>
      <trkpt lat="37.792604" lon="-122.413799"><time>2024-06-01T10:38:18Z</time></trkpt>
      <trkpt lat="37.792455" lon="-122.413782"><time>2024-06-01T10:38:39Z</time></trkpt>
      <trkpt lat="37.792556" lon="-122.413671"><time>2024-06-01T10:39:08Z</time></trkpt>
      <trkpt lat="37.792670" lon="-122.413769"><time>2024-06-01T10:39:18Z</time></trkpt>
      <trkpt lat="37.792791" lon="-122.413858"><time>2024-06-01T10:39:44Z</time></trkpt>
      <trkpt lat="37.792898" lon="-122.413753"><time>2024-06-01T10:40:02Z</time></trkpt>
      <trkpt lat="37.792780" lon="-122.413660"><time>2024-06-01T10:40:17Z</time></trkpt>
      <trkpt lat="37.792924" lon="-122.413616"><time>2024-06-01T10:40:45Z</time></trkpt>
      <trkpt lat="37.792808" lon="-122.413711"><time>2024-06-01T10:41:00Z</time></trkpt>
      <trkpt lat="37.792952" lon="-122.413753"><time>2024-06-01T10:41:30Z</time></trkpt>
      <trkpt lat="37.793009" lon="-122.413615"><time>2024-06-01T10:41:52Z</time></trkpt>
      <trkpt lat="37.793155" lon="-122.413581"><time>2024-06-01T10:42:13Z</time></trkpt>
      <trkpt lat="37.793183" lon="-122.413729"><time>2024-06-01T10:42:30Z</time></trkpt>
      <trkpt lat="37.793295" lon="-122.413829"><time>2024-06-01T10:42:40Z</time></trkpt>
      <trkpt lat="37.793385" lon="-122.413710"><time>2024-06-01T10:43:00Z</time></trkpt>
      <trkpt lat="37.793419" lon="-122.413856"><time>2024-06-01T10:43:13Z</time></trkpt>
      <trkpt lat="37.793383" lon="-122.413710"><time>2024-06-01T10:43:43Z</time></trkpt>
      <trkpt lat="37.793484" lon="-122.413600"><time>2024-06-01T10:44:11Z</time></trkpt>
      <trkpt lat="37.793631" lon="-122.413570"><time>2024-06-01T10:44:24Z</time></trkpt>
      <trkpt lat="37.793486" lon="-122.413531"><time>2024-06-01T10:44:40Z</time></trkpt>
      <trkpt lat="37.793339" lon="-122.413558"><time>2024-06-01T10:45:01Z</time></trkpt>
      <trkpt lat="37.793482" lon="-122.413514"><time>2024-06-01T10:45:15Z</time></trkpt>
      <trkpt lat="37.793611" lon="-122.413436"><time>2024-06-01T10:45:35Z</time></trkpt>
      <trkpt lat="37.793759" lon="-122.413460"><time>2024-06-01T10:45:58Z</time></trkpt>
      <trkpt lat="37.793891" lon="-122.413389"><time>2024-06-01T10:46:28Z</time></trkpt>
      <trkpt lat="37.793819" lon="-122.413258"><time>2024-06-01T10:46:40Z</time></trkpt>
      <trkpt lat="37.793693" lon="-122.413175"><time>2024-06-01T10:46:57Z</time></trkpt>
      <trkpt lat="37.793737" lon="-122.413032"><time>2024-06-01T10:47:14Z</time></trkpt>
      <trkpt lat="37.793592" lon="-122.413071"><time>2024-06-01T10:47:43Z</time></trkpt>
      <trkpt lat="37.793474" lon="-122.413162"><time>2024-06-01T10:48:08Z</time></trkpt>
      <trkpt lat="37.793448" lon="-122.413015"><time>2024-06-01T10:48:18Z</time></trkpt>
      <trkpt lat="37.793307" lon="-122.413065"><time>2024-06-01T10:48:44Z</time></trkpt>
      <trkpt lat="37.793167" lon="-122.413011"><time>2024-06-01T10:49:04Z</time></trkpt>
      <trkpt lat="37.793245" lon="-122.412884"><time>2024-06-01T10:49:29Z</time></trkpt>
      <trkpt lat="37.793320" lon="-122.413014"><time>2024-06-01T10:49:39Z</time></trkpt>
      <trkpt lat="37.793466" lon="-122.412981"><time>2024-06-01T10:49:59Z</time></trkpt>
      <trkpt lat="37.793334" lon="-122.412911"><time>2024-06-01T10:50:12Z</time></trkpt>
      <trkpt lat="37.793449" lon="-122.412814"><time>2024-06-01T10:50:23Z</time></trkpt>
      <trkpt lat="37.793599" lon="-122.412809"><time>2024-06-01T10:50:53Z</time></trkpt>
      <trkpt lat="37.793674" lon="-122.412679"><time>2024-06-01T10:51:22Z</time></trkpt>
      <trkpt lat="37.793535" lon="-122.412622"><time>2024-06-01T10:51:40Z</time></trkpt>
      <trkpt lat="37.793458" lon="-122.412751"><time>2024-06-01T10:52:09Z</time></trkpt>
      <trkpt lat="37.793560" lon="-122.412861"><time>2024-06-01T10:52:34Z</time></trkpt>
      <trkpt lat="37.793635" lon="-122.412731"><time>2024-06-01T10:52:54Z</time></trkpt>
      <trkpt lat="37.793769" lon="-122.412665"><time>2024-06-01T10:53:12Z</time></trkpt>
      <trkpt lat="37.793639" lon="-122.412739"><time>2024-06-01T10:53:42Z</time></trkpt>
      <trkpt lat="37.793782" lon="-122.412693"><time>2024-06-01T10:54:09Z</time></trkpt>
      <trkpt lat="37.793665" lon="-122.412599"><time>2024-06-01T10:54:23Z</time></trkpt>
      <trkpt lat="37.793726" lon="-122.412736"><time>2024-06-01T10:54:36Z</time></trkpt>
      <trkpt lat="37.793577" lon="-122.412751"><time>2024-06-01T10:55:00Z</time></trkpt>
      <trkpt lat="37.793629" lon="-122.412892"><time>2024-06-01T10:55:26Z</time></trkpt>
      <trkpt lat="37.793778" lon="-122.412908"><time>2024-06-01T10:55:46Z</time></trkpt>
      <trkpt lat="37.793927" lon="-122.412921"><time>2024-06-01T10:56:16Z</time></trkpt>
      <trkpt lat="37.793878" lon="-122.413063"><time>2024-06-01T10:56:29Z</time></trkpt>
      <trkpt lat="37.794028" lon="-122.413059"><time>2024-06-01T10:56:58Z</time></trkpt>
      <trkpt lat="37.794094" lon="-122.413194"><time>2024-06-01T10:57:21Z</time></trkpt>
      <trkpt lat="37.794108" lon="-122.413343"><time>2024-06-01T10:57:48Z</time></trkpt>
      <trkpt lat="37.793975" lon="-122.413412"><time>2024-06-01T10:58:01Z</time></trkpt>
      <trkpt lat="37.794068" lon="-122.413531"><time>2024-06-01T10:58:17Z</time></trkpt>
      <trkpt lat="37.794193" lon="-122.413613"><time>2024-06-01T10:58:45Z</time></trkpt>
      <trkpt lat="37.794081" lon="-122.413513"><time>2024-06-01T10:58:59Z</time></trkpt>
      <trkpt lat="37.793961" lon="-122.413424"><time>2024-06-01T10:59:18Z</time></trkpt>
      <trkpt lat="37.793926" lon="-122.413570"><time>2024-06-01T10:59:28Z</time></trkpt>
      <trkpt lat="37.793827" lon="-122.413682"><time>2024-06-01T10:59:57Z</time></trkpt>
      <trkpt lat="37.793803" lon="-122.413534"><time>2024-06-01T11:00:14Z</time></trkpt>
      <trkpt lat="37.793880" lon="-122.413663"><time>2024-06-01T11:00:37Z</time></trkpt>
      <trkpt lat="37.793848" lon="-122.413810"><time>2024-06-01T11:00:53Z</time></trkpt>
      <trkpt lat="37.793974" lon="-122.413728"><time>2024-06-01T11:01:07Z</time></trkpt>
      <trkpt lat="37.794065" lon="-122.413847"><time>2024-06-01T11:01:33Z</time></trkpt>
      <trkpt lat="37.794171" lon="-122.413741"><time>2024-06-01T11:01:58Z</time></trkpt>
      <trkpt lat="37.794274" lon="-122.413631"><time>2024-06-01T11:02:23Z</time></trkpt>
      <trkpt lat="37.794173" lon="-122.413742"><time>2024-06-01T11:02:36Z</time></trkpt>
      <trkpt lat="37.794275" lon="-122.413632"><time>2024-06-01T11:03:06Z</time></trkpt>
      <trkpt lat="37.794140" lon="-122.413566"><time>2024-06-01T11:03:27Z</time></trkpt>
      <trkpt lat="37.794002" lon="-122.413627"><time>2024-06-01T11:03:44Z</time></trkpt>
      <trkpt lat="37.793852" lon="-122.413628"><time>2024-06-01T11:04:02Z</time></trkpt>
      <trkpt lat="37.793703" lon="-122.413616"><time>2024-06-01T11:04:20Z</time></trkpt>
      <trkpt lat="37.793564" lon="-122.413560"><time>2024-06-01T11:04:34Z</time></trkpt>
      <trkpt lat="37.793713" lon="-122.413570"><time>2024-06-01T11:05:04Z</time></trkpt>
      <trkpt lat="37.793636" lon="-122.413441"><time>2024-06-01T11:05:15Z</time></trkpt>
      <trkpt lat="37.793634" lon="-122.413591"><time>2024-06-01T11:05:40Z</time></trkpt>
      <trkpt lat="37.793516" lon="-122.413499"><time>2024-06-01T11:06:08Z</time></trkpt>
      <trkpt lat="37.793369" lon="-122.413532"><time>2024-06-01T11:06:37Z</time></trkpt>
      <trkpt lat="37.793314" lon="-122.413393"><time>2024-06-01T11:06:54Z</time></trkpt>
      <trkpt lat="37.793207" lon="-122.413287"><time>2024-06-01T11:07:14Z</time></trkpt>
      <trkpt lat="37.793129" lon="-122.413159"><time>2024-06-01T11:07:28Z</time></trkpt>
      <trkpt lat="37.792990" lon="-122.413103"><time>2024-06-01T11:07:51Z</time></trkpt>
      <trkpt lat="37.792856" lon="-122.413037"><time>2024-06-01T11:08:01Z</time></trkpt>
      <trkpt lat="37.792706" lon="-122.413038"><time>2024-06-01T11:08:11Z</time></trkpt>
      <trkpt lat="37.792587" lon="-122.412946"><time>2024-06-01T11:08:22Z</time></trkpt>
      <trkpt lat="37.792727" lon="-122.412891"><time>2024-06-01T11:08:42Z</time></trkpt>
      <trkpt lat="37.792725" lon="-122.412741"><time>2024-06-01T11:09:05Z</time></trkpt>
      <trkpt lat="37.792608" lon="-122.412649"><time>2024-06-01T11:09:34Z</time></trkpt>
      <trkpt lat="37.792593" lon="-122.412798"><time>2024-06-01T11:09:59Z</time></trkpt>
      <trkpt lat="37.792498" lon="-122.412682"><time>2024-06-01T11:10:13Z</time></trkpt>
      <trkpt lat="37.792645" lon="-122.412652"><time>2024-06-01T11:10:32Z</time></trkpt>
      <trkpt lat="37.792529" lon="-122.412746"><time>2024-06-01T11:10:51Z</time></trkpt>
      <trkpt lat="37.792552" lon="-122.412894"><time>2024-06-01T11:11:04Z</time></trkpt>
      <trkpt lat="37.792676" lon="-122.412979"><time>2024-06-01T11:11:32Z</time></trkpt>
      <trkpt lat="37.792576" lon="-122.413091"><time>2024-06-01T11:12:00Z</time></trkpt>
      <trkpt lat="37.792665" lon="-122.412970"><time>2024-06-01T11:12:13Z</time></trkpt>
      <trkpt lat="37.792516" lon="-122.412982"><time>2024-06-01T11:12:23Z</time></trkpt>
      <trkpt lat="37.792378" lon="-122.413041"><time>2024-06-01T11:12:39Z</time></trkpt>
      <trkpt lat="37.792454" lon="-122.412912"><time>2024-06-01T11:13:09Z</time></trkpt>
      <trkpt lat="37.792460" lon="-122.412762"><time>2024-06-01T11:13:33Z</time></trkpt>
      <trkpt lat="37.792313" lon="-122.412730"><time>2024-06-01T11:13:52Z</time></trkpt>
      <trkpt lat="37.792164" lon="-122.412714"><time>2024-06-01T11:14:10Z</time></trkpt>
      <trkpt lat="37.792145" lon="-122.412863"><time>2024-06-01T11:14:32Z</time></trkpt>
      <trkpt lat="37.792064" lon="-122.412989"><time>2024-06-01T11:15:01Z</time></trkpt>
      <trkpt lat="37.792096" lon="-122.412843"><time>2024-06-01T11:15:17Z</time></trkpt>
      <trkpt lat="37.792175" lon="-122.412716"><time>2024-06-01T11:15:34Z</time></trkpt>
      <trkpt lat="37.792316" lon="-122.412768"><time>2024-06-01T11:15:50Z</time></trkpt>
      <trkpt lat="37.792178" lon="-122.412709"><time>2024-06-01T11:16:11Z</time></trkpt>
      <trkpt lat="37.792071" lon="-122.412814"><time>2024-06-01T11:16:34Z</time></trkpt>
      <trkpt lat="37.791982" lon="-122.412934"><time>2024-06-01T11:17:02Z</time></trkpt>
      <trkpt lat="37.791856" lon="-122.413017"><time>2024-06-01T11:17:17Z</time></trkpt>
      <trkpt lat="37.791945" lon="-122.413137"><time>2024-06-01T11:17:31Z</time></trkpt>
      <trkpt lat="37.792054" lon="-122.413034"><time>2024-06-01T11:17:57Z</time></trkpt>
      <trkpt lat="37.791944" lon="-122.413136"><time>2024-06-01T11:18:21Z</time></trkpt>
      <trkpt lat="37.791794" lon="-122.413125"><time>2024-06-01T11:18:32Z</time></trkpt>
      <trkpt lat="37.791645" lon="-122.413109"><time>2024-06-01T11:18:47Z</time></trkpt>
      <trkpt lat="37.791738" lon="-122.413227"><time>2024-06-01T11:19:17Z</time></trkpt>
      <trkpt lat="37.791588" lon="-122.413219"><time>2024-06-01T11:19:37Z</time></trkpt>
      <trkpt lat="37.791519" lon="-122.413086"><time>2024-06-01T11:19:55Z</time></trkpt>
      <trkpt lat="37.791598" lon="-122.412958"><time>2024-06-01T11:20:10Z</time></trkpt>
      <trkpt lat="37.791449" lon="-122.412976"><time>2024-06-01T11:20:24Z</time></trkpt>
      <trkpt lat="37.791425" lon="-122.412828"><time>2024-06-01T11:20:54Z</time></trkpt>
      <trkpt lat="37.791289" lon="-122.412764"><time>2024-06-01T11:21:23Z</time></trkpt>
      <trkpt lat="37.791439" lon="-122.412758"><time>2024-06-01T11:21:44Z</time></trkpt>
      <trkpt lat="37.791530" lon="-122.412878"><time>2024-06-01T11:22:00Z</time></trkpt>
      <trkpt lat="37.791380" lon="-122.412884"><time>2024-06-01T11:22:18Z</time></trkpt>
      <trkpt lat="37.791500" lon="-122.412793"><time>2024-06-01T11:22:42Z</time></trkpt>
      <trkpt lat="37.791516" lon="-122.412644"><time>2024-06-01T11:23:02Z</time></trkpt>
      <trkpt lat="37.791561" lon="-122.412787"><time>2024-06-01T11:23:25Z</time></trkpt>
      <trkpt lat="37.791473" lon="-122.412909"><time>2024-06-01T11:23:50Z</time></trkpt>
      <trkpt lat="37.791619" lon="-122.412873"><time>2024-06-01T11:24:07Z</time></trkpt>
      <trkpt lat="37.791759" lon="-122.412928"><time>2024-06-01T11:24:19Z</time></trkpt>
      <trkpt lat="37.791797" lon="-122.412783"><time>2024-06-01T11:24:34Z</time></trkpt>
      <trkpt lat="37.791654" lon="-122.412828"><time>2024-06-01T11:24:50Z</time></trkpt>
      <trkpt lat="37.791513" lon="-122.412878"><time>2024-06-01T11:25:12Z</time></trkpt>
      <trkpt lat="37.791639" lon="-122.412959"><time>2024-06-01T11:25:36Z</time></trkpt>
      <trkpt lat="37.791766" lon="-122.412879"><time>2024-06-01T11:26:06Z</time></trkpt>
      <trkpt lat="37.791767" lon="-122.412729"><time>2024-06-01T11:26:19Z</time></trkpt>
      <trkpt lat="37.791771" lon="-122.412879"><time>2024-06-01T11:26:46Z</time></trkpt>
      <trkpt lat="37.791638" lon="-122.412809"><time>2024-06-01T11:27:05Z</time></trkpt>
      <trkpt lat="37.791612" lon="-122.412661"><time>2024-06-01T11:27:17Z</time></trkpt>
      <trkpt lat="37.791476" lon="-122.412597"><time>2024-06-01T11:27:40Z</time></trkpt>
      <trkpt lat="37.791350" lon="-122.412678"><time>2024-06-01T11:27:52Z</time></trkpt>
      <trkpt lat="37.791456" lon="-122.412572"><time>2024-06-01T11:28:20Z</time></trkpt>
      <trkpt lat="37.791606" lon="-122.412571"><time>2024-06-01T11:28:50Z</time></trkpt>
      <trkpt lat="37.791485" lon="-122.412483"><time>2024-06-01T11:29:01Z</time></trkpt>
      <trkpt lat="37.791346" lon="-122.412541"><time>2024-06-01T11:29:14Z</time></trkpt>
      <trkpt lat="37.791457" lon="-122.412440"><time>2024-06-01T11:29:26Z</time></trkpt>
      <trkpt lat="37.791391" lon="-122.412304"><time>2024-06-01T11:29:54Z</time></trkpt>
      <trkpt lat="37.791386" lon="-122.412454"><time>2024-06-01T11:30:17Z</time></trkpt>
      <trkpt lat="37.791328" lon="-122.412316"><time>2024-06-01T11:30:28Z</time></trkpt>
      <trkpt lat="37.791457" lon="-122.412393"><time>2024-06-01T11:30:41Z</time></trkpt>
      <trkpt lat="37.791316" lon="-122.412339"><time>2024-06-01T11:30:53Z</time></trkpt>
      <trkpt lat="37.791466" lon="-122.412338"><time>2024-06-01T11:31:15Z</time></trkpt>
      <trkpt lat="37.791320" lon="-122.412369"><time>2024-06-01T11:31:37Z</time></trkpt>
      <trkpt lat="37.791312" lon="-122.412519"><time>2024-06-01T11:31:54Z</time></trkpt>
      <trkpt lat="37.791335" lon="-122.412667"><time>2024-06-01T11:32:24Z</time></trkpt>
      <trkpt lat="37.791339" lon="-122.412517"><time>2024-06-01T11:32:52Z</time></trkpt>
      <trkpt lat="37.791269" lon="-122.412651"><time>2024-06-01T11:33:16Z</time></trkpt>
      <trkpt lat="37.791203" lon="-122.412516"><time>2024-06-01T11:33:40Z</time></trkpt>
      <trkpt lat="37.791182" lon="-122.412665"><time>2024-06-01T11:34:00Z</time></trkpt>
      <trkpt lat="37.791269" lon="-122.412788"><time>2024-06-01T11:34:14Z</time></trkpt>
      <trkpt lat="37.791280" lon="-122.412937"><time>2024-06-01T11:34:35Z</time></trkpt>
      <trkpt lat="37.791250" lon="-122.413084"><time>2024-06-01T11:34:56Z</time></trkpt>
      <trkpt lat="37.791219" lon="-122.412937"><time>2024-06-01T11:35:10Z</time></trkpt>
      <trkpt lat="37.791289" lon="-122.412805"><time>2024-06-01T11:35:30Z</time></trkpt>
      <trkpt lat="37.791270" lon="-122.412954"><time>2024-06-01T11:35:46Z</time></trkpt>
      <trkpt lat="37.791336" lon="-122.413088"><time>2024-06-01T11:36:14Z</time></trkpt>
      <trkpt lat="37.791243" lon="-122.412970"><time>2024-06-01T11:36:28Z</time></trkpt>
      <trkpt lat="37.791234" lon="-122.413120"><time>2024-06-01T11:36:38Z</time></trkpt>
      <trkpt lat="37.791219" lon="-122.412971"><time>2024-06-01T11:36:51Z</time></trkpt>
      <trkpt lat="37.791338" lon="-122.413062"><time>2024-06-01T11:37:06Z</time></trkpt>
      <trkpt lat="37.791190" lon="-122.413087"><time>2024-06-01T11:37:25Z</time></trkpt>
      <trkpt lat="37.791313" lon="-122.413001"><time>2024-06-01T11:37:35Z</time></trkpt>
      <trkpt lat="37.791288" lon="-122.413149"><time>2024-06-01T11:37:48Z</time></trkpt>
      <trkpt lat="37.791325" lon="-122.413004"><time>2024-06-01T11:38:03Z</time></trkpt>
      <trkpt lat="37.791195" lon="-122.412930"><time>2024-06-01T11:38:13Z</time></trkpt>
      <trkpt lat="37.791278" lon="-122.413055"><time>2024-06-01T11:38:36Z</time></trkpt>
      <trkpt lat="37.791178" lon="-122.413167"><time>2024-06-01T11:38:49Z</time></trkpt>
      <trkpt lat="37.791144" lon="-122.413313"><time>2024-06-01T11:39:09Z</time></trkpt>
      <trkpt lat="37.791012" lon="-122.413385"><time>2024-06-01T11:39:23Z</time></trkpt>
      <trkpt lat="37.790879" lon="-122.413453"><time>2024-06-01T11:39:38Z</time></trkpt>
      <trkpt lat="37.790754" lon="-122.413537"><time>2024-06-01T11:40:07Z</time></trkpt>
      <trkpt lat="37.790814" lon="-122.413674"><time>2024-06-01T11:40:27Z</time></trkpt>
      <trkpt lat="37.790664" lon="-122.413680"><time>2024-06-01T11:40:37Z</time></trkpt>
      <trkpt lat="37.790775" lon="-122.413580"><time>2024-06-01T11:40:55Z</time></trkpt>
      <trkpt lat="37.790770" lon="-122.413730"><time>2024-06-01T11:41:06Z</time></trkpt>
      <trkpt lat="37.790621" lon="-122.413746"><time>2024-06-01T11:41:31Z</time></trkpt>
      <trkpt lat="37.790748" lon="-122.413825"><time>2024-06-01T11:41:47Z</time></trkpt>
      <trkpt lat="37.790848" lon="-122.413937"><time>2024-06-01T11:42:17Z</time></trkpt>
      <trkpt lat="37.790929" lon="-122.414063"><time>2024-06-01T11:42:45Z</time></trkpt>
      <trkpt lat="37.791031" lon="-122.414173"><time>2024-06-01T11:42:57Z</time></trkpt>
      <trkpt lat="37.790882" lon="-122.414190"><time>2024-06-01T11:43:16Z</time></trkpt>
      <trkpt lat="37.790826" lon="-122.414329"><time>2024-06-01T11:43:35Z</time></trkpt>
      <trkpt lat="37.790719" lon="-122.414434"><time>2024-06-01T11:43:47Z</time></trkpt>
      <trkpt lat="37.790812" lon="-122.414316"><time>2024-06-01T11:43:58Z</time></trkpt>
      <trkpt lat="37.790947" lon="-122.414251"><time>2024-06-01T11:44:08Z</time></trkpt>
      <trkpt lat="37.790864" lon="-122.414375"><time>2024-06-01T11:44:21Z</time></trkpt>
      <trkpt lat="37.790944" lon="-122.414249"><time>2024-06-01T11:44:39Z</time></trkpt>
      <trkpt lat="37.791093" lon="-122.414230"><time>2024-06-01T11:44:53Z</time></trkpt>
      <trkpt lat="37.791088" lon="-122.414080"><time>2024-06-01T11:45:15Z</time></trkpt>
      <trkpt lat="37.791019" lon="-122.414213"><time>2024-06-01T11:45:28Z</time></trkpt>
      <trkpt lat="37.790994" lon="-122.414361"><time>2024-06-01T11:45:39Z</time></trkpt>
      <trkpt lat="37.791142" lon="-122.414384"><time>2024-06-01T11:46:01Z</time></trkpt>
      <trkpt lat="37.791059" lon="-122.414509"><time>2024-06-01T11:46:27Z</time></trkpt>
      <trkpt lat="37.791190" lon="-122.414437"><time>2024-06-01T11:46:54Z</time></trkpt>
      <trkpt lat="37.791047" lon="-122.414483"><time>2024-06-01T11:47:04Z</time></trkpt>
      <trkpt lat="37.791110" lon="-122.414346"><time>2024-06-01T11:47:33Z</time></trkpt>
      <trkpt lat="37.791200" lon="-122.414466"><time>2024-06-01T11:47:44Z</time></trkpt>
      <trkpt lat="37.791267" lon="-122.414332"><time>2024-06-01T11:48:01Z</time></trkpt>
      <trkpt lat="37.791391" lon="-122.414247"><time>2024-06-01T11:48:31Z</time></trkpt>
      <trkpt lat="37.791471" lon="-122.414373"><time>2024-06-01T11:48:44Z</time></trkpt>
      <trkpt lat="37.791321" lon="-122.414373"><time>2024-06-01T11:49:03Z</time></trkpt>
      <trkpt lat="37.791423" lon="-122.414483"><time>2024-06-01T11:49:27Z</time></trkpt>
      <trkpt lat="37.791296" lon="-122.414403"><time>2024-06-01T11:49:42Z</time></trkpt>
      <trkpt lat="37.791301" lon="-122.414553"><time>2024-06-01T11:49:56Z</time></trkpt>
      <trkpt lat="37.791158" lon="-122.414507"><time>2024-06-01T11:50:24Z</time></trkpt>
      <trkpt lat="37.791019" lon="-122.414563"><time>2024-06-01T11:50:36Z</time></trkpt>
      <trkpt lat="37.791065" lon="-122.414420"><time>2024-06-01T11:50:51Z</time></trkpt>
      <trkpt lat="37.790919" lon="-122.414453"><time>2024-06-01T11:51:20Z</time></trkpt>
      <trkpt lat="37.790974" lon="-122.414592"><time>2024-06-01T11:51:47Z</time></trkpt>
      <trkpt lat="37.791124" lon="-122.414580"><time>2024-06-01T11:52:01Z</time></trkpt>
      <trkpt lat="37.791255" lon="-122.414653"><time>2024-06-01T11:52:28Z</time></trkpt>
      <trkpt lat="37.791391" lon="-122.414591"><time>2024-06-01T11:52:55Z</time></trkpt>
      <trkpt lat="37.791242" lon="-122.414570"><time>2024-06-01T11:53:23Z</time></trkpt>
      <trkpt lat="37.791376" lon="-122.414639"><time>2024-06-01T11:53:52Z</time></trkpt>
      <trkpt lat="37.791453" lon="-122.414510"><time>2024-06-01T11:54:10Z</time></trkpt>
      <trkpt lat="37.791466" lon="-122.414361"><time>2024-06-01T11:54:32Z</time></trkpt>
      <trkpt lat="37.791332" lon="-122.414428"><time>2024-06-01T11:54:55Z</time></trkpt>
      <trkpt lat="37.791314" lon="-122.414279"><time>2024-06-01T11:55:16Z</time></trkpt>
      <trkpt lat="37.791170" lon="-122.414322"><time>2024-06-01T11:55:31Z</time></trkpt>
      <trkpt lat="37.791275" lon="-122.414215"><time>2024-06-01T11:55:48Z</time></trkpt>
      <trkpt lat="37.791246" lon="-122.414068"><time>2024-06-01T11:56:00Z</time></trkpt>
      <trkpt lat="37.791117" lon="-122.414145"><time>2024-06-01T11:56:14Z</time></trkpt>
      <trkpt lat="37.791196" lon="-122.414017"><time>2024-06-01T11:56:31Z</time></trkpt>
      <trkpt lat="37.791321" lon="-122.414101"><time>2024-06-01T11:56:49Z</time></trkpt>
      <trkpt lat="37.791352" lon="-122.413955"><time>2024-06-01T11:57:05Z</time></trkpt>
      <trkpt lat="37.791215" lon="-122.414015"><time>2024-06-01T11:57:19Z</time></trkpt>
      <trkpt lat="37.791259" lon="-122.413872"><time>2024-06-01T11:57:43Z</time></trkpt>
      <trkpt lat="37.791286" lon="-122.413724"><time>2024-06-01T11:58:12Z</time></trkpt>
      <trkpt lat="37.791157" lon="-122.413647"><time>2024-06-01T11:58:31Z</time></trkpt>
      <trkpt lat="37.791252" lon="-122.413531"><time>2024-06-01T11:58:59Z</time></trkpt>
      <trkpt lat="37.791402" lon="-122.413543"><time>2024-06-01T11:59:10Z</time></trkpt>
      <trkpt lat="37.791452" lon="-122.413684"><time>2024-06-01T11:59:22Z</time></trkpt>
      <trkpt lat="37.791535" lon="-122.413559"><time>2024-06-01T11:59:32Z</time></trkpt>
      <trkpt lat="37.791588" lon="-122.413699"><time>2024-06-01T11:59:42Z</time></trkpt>
      <trkpt lat="37.791568" lon="-122.413551"><time>2024-06-01T11:59:57Z</time></trkpt>
      <trkpt lat="37.791606" lon="-122.413696"><time>2024-06-01T12:00:24Z</time></trkpt>
      <trkpt lat="37.791456" lon="-122.413693"><time>2024-06-01T12:00:42Z</time></trkpt>
      <trkpt lat="37.791604" lon="-122.413674"><time>2024-06-01T12:01:10Z</time></trkpt>
      <trkpt lat="37.791462" lon="-122.413627"><time>2024-06-01T12:01:40Z</time></trkpt>
      <trkpt lat="37.791499" lon="-122.413481"><time>2024-06-01T12:02:06Z</time></trkpt>
      <trkpt lat="37.791619" lon="-122.413392"><time>2024-06-01T12:02:33Z</time></trkpt>
      <trkpt lat="37.791767" lon="-122.413417"><time>2024-06-01T12:03:03Z</time></trkpt>
      <trkpt lat="37.791649" lon="-122.413325"><time>2024-06-01T12:03:24Z</time></trkpt>
      <trkpt lat="37.791555" lon="-122.413207"><time>2024-06-01T12:03:42Z</time></trkpt>
      <trkpt lat="37.791677" lon="-122.413295"><time>2024-06-01T12:03:54Z</time></trkpt>
      <trkpt lat="37.791813" lon="-122.413233"><time>2024-06-01T12:04:23Z</time></trkpt>
      <trkpt lat="37.791786" lon="-122.413085"><time>2024-06-01T12:04:48Z</time></trkpt>
      <trkpt lat="37.791648" lon="-122.413145"><time>2024-06-01T12:05:05Z</time></trkpt>
      <trkpt lat="37.791797" lon="-122.413124"><time>2024-06-01T12:05:26Z</time></trkpt>
      <trkpt lat="37.791788" lon="-122.412974"><time>2024-06-01T12:05:55Z</time></trkpt>
      <trkpt lat="37.791935" lon="-122.412946"><time>2024-06-01T12:06:16Z</time></trkpt>
      <trkpt lat="37.791792" lon="-122.412902"><time>2024-06-01T12:06:45Z</time></trkpt>
      <trkpt lat="37.791898" lon="-122.412797"><time>2024-06-01T12:07:06Z</time></trkpt>
      <trkpt lat="37.791780" lon="-122.412706"><time>2024-06-01T12:07:34Z</time></trkpt>
      <trkpt lat="37.791659" lon="-122.412795"><time>2024-06-01T12:07:56Z</time></trkpt>
      <trkpt lat="37.791756" lon="-122.412680"><time>2024-06-01T12:08:17Z</time></trkpt>
      <trkpt lat="37.791757" lon="-122.412530"><time>2024-06-01T12:08:38Z</time></trkpt>
      <trkpt lat="37.791795" lon="-122.412675"><time>2024-06-01T12:08:52Z</time></trkpt>
      <trkpt lat="37.791932" lon="-122.412735"><time>2024-06-01T12:09:13Z</time></trkpt>
      <trkpt lat="37.791805" lon="-122.412656"><time>2024-06-01T12:09:28Z</time></trkpt>
      <trkpt lat="37.791829" lon="-122.412508"><time>2024-06-01T12:09:57Z</time></trkpt>
      <trkpt lat="37.791886" lon="-122.412647"><time>2024-06-01T12:10:14Z</time></trkpt>
      <trkpt lat="37.791768" lon="-122.412554"><time>2024-06-01T12:10:25Z</time></trkpt>
      <trkpt lat="37.791726" lon="-122.412698"><time>2024-06-01T12:10:50Z</time></trkpt>
      <trkpt lat="37.791842" lon="-122.412793"><time>2024-06-01T12:11:00Z</time></trkpt>
      <trkpt lat="37.791723" lon="-122.412702"><time>2024-06-01T12:11:18Z</time></trkpt>
      <trkpt lat="37.791577" lon="-122.412736"><time>2024-06-01T12:11:47Z</time></trkpt>
      <trkpt lat="37.791442" lon="-122.412802"><time>2024-06-01T12:12:14Z</time></trkpt>
      <trkpt lat="37.791592" lon="-122.412806"><time>2024-06-01T12:12:37Z</time></trkpt>
      <trkpt lat="37.791448" lon="-122.412764"><time>2024-06-01T12:12:59Z</time></trkpt>
      <trkpt lat="37.791378" lon="-122.412896"><time>2024-06-01T12:13:13Z</time></trkpt>
      <trkpt lat="37.791480" lon="-122.412787"><time>2024-06-01T12:13:33Z</time></trkpt>
      <trkpt lat="37.791400" lon="-122.412660"><time>2024-06-01T12:13:50Z</time></trkpt>
      <trkpt lat="37.791254" lon="-122.412624"><time>2024-06-01T12:14:14Z</time></trkpt>
      <trkpt lat="37.791404" lon="-122.412631"><time>2024-06-01T12:14:34Z</time></trkpt>
      <trkpt lat="37.791527" lon="-122.412717"><time>2024-06-01T12:14:57Z</time></trkpt>
      <trkpt lat="37.791672" lon="-122.412681"><time>2024-06-01T12:15:11Z</time></trkpt>
      <trkpt lat="37.791543" lon="-122.412605"><time>2024-06-01T12:15:40Z</time></trkpt>
      <trkpt lat="37.791405" lon="-122.412665"><time>2024-06-01T12:16:04Z</time></trkpt>
      <trkpt lat="37.791478" lon="-122.412796"><time>2024-06-01T12:16:21Z</time></trkpt>
      <trkpt lat="37.791422" lon="-122.412657"><time>2024-06-01T12:16:48Z</time></trkpt>
      <trkpt lat="37.791397" lon="-122.412805"><time>2024-06-01T12:16:58Z</time></trkpt>
      <trkpt lat="37.791260" lon="-122.412867"><time>2024-06-01T12:17:21Z</time></trkpt>
      <trkpt lat="37.791217" lon="-122.413010"><time>2024-06-01T12:17:48Z</time></trkpt>
      <trkpt lat="37.791121" lon="-122.413126"><time>2024-06-01T12:18:17Z</time></trkpt>
      <trkpt lat="37.791018" lon="-122.413235"><time>2024-06-01T12:18:31Z</time></trkpt>
      <trkpt lat="37.790975" lon="-122.413092"><time>2024-06-01T12:18:42Z</time></trkpt>
      <trkpt lat="37.791124" lon="-122.413106"><time>2024-06-01T12:19:02Z</time></trkpt>
      <trkpt lat="37.791026" lon="-122.412993"><time>2024-06-01T12:19:12Z</time></trkpt>
      <trkpt lat="37.790999" lon="-122.412845"><time>2024-06-01T12:19:27Z</time></trkpt>
      <trkpt lat="37.790949" lon="-122.412987"><time>2024-06-01T12:19:38Z</time></trkpt>
      <trkpt lat="37.790909" lon="-122.412842"><time>2024-06-01T12:20:06Z</time></trkpt>
      <trkpt lat="37.791049" lon="-122.412790"><time>2024-06-01T12:20:33Z</time></trkpt>
      <trkpt lat="37.791008" lon="-122.412646"><time>2024-06-01T12:20:50Z</time></trkpt>
      <trkpt lat="37.791082" lon="-122.412516"><time>2024-06-01T12:21:20Z</time></trkpt>
      <trkpt lat="37.790961" lon="-122.412605"><time>2024-06-01T12:21:41Z</time></trkpt>
      <trkpt lat="37.790988" lon="-122.412457"><time>2024-06-01T12:22:02Z</time></trkpt>
      <trkpt lat="37.790988" lon="-122.412307"><time>2024-06-01T12:22:26Z</time></trkpt>
      <trkpt lat="37.791118" lon="-122.412381"><time>2024-06-01T12:22:56Z</time></trkpt>
      <trkpt lat="37.791097" lon="-122.412530"><time>2024-06-01T12:23:19Z</time></trkpt>
      <trkpt lat="37.790958" lon="-122.412587"><time>2024-06-01T12:23:44Z</time></trkpt>
      <trkpt lat="37.790946" lon="-122.412438"><time>2024-06-01T12:24:01Z</time></trkpt>
      <trkpt lat="37.790947" lon="-122.412288"><time>2024-06-01T12:24:16Z</time></trkpt>
      <trkpt lat="37.790920" lon="-122.412140"><time>2024-06-01T12:24:42Z</time></trkpt>
      <trkpt lat="37.790798" lon="-122.412054"><time>2024-06-01T12:25:00Z</time></trkpt>
      <trkpt lat="37.790784" lon="-122.411904"><time>2024-06-01T12:25:20Z</time></trkpt>
      <trkpt lat="37.790751" lon="-122.412051"><time>2024-06-01T12:25:38Z</time></trkpt>
      <trkpt lat="37.790724" lon="-122.412198"><time>2024-06-01T12:25:59Z</time></trkpt>
      <trkpt lat="37.790807" lon="-122.412324"><time>2024-06-01T12:26:23Z</time></trkpt>
      <trkpt lat="37.790660" lon="-122.412293"><time>2024-06-01T12:26:43Z</time></trkpt>
      <trkpt lat="37.790661" lon="-122.412143"><time>2024-06-01T12:27:10Z</time></trkpt>
      <trkpt lat="37.790810" lon="-122.412163"><time>2024-06-01T12:27:34Z</time></trkpt>
      <trkpt lat="37.790932" lon="-122.412076"><time>2024-06-01T12:27:55Z</time></trkpt>
      <trkpt lat="37.791080" lon="-122.412094"><time>2024-06-01T12:28:16Z</time></trkpt>
      <trkpt lat="37.790965" lon="-122.412189"><time>2024-06-01T12:28:35Z</time></trkpt>
      <trkpt lat="37.791107" lon="-122.412238"><time>2024-06-01T12:28:57Z</time></trkpt>
      <trkpt lat="37.791189" lon="-122.412363"><time>2024-06-01T12:29:27Z</time></trkpt>
      <trkpt lat="37.791112" lon="-122.412492"><time>2024-06-01T12:29:56Z</time></trkpt>
      <trkpt lat="37.791171" lon="-122.412354"><time>2024-06-01T12:30:15Z</time></trkpt>
      <trkpt lat="37.791021" lon="-122.412349"><time>2024-06-01T12:30:38Z</time></trkpt>
      <trkpt lat="37.790878" lon="-122.412304"><time>2024-06-01T12:31:05Z</time></trkpt>
      <trkpt lat="37.790966" lon="-122.412425"><time>2024-06-01T12:31:26Z</time></trkpt>
      <trkpt lat="37.791046" lon="-122.412553"><time>2024-06-01T12:31:41Z</time></trkpt>
      <trkpt lat="37.790896" lon="-122.412538"><time>2024-06-01T12:32:00Z</time></trkpt>
      <trkpt lat="37.790746" lon="-122.412543"><time>2024-06-01T12:32:13Z</time></trkpt>
      <trkpt lat="37.790894" lon="-122.412570"><time>2024-06-01T12:32:29Z</time></trkpt>
      <trkpt lat="37.791000" lon="-122.412675"><time>2024-06-01T12:32:50Z</time></trkpt>
      <trkpt lat="37.791055" lon="-122.412815"><time>2024-06-01T12:33:14Z</time></trkpt>
      <trkpt lat="37.790924" lon="-122.412743"><time>2024-06-01T12:33:38Z</time></trkpt>
      <trkpt lat="37.790879" lon="-122.412887"><time>2024-06-01T12:33:57Z</time></trkpt>
      <trkpt lat="37.790779" lon="-122.412998"><time>2024-06-01T12:34:26Z</time></trkpt>
      <trkpt lat="37.790629" lon="-122.412999"><time>2024-06-01T12:34:45Z</time></trkpt>
      <trkpt lat="37.790493" lon="-122.412934"><time>2024-06-01T12:35:15Z</time></trkpt>
      <trkpt lat="37.790356" lon="-122.412996"><time>2024-06-01T12:35:39Z</time></trkpt>
      <trkpt lat="37.790501" lon="-122.412954"><time>2024-06-01T12:35:57Z</time></trkpt>
      <trkpt lat="37.790626" lon="-122.412872"><time>2024-06-01T12:36:18Z</time></trkpt>
      <trkpt lat="37.790533" lon="-122.412990"><time>2024-06-01T12:36:37Z</time></trkpt>
      <trkpt lat="37.790665" lon="-122.412919"><time>2024-06-01T12:36:58Z</time></trkpt>
      <trkpt lat="37.790730" lon="-122.413054"><time>2024-06-01T12:37:13Z</time></trkpt>
      <trkpt lat="37.790640" lon="-122.412934"><time>2024-06-01T12:37:26Z</time></trkpt>
      <trkpt lat="37.790758" lon="-122.412842"><time>2024-06-01T12:37:36Z</time></trkpt>
      <trkpt lat="37.790908" lon="-122.412844"><time>2024-06-01T12:37:47Z</time></trkpt>
      <trkpt lat="37.790860" lon="-122.412702"><time>2024-06-01T12:37:58Z</time></trkpt>
      <trkpt lat="37.790997" lon="-122.412642"><time>2024-06-01T12:38:19Z</time></trkpt>
      <trkpt lat="37.791094" lon="-122.412757"><time>2024-06-01T12:38:40Z</time></trkpt>
      <trkpt lat="37.791243" lon="-122.412771"><time>2024-06-01T12:39:02Z</time></trkpt>
      <trkpt lat="37.791393" lon="-122.412770"><time>2024-06-01T12:39:12Z</time></trkpt>
      <trkpt lat="37.791517" lon="-122.412854"><time>2024-06-01T12:39:23Z</time></trkpt>
      <trkpt lat="37.791650" lon="-122.412924"><time>2024-06-01T12:39:49Z</time></trkpt>
      <trkpt lat="37.791679" lon="-122.412777"><time>2024-06-01T12:40:01Z</time></trkpt>
      <trkpt lat="37.791551" lon="-122.412698"><time>2024-06-01T12:40:29Z</time></trkpt>
      <trkpt lat="37.791701" lon="-122.412686"><time>2024-06-01T12:40:45Z</time></trkpt>
      <trkpt lat="37.791688" lon="-122.412835"><time>2024-06-01T12:40:57Z</time></trkpt>
      <trkpt lat="37.791620" lon="-122.412970"><time>2024-06-01T12:41:20Z</time></trkpt>
      <trkpt lat="37.791766" lon="-122.412935"><time>2024-06-01T12:41:41Z</time></trkpt>
      <trkpt lat="37.791866" lon="-122.413047"><time>2024-06-01T12:41:59Z</time></trkpt>
      <trkpt lat="37.792009" lon="-122.413094"><time>2024-06-01T12:42:17Z</time></trkpt>
      <trkpt lat="37.791911" lon="-122.413207"><time>2024-06-01T12:42:36Z</time></trkpt>
      <trkpt lat="37.791918" lon="-122.413057"><time>2024-06-01T12:42:48Z</time></trkpt>
      <trkpt lat="37.791815" lon="-122.412949"><time>2024-06-01T12:43:03Z</time></trkpt>
      <trkpt lat="37.791953" lon="-122.412890"><time>2024-06-01T12:43:21Z</time></trkpt>
      <trkpt lat="37.791946" lon="-122.412741"><time>2024-06-01T12:43:47Z</time></trkpt>
      <trkpt lat="37.792053" lon="-122.412846"><time>2024-06-01T12:43:57Z</time></trkpt>
      <trkpt lat="37.792009" lon="-122.412989"><time>2024-06-01T12:44:17Z</time></trkpt>
      <trkpt lat="37.792157" lon="-122.413016"><time>2024-06-01T12:44:38Z</time></trkpt>
      <trkpt lat="37.792163" lon="-122.413166"><time>2024-06-01T12:44:53Z</time></trkpt>
      <trkpt lat="37.792014" lon="-122.413147"><time>2024-06-01T12:45:11Z</time></trkpt>
      <trkpt lat="37.791865" lon="-122.413155"><time>2024-06-01T12:45:28Z</time></trkpt>
      <trkpt lat="37.791724" lon="-122.413206"><time>2024-06-01T12:45:40Z</time></trkpt>
      <trkpt lat="37.791676" lon="-122.413348"><time>2024-06-01T12:45:59Z</time></trkpt>
      <trkpt lat="37.791813" lon="-122.413410"><time>2024-06-01T12:46:20Z</time></trkpt>
      <trkpt lat="37.791893" lon="-122.413536"><time>2024-06-01T12:46:38Z</time></trkpt>
      <trkpt lat="37.791829" lon="-122.413671"><time>2024-06-01T12:47:01Z</time></trkpt>
      <trkpt lat="37.791881" lon="-122.413531"><time>2024-06-01T12:47:27Z</time></trkpt>
      <trkpt lat="37.792017" lon="-122.413594"><time>2024-06-01T12:47:37Z</time></trkpt>
      <trkpt lat="37.792142" lon="-122.413513"><time>2024-06-01T12:47:51Z</time></trkpt>
      <trkpt lat="37.792022" lon="-122.413602"><time>2024-06-01T12:48:12Z</time></trkpt>
      <trkpt lat="37.791874" lon="-122.413579"><time>2024-06-01T12:48:35Z</time></trkpt>
      <trkpt lat="37.792022" lon="-122.413601"><time>2024-06-01T12:48:50Z</time></trkpt>
      <trkpt lat="37.792069" lon="-122.413743"><time>2024-06-01T12:49:09Z</time></trkpt>
      <trkpt lat="37.792176" lon="-122.413638"><time>2024-06-01T12:49:29Z</time></trkpt>
      <trkpt lat="37.792324" lon="-122.413659"><time>2024-06-01T12:49:51Z</time></trkpt>
      <trkpt lat="37.792201" lon="-122.413745"><time>2024-06-01T12:50:07Z</time></trkpt>
      <trkpt lat="37.792317" lon="-122.413650"><time>2024-06-01T12:50:33Z</time></trkpt>
      <trkpt lat="37.792465" lon="-122.413676"><time>2024-06-01T12:51:02Z</time></trkpt>
      <trkpt lat="37.792480" lon="-122.413527"><time>2024-06-01T12:51:12Z</time></trkpt>
      <trkpt lat="37.792434" lon="-122.413670"><time>2024-06-01T12:51:41Z</time></trkpt>
      <trkpt lat="37.792321" lon="-122.413768"><time>2024-06-01T12:52:00Z</time></trkpt>
      <trkpt lat="37.792391" lon="-122.413900"><time>2024-06-01T12:52:18Z</time></trkpt>
      <trkpt lat="37.792533" lon="-122.413948"><time>2024-06-01T12:52:39Z</time></trkpt>
      <trkpt lat="37.792592" lon="-122.413810"><time>2024-06-01T12:53:08Z</time></trkpt>
      <trkpt lat="37.792572" lon="-122.413959"><time>2024-06-01T12:53:32Z</time></trkpt>
      <trkpt lat="37.792465" lon="-122.414064"><time>2024-06-01T12:53:45Z</time></trkpt>
      <trkpt lat="37.792317" lon="-122.414038"><time>2024-06-01T12:54:09Z</time></trkpt>
      <trkpt lat="37.792415" lon="-122.414152"><time>2024-06-01T12:54:25Z</time></trkpt>
      <trkpt lat="37.792358" lon="-122.414291"><time>2024-06-01T12:54:37Z</time></trkpt>
      <trkpt lat="37.792224" lon="-122.414223"><time>2024-06-01T12:54:47Z</time></trkpt>
      <trkpt lat="37.792350" lon="-122.414141"><time>2024-06-01T12:54:58Z</time></trkpt>
      <trkpt lat="37.792500" lon="-122.414139"><time>2024-06-01T12:55:26Z</time></trkpt>
      <trkpt lat="37.792518" lon="-122.414288"><time>2024-06-01T12:55:55Z</time></trkpt>
      <trkpt lat="37.792585" lon="-122.414154"><time>2024-06-01T12:56:25Z</time></trkpt>
      <trkpt lat="37.792435" lon="-122.414158"><time>2024-06-01T12:56:50Z</time></trkpt>
      <trkpt lat="37.792487" lon="-122.414299"><time>2024-06-01T12:57:11Z</time></trkpt>
      <trkpt lat="37.792340" lon="-122.414330"><time>2024-06-01T12:57:35Z</time></trkpt>
      <trkpt lat="37.792419" lon="-122.414458"><time>2024-06-01T12:57:58Z</time></trkpt>
      <trkpt lat="37.792557" lon="-122.414515"><time>2024-06-01T12:58:18Z</time></trkpt>
      <trkpt lat="37.792605" lon="-122.414373"><time>2024-06-01T12:58:45Z</time></trkpt>
      <trkpt lat="37.792649" lon="-122.414516"><time>2024-06-01T12:59:07Z</time></trkpt>
      <trkpt lat="37.792798" lon="-122.414498"><time>2024-06-01T12:59:22Z</time></trkpt>
      <trkpt lat="37.792649" lon="-122.414518"><time>2024-06-01T12:59:40Z</time></trkpt>
      <trkpt lat="37.792557" lon="-122.414637"><time>2024-06-01T13:00:07Z</time></trkpt>
      <trkpt lat="37.792434" lon="-122.414551"><time>2024-06-01T13:00:19Z</time></trkpt>
      <trkpt lat="37.792581" lon="-122.414521"><time>2024-06-01T13:00:31Z</time></trkpt>
      <trkpt lat="37.792467" lon="-122.414422"><time>2024-06-01T13:00:56Z</time></trkpt>
      <trkpt lat="37.792344" lon="-122.414336"><time>2024-06-01T13:01:07Z</time></trkpt>
      <trkpt lat="37.792371" lon="-122.414189"><time>2024-06-01T13:01:34Z</time></trkpt>
      <trkpt lat="37.792456" lon="-122.414312"><time>2024-06-01T13:01:48Z</time></trkpt>
      <trkpt lat="37.792323" lon="-122.414381"><time>2024-06-01T13:02:05Z</time></trkpt>
      <trkpt lat="37.792472" lon="-122.414367"><time>2024-06-01T13:02:17Z</time></trkpt>
      <trkpt lat="37.792610" lon="-122.414427"><time>2024-06-01T13:02:29Z</time></trkpt>
      <trkpt lat="37.792690" lon="-122.414301"><time>2024-06-01T13:02:58Z</time></trkpt>
      <trkpt lat="37.792840" lon="-122.414289"><time>2024-06-01T13:03:25Z</time></trkpt>
      <trkpt lat="37.792837" lon="-122.414139"><time>2024-06-01T13:03:51Z</time></trkpt>
      <trkpt lat="37.792967" lon="-122.414065"><time>2024-06-01T13:04:06Z</time></trkpt>
      <trkpt lat="37.792817" lon="-122.414064"><time>2024-06-01T13:04:28Z</time></trkpt>
      <trkpt lat="37.792718" lon="-122.413951"><time>2024-06-01T13:04:38Z</time></trkpt>
      <trkpt lat="37.792695" lon="-122.413803"><time>2024-06-01T13:04:54Z</time></trkpt>
      <trkpt lat="37.792552" lon="-122.413846"><time>2024-06-01T13:05:17Z</time></trkpt>
      <trkpt lat="37.792702" lon="-122.413843"><time>2024-06-01T13:05:29Z</time></trkpt>
      <trkpt lat="37.792791" lon="-122.413722"><time>2024-06-01T13:05:57Z</time></trkpt>
      <trkpt lat="37.792939" lon="-122.413746"><time>2024-06-01T13:06:22Z</time></trkpt>
      <trkpt lat="37.792809" lon="-122.413671"><time>2024-06-01T13:06:46Z</time></trkpt>
      <trkpt lat="37.792736" lon="-122.413540"><time>2024-06-01T13:07:00Z</time></trkpt>
      <trkpt lat="37.792591" lon="-122.413577"><time>2024-06-01T13:07:30Z</time></trkpt>
      <trkpt lat="37.792461" lon="-122.413501"><time>2024-06-01T13:07:48Z</time></trkpt>
      <trkpt lat="37.792525" lon="-122.413637"><time>2024-06-01T13:08:07Z</time></trkpt>
      <trkpt lat="37.792662" lon="-122.413699"><time>2024-06-01T13:08:36Z</time></trkpt>
      <trkpt lat="37.792626" lon="-122.413844"><time>2024-06-01T13:08:47Z</time></trkpt>
      <trkpt lat="37.792517" lon="-122.413742"><time>2024-06-01T13:09:10Z</time></trkpt>
      <trkpt lat="37.792405" lon="-122.413841"><time>2024-06-01T13:09:23Z</time></trkpt>
      <trkpt lat="37.792554" lon="-122.413848"><time>2024-06-01T13:09:49Z</time></trkpt>
      <trkpt lat="37.792462" lon="-122.413729"><time>2024-06-01T13:10:03Z</time></trkpt>
      <trkpt lat="37.792417" lon="-122.413587"><time>2024-06-01T13:10:17Z</time></trkpt>
      <trkpt lat="37.792369" lon="-122.413729"><time>2024-06-01T13:10:31Z</time></trkpt>
      <trkpt lat="37.792378" lon="-122.413579"><time>2024-06-01T13:10:43Z</time></trkpt>
      <trkpt lat="37.792460" lon="-122.413706"><time>2024-06-01T13:10:59Z</time></trkpt>
      <trkpt lat="37.792602" lon="-122.413753"><time>2024-06-01T13:11:19Z</time></trkpt>
      <trkpt lat="37.792708" lon="-122.413858"><time>2024-06-01T13:11:47Z</time></trkpt>
      <trkpt lat="37.792801" lon="-122.413976"><time>2024-06-01T13:12:08Z</time></trkpt>
      <trkpt lat="37.792698" lon="-122.414086"><time>2024-06-01T13:12:20Z</time></trkpt>
      <trkpt lat="37.792552" lon="-122.414055"><time>2024-06-01T13:12:37Z</time></trkpt>
      <trkpt lat="37.792402" lon="-122.414050"><time>2024-06-01T13:13:02Z</time></trkpt>
      <trkpt lat="37.792285" lon="-122.414144"><time>2024-06-01T13:13:31Z</time></trkpt>
      <trkpt lat="37.792428" lon="-122.414098"><time>2024-06-01T13:13:42Z</time></trkpt>
      <trkpt lat="37.792371" lon="-122.413959"><time>2024-06-01T13:14:05Z</time></trkpt>
      <trkpt lat="37.792357" lon="-122.413810"><time>2024-06-01T13:14:16Z</time></trkpt>
      <trkpt lat="37.792507" lon="-122.413805"><time>2024-06-01T13:14:45Z</time></trkpt>
      <trkpt lat="37.792633" lon="-122.413886"><time>2024-06-01T13:15:09Z</time></trkpt>
      <trkpt lat="37.792484" lon="-122.413890"><time>2024-06-01T13:15:32Z</time></trkpt>
      <trkpt lat="37.792590" lon="-122.413784"><time>2024-06-01T13:15:53Z</time></trkpt>
      <trkpt lat="37.792455" lon="-122.413850"><time>2024-06-01T13:16:17Z</time></trkpt>
      <trkpt lat="37.792306" lon="-122.413833"><time>2024-06-01T13:16:42Z</time></trkpt>
      <trkpt lat="37.792452" lon="-122.413796"><time>2024-06-01T13:17:04Z</time></trkpt>
      <trkpt lat="37.792465" lon="-122.413945"><time>2024-06-01T13:17:21Z</time></trkpt>
      <trkpt lat="37.792613" lon="-122.413922"><time>2024-06-01T13:17:48Z</time></trkpt>
      <trkpt lat="37.792715" lon="-122.413812"><time>2024-06-01T13:17:59Z</time></trkpt>
      <trkpt lat="37.792796" lon="-122.413938"><time>2024-06-01T13:18:21Z</time></trkpt>
      <trkpt lat="37.792827" lon="-122.414084"><time>2024-06-01T13:18:45Z</time></trkpt>
      <trkpt lat="37.792943" lon="-122.413990"><time>2024-06-01T13:18:59Z</time></trkpt>
      <trkpt lat="37.793000" lon="-122.413851"><time>2024-06-01T13:19:09Z</time></trkpt>
      <trkpt lat="37.793010" lon="-122.414001"><time>2024-06-01T13:19:32Z</time></trkpt>
      <trkpt lat="37.792951" lon="-122.414139"><time>2024-06-01T13:19:57Z</time></trkpt>
      <trkpt lat="37.792983" lon="-122.413992"><time>2024-06-01T13:20:10Z</time></trkpt>
      <trkpt lat="37.792896" lon="-122.414114"><time>2024-06-01T13:20:39Z</time></trkpt>
      <trkpt lat="37.792896" lon="-122.413964"><time>2024-06-01T13:20:51Z</time></trkpt>
      <trkpt lat="37.792778" lon="-122.414057"><time>2024-06-01T13:21:15Z</time></trkpt>
      <trkpt lat="37.792717" lon="-122.414194"><time>2024-06-01T13:21:31Z</time></trkpt>
      <trkpt lat="37.792624" lon="-122.414312"><time>2024-06-01T13:21:54Z</time></trkpt>
      <trkpt lat="37.792478" lon="-122.414274"><time>2024-06-01T13:22:19Z</time></trkpt>
      <trkpt lat="37.792552" lon="-122.414144"><time>2024-06-01T13:22:30Z</time></trkpt>
      <trkpt lat="37.792473" lon="-122.414271"><time>2024-06-01T13:22:59Z</time></trkpt>
      <trkpt lat="37.792619" lon="-122.414305"><time>2024-06-01T13:23:27Z</time></trkpt>
      <trkpt lat="37.792768" lon="-122.414287"><time>2024-06-01T13:23:42Z</time></trkpt>
      <trkpt lat="37.792732" lon="-122.414141"><time>2024-06-01T13:23:54Z</time></trkpt>
      <trkpt lat="37.792592" lon="-122.414195"><time>2024-06-01T13:24:21Z</time></trkpt>
      <trkpt lat="37.792740" lon="-122.414169"><time>2024-06-01T13:24:49Z</time></trkpt>
      <trkpt lat="37.792591" lon="-122.414149"><time>2024-06-01T13:25:15Z</time></trkpt>
      <trkpt lat="37.792640" lon="-122.414290"><time>2024-06-01T13:25:36Z</time></trkpt>
      <trkpt lat="37.792781" lon="-122.414238"><time>2024-06-01T13:25:56Z</time></trkpt>
      <trkpt lat="37.792649" lon="-122.414309"><time>2024-06-01T13:26:06Z</time></trkpt>
      <trkpt lat="37.792642" lon="-122.414459"><time>2024-06-01T13:26:30Z</time></trkpt>
      <trkpt lat="37.792783" lon="-122.414509"><time>2024-06-01T13:26:51Z</time></trkpt>
      <trkpt lat="37.792710" lon="-122.414640"><time>2024-06-01T13:27:03Z</time></trkpt>
      <trkpt lat="37.792764" lon="-122.414779"><time>2024-06-01T13:27:14Z</time></trkpt>
      <trkpt lat="37.792877" lon="-122.414878"><time>2024-06-01T13:27:42Z</time></trkpt>
      <trkpt lat="37.793014" lon="-122.414939"><time>2024-06-01T13:28:12Z</time></trkpt>
      <trkpt lat="37.792927" lon="-122.415062"><time>2024-06-01T13:28:33Z</time></trkpt>
      <trkpt lat="37.792853" lon="-122.414931"><time>2024-06-01T13:28:58Z</time></trkpt>
      <trkpt lat="37.792768" lon="-122.414808"><time>2024-06-01T13:29:18Z</time></trkpt>
      <trkpt lat="37.792824" lon="-122.414947"><time>2024-06-01T13:29:48Z</time></trkpt>
      <trkpt lat="37.792779" lon="-122.414804"><time>2024-06-01T13:30:17Z</time></trkpt>
      <trkpt lat="37.792713" lon="-122.414669"><time>2024-06-01T13:30:38Z</time></trkpt>
      <trkpt lat="37.792846" lon="-122.414738"><time>2024-06-01T13:30:50Z</time></trkpt>
      <trkpt lat="37.792761" lon="-122.414614"><time>2024-06-01T13:31:05Z</time></trkpt>
      <trkpt lat="37.792727" lon="-122.414468"><time>2024-06-01T13:31:17Z</time></trkpt>
      <trkpt lat="37.792713" lon="-122.414618"><time>2024-06-01T13:31:30Z</time></trkpt>
      <trkpt lat="37.792618" lon="-122.414502"><time>2024-06-01T13:31:40Z</time></trkpt>
      <trkpt lat="37.792747" lon="-122.414579"><time>2024-06-01T13:32:04Z</time></trkpt>
      <trkpt lat="37.792598" lon="-122.414597"><time>2024-06-01T13:32:24Z</time></trkpt>
      <trkpt lat="37.792449" lon="-122.414617"><time>2024-06-01T13:32:50Z</time></trkpt>
      <trkpt lat="37.792421" lon="-122.414469"><time>2024-06-01T13:33:08Z</time></trkpt>
      <trkpt lat="37.792521" lon="-122.414581"><time>2024-06-01T13:33:23Z</time></trkpt>
      <trkpt lat="37.792412" lon="-122.414685"><time>2024-06-01T13:33:51Z</time></trkpt>
      <trkpt lat="37.792264" lon="-122.414707"><time>2024-06-01T13:34:17Z</time></trkpt>
      <trkpt lat="37.792363" lon="-122.414594"><time>2024-06-01T13:34:35Z</time></trkpt>
      <trkpt lat="37.792257" lon="-122.414700"><time>2024-06-01T13:34:57Z</time></trkpt>
      <trkpt lat="37.792381" lon="-122.414784"><time>2024-06-01T13:35:18Z</time></trkpt>
      <trkpt lat="37.792383" lon="-122.414934"><time>2024-06-01T13:35:38Z</time></trkpt>
      <trkpt lat="37.792488" lon="-122.414827"><time>2024-06-01T13:36:04Z</time></trkpt>
      <trkpt lat="37.792407" lon="-122.414953"><time>2024-06-01T13:36:14Z</time></trkpt>
      <trkpt lat="37.792463" lon="-122.415092"><time>2024-06-01T13:36:37Z</time></trkpt>
      <trkpt lat="37.792572" lon="-122.414989"><time>2024-06-01T13:36:51Z</time></trkpt>
      <trkpt lat="37.792618" lon="-122.415132"><time>2024-06-01T13:37:13Z</time></trkpt>
      <trkpt lat="37.792767" lon="-122.415146"><time>2024-06-01T13:37:36Z</time></trkpt>
      <trkpt lat="37.792779" lon="-122.415296"><time>2024-06-01T13:37:56Z</time></trkpt>
      <trkpt lat="37.792929" lon="-122.415307"><time>2024-06-01T13:38:18Z</time></trkpt>
      <trkpt lat="37.792851" lon="-122.415435"><time>2024-06-01T13:38:31Z</time></trkpt>
      <trkpt lat="37.792993" lon="-122.415481"><time>2024-06-01T13:38:47Z</time></trkpt>
      <trkpt lat="37.792910" lon="-122.415606"><time>2024-06-01T13:39:14Z</time></trkpt>
      <trkpt lat="37.793059" lon="-122.415595"><time>2024-06-01T13:39:44Z</time></trkpt>
      <trkpt lat="37.792927" lon="-122.415666"><time>2024-06-01T13:40:04Z</time></trkpt>
      <trkpt lat="37.792833" lon="-122.415783"><time>2024-06-01T13:40:23Z</time></trkpt>
      <trkpt lat="37.792982" lon="-122.415762"><time>2024-06-01T13:40:50Z</time></trkpt>
      <trkpt lat="37.793112" lon="-122.415837"><time>2024-06-01T13:41:09Z</time></trkpt>
      <trkpt lat="37.793261" lon="-122.415818"><time>2024-06-01T13:41:34Z</time></trkpt>
      <trkpt lat="37.793364" lon="-122.415710"><time>2024-06-01T13:42:04Z</time></trkpt>
      <trkpt lat="37.793302" lon="-122.415573"><time>2024-06-01T13:42:22Z</time></trkpt>
      <trkpt lat="37.793212" lon="-122.415693"><time>2024-06-01T13:42:48Z</time></trkpt>
      <trkpt lat="37.793338" lon="-122.415610"><time>2024-06-01T13:43:00Z</time></trkpt>
      <trkpt lat="37.793311" lon="-122.415758"><time>2024-06-01T13:43:23Z</time></trkpt>
      <trkpt lat="37.793209" lon="-122.415648"><time>2024-06-01T13:43:49Z</time></trkpt>
      <trkpt lat="37.793338" lon="-122.415571"><time>2024-06-01T13:44:12Z</time></trkpt>
      <trkpt lat="37.793385" lon="-122.415714"><time>2024-06-01T13:44:23Z</time></trkpt>
      <trkpt lat="37.793364" lon="-122.415862"><time>2024-06-01T13:44:44Z</time></trkpt>
      <trkpt lat="37.793514" lon="-122.415847"><time>2024-06-01T13:45:09Z</time></trkpt>
      <trkpt lat="37.793522" lon="-122.415697"><time>2024-06-01T13:45:23Z</time></trkpt>
      <trkpt lat="37.793392" lon="-122.415621"><time>2024-06-01T13:45:35Z</time></trkpt>
      <trkpt lat="37.793501" lon="-122.415517"><time>2024-06-01T13:45:46Z</time></trkpt>
      <trkpt lat="37.793650" lon="-122.415522"><time>2024-06-01T13:46:11Z</time></trkpt>
      <trkpt lat="37.793776" lon="-122.415440"><time>2024-06-01T13:46:34Z</time></trkpt>
      <trkpt lat="37.793782" lon="-122.415290"><time>2024-06-01T13:46:47Z</time></trkpt>
      <trkpt lat="37.793634" lon="-122.415267"><time>2024-06-01T13:47:14Z</time></trkpt>
      <trkpt lat="37.793762" lon="-122.415190"><time>2024-06-01T13:47:33Z</time></trkpt>
      <trkpt lat="37.793665" lon="-122.415304"><time>2024-06-01T13:47:53Z</time></trkpt>
      <trkpt lat="37.793720" lon="-122.415164"><time>2024-06-01T13:48:14Z</time></trkpt>
      <trkpt lat="37.793867" lon="-122.415194"><time>2024-06-01T13:48:28Z</time></trkpt>
      <trkpt lat="37.794011" lon="-122.415235"><time>2024-06-01T13:48:53Z</time></trkpt>
      <trkpt lat="37.793939" lon="-122.415367"><time>2024-06-01T13:49:06Z</time></trkpt>
      <trkpt lat="37.793904" lon="-122.415513"><time>2024-06-01T13:49:31Z</time></trkpt>
      <trkpt lat="37.793758" lon="-122.415545"><time>2024-06-01T13:50:01Z</time></trkpt>
      <trkpt lat="37.793762" lon="-122.415695"><time>2024-06-01T13:50:21Z</time></trkpt>
      <trkpt lat="37.793842" lon="-122.415822"><time>2024-06-01T13:50:35Z</time></trkpt>
      <trkpt lat="37.793703" lon="-122.415766"><time>2024-06-01T13:50:52Z</time></trkpt>
      <trkpt lat="37.793718" lon="-122.415617"><time>2024-06-01T13:51:05Z</time></trkpt>
      <trkpt lat="37.793602" lon="-122.415713"><time>2024-06-01T13:51:34Z</time></trkpt>
      <trkpt lat="37.793452" lon="-122.415713"><time>2024-06-01T13:51:52Z</time></trkpt>
      <trkpt lat="37.793440" lon="-122.415563"><time>2024-06-01T13:52:06Z</time></trkpt>
      <trkpt lat="37.793547" lon="-122.415669"><time>2024-06-01T13:52:28Z</time></trkpt>
      <trkpt lat="37.793674" lon="-122.415748"><time>2024-06-01T13:52:40Z</time></trkpt>
      <trkpt lat="37.793767" lon="-122.415631"><time>2024-06-01T13:53:06Z</time></trkpt>
      <trkpt lat="37.793902" lon="-122.415695"><time>2024-06-01T13:53:16Z</time></trkpt>
      <trkpt lat="37.793752" lon="-122.415696"><time>2024-06-01T13:53:39Z</time></trkpt>
      <trkpt lat="37.793902" lon="-122.415697"><time>2024-06-01T13:53:56Z</time></trkpt>
      <trkpt lat="37.793962" lon="-122.415559"><time>2024-06-01T13:54:11Z</time></trkpt>
      <trkpt lat="37.793878" lon="-122.415434"><time>2024-06-01T13:54:33Z</time></trkpt>
      <trkpt lat="37.793728" lon="-122.415430"><time>2024-06-01T13:54:43Z</time></trkpt>
      <trkpt lat="37.793874" lon="-122.415463"><time>2024-06-01T13:55:08Z</time></trkpt>
      <trkpt lat="37.793918" lon="-122.415606"><time>2024-06-01T13:55:30Z</time></trkpt>
      <trkpt lat="37.793792" lon="-122.415687"><time>2024-06-01T13:55:57Z</time></trkpt>
      <trkpt lat="37.793671" lon="-122.415777"><time>2024-06-01T13:56:12Z</time></trkpt>
      <trkpt lat="37.793798" lon="-122.415857"><time>2024-06-01T13:56:29Z</time></trkpt>
      <trkpt lat="37.793885" lon="-122.415979"><time>2024-06-01T13:56:51Z</time></trkpt>
      <trkpt lat="37.793811" lon="-122.416110"><time>2024-06-01T13:57:12Z</time></trkpt>
      <trkpt lat="37.793825" lon="-122.415960"><time>2024-06-01T13:57:33Z</time></trkpt>
      <trkpt lat="37.793732" lon="-122.416078"><time>2024-06-01T13:57:43Z</time></trkpt>
      <trkpt lat="37.793860" lon="-122.416000"><time>2024-06-01T13:58:09Z</time></trkpt>
      <trkpt lat="37.793807" lon="-122.415860"><time>2024-06-01T13:58:28Z</time></trkpt>
      <trkpt lat="37.793660" lon="-122.415827"><time>2024-06-01T13:58:40Z</time></trkpt>
      <trkpt lat="37.793533" lon="-122.415749"><time>2024-06-01T13:59:08Z</time></trkpt>
      <trkpt lat="37.793459" lon="-122.415618"><time>2024-06-01T13:59:18Z</time></trkpt>
      <trkpt lat="37.793510" lon="-122.415477"><time>2024-06-01T13:59:31Z</time></trkpt>
      <trkpt lat="37.793658" lon="-122.415454"><time>2024-06-01T13:59:43Z</time></trkpt>
      <trkpt lat="37.793618" lon="-122.415310"><time>2024-06-01T13:59:59Z</time></trkpt>
      <trkpt lat="37.793485" lon="-122.415380"><time>2024-06-01T14:00:12Z</time></trkpt>
      <trkpt lat="37.793605" lon="-122.415290"><time>2024-06-01T14:00:32Z</time></trkpt>
      <trkpt lat="37.793733" lon="-122.415212"><time>2024-06-01T14:00:42Z</time></trkpt>
      <trkpt lat="37.793851" lon="-122.415119"><time>2024-06-01T14:01:04Z</time></trkpt>
      <trkpt lat="37.793771" lon="-122.414992"><time>2024-06-01T14:01:14Z</time></trkpt>
      <trkpt lat="37.793744" lon="-122.414844"><time>2024-06-01T14:01:37Z</time></trkpt>
      <trkpt lat="37.793710" lon="-122.414698"><time>2024-06-01T14:01:47Z</time></trkpt>
      <trkpt lat="37.793785" lon="-122.414828"><time>2024-06-01T14:02:10Z</time></trkpt>
      <trkpt lat="37.793909" lon="-122.414744"><time>2024-06-01T14:02:30Z</time></trkpt>
      <trkpt lat="37.793777" lon="-122.414674"><time>2024-06-01T14:02:47Z</time></trkpt>
      <trkpt lat="37.793728" lon="-122.414532"><time>2024-06-01T14:03:05Z</time></trkpt>
      <trkpt lat="37.793589" lon="-122.414589"><time>2024-06-01T14:03:35Z</time></trkpt>
      <trkpt lat="37.793739" lon="-122.414590"><time>2024-06-01T14:03:52Z</time></trkpt>
      <trkpt lat="37.793676" lon="-122.414726"><time>2024-06-01T14:04:08Z</time></trkpt>
      <trkpt lat="37.793821" lon="-122.414687"><time>2024-06-01T14:04:37Z</time></trkpt>
      <trkpt lat="37.793695" lon="-122.414605"><time>2024-06-01T14:04:47Z</time></trkpt>
      <trkpt lat="37.793828" lon="-122.414675"><time>2024-06-01T14:05:02Z</time></trkpt>
      <trkpt lat="37.793844" lon="-122.414526"><time>2024-06-01T14:05:22Z</time></trkpt>
      <trkpt lat="37.793828" lon="-122.414377"><time>2024-06-01T14:05:44Z</time></trkpt>
      <trkpt lat="37.793884" lon="-122.414238"><time>2024-06-01T14:06:03Z</time></trkpt>
      <trkpt lat="37.793829" lon="-122.414098"><time>2024-06-01T14:06:24Z</time></trkpt>
      <trkpt lat="37.793880" lon="-122.413957"><time>2024-06-01T14:06:44Z</time></trkpt>
      <trkpt lat="37.793932" lon="-122.414098"><time>2024-06-01T14:06:55Z</time></trkpt>
      <trkpt lat="37.793844" lon="-122.414219"><time>2024-06-01T14:07:12Z</time></trkpt>
      <trkpt lat="37.793822" lon="-122.414070"><time>2024-06-01T14:07:22Z</time></trkpt>
      <trkpt lat="37.793972" lon="-122.414057"><time>2024-06-01T14:07:48Z</time></trkpt>
      <trkpt lat="37.794108" lon="-122.414119"><time>2024-06-01T14:08:10Z</time></trkpt>
      <trkpt lat="37.793959" lon="-122.414126"><time>2024-06-01T14:08:26Z</time></trkpt>
      <trkpt lat="37.793854" lon="-122.414019"><time>2024-06-01T14:08:51Z</time></trkpt>
      <trkpt lat="37.793929" lon="-122.414149"><time>2024-06-01T14:09:06Z</time></trkpt>
      <trkpt lat="37.793885" lon="-122.414293"><time>2024-06-01T14:09:26Z</time></trkpt>
      <trkpt lat="37.793854" lon="-122.414439"><time>2024-06-01T14:09:42Z</time></trkpt>
      <trkpt lat="37.793989" lon="-122.414375"><time>2024-06-01T14:10:09Z</time></trkpt>
      <trkpt lat="37.794097" lon="-122.414479"><time>2024-06-01T14:10:35Z</time></trkpt>
      <trkpt lat="37.794165" lon="-122.414613"><time>2024-06-01T14:10:47Z</time></trkpt>
      <trkpt lat="37.794228" lon="-122.414477"><time>2024-06-01T14:11:17Z</time></trkpt>
      <trkpt lat="37.794100" lon="-122.414556"><time>2024-06-01T14:11:47Z</time></trkpt>
      <trkpt lat="37.794165" lon="-122.414691"><time>2024-06-01T14:12:00Z</time></trkpt>
      <trkpt lat="37.794292" lon="-122.414771"><time>2024-06-01T14:12:25Z</time></trkpt>
      <trkpt lat="37.794320" lon="-122.414918"><time>2024-06-01T14:12:36Z</time></trkpt>
      <trkpt lat="37.794398" lon="-122.415046"><time>2024-06-01T14:12:48Z</time></trkpt>
      <trkpt lat="37.794546" lon="-122.415023"><time>2024-06-01T14:12:58Z</time></trkpt>
      <trkpt lat="37.794591" lon="-122.415166"><time>2024-06-01T14:13:20Z</time></trkpt>
      <trkpt lat="37.794452" lon="-122.415109"><time>2024-06-01T14:13:47Z</time></trkpt>
      <trkpt lat="37.794325" lon="-122.415029"><time>2024-06-01T14:14:12Z</time></trkpt>
      <trkpt lat="37.794467" lon="-122.415077"><time>2024-06-01T14:14:25Z</time></trkpt>
      <trkpt lat="37.794617" lon="-122.415077"><time>2024-06-01T14:14:37Z</time></trkpt>
      <trkpt lat="37.794706" lon="-122.414956"><time>2024-06-01T14:15:05Z</time></trkpt>
      <trkpt lat="37.794856" lon="-122.414963"><time>2024-06-01T14:15:17Z</time></trkpt>
      <trkpt lat="37.794849" lon="-122.415112"><time>2024-06-01T14:15:44Z</time></trkpt>
      <trkpt lat="37.794721" lon="-122.415192"><time>2024-06-01T14:15:57Z</time></trkpt>
      <trkpt lat="37.794862" lon="-122.415245"><time>2024-06-01T14:16:12Z</time></trkpt>
      <trkpt lat="37.794712" lon="-122.415244"><time>2024-06-01T14:16:39Z</time></trkpt>
      <trkpt lat="37.794809" lon="-122.415358"><time>2024-06-01T14:17:00Z</time></trkpt>
      <trkpt lat="37.794735" lon="-122.415228"><time>2024-06-01T14:17:10Z</time></trkpt>
      <trkpt lat="37.794753" lon="-122.415079"><time>2024-06-01T14:17:35Z</time></trkpt>
      <trkpt lat="37.794620" lon="-122.415148"><time>2024-06-01T14:17:45Z</time></trkpt>
      <trkpt lat="37.794614" lon="-122.415298"><time>2024-06-01T14:18:13Z</time></trkpt>
      <trkpt lat="37.794671" lon="-122.415437"><time>2024-06-01T14:18:24Z</time></trkpt>
      <trkpt lat="37.794740" lon="-122.415570"><time>2024-06-01T14:18:47Z</time></trkpt>
      <trkpt lat="37.794619" lon="-122.415659"><time>2024-06-01T14:19:06Z</time></trkpt>
      <trkpt lat="37.794719" lon="-122.415547"><time>2024-06-01T14:19:24Z</time></trkpt>
      <trkpt lat="37.794832" lon="-122.415449"><time>2024-06-01T14:19:42Z</time></trkpt>
      <trkpt lat="37.794982" lon="-122.415438"><time>2024-06-01T14:19:57Z</time></trkpt>
      <trkpt lat="37.795119" lon="-122.415378"><time>2024-06-01T14:20:18Z</time></trkpt>
      <trkpt lat="37.795010" lon="-122.415275"><time>2024-06-01T14:20:34Z</time></trkpt>
      <trkpt lat="37.794975" lon="-122.415129"><time>2024-06-01T14:20:51Z</time></trkpt>
      <trkpt lat="37.794859" lon="-122.415034"><time>2024-06-01T14:21:05Z</time></trkpt>
      <trkpt lat="37.794952" lon="-122.414917"><time>2024-06-01T14:21:27Z</time></trkpt>
      <trkpt lat="37.795088" lon="-122.414980"><time>2024-06-01T14:21:53Z</time></trkpt>
      <trkpt lat="37.794944" lon="-122.414939"><time>2024-06-01T14:22:18Z</time></trkpt>
      <trkpt lat="37.794977" lon="-122.415086"><time>2024-06-01T14:22:29Z</time></trkpt>
      <trkpt lat="37.795003" lon="-122.415233"><time>2024-06-01T14:22:44Z</time></trkpt>
      <trkpt lat="37.794903" lon="-122.415346"><time>2024-06-01T14:23:01Z</time></trkpt>
      <trkpt lat="37.794768" lon="-122.415411"><time>2024-06-01T14:23:17Z</time></trkpt>
      <trkpt lat="37.794917" lon="-122.415428"><time>2024-06-01T14:23:36Z</time></trkpt>
      <trkpt lat="37.794768" lon="-122.415440"><time>2024-06-01T14:23:59Z</time></trkpt>
      <trkpt lat="37.794675" lon="-122.415322"><time>2024-06-01T14:24:11Z</time></trkpt>
      <trkpt lat="37.794530" lon="-122.415358"><time>2024-06-01T14:24:27Z</time></trkpt>
      <trkpt lat="37.794435" lon="-122.415474"><time>2024-06-01T14:24:41Z</time></trkpt>
      <trkpt lat="37.794337" lon="-122.415588"><time>2024-06-01T14:24:52Z</time></trkpt>
      <trkpt lat="37.794446" lon="-122.415691"><time>2024-06-01T14:25:14Z</time></trkpt>
      <trkpt lat="37.794378" lon="-122.415557"><time>2024-06-01T14:25:26Z</time></trkpt>
      <trkpt lat="37.794229" lon="-122.415575"><time>2024-06-01T14:25:50Z</time></trkpt>
      <trkpt lat="37.794321" lon="-122.415694"><time>2024-06-01T14:26:18Z</time></trkpt>
      <trkpt lat="37.794469" lon="-122.415669"><time>2024-06-01T14:26:42Z</time></trkpt>
      <trkpt lat="37.794586" lon="-122.415762"><time>2024-06-01T14:26:53Z</time></trkpt>
      <trkpt lat="37.794645" lon="-122.415624"><time>2024-06-01T14:27:18Z</time></trkpt>
      <trkpt lat="37.794716" lon="-122.415492"><time>2024-06-01T14:27:38Z</time></trkpt>
      <trkpt lat="37.794682" lon="-122.415638"><time>2024-06-01T14:27:57Z</time></trkpt>
      <trkpt lat="37.794790" lon="-122.415742"><time>2024-06-01T14:28:15Z</time></trkpt>
      <trkpt lat="37.794938" lon="-122.415766"><time>2024-06-01T14:28:36Z</time></trkpt>
      <trkpt lat="37.794867" lon="-122.415634"><time>2024-06-01T14:28:54Z</time></trkpt>
      <trkpt lat="37.794787" lon="-122.415507"><time>2024-06-01T14:29:11Z</time></trkpt>
      <trkpt lat="37.794640" lon="-122.415537"><time>2024-06-01T14:29:27Z</time></trkpt>
      <trkpt lat="37.794707" lon="-122.415402"><time>2024-06-01T14:29:50Z</time></trkpt>
      <trkpt lat="37.794609" lon="-122.415289"><time>2024-06-01T14:30:03Z</time></trkpt>
      <trkpt lat="37.794531" lon="-122.415160"><time>2024-06-01T14:30:22Z</time></trkpt>
      <trkpt lat="37.794474" lon="-122.415299"><time>2024-06-01T14:30:52Z</time></trkpt>
      <trkpt lat="37.794343" lon="-122.415227"><time>2024-06-01T14:31:19Z</time></trkpt>
      <trkpt lat="37.794310" lon="-122.415373"><time>2024-06-01T14:31:47Z</time></trkpt>
      <trkpt lat="37.794387" lon="-122.415502"><time>2024-06-01T14:32:13Z</time></trkpt>
      <trkpt lat="37.794287" lon="-122.415614"><time>2024-06-01T14:32:36Z</time></trkpt>
      <trkpt lat="37.794303" lon="-122.415465"><time>2024-06-01T14:32:47Z</time></trkpt>
      <trkpt lat="37.794290" lon="-122.415316"><time>2024-06-01T14:33:02Z</time></trkpt>
      <trkpt lat="37.794308" lon="-122.415167"><time>2024-06-01T14:33:32Z</time></trkpt>
      <trkpt lat="37.794227" lon="-122.415293"><time>2024-06-01T14:33:59Z</time></trkpt>
      <trkpt lat="37.794109" lon="-122.415386"><time>2024-06-01T14:34:19Z</time></trkpt>
      <trkpt lat="37.794141" lon="-122.415239"><time>2024-06-01T14:34:31Z</time></trkpt>
      <trkpt lat="37.794254" lon="-122.415338"><time>2024-06-01T14:34:55Z</time></trkpt>
      <trkpt lat="37.794323" lon="-122.415471"><time>2024-06-01T14:35:14Z</time></trkpt>
      <trkpt lat="37.794362" lon="-122.415326"><time>2024-06-01T14:35:24Z</time></trkpt>
      <trkpt lat="37.794270" lon="-122.415445"><time>2024-06-01T14:35:36Z</time></trkpt>
      <trkpt lat="37.794397" lon="-122.415365"><time>2024-06-01T14:36:02Z</time></trkpt>
      <trkpt lat="37.794321" lon="-122.415236"><time>2024-06-01T14:36:30Z</time></trkpt>
      <trkpt lat="37.794231" lon="-122.415115"><time>2024-06-01T14:36:49Z</time></trkpt>
      <trkpt lat="37.794086" lon="-122.415079"><time>2024-06-01T14:37:13Z</time></trkpt>
      <trkpt lat="37.794232" lon="-122.415044"><time>2024-06-01T14:37:24Z</time></trkpt>
      <trkpt lat="37.794376" lon="-122.415001"><time>2024-06-01T14:37:34Z</time></trkpt>
      <trkpt lat="37.794526" lon="-122.414996"><time>2024-06-01T14:37:52Z</time></trkpt>
      <trkpt lat="37.794378" lon="-122.414968"><time>2024-06-01T14:38:12Z</time></trkpt>
      <trkpt lat="37.794351" lon="-122.414821"><time>2024-06-01T14:38:26Z</time></trkpt>
      <trkpt lat="37.794210" lon="-122.414770"><time>2024-06-01T14:38:44Z</time></trkpt>
      <trkpt lat="37.794072" lon="-122.414711"><time>2024-06-01T14:39:08Z</time></trkpt>
      <trkpt lat="37.793982" lon="-122.414591"><time>2024-06-01T14:39:38Z</time></trkpt>
      <trkpt lat="37.793908" lon="-122.414722"><time>2024-06-01T14:39:59Z</time></trkpt>
      <trkpt lat="37.793892" lon="-122.414871"><time>2024-06-01T14:40:25Z</time></trkpt>
      <trkpt lat="37.794034" lon="-122.414919"><time>2024-06-01T14:40:46Z</time></trkpt>
      <trkpt lat="37.794124" lon="-122.414799"><time>2024-06-01T14:41:12Z</time></trkpt>
      <trkpt lat="37.794209" lon="-122.414923"><time>2024-06-01T14:41:26Z</time></trkpt>
      <trkpt lat="37.794090" lon="-122.414831"><time>2024-06-01T14:41:40Z</time></trkpt>
      <trkpt lat="37.794105" lon="-122.414681"><time>2024-06-01T14:41:57Z</time></trkpt>
      <trkpt lat="37.793958" lon="-122.414650"><time>2024-06-01T14:42:15Z</time></trkpt>
      <trkpt lat="37.794067" lon="-122.414753"><time>2024-06-01T14:42:28Z</time></trkpt>
      <trkpt lat="37.793983" lon="-122.414628"><time>2024-06-01T14:42:47Z</time></trkpt>
      <trkpt lat="37.794052" lon="-122.414762"><time>2024-06-01T14:43:06Z</time></trkpt>
      <trkpt lat="37.794182" lon="-122.414687"><time>2024-06-01T14:43:27Z</time></trkpt>
      <trkpt lat="37.794296" lon="-122.414589"><time>2024-06-01T14:43:46Z</time></trkpt>
      <trkpt lat="37.794191" lon="-122.414482"><time>2024-06-01T14:44:00Z</time></trkpt>
      <trkpt lat="37.794127" lon="-122.414618"><time>2024-06-01T14:44:28Z</time></trkpt>
      <trkpt lat="37.794121" lon="-122.414468"><time>2024-06-01T14:44:58Z</time></trkpt>
      <trkpt lat="37.794215" lon="-122.414351"><time>2024-06-01T14:45:19Z</time></trkpt>
      <trkpt lat="37.794331" lon="-122.414257"><time>2024-06-01T14:45:45Z</time></trkpt>
      <trkpt lat="37.794469" lon="-122.414197"><time>2024-06-01T14:46:15Z</time></trkpt>
      <trkpt lat="37.794356" lon="-122.414099"><time>2024-06-01T14:46:37Z</time></trkpt>
      <trkpt lat="37.794441" lon="-122.414222"><time>2024-06-01T14:46:58Z</time></trkpt>
      <trkpt lat="37.794584" lon="-122.414266"><time>2024-06-01T14:47:21Z</time></trkpt>
      <trkpt lat="37.794441" lon="-122.414309"><time>2024-06-01T14:47:37Z</time></trkpt>
      <trkpt lat="37.794479" lon="-122.414164"><time>2024-06-01T14:48:05Z</time></trkpt>
      <trkpt lat="37.794419" lon="-122.414027"><time>2024-06-01T14:48:21Z</time></trkpt>
      <trkpt lat="37.794270" lon="-122.414046"><time>2024-06-01T14:48:33Z</time></trkpt>
      <trkpt lat="37.794328" lon="-122.413907"><time>2024-06-01T14:48:49Z</time></trkpt>
      <trkpt lat="37.794476" lon="-122.413927"><time>2024-06-01T14:49:13Z</time></trkpt>
      <trkpt lat="37.794626" lon="-122.413920"><time>2024-06-01T14:49:33Z</time></trkpt>
      <trkpt lat="37.794572" lon="-122.414060"><time>2024-06-01T14:49:56Z</time></trkpt>
      <trkpt lat="37.794722" lon="-122.414062"><time>2024-06-01T14:50:26Z</time></trkpt>
      <trkpt lat="37.794608" lon="-122.413964"><time>2024-06-01T14:50:54Z</time></trkpt>
      <trkpt lat="37.794681" lon="-122.414095"><time>2024-06-01T14:51:10Z</time></trkpt>
      <trkpt lat="37.794545" lon="-122.414032"><time>2024-06-01T14:51:38Z</time></trkpt>
      <trkpt lat="37.794482" lon="-122.414168"><time>2024-06-01T14:51:53Z</time></trkpt>
      <trkpt lat="37.794565" lon="-122.414043"><time>2024-06-01T14:52:10Z</time></trkpt>
      <trkpt lat="37.794711" lon="-122.414010"><time>2024-06-01T14:52:27Z</time></trkpt>
      <trkpt lat="37.794769" lon="-122.414149"><time>2024-06-01T14:52:51Z</time></trkpt>
      <trkpt lat="37.794644" lon="-122.414232"><time>2024-06-01T14:53:02Z</time></trkpt>
      <trkpt lat="37.794522" lon="-122.414144"><time>2024-06-01T14:53:16Z</time></trkpt>
      <trkpt lat="37.794433" lon="-122.414023"><time>2024-06-01T14:53:38Z</time></trkpt>
      <trkpt lat="37.794285" lon="-122.414047"><time>2024-06-01T14:53:48Z</time></trkpt>
      <trkpt lat="37.794169" lon="-122.414143"><time>2024-06-01T14:53:59Z</time></trkpt>
      <trkpt lat="37.794218" lon="-122.414001"><time>2024-06-01T14:54:19Z</time></trkpt>
      <trkpt lat="37.794101" lon="-122.414095"><time>2024-06-01T14:54:45Z</time></trkpt>
      <trkpt lat="37.794138" lon="-122.414241"><time>2024-06-01T14:55:07Z</time></trkpt>
      <trkpt lat="37.794088" lon="-122.414382"><time>2024-06-01T14:55:17Z</time></trkpt>
      <trkpt lat="37.793980" lon="-122.414279"><time>2024-06-01T14:55:28Z</time></trkpt>
      <trkpt lat="37.794050" lon="-122.414146"><time>2024-06-01T14:55:48Z</time></trkpt>
      <trkpt lat="37.793952" lon="-122.414260"><time>2024-06-01T14:56:03Z</time></trkpt>
      <trkpt lat="37.794100" lon="-122.414289"><time>2024-06-01T14:56:17Z</time></trkpt>
      <trkpt lat="37.794012" lon="-122.414411"><time>2024-06-01T14:56:36Z</time></trkpt>
      <trkpt lat="37.794030" lon="-122.414560"><time>2024-06-01T14:57:03Z</time></trkpt>
      <trkpt lat="37.793886" lon="-122.414601"><time>2024-06-01T14:57:27Z</time></trkpt>
      <trkpt lat="37.793738" lon="-122.414575"><time>2024-06-01T14:57:39Z</time></trkpt>
      <trkpt lat="37.793600" lon="-122.414633"><time>2024-06-01T14:57:59Z</time></trkpt>
      <trkpt lat="37.793710" lon="-122.414531"><time>2024-06-01T14:58:19Z</time></trkpt>
      <trkpt lat="37.793835" lon="-122.414448"><time>2024-06-01T14:58:47Z</time></trkpt>
      <trkpt lat="37.793960" lon="-122.414365"><time>2024-06-01T14:59:02Z</time></trkpt>
      <trkpt lat="37.793934" lon="-122.414513"><time>2024-06-01T14:59:16Z</time></trkpt>
      <trkpt lat="37.794028" lon="-122.414630"><time>2024-06-01T14:59:26Z</time></trkpt>
      <trkpt lat="37.794177" lon="-122.414650"><time>2024-06-01T14:59:48Z</time></trkpt>
      <trkpt lat="37.794148" lon="-122.414503"><time>2024-06-01T15:00:04Z</time></trkpt>
      <trkpt lat="37.794066" lon="-122.414377"><time>2024-06-01T15:00:33Z</time></trkpt>
      <trkpt lat="37.793947" lon="-122.414468"><time>2024-06-01T15:00:53Z</time></trkpt>
      <trkpt lat="37.794092" lon="-122.414505"><time>2024-06-01T15:01:23Z</time></trkpt>
      <trkpt lat="37.794076" lon="-122.414654"><time>2024-06-01T15:01:36Z</time></trkpt>
      <trkpt lat="37.793989" lon="-122.414531"><time>2024-06-01T15:01:56Z</time></trkpt>
      <trkpt lat="37.793849" lon="-122.414584"><time>2024-06-01T15:02:09Z</time></trkpt>
      <trkpt lat="37.793954" lon="-122.414476"><time>2024-06-01T15:02:30Z</time></trkpt>
      <trkpt lat="37.794083" lon="-122.414553"><time>2024-06-01T15:02:51Z</time></trkpt>
      <trkpt lat="37.794147" lon="-122.414418"><time>2024-06-01T15:03:15Z</time></trkpt>
      <trkpt lat="37.794249" lon="-122.414307"><time>2024-06-01T15:03:39Z</time></trkpt>
      <trkpt lat="37.794301" lon="-122.414448"><time>2024-06-01T15:04:00Z</time></trkpt>
      <trkpt lat="37.794375" lon="-122.414578"><time>2024-06-01T15:04:18Z</time></trkpt>
      <trkpt lat="37.794233" lon="-122.414529"><time>2024-06-01T15:04:28Z</time></trkpt>
      <trkpt lat="37.794252" lon="-122.414380"><time>2024-06-01T15:04:40Z</time></trkpt>
      <trkpt lat="37.794206" lon="-122.414523"><time>2024-06-01T15:05:06Z</time></trkpt>
      <trkpt lat="37.794336" lon="-122.414598"><time>2024-06-01T15:05:29Z</time></trkpt>
      <trkpt lat="37.794404" lon="-122.414465"><time>2024-06-01T15:05:53Z</time></trkpt>
      <trkpt lat="37.794321" lon="-122.414340"><time>2024-06-01T15:06:08Z</time></trkpt>
      <trkpt lat="37.794258" lon="-122.414204"><time>2024-06-01T15:06:38Z</time></trkpt>
      <trkpt lat="37.794227" lon="-122.414350"><time>2024-06-01T15:06:59Z</time></trkpt>
      <trkpt lat="37.794199" lon="-122.414498"><time>2024-06-01T15:07:27Z</time></trkpt>
      <trkpt lat="37.794076" lon="-122.414584"><time>2024-06-01T15:07:51Z</time></trkpt>
      <trkpt lat="37.793990" lon="-122.414707"><time>2024-06-01T15:08:11Z</time></trkpt>
      <trkpt lat="37.793847" lon="-122.414753"><time>2024-06-01T15:08:37Z</time></trkpt>
      <trkpt lat="37.793828" lon="-122.414605"><time>2024-06-01T15:08:49Z</time></trkpt>
      <trkpt lat="37.793872" lon="-122.414748"><time>2024-06-01T15:09:16Z</time></trkpt>
      <trkpt lat="37.793726" lon="-122.414712"><time>2024-06-01T15:09:45Z</time></trkpt>
      <trkpt lat="37.793617" lon="-122.414610"><time>2024-06-01T15:10:06Z</time></trkpt>
      <trkpt lat="37.793721" lon="-122.414718"><time>2024-06-01T15:10:30Z</time></trkpt>
      <trkpt lat="37.793574" lon="-122.414749"><time>2024-06-01T15:10:47Z</time></trkpt>
      <trkpt lat="37.793700" lon="-122.414830"><time>2024-06-01T15:11:17Z</time></trkpt>
      <trkpt lat="37.793746" lon="-122.414687"><time>2024-06-01T15:11:33Z</time></trkpt>
      <trkpt lat="37.793846" lon="-122.414799"><time>2024-06-01T15:11:56Z</time></trkpt>
      <trkpt lat="37.793812" lon="-122.414946"><time>2024-06-01T15:12:15Z</time></trkpt>
      <trkpt lat="37.793897" lon="-122.414822"><time>2024-06-01T15:12:45Z</time></trkpt>
      <trkpt lat="37.793917" lon="-122.414970"><time>2024-06-01T15:12:58Z</time></trkpt>
      <trkpt lat="37.794004" lon="-122.414848"><time>2024-06-01T15:13:27Z</time></trkpt>
      <trkpt lat="37.793883" lon="-122.414937"><time>2024-06-01T15:13:44Z</time></trkpt>
      <trkpt lat="37.793735" lon="-122.414959"><time>2024-06-01T15:13:54Z</time></trkpt>
      <trkpt lat="37.793659" lon="-122.414829"><time>2024-06-01T15:14:11Z</time></trkpt>
      <trkpt lat="37.793681" lon="-122.414680"><time>2024-06-01T15:14:39Z</time></trkpt>
      <trkpt lat="37.793555" lon="-122.414599"><time>2024-06-01T15:14:52Z</time></trkpt>
      <trkpt lat="37.793427" lon="-122.414520"><time>2024-06-01T15:15:16Z</time></trkpt>
      <trkpt lat="37.793575" lon="-122.414545"><time>2024-06-01T15:15:30Z</time></trkpt>
      <trkpt lat="37.793725" lon="-122.414530"><time>2024-06-01T15:15:41Z</time></trkpt>
      <trkpt lat="37.793596" lon="-122.414453"><time>2024-06-01T15:15:59Z</time></trkpt>
      <trkpt lat="37.793448" lon="-122.414475"><time>2024-06-01T15:16:14Z</time></trkpt>
      <trkpt lat="37.793371" lon="-122.414604"><time>2024-06-01T15:16:41Z</time></trkpt>
      <trkpt lat="37.793252" lon="-122.414695"><time>2024-06-01T15:16:54Z</time></trkpt>
      <trkpt lat="37.793294" lon="-122.414839"><time>2024-06-01T15:17:13Z</time></trkpt>
      <trkpt lat="37.793350" lon="-122.414979"><time>2024-06-01T15:17:40Z</time></trkpt>
      <trkpt lat="37.793469" lon="-122.414886"><time>2024-06-01T15:17:57Z</time></trkpt>
      <trkpt lat="37.793618" lon="-122.414874"><time>2024-06-01T15:18:18Z</time></trkpt>
      <trkpt lat="37.793738" lon="-122.414785"><time>2024-06-01T15:18:30Z</time></trkpt>
      <trkpt lat="37.793746" lon="-122.414635"><time>2024-06-01T15:18:48Z</time></trkpt>
      <trkpt lat="37.793667" lon="-122.414763"><time>2024-06-01T15:19:12Z</time></trkpt>
      <trkpt lat="37.793530" lon="-122.414822"><time>2024-06-01T15:19:37Z</time></trkpt>
      <trkpt lat="37.793392" lon="-122.414764"><time>2024-06-01T15:19:55Z</time></trkpt>
      <trkpt lat="37.793478" lon="-122.414641"><time>2024-06-01T15:20:18Z</time></trkpt>
      <trkpt lat="37.793409" lon="-122.414774"><time>2024-06-01T15:20:39Z</time></trkpt>
      <trkpt lat="37.793392" lon="-122.414923"><time>2024-06-01T15:21:01Z</time></trkpt>
      <trkpt lat="37.793410" lon="-122.414775"><time>2024-06-01T15:21:15Z</time></trkpt>
      <trkpt lat="37.793336" lon="-122.414905"><time>2024-06-01T15:21:30Z</time></trkpt>
      <trkpt lat="37.793388" lon="-122.415045"><time>2024-06-01T15:21:58Z</time></trkpt>
      <trkpt lat="37.793512" lon="-122.414961"><time>2024-06-01T15:22:16Z</time></trkpt>
      <trkpt lat="37.793602" lon="-122.414840"><time>2024-06-01T15:22:27Z</time></trkpt>
      <trkpt lat="37.793516" lon="-122.414963"><time>2024-06-01T15:22:57Z</time></trkpt>
      <trkpt lat="37.793601" lon="-122.414840"><time>2024-06-01T15:23:16Z</time></trkpt>
      <trkpt lat="37.793587" lon="-122.414690"><time>2024-06-01T15:23:26Z</time></trkpt>
      <trkpt lat="37.793441" lon="-122.414725"><time>2024-06-01T15:23:36Z</time></trkpt>
      <trkpt lat="37.793374" lon="-122.414591"><time>2024-06-01T15:24:01Z</time></trkpt>
      <trkpt lat="37.793524" lon="-122.414592"><time>2024-06-01T15:24:11Z</time></trkpt>
      <trkpt lat="37.793572" lon="-122.414734"><time>2024-06-01T15:24:29Z</time></trkpt>
      <trkpt lat="37.793718" lon="-122.414701"><time>2024-06-01T15:24:41Z</time></trkpt>
      <trkpt lat="37.793852" lon="-122.414769"><time>2024-06-01T15:25:07Z</time></trkpt>
      <trkpt lat="37.794001" lon="-122.414787"><time>2024-06-01T15:25:30Z</time></trkpt>
      <trkpt lat="37.793906" lon="-122.414904"><time>2024-06-01T15:25:52Z</time></trkpt>
      <trkpt lat="37.793950" lon="-122.415047"><time>2024-06-01T15:26:13Z</time></trkpt>
      <trkpt lat="37.793952" lon="-122.414897"><time>2024-06-01T15:26:35Z</time></trkpt>
      <trkpt lat="37.794080" lon="-122.414975"><time>2024-06-01T15:26:50Z</time></trkpt>
      <trkpt lat="37.793944" lon="-122.415038"><time>2024-06-01T15:27:16Z</time></trkpt>
      <trkpt lat="37.793973" lon="-122.415185"><time>2024-06-01T15:27:45Z</time></trkpt>
      <trkpt lat="37.794067" lon="-122.415068"><time>2024-06-01T15:28:10Z</time></trkpt>
      <trkpt lat="37.793980" lon="-122.414946"><time>2024-06-01T15:28:29Z</time></trkpt>
      <trkpt lat="37.793923" lon="-122.415085"><time>2024-06-01T15:28:40Z</time></trkpt>
      <trkpt lat="37.794072" lon="-122.415108"><time>2024-06-01T15:28:51Z</time></trkpt>
      <trkpt lat="37.793965" lon="-122.415002"><time>2024-06-01T15:29:16Z</time></trkpt>
      <trkpt lat="37.794069" lon="-122.414894"><time>2024-06-01T15:29:38Z</time></trkpt>
      <trkpt lat="37.794187" lon="-122.414801"><time>2024-06-01T15:29:59Z</time></trkpt>
      <trkpt lat="37.794218" lon="-122.414948"><time>2024-06-01T15:30:20Z</time></trkpt>
      <trkpt lat="37.794142" lon="-122.415078"><time>2024-06-01T15:30:36Z</time></trkpt>
      <trkpt lat="37.794133" lon="-122.414928"><time>2024-06-01T15:30:56Z</time></trkpt>
      <trkpt lat="37.794253" lon="-122.414838"><time>2024-06-01T15:31:23Z</time></trkpt>
      <trkpt lat="37.794156" lon="-122.414723"><time>2024-06-01T15:31:43Z</time></trkpt>
      <trkpt lat="37.794023" lon="-122.414654"><time>2024-06-01T15:31:56Z</time></trkpt>
      <trkpt lat="37.794144" lon="-122.414742"><time>2024-06-01T15:32:22Z</time></trkpt>
      <trkpt lat="37.794251" lon="-122.414637"><time>2024-06-01T15:32:52Z</time></trkpt>
      <trkpt lat="37.794383" lon="-122.414708"><time>2024-06-01T15:33:22Z</time></trkpt>
      <trkpt lat="37.794292" lon="-122.414828"><time>2024-06-01T15:33:51Z</time></trkpt>
      <trkpt lat="37.794185" lon="-122.414933"><time>2024-06-01T15:34:19Z</time></trkpt>
      <trkpt lat="37.794189" lon="-122.415083"><time>2024-06-01T15:34:30Z</time></trkpt>
      <trkpt lat="37.794079" lon="-122.414981"><time>2024-06-01T15:34:40Z</time></trkpt>
      <trkpt lat="37.794215" lon="-122.415044"><time>2024-06-01T15:34:57Z</time></trkpt>
      <trkpt lat="37.794183" lon="-122.415190"><time>2024-06-01T15:35:12Z</time></trkpt>
      <trkpt lat="37.794102" lon="-122.415064"><time>2024-06-01T15:35:22Z</time></trkpt>
      <trkpt lat="37.794238" lon="-122.415127"><time>2024-06-01T15:35:46Z</time></trkpt>
      <trkpt lat="37.794125" lon="-122.415226"><time>2024-06-01T15:36:03Z</time></trkpt>
      <trkpt lat="37.793988" lon="-122.415286"><time>2024-06-01T15:36:17Z</time></trkpt>
      <trkpt lat="37.793901" lon="-122.415164"><time>2024-06-01T15:36:39Z</time></trkpt>
      <trkpt lat="37.793751" lon="-122.415167"><time>2024-06-01T15:37:08Z</time></trkpt>
      <trkpt lat="37.793606" lon="-122.415208"><time>2024-06-01T15:37:20Z</time></trkpt>
      <trkpt lat="37.793531" lon="-122.415337"><time>2024-06-01T15:37:46Z</time></trkpt>
      <trkpt lat="37.793421" lon="-122.415440"><time>2024-06-01T15:37:57Z</time></trkpt>
      <trkpt lat="37.793529" lon="-122.415543"><time>2024-06-01T15:38:15Z</time></trkpt>
      <trkpt lat="37.793466" lon="-122.415679"><time>2024-06-01T15:38:37Z</time></trkpt>
      <trkpt lat="37.793335" lon="-122.415753"><time>2024-06-01T15:38:50Z</time></trkpt>
      <trkpt lat="37.793246" lon="-122.415633"><time>2024-06-01T15:39:14Z</time></trkpt>
      <trkpt lat="37.793122" lon="-122.415718"><time>2024-06-01T15:39:35Z</time></trkpt>
      <trkpt lat="37.793229" lon="-122.415823"><time>2024-06-01T15:40:00Z</time></trkpt>
      <trkpt lat="37.793251" lon="-122.415674"><time>2024-06-01T15:40:21Z</time></trkpt>
      <trkpt lat="37.793172" lon="-122.415802"><time>2024-06-01T15:40:46Z</time></trkpt>
      <trkpt lat="37.793246" lon="-122.415671"><time>2024-06-01T15:41:02Z</time></trkpt>
      <trkpt lat="37.793096" lon="-122.415670"><time>2024-06-01T15:41:28Z</time></trkpt>
      <trkpt lat="37.792969" lon="-122.415749"><time>2024-06-01T15:41:48Z</time></trkpt>
      <trkpt lat="37.792882" lon="-122.415871"><time>2024-06-01T15:42:01Z</time></trkpt>
      <trkpt lat="37.792799" lon="-122.415996"><time>2024-06-01T15:42:12Z</time></trkpt>
      <trkpt lat="37.792898" lon="-122.416109"><time>2024-06-01T15:42:28Z</time></trkpt>
      <trkpt lat="37.792920" lon="-122.415961"><time>2024-06-01T15:42:56Z</time></trkpt>
      <trkpt lat="37.792963" lon="-122.415817"><time>2024-06-01T15:43:22Z</time></trkpt>
      <trkpt lat="37.793009" lon="-122.415960"><time>2024-06-01T15:43:37Z</time></trkpt>
      <trkpt lat="37.793148" lon="-122.416016"><time>2024-06-01T15:43:49Z</time></trkpt>
      <trkpt lat="37.793100" lon="-122.416158"><time>2024-06-01T15:44:16Z</time></trkpt>
      <trkpt lat="37.793016" lon="-122.416034"><time>2024-06-01T15:44:33Z</time></trkpt>
      <trkpt lat="37.793165" lon="-122.416027"><time>2024-06-01T15:44:53Z</time></trkpt>
      <trkpt lat="37.793314" lon="-122.416006"><time>2024-06-01T15:45:22Z</time></trkpt>
      <trkpt lat="37.793175" lon="-122.415951"><time>2024-06-01T15:45:41Z</time></trkpt>
      <trkpt lat="37.793029" lon="-122.415916"><time>2024-06-01T15:46:04Z</time></trkpt>
      <trkpt lat="37.792880" lon="-122.415899"><time>2024-06-01T15:46:26Z</time></trkpt>
      <trkpt lat="37.792764" lon="-122.415803"><time>2024-06-01T15:46:56Z</time></trkpt>
      <trkpt lat="37.792902" lon="-122.415743"><time>2024-06-01T15:47:16Z</time></trkpt>
      <trkpt lat="37.792988" lon="-122.415620"><time>2024-06-01T15:47:42Z</time></trkpt>
      <trkpt lat="37.792980" lon="-122.415770"><time>2024-06-01T15:48:12Z</time></trkpt>
      <trkpt lat="37.792910" lon="-122.415903"><time>2024-06-01T15:48:25Z</time></trkpt>
      <trkpt lat="37.792924" lon="-122.416052"><time>2024-06-01T15:48:43Z</time></trkpt>
      <trkpt lat="37.792857" lon="-122.416187"><time>2024-06-01T15:49:01Z</time></trkpt>
      <trkpt lat="37.792823" lon="-122.416333"><time>2024-06-01T15:49:14Z</time></trkpt>
      <trkpt lat="37.792973" lon="-122.416325"><time>2024-06-01T15:49:28Z</time></trkpt>
      <trkpt lat="37.792930" lon="-122.416181"><time>2024-06-01T15:49:40Z</time></trkpt>
      <trkpt lat="37.792971" lon="-122.416037"><time>2024-06-01T15:50:06Z</time></trkpt>
      <trkpt lat="37.793113" lon="-122.416087"><time>2024-06-01T15:50:24Z</time></trkpt>
      <trkpt lat="37.793186" lon="-122.415957"><time>2024-06-01T15:50:44Z</time></trkpt>
      <trkpt lat="37.793178" lon="-122.415807"><time>2024-06-01T15:51:03Z</time></trkpt>
      <trkpt lat="37.793323" lon="-122.415847"><time>2024-06-01T15:51:29Z</time></trkpt>
      <trkpt lat="37.793337" lon="-122.415996"><time>2024-06-01T15:51:46Z</time></trkpt>
      <trkpt lat="37.793416" lon="-122.416124"><time>2024-06-01T15:52:09Z</time></trkpt>
      <trkpt lat="37.793298" lon="-122.416217"><time>2024-06-01T15:52:21Z</time></trkpt>
      <trkpt lat="37.793418" lon="-122.416127"><time>2024-06-01T15:52:51Z</time></trkpt>
      <trkpt lat="37.793388" lon="-122.416274"><time>2024-06-01T15:53:19Z</time></trkpt>
      <trkpt lat="37.793511" lon="-122.416360"><time>2024-06-01T15:53:39Z</time></trkpt>
      <trkpt lat="37.793568" lon="-122.416499"><time>2024-06-01T15:54:09Z</time></trkpt>
      <trkpt lat="37.793544" lon="-122.416647"><time>2024-06-01T15:54:25Z</time></trkpt>
      <trkpt lat="37.793397" lon="-122.416617"><time>2024-06-01T15:54:53Z</time></trkpt>
      <trkpt lat="37.793247" lon="-122.416617"><time>2024-06-01T15:55:05Z</time></trkpt>
      <trkpt lat="37.793101" lon="-122.416580"><time>2024-06-01T15:55:34Z</time></trkpt>
      <trkpt lat="37.793104" lon="-122.416730"><time>2024-06-01T15:55:53Z</time></trkpt>
      <trkpt lat="37.793254" lon="-122.416728"><time>2024-06-01T15:56:20Z</time></trkpt>
      <trkpt lat="37.793197" lon="-122.416867"><time>2024-06-01T15:56:32Z</time></trkpt>
      <trkpt lat="37.793164" lon="-122.416720"><time>2024-06-01T15:56:44Z</time></trkpt>
      <trkpt lat="37.793186" lon="-122.416572"><time>2024-06-01T15:57:12Z</time></trkpt>
      <trkpt lat="37.793040" lon="-122.416608"><time>2024-06-01T15:57:27Z</time></trkpt>
      <trkpt lat="37.792975" lon="-122.416473"><time>2024-06-01T15:57:50Z</time></trkpt>
      <trkpt lat="37.792827" lon="-122.416498"><time>2024-06-01T15:58:11Z</time></trkpt>
      <trkpt lat="37.792830" lon="-122.416348"><time>2024-06-01T15:58:35Z</time></trkpt>
      <trkpt lat="37.792717" lon="-122.416250"><time>2024-06-01T15:58:45Z</time></trkpt>
      <trkpt lat="37.792846" lon="-122.416173"><time>2024-06-01T15:59:07Z</time></trkpt>
      <trkpt lat="37.792973" lon="-122.416253"><time>2024-06-01T15:59:33Z</time></trkpt>
      <trkpt lat="37.793110" lon="-122.416315"><time>2024-06-01T15:59:53Z</time></trkpt>
      <trkpt lat="37.792964" lon="-122.416278"><time>2024-06-01T16:00:16Z</time></trkpt>
      <trkpt lat="37.793084" lon="-122.416368"><time>2024-06-01T16:00:31Z</time></trkpt>
      <trkpt lat="37.793173" lon="-122.416489"><time>2024-06-01T16:00:50Z</time></trkpt>
      <trkpt lat="37.793259" lon="-122.416365"><time>2024-06-01T16:01:16Z</time></trkpt>
      <trkpt lat="37.793156" lon="-122.416256"><time>2024-06-01T16:01:33Z</time></trkpt>
      <trkpt lat="37.793306" lon="-122.416258"><time>2024-06-01T16:01:47Z</time></trkpt>
      <trkpt lat="37.793264" lon="-122.416114"><time>2024-06-01T16:02:09Z</time></trkpt>
      <trkpt lat="37.793269" lon="-122.416264"><time>2024-06-01T16:02:25Z</time></trkpt>
      <trkpt lat="37.793404" lon="-122.416200"><time>2024-06-01T16:02:52Z</time></trkpt>
      <trkpt lat="37.793511" lon="-122.416304"><time>2024-06-01T16:03:19Z</time></trkpt>
      <trkpt lat="37.793582" lon="-122.416437"><time>2024-06-01T16:03:38Z</time></trkpt>
      <trkpt lat="37.793729" lon="-122.416466"><time>2024-06-01T16:03:51Z</time></trkpt>
      <trkpt lat="37.793579" lon="-122.416477"><time>2024-06-01T16:04:04Z</time></trkpt>
      <trkpt lat="37.793430" lon="-122.416465"><time>2024-06-01T16:04:18Z</time></trkpt>
      <trkpt lat="37.793454" lon="-122.416317"><time>2024-06-01T16:04:40Z</time></trkpt>
      <trkpt lat="37.793304" lon="-122.416310"><time>2024-06-01T16:04:51Z</time></trkpt>
      <trkpt lat="37.793437" lon="-122.416379"><time>2024-06-01T16:05:03Z</time></trkpt>
      <trkpt lat="37.793466" lon="-122.416527"><time>2024-06-01T16:05:16Z</time></trkpt>
      <trkpt lat="37.793573" lon="-122.416421"><time>2024-06-01T16:05:43Z</time></trkpt>
      <trkpt lat="37.793696" lon="-122.416507"><time>2024-06-01T16:05:56Z</time></trkpt>
      <trkpt lat="37.793546" lon="-122.416494"><time>2024-06-01T16:06:10Z</time></trkpt>
      <trkpt lat="37.793503" lon="-122.416638"><time>2024-06-01T16:06:20Z</time></trkpt>
      <trkpt lat="37.793404" lon="-122.416525"><time>2024-06-01T16:06:40Z</time></trkpt>
      <trkpt lat="37.793554" lon="-122.416516"><time>2024-06-01T16:06:55Z</time></trkpt>
      <trkpt lat="37.793414" lon="-122.416461"><time>2024-06-01T16:07:07Z</time></trkpt>
      <trkpt lat="37.793337" lon="-122.416589"><time>2024-06-01T16:07:23Z</time></trkpt>
      <trkpt lat="37.793477" lon="-122.416643"><time>2024-06-01T16:07:40Z</time></trkpt>
      <trkpt lat="37.793341" lon="-122.416579"><time>2024-06-01T16:07:52Z</time></trkpt>
      <trkpt lat="37.793483" lon="-122.416626"><time>2024-06-01T16:08:19Z</time></trkpt>
      <trkpt lat="37.793334" lon="-122.416632"><time>2024-06-01T16:08:37Z</time></trkpt>
      <trkpt lat="37.793222" lon="-122.416532"><time>2024-06-01T16:08:50Z</time></trkpt>
      <trkpt lat="37.793259" lon="-122.416386"><time>2024-06-01T16:09:00Z</time></trkpt>
      <trkpt lat="37.793320" lon="-122.416250"><time>2024-06-01T16:09:10Z</time></trkpt>
      <trkpt lat="37.793256" lon="-122.416114"><time>2024-06-01T16:09:28Z</time></trkpt>
      <trkpt lat="37.793171" lon="-122.415991"><time>2024-06-01T16:09:56Z</time></trkpt>
      <trkpt lat="37.793109" lon="-122.416127"><time>2024-06-01T16:10:13Z</time></trkpt>
      <trkpt lat="37.793016" lon="-122.416244"><time>2024-06-01T16:10:30Z</time></trkpt>
      <trkpt lat="37.792944" lon="-122.416112"><time>2024-06-01T16:10:41Z</time></trkpt>
      <trkpt lat="37.792856" lon="-122.416233"><time>2024-06-01T16:11:02Z</time></trkpt>
      <trkpt lat="37.792726" lon="-122.416309"><time>2024-06-01T16:11:32Z</time></trkpt>
      <trkpt lat="37.792604" lon="-122.416396"><time>2024-06-01T16:11:55Z</time></trkpt>
      <trkpt lat="37.792677" lon="-122.416265"><time>2024-06-01T16:12:10Z</time></trkpt>
      <trkpt lat="37.792584" lon="-122.416147"><time>2024-06-01T16:12:36Z</time></trkpt>
      <trkpt lat="37.792482" lon="-122.416257"><time>2024-06-01T16:13:04Z</time></trkpt>
      <trkpt lat="37.792333" lon="-122.416273"><time>2024-06-01T16:13:26Z</time></trkpt>
      <trkpt lat="37.792475" lon="-122.416225"><time>2024-06-01T16:13:40Z</time></trkpt>
      <trkpt lat="37.792546" lon="-122.416093"><time>2024-06-01T16:14:10Z</time></trkpt>
      <trkpt lat="37.792508" lon="-122.416238"><time>2024-06-01T16:14:32Z</time></trkpt>
      <trkpt lat="37.792358" lon="-122.416247"><time>2024-06-01T16:14:57Z</time></trkpt>
      <trkpt lat="37.792214" lon="-122.416289"><time>2024-06-01T16:15:25Z</time></trkpt>
      <trkpt lat="37.792248" lon="-122.416143"><time>2024-06-01T16:15:43Z</time></trkpt>
      <trkpt lat="37.792277" lon="-122.415996"><time>2024-06-01T16:15:59Z</time></trkpt>
      <trkpt lat="37.792226" lon="-122.415855"><time>2024-06-01T16:16:23Z</time></trkpt>
      <trkpt lat="37.792078" lon="-122.415877"><time>2024-06-01T16:16:49Z</time></trkpt>
      <trkpt lat="37.792133" lon="-122.416017"><time>2024-06-01T16:17:07Z</time></trkpt>
      <trkpt lat="37.792000" lon="-122.416086"><time>2024-06-01T16:17:21Z</time></trkpt>
      <trkpt lat="37.791971" lon="-122.415939"><time>2024-06-01T16:17:44Z</time></trkpt>
      <trkpt lat="37.792049" lon="-122.415810"><time>2024-06-01T16:17:58Z</time></trkpt>
      <trkpt lat="37.792125" lon="-122.415681"><time>2024-06-01T16:18:27Z</time></trkpt>
      <trkpt lat="37.792052" lon="-122.415812"><time>2024-06-01T16:18:42Z</time></trkpt>
      <trkpt lat="37.791903" lon="-122.415796"><time>2024-06-01T16:19:02Z</time></trkpt>
      <trkpt lat="37.791992" lon="-122.415917"><time>2024-06-01T16:19:29Z</time></trkpt>
      <trkpt lat="37.792002" lon="-122.416066"><time>2024-06-01T16:19:58Z</time></trkpt>
      <trkpt lat="37.792134" lon="-122.415995"><time>2024-06-01T16:20:13Z</time></trkpt>
      <trkpt lat="37.792248" lon="-122.415898"><time>2024-06-01T16:20:25Z</time></trkpt>
      <trkpt lat="37.792099" lon="-122.415909"><time>2024-06-01T16:20:40Z</time></trkpt>
      <trkpt lat="37.792217" lon="-122.416002"><time>2024-06-01T16:20:50Z</time></trkpt>
      <trkpt lat="37.792164" lon="-122.415862"><time>2024-06-01T16:21:10Z</time></trkpt>
      <trkpt lat="37.792298" lon="-122.415794"><time>2024-06-01T16:21:32Z</time></trkpt>
      <trkpt lat="37.792148" lon="-122.415800"><time>2024-06-01T16:21:54Z</time></trkpt>
      <trkpt lat="37.791999" lon="-122.415780"><time>2024-06-01T16:22:18Z</time></trkpt>
      <trkpt lat="37.792048" lon="-122.415638"><time>2024-06-01T16:22:47Z</time></trkpt>
      <trkpt lat="37.792043" lon="-122.415488"><time>2024-06-01T16:22:57Z</time></trkpt>
      <trkpt lat="37.791896" lon="-122.415458"><time>2024-06-01T16:23:25Z</time></trkpt>
      <trkpt lat="37.791841" lon="-122.415597"><time>2024-06-01T16:23:39Z</time></trkpt>
      <trkpt lat="37.791702" lon="-122.415653"><time>2024-06-01T16:24:09Z</time></trkpt>
      <trkpt lat="37.791561" lon="-122.415602"><time>2024-06-01T16:24:20Z</time></trkpt>
      <trkpt lat="37.791705" lon="-122.415646"><time>2024-06-01T16:24:38Z</time></trkpt>
      <trkpt lat="37.791599" lon="-122.415752"><time>2024-06-01T16:24:59Z</time></trkpt>
      <trkpt lat="37.791515" lon="-122.415876"><time>2024-06-01T16:25:15Z</time></trkpt>
      <trkpt lat="37.791626" lon="-122.415978"><time>2024-06-01T16:25:45Z</time></trkpt>
      <trkpt lat="37.791526" lon="-122.415865"><time>2024-06-01T16:26:00Z</time></trkpt>
      <trkpt lat="37.791517" lon="-122.416015"><time>2024-06-01T16:26:11Z</time></trkpt>
      <trkpt lat="37.791667" lon="-122.416023"><time>2024-06-01T16:26:39Z</time></trkpt>
      <trkpt lat="37.791521" lon="-122.415988"><time>2024-06-01T16:27:09Z</time></trkpt>
      <trkpt lat="37.791570" lon="-122.415846"><time>2024-06-01T16:27:19Z</time></trkpt>
      <trkpt lat="37.791460" lon="-122.415948"><time>2024-06-01T16:27:31Z</time></trkpt>
      <trkpt lat="37.791325" lon="-122.416014"><time>2024-06-01T16:27:44Z</time></trkpt>
      <trkpt lat="37.791247" lon="-122.416142"><time>2024-06-01T16:28:12Z</time></trkpt>
      <trkpt lat="37.791137" lon="-122.416039"><time>2024-06-01T16:28:40Z</time></trkpt>
      <trkpt lat="37.791214" lon="-122.416168"><time>2024-06-01T16:28:54Z</time></trkpt>
      <trkpt lat="37.791272" lon="-122.416030"><time>2024-06-01T16:29:11Z</time></trkpt>
      <trkpt lat="37.791122" lon="-122.416019"><time>2024-06-01T16:29:33Z</time></trkpt>
      <trkpt lat="37.791234" lon="-122.415919"><time>2024-06-01T16:29:51Z</time></trkpt>
      <trkpt lat="37.791340" lon="-122.416026"><time>2024-06-01T16:30:15Z</time></trkpt>
      <trkpt lat="37.791258" lon="-122.416151"><time>2024-06-01T16:30:40Z</time></trkpt>
      <trkpt lat="37.791109" lon="-122.416166"><time>2024-06-01T16:30:53Z</time></trkpt>
      <trkpt lat="37.791036" lon="-122.416297"><time>2024-06-01T16:31:06Z</time></trkpt>
      <trkpt lat="37.791030" lon="-122.416147"><time>2024-06-01T16:31:34Z</time></trkpt>
      <trkpt lat="37.790949" lon="-122.416274"><time>2024-06-01T16:31:53Z</time></trkpt>
      <trkpt lat="37.790945" lon="-122.416424"><time>2024-06-01T16:32:18Z</time></trkpt>
      <trkpt lat="37.790878" lon="-122.416558"><time>2024-06-01T16:32:37Z</time></trkpt>
      <trkpt lat="37.790862" lon="-122.416409"><time>2024-06-01T16:32:56Z</time></trkpt>
      <trkpt lat="37.790817" lon="-122.416552"><time>2024-06-01T16:33:09Z</time></trkpt>
      <trkpt lat="37.790690" lon="-122.416631"><time>2024-06-01T16:33:33Z</time></trkpt>
      <trkpt lat="37.790815" lon="-122.416713"><time>2024-06-01T16:33:50Z</time></trkpt>
      <trkpt lat="37.790832" lon="-122.416862"><time>2024-06-01T16:34:17Z</time></trkpt>
      <trkpt lat="37.790889" lon="-122.416723"><time>2024-06-01T16:34:39Z</time></trkpt>
      <trkpt lat="37.790763" lon="-122.416641"><time>2024-06-01T16:34:57Z</time></trkpt>
      <trkpt lat="37.790853" lon="-122.416520"><time>2024-06-01T16:35:13Z</time></trkpt>
      <trkpt lat="37.790703" lon="-122.416528"><time>2024-06-01T16:35:23Z</time></trkpt>
      <trkpt lat="37.790754" lon="-122.416387"><time>2024-06-01T16:35:50Z</time></trkpt>
      <trkpt lat="37.790717" lon="-122.416242"><time>2024-06-01T16:36:12Z</time></trkpt>
      <trkpt lat="37.790758" lon="-122.416386"><time>2024-06-01T16:36:36Z</time></trkpt>
      <trkpt lat="37.790802" lon="-122.416242"><time>2024-06-01T16:37:02Z</time></trkpt>
      <trkpt lat="37.790952" lon="-122.416253"><time>2024-06-01T16:37:14Z</time></trkpt>
      <trkpt lat="37.790845" lon="-122.416147"><time>2024-06-01T16:37:41Z</time></trkpt>
      <trkpt lat="37.790991" lon="-122.416181"><time>2024-06-01T16:38:00Z</time></trkpt>
      <trkpt lat="37.791095" lon="-122.416073"><time>2024-06-01T16:38:12Z</time></trkpt>
      <trkpt lat="37.791244" lon="-122.416095"><time>2024-06-01T16:38:40Z</time></trkpt>
      <trkpt lat="37.791235" lon="-122.415946"><time>2024-06-01T16:38:55Z</time></trkpt>
      <trkpt lat="37.791346" lon="-122.415844"><time>2024-06-01T16:39:06Z</time></trkpt>
      <trkpt lat="37.791282" lon="-122.415980"><time>2024-06-01T16:39:32Z</time></trkpt>
      <trkpt lat="37.791290" lon="-122.416130"><time>2024-06-01T16:39:59Z</time></trkpt>
      <trkpt lat="37.791348" lon="-122.415991"><time>2024-06-01T16:40:10Z</time></trkpt>
      <trkpt lat="37.791280" lon="-122.415857"><time>2024-06-01T16:40:23Z</time></trkpt>
      <trkpt lat="37.791425" lon="-122.415821"><time>2024-06-01T16:40:49Z</time></trkpt>
      <trkpt lat="37.791341" lon="-122.415697"><time>2024-06-01T16:41:10Z</time></trkpt>
      <trkpt lat="37.791453" lon="-122.415598"><time>2024-06-01T16:41:35Z</time></trkpt>
      <trkpt lat="37.791544" lon="-122.415478"><time>2024-06-01T16:41:55Z</time></trkpt>
      <trkpt lat="37.791430" lon="-122.415381"><time>2024-06-01T16:42:21Z</time></trkpt>
      <trkpt lat="37.791486" lon="-122.415520"><time>2024-06-01T16:42:33Z</time></trkpt>
      <trkpt lat="37.791348" lon="-122.415579"><time>2024-06-01T16:42:57Z</time></trkpt>
      <trkpt lat="37.791315" lon="-122.415433"><time>2024-06-01T16:43:12Z</time></trkpt>
      <trkpt lat="37.791452" lon="-122.415495"><time>2024-06-01T16:43:31Z</time></trkpt>
      <trkpt lat="37.791303" lon="-122.415515"><time>2024-06-01T16:43:50Z</time></trkpt>
      <trkpt lat="37.791312" lon="-122.415365"><time>2024-06-01T16:44:00Z</time></trkpt>
      <trkpt lat="37.791332" lon="-122.415514"><time>2024-06-01T16:44:20Z</time></trkpt>
      <trkpt lat="37.791184" lon="-122.415540"><time>2024-06-01T16:44:37Z</time></trkpt>
      <trkpt lat="37.791194" lon="-122.415690"><time>2024-06-01T16:45:03Z</time></trkpt>
      <trkpt lat="37.791066" lon="-122.415767"><time>2024-06-01T16:45:13Z</time></trkpt>
      <trkpt lat="37.791213" lon="-122.415737"><time>2024-06-01T16:45:43Z</time></trkpt>
      <trkpt lat="37.791088" lon="-122.415653"><time>2024-06-01T16:46:07Z</time></trkpt>
      <trkpt lat="37.791223" lon="-122.415588"><time>2024-06-01T16:46:28Z</time></trkpt>
      <trkpt lat="37.791333" lon="-122.415690"><time>2024-06-01T16:46:56Z</time></trkpt>
      <trkpt lat="37.791201" lon="-122.415619"><time>2024-06-01T16:47:12Z</time></trkpt>
      <trkpt lat="37.791159" lon="-122.415763"><time>2024-06-01T16:47:31Z</time></trkpt>
      <trkpt lat="37.791018" lon="-122.415712"><time>2024-06-01T16:47:55Z</time></trkpt>
      <trkpt lat="37.790920" lon="-122.415598"><time>2024-06-01T16:48:17Z</time></trkpt>
      <trkpt lat="37.790950" lon="-122.415745"><time>2024-06-01T16:48:41Z</time></trkpt>
      <trkpt lat="37.790930" lon="-122.415596"><time>2024-06-01T16:49:10Z</time></trkpt>
      <trkpt lat="37.790963" lon="-122.415450"><time>2024-06-01T16:49:23Z</time></trkpt>
      <trkpt lat="37.790854" lon="-122.415348"><time>2024-06-01T16:49:45Z</time></trkpt>
      <trkpt lat="37.790875" lon="-122.415496"><time>2024-06-01T16:50:06Z</time></trkpt>
      <trkpt lat="37.790757" lon="-122.415589"><time>2024-06-01T16:50:25Z</time></trkpt>
      <trkpt lat="37.790607" lon="-122.415596"><time>2024-06-01T16:50:47Z</time></trkpt>
      <trkpt lat="37.790757" lon="-122.415592"><time>2024-06-01T16:50:58Z</time></trkpt>
      <trkpt lat="37.790884" lon="-122.415673"><time>2024-06-01T16:51:17Z</time></trkpt>
      <trkpt lat="37.790984" lon="-122.415784"><time>2024-06-01T16:51:47Z</time></trkpt>
      <trkpt lat="37.791134" lon="-122.415797"><time>2024-06-01T16:52:12Z</time></trkpt>
      <trkpt lat="37.791213" lon="-122.415669"><time>2024-06-01T16:52:22Z</time></trkpt>
      <trkpt lat="37.791074" lon="-122.415611"><time>2024-06-01T16:52:35Z</time></trkpt>
      <trkpt lat="37.791172" lon="-122.415725"><time>2024-06-01T16:52:49Z</time></trkpt>
      <trkpt lat="37.791101" lon="-122.415857"><time>2024-06-01T16:53:17Z</time></trkpt>
      <trkpt lat="37.791051" lon="-122.415716"><time>2024-06-01T16:53:37Z</time></trkpt>
      <trkpt lat="37.791013" lon="-122.415861"><time>2024-06-01T16:54:07Z</time></trkpt>
      <trkpt lat="37.790898" lon="-122.415957"><time>2024-06-01T16:54:22Z</time></trkpt>
      <trkpt lat="37.790806" lon="-122.415839"><time>2024-06-01T16:54:50Z</time></trkpt>
      <trkpt lat="37.790881" lon="-122.415969"><time>2024-06-01T16:55:09Z</time></trkpt>
      <trkpt lat="37.790885" lon="-122.415819"><time>2024-06-01T16:55:32Z</time></trkpt>
      <trkpt lat="37.791034" lon="-122.415804"><time>2024-06-01T16:55:48Z</time></trkpt>
      <trkpt lat="37.791130" lon="-122.415919"><time>2024-06-01T16:56:06Z</time></trkpt>
      <trkpt lat="37.791053" lon="-122.415791"><time>2024-06-01T16:56:20Z</time></trkpt>
      <trkpt lat="37.791059" lon="-122.415941"><time>2024-06-01T16:56:46Z</time></trkpt>
      <trkpt lat="37.790917" lon="-122.415989"><time>2024-06-01T16:57:14Z</time></trkpt>
      <trkpt lat="37.791044" lon="-122.415910"><time>2024-06-01T16:57:33Z</time></trkpt>
      <trkpt lat="37.791074" lon="-122.416057"><time>2024-06-01T16:57:44Z</time></trkpt>
      <trkpt lat="37.791024" lon="-122.416198"><time>2024-06-01T16:58:14Z</time></trkpt>
      <trkpt lat="37.791049" lon="-122.416346"><time>2024-06-01T16:58:31Z</time></trkpt>
      <trkpt lat="37.790913" lon="-122.416409"><time>2024-06-01T16:58:44Z</time></trkpt>
      <trkpt lat="37.790764" lon="-122.416389"><time>2024-06-01T16:58:56Z</time></trkpt>
      <trkpt lat="37.790811" lon="-122.416247"><time>2024-06-01T16:59:23Z</time></trkpt>
      <trkpt lat="37.790712" lon="-122.416134"><time>2024-06-01T16:59:44Z</time></trkpt>
      <trkpt lat="37.790611" lon="-122.416245"><time>2024-06-01T17:00:07Z</time></trkpt>
      <trkpt lat="37.790697" lon="-122.416122"><time>2024-06-01T17:00:17Z</time></trkpt>
      <trkpt lat="37.790802" lon="-122.416229"><time>2024-06-01T17:00:40Z</time></trkpt>
      <trkpt lat="37.790837" lon="-122.416375"><time>2024-06-01T17:00:52Z</time></trkpt>
      <trkpt lat="37.790773" lon="-122.416240"><time>2024-06-01T17:01:13Z</time></trkpt>
      <trkpt lat="37.790706" lon="-122.416106"><time>2024-06-01T17:01:25Z</time></trkpt>
      <trkpt lat="37.790682" lon="-122.416254"><time>2024-06-01T17:01:38Z</time></trkpt>
      <trkpt lat="37.790818" lon="-122.416318"><time>2024-06-01T17:02:02Z</time></trkpt>
      <trkpt lat="37.790938" lon="-122.416228"><time>2024-06-01T17:02:29Z</time></trkpt>
      <trkpt lat="37.790822" lon="-122.416134"><time>2024-06-01T17:02:50Z</time></trkpt>
      <trkpt lat="37.790708" lon="-122.416232"><time>2024-06-01T17:03:06Z</time></trkpt>
      <trkpt lat="37.790570" lon="-122.416291"><time>2024-06-01T17:03:25Z</time></trkpt>
      <trkpt lat="37.790556" lon="-122.416141"><time>2024-06-01T17:03:42Z</time></trkpt>
      <trkpt lat="37.790406" lon="-122.416131"><time>2024-06-01T17:03:59Z</time></trkpt>
      <trkpt lat="37.790258" lon="-122.416150"><time>2024-06-01T17:04:20Z</time></trkpt>
      <trkpt lat="37.790111" lon="-122.416182"><time>2024-06-01T17:04:37Z</time></trkpt>
      <trkpt lat="37.790248" lon="-122.416242"><time>2024-06-01T17:04:51Z</time></trkpt>
      <trkpt lat="37.790099" lon="-122.416229"><time>2024-06-01T17:05:18Z</time></trkpt>
      <trkpt lat="37.790065" lon="-122.416375"><time>2024-06-01T17:05:29Z</time></trkpt>
      <trkpt lat="37.789920" lon="-122.416414"><time>2024-06-01T17:05:57Z</time></trkpt>
      <trkpt lat="37.789914" lon="-122.416564"><time>2024-06-01T17:06:23Z</time></trkpt>
      <trkpt lat="37.789796" lon="-122.416656"><time>2024-06-01T17:06:52Z</time></trkpt>
      <trkpt lat="37.789837" lon="-122.416801"><time>2024-06-01T17:07:03Z</time></trkpt>
      <trkpt lat="37.789903" lon="-122.416935"><time>2024-06-01T17:07:15Z</time></trkpt>
      <trkpt lat="37.789753" lon="-122.416940"><time>2024-06-01T17:07:32Z</time></trkpt>
      <trkpt lat="37.789805" lon="-122.417080"><time>2024-06-01T17:07:42Z</time></trkpt>
      <trkpt lat="37.789660" lon="-122.417044"><time>2024-06-01T17:07:53Z</time></trkpt>
      <trkpt lat="37.789809" lon="-122.417059"><time>2024-06-01T17:08:10Z</time></trkpt>
      <trkpt lat="37.789854" lon="-122.416916"><time>2024-06-01T17:08:25Z</time></trkpt>
      <trkpt lat="37.789896" lon="-122.417060"><time>2024-06-01T17:08:38Z</time></trkpt>
      <trkpt lat="37.789877" lon="-122.416911"><time>2024-06-01T17:09:04Z</time></trkpt>
      <trkpt lat="37.789760" lon="-122.417005"><time>2024-06-01T17:09:29Z</time></trkpt>
      <trkpt lat="37.789786" lon="-122.416858"><time>2024-06-01T17:09:43Z</time></trkpt>
      <trkpt lat="37.789802" lon="-122.416708"><time>2024-06-01T17:10:08Z</time></trkpt>
      <trkpt lat="37.789942" lon="-122.416763"><time>2024-06-01T17:10:33Z</time></trkpt>
      <trkpt lat="37.790058" lon="-122.416668"><time>2024-06-01T17:11:01Z</time></trkpt>
      <trkpt lat="37.789929" lon="-122.416744"><time>2024-06-01T17:11:22Z</time></trkpt>
      <trkpt lat="37.789972" lon="-122.416888"><time>2024-06-01T17:11:45Z</time></trkpt>
      <trkpt lat="37.790094" lon="-122.416800"><time>2024-06-01T17:12:03Z</time></trkpt>
      <trkpt lat="37.789945" lon="-122.416779"><time>2024-06-01T17:12:27Z</time></trkpt>
      <trkpt lat="37.790092" lon="-122.416810"><time>2024-06-01T17:12:39Z</time></trkpt>
      <trkpt lat="37.790238" lon="-122.416843"><time>2024-06-01T17:13:06Z</time></trkpt>
      <trkpt lat="37.790097" lon="-122.416793"><time>2024-06-01T17:13:18Z</time></trkpt>
      <trkpt lat="37.790219" lon="-122.416880"><time>2024-06-01T17:13:48Z</time></trkpt>
      <trkpt lat="37.790361" lon="-122.416834"><time>2024-06-01T17:14:16Z</time></trkpt>
      <trkpt lat="37.790221" lon="-122.416781"><time>2024-06-01T17:14:35Z</time></trkpt>
      <trkpt lat="37.790300" lon="-122.416654"><time>2024-06-01T17:15:05Z</time></trkpt>
      <trkpt lat="37.790446" lon="-122.416622"><time>2024-06-01T17:15:21Z</time></trkpt>
      <trkpt lat="37.790572" lon="-122.416541"><time>2024-06-01T17:15:36Z</time></trkpt>
      <trkpt lat="37.790576" lon="-122.416391"><time>2024-06-01T17:15:57Z</time></trkpt>
      <trkpt lat="37.790648" lon="-122.416522"><time>2024-06-01T17:16:24Z</time></trkpt>
      <trkpt lat="37.790499" lon="-122.416508"><time>2024-06-01T17:16:52Z</time></trkpt>
      <trkpt lat="37.790360" lon="-122.416450"><time>2024-06-01T17:17:22Z</time></trkpt>
      <trkpt lat="37.790510" lon="-122.416458"><time>2024-06-01T17:17:37Z</time></trkpt>
      <trkpt lat="37.790660" lon="-122.416447"><time>2024-06-01T17:17:56Z</time></trkpt>
      <trkpt lat="37.790540" lon="-122.416357"><time>2024-06-01T17:18:17Z</time></trkpt>
      <trkpt lat="37.790677" lon="-122.416419"><time>2024-06-01T17:18:34Z</time></trkpt>
      <trkpt lat="37.790814" lon="-122.416479"><time>2024-06-01T17:18:58Z</time></trkpt>
      <trkpt lat="37.790897" lon="-122.416604"><time>2024-06-01T17:19:24Z</time></trkpt>
      <trkpt lat="37.790977" lon="-122.416731"><time>2024-06-01T17:19:34Z</time></trkpt>
      <trkpt lat="37.791044" lon="-122.416865"><time>2024-06-01T17:19:55Z</time></trkpt>
      <trkpt lat="37.791135" lon="-122.416985"><time>2024-06-01T17:20:23Z</time></trkpt>
      <trkpt lat="37.791284" lon="-122.416965"><time>2024-06-01T17:20:38Z</time></trkpt>
      <trkpt lat="37.791206" lon="-122.416837"><time>2024-06-01T17:20:52Z</time></trkpt>
      <trkpt lat="37.791062" lon="-122.416795"><time>2024-06-01T17:21:03Z</time></trkpt>
      <trkpt lat="37.790913" lon="-122.416776"><time>2024-06-01T17:21:29Z</time></trkpt>
      <trkpt lat="37.791018" lon="-122.416668"><time>2024-06-01T17:21:45Z</time></trkpt>
      <trkpt lat="37.790886" lon="-122.416739"><time>2024-06-01T17:22:10Z</time></trkpt>
      <trkpt lat="37.790806" lon="-122.416866"><time>2024-06-01T17:22:35Z</time></trkpt>
      <trkpt lat="37.790949" lon="-122.416910"><time>2024-06-01T17:22:53Z</time></trkpt>
      <trkpt lat="37.791016" lon="-122.417045"><time>2024-06-01T17:23:11Z</time></trkpt>
      <trkpt lat="37.791066" lon="-122.417186"><time>2024-06-01T17:23:40Z</time></trkpt>
      <trkpt lat="37.790927" lon="-122.417129"><time>2024-06-01T17:24:02Z</time></trkpt>
      <trkpt lat="37.791033" lon="-122.417235"><time>2024-06-01T17:24:25Z</time></trkpt>
      <trkpt lat="37.791154" lon="-122.417147"><time>2024-06-01T17:24:43Z</time></trkpt>
      <trkpt lat="37.791087" lon="-122.417281"><time>2024-06-01T17:25:12Z</time></trkpt>
      <trkpt lat="37.791128" lon="-122.417425"><time>2024-06-01T17:25:25Z</time></trkpt>
      <trkpt lat="37.791200" lon="-122.417557"><time>2024-06-01T17:25:43Z</time></trkpt>
      <trkpt lat="37.791057" lon="-122.417600"><time>2024-06-01T17:26:10Z</time></trkpt>
      <trkpt lat="37.790960" lon="-122.417716"><time>2024-06-01T17:26:36Z</time></trkpt>
      <trkpt lat="37.790894" lon="-122.417850"><time>2024-06-01T17:26:51Z</time></trkpt>
      <trkpt lat="37.790809" lon="-122.417973"><time>2024-06-01T17:27:03Z</time></trkpt>
      <trkpt lat="37.790897" lon="-122.417852"><time>2024-06-01T17:27:19Z</time></trkpt>
      <trkpt lat="37.790898" lon="-122.418002"><time>2024-06-01T17:27:49Z</time></trkpt>
      <trkpt lat="37.791038" lon="-122.417950"><time>2024-06-01T17:28:16Z</time></trkpt>
      <trkpt lat="37.791163" lon="-122.417867"><time>2024-06-01T17:28:44Z</time></trkpt>
      <trkpt lat="37.791137" lon="-122.418015"><time>2024-06-01T17:29:09Z</time></trkpt>
      <trkpt lat="37.791190" lon="-122.417874"><time>2024-06-01T17:29:22Z</time></trkpt>
      <trkpt lat="37.791339" lon="-122.417852"><time>2024-06-01T17:29:33Z</time></trkpt>
      <trkpt lat="37.791217" lon="-122.417939"><time>2024-06-01T17:30:02Z</time></trkpt>
      <trkpt lat="37.791365" lon="-122.417916"><time>2024-06-01T17:30:28Z</time></trkpt>
      <trkpt lat="37.791348" lon="-122.418065"><time>2024-06-01T17:30:55Z</time></trkpt>
      <trkpt lat="37.791207" lon="-122.418014"><time>2024-06-01T17:31:22Z</time></trkpt>
      <trkpt lat="37.791305" lon="-122.418128"><time>2024-06-01T17:31:35Z</time></trkpt>
      <trkpt lat="37.791345" lon="-122.418272"><time>2024-06-01T17:31:55Z</time></trkpt>
      <trkpt lat="37.791484" lon="-122.418328"><time>2024-06-01T17:32:22Z</time></trkpt>
      <trkpt lat="37.791559" lon="-122.418459"><time>2024-06-01T17:32:52Z</time></trkpt>
      <trkpt lat="37.791471" lon="-122.418580"><time>2024-06-01T17:33:18Z</time></trkpt>
      <trkpt lat="37.791450" lon="-122.418431"><time>2024-06-01T17:33:36Z</time></trkpt>
      <trkpt lat="37.791305" lon="-122.418393"><time>2024-06-01T17:33:49Z</time></trkpt>
      <trkpt lat="37.791214" lon="-122.418274"><time>2024-06-01T17:34:05Z</time></trkpt>
      <trkpt lat="37.791295" lon="-122.418400"><time>2024-06-01T17:34:30Z</time></trkpt>
      <trkpt lat="37.791350" lon="-122.418260"><time>2024-06-01T17:34:47Z</time></trkpt>
      <trkpt lat="37.791222" lon="-122.418339"><time>2024-06-01T17:34:59Z</time></trkpt>
      <trkpt lat="37.791371" lon="-122.418323"><time>2024-06-01T17:35:16Z</time></trkpt>
      <trkpt lat="37.791223" lon="-122.418347"><time>2024-06-01T17:35:41Z</time></trkpt>
      <trkpt lat="37.791353" lon="-122.418423"><time>2024-06-01T17:36:01Z</time></trkpt>
      <trkpt lat="37.791413" lon="-122.418285"><time>2024-06-01T17:36:16Z</time></trkpt>
      <trkpt lat="37.791265" lon="-122.418262"><time>2024-06-01T17:36:40Z</time></trkpt>
      <trkpt lat="37.791118" lon="-122.418232"><time>2024-06-01T17:36:59Z</time></trkpt>
      <trkpt lat="37.791018" lon="-122.418344"><time>2024-06-01T17:37:14Z</time></trkpt>
      <trkpt lat="37.790952" lon="-122.418210"><time>2024-06-01T17:37:43Z</time></trkpt>
      <trkpt lat="37.791101" lon="-122.418190"><time>2024-06-01T17:37:56Z</time></trkpt>
      <trkpt lat="37.791195" lon="-122.418073"><time>2024-06-01T17:38:06Z</time></trkpt>
      <trkpt lat="37.791231" lon="-122.417927"><time>2024-06-01T17:38:33Z</time></trkpt>
      <trkpt lat="37.791343" lon="-122.417827"><time>2024-06-01T17:38:51Z</time></trkpt>
      <trkpt lat="37.791362" lon="-122.417976"><time>2024-06-01T17:39:12Z</time></trkpt>
      <trkpt lat="37.791219" lon="-122.418021"><time>2024-06-01T17:39:24Z</time></trkpt>
      <trkpt lat="37.791255" lon="-122.418167"><time>2024-06-01T17:39:34Z</time></trkpt>
      <trkpt lat="37.791128" lon="-122.418088"><time>2024-06-01T17:39:53Z</time></trkpt>
      <trkpt lat="37.791237" lon="-122.418190"><time>2024-06-01T17:40:22Z</time></trkpt>
      <trkpt lat="37.791376" lon="-122.418247"><time>2024-06-01T17:40:49Z</time></trkpt>
      <trkpt lat="37.791354" lon="-122.418395"><time>2024-06-01T17:41:09Z</time></trkpt>
      <trkpt lat="37.791494" lon="-122.418340"><time>2024-06-01T17:41:28Z</time></trkpt>
      <trkpt lat="37.791627" lon="-122.418271"><time>2024-06-01T17:41:51Z</time></trkpt>
      <trkpt lat="37.791518" lon="-122.418375"><time>2024-06-01T17:42:06Z</time></trkpt>
      <trkpt lat="37.791666" lon="-122.418403"><time>2024-06-01T17:42:16Z</time></trkpt>
      <trkpt lat="37.791787" lon="-122.418491"><time>2024-06-01T17:42:29Z</time></trkpt>
      <trkpt lat="37.791641" lon="-122.418524"><time>2024-06-01T17:42:56Z</time></trkpt>
      <trkpt lat="37.791500" lon="-122.418473"><time>2024-06-01T17:43:06Z</time></trkpt>
      <trkpt lat="37.791631" lon="-122.418401"><time>2024-06-01T17:43:36Z</time></trkpt>
      <trkpt lat="37.791633" lon="-122.418251"><time>2024-06-01T17:43:58Z</time></trkpt>
      <trkpt lat="37.791690" lon="-122.418112"><time>2024-06-01T17:44:19Z</time></trkpt>
      <trkpt lat="37.791826" lon="-122.418050"><time>2024-06-01T17:44:38Z</time></trkpt>
      <trkpt lat="37.791811" lon="-122.418199"><time>2024-06-01T17:44:58Z</time></trkpt>
      <trkpt lat="37.791887" lon="-122.418328"><time>2024-06-01T17:45:10Z</time></trkpt>
      <trkpt lat="37.791855" lon="-122.418182"><time>2024-06-01T17:45:24Z</time></trkpt>
      <trkpt lat="37.791972" lon="-122.418276"><time>2024-06-01T17:45:40Z</time></trkpt>
      <trkpt lat="37.792078" lon="-122.418169"><time>2024-06-01T17:45:55Z</time></trkpt>
      <trkpt lat="37.791954" lon="-122.418253"><time>2024-06-01T17:46:12Z</time></trkpt>
      <trkpt lat="37.791811" lon="-122.418209"><time>2024-06-01T17:46:31Z</time></trkpt>
      <trkpt lat="37.791877" lon="-122.418343"><time>2024-06-01T17:46:48Z</time></trkpt>
      <trkpt lat="37.792005" lon="-122.418421"><time>2024-06-01T17:47:01Z</time></trkpt>
      <trkpt lat="37.792150" lon="-122.418383"><time>2024-06-01T17:47:15Z</time></trkpt>
      <trkpt lat="37.792159" lon="-122.418532"><time>2024-06-01T17:47:36Z</time></trkpt>
      <trkpt lat="37.792079" lon="-122.418405"><time>2024-06-01T17:48:04Z</time></trkpt>
      <trkpt lat="37.792222" lon="-122.418451"><time>2024-06-01T17:48:32Z</time></trkpt>
      <trkpt lat="37.792074" lon="-122.418478"><time>2024-06-01T17:48:50Z</time></trkpt>
      <trkpt lat="37.791972" lon="-122.418588"><time>2024-06-01T17:49:00Z</time></trkpt>
      <trkpt lat="37.791938" lon="-122.418734"><time>2024-06-01T17:49:21Z</time></trkpt>
      <trkpt lat="37.791822" lon="-122.418829"><time>2024-06-01T17:49:37Z</time></trkpt>
      <trkpt lat="37.791846" lon="-122.418977"><time>2024-06-01T17:50:07Z</time></trkpt>
      <trkpt lat="37.791885" lon="-122.418832"><time>2024-06-01T17:50:19Z</time></trkpt>
      <trkpt lat="37.791897" lon="-122.418682"><time>2024-06-01T17:50:40Z</time></trkpt>
      <trkpt lat="37.791747" lon="-122.418675"><time>2024-06-01T17:51:04Z</time></trkpt>
      <trkpt lat="37.791628" lon="-122.418585"><time>2024-06-01T17:51:18Z</time></trkpt>
      <trkpt lat="37.791496" lon="-122.418657"><time>2024-06-01T17:51:34Z</time></trkpt>
      <trkpt lat="37.791612" lon="-122.418753"><time>2024-06-01T17:51:52Z</time></trkpt>
      <trkpt lat="37.791462" lon="-122.418752"><time>2024-06-01T17:52:07Z</time></trkpt>
      <trkpt lat="37.791347" lon="-122.418849"><time>2024-06-01T17:52:20Z</time></trkpt>
      <trkpt lat="37.791223" lon="-122.418933"><time>2024-06-01T17:52:36Z</time></trkpt>
      <trkpt lat="37.791091" lon="-122.418861"><time>2024-06-01T17:52:47Z</time></trkpt>
      <trkpt lat="37.790949" lon="-122.418813"><time>2024-06-01T17:52:58Z</time></trkpt>
      <trkpt lat="37.790840" lon="-122.418917"><time>2024-06-01T17:53:15Z</time></trkpt>
      <trkpt lat="37.790710" lon="-122.418990"><time>2024-06-01T17:53:29Z</time></trkpt>
      <trkpt lat="37.790774" lon="-122.418855"><time>2024-06-01T17:53:40Z</time></trkpt>
      <trkpt lat="37.790719" lon="-122.418715"><time>2024-06-01T17:54:02Z</time></trkpt>
      <trkpt lat="37.790672" lon="-122.418858"><time>2024-06-01T17:54:17Z</time></trkpt>
      <trkpt lat="37.790627" lon="-122.418715"><time>2024-06-01T17:54:46Z</time></trkpt>
      <trkpt lat="37.790698" lon="-122.418847"><time>2024-06-01T17:55:03Z</time></trkpt>
      <trkpt lat="37.790770" lon="-122.418979"><time>2024-06-01T17:55:26Z</time></trkpt>
      <trkpt lat="37.790702" lon="-122.419113"><time>2024-06-01T17:55:40Z</time></trkpt>
      <trkpt lat="37.790772" lon="-122.419245"><time>2024-06-01T17:55:57Z</time></trkpt>
      <trkpt lat="37.790921" lon="-122.419261"><time>2024-06-01T17:56:25Z</time></trkpt>
      <trkpt lat="37.791071" lon="-122.419256"><time>2024-06-01T17:56:40Z</time></trkpt>
      <trkpt lat="37.791142" lon="-122.419124"><time>2024-06-01T17:56:50Z</time></trkpt>
      <trkpt lat="37.791270" lon="-122.419046"><time>2024-06-01T17:57:03Z</time></trkpt>
      <trkpt lat="37.791402" lon="-122.418974"><time>2024-06-01T17:57:25Z</time></trkpt>
      <trkpt lat="37.791436" lon="-122.419120"><time>2024-06-01T17:57:47Z</time></trkpt>
      <trkpt lat="37.791352" lon="-122.418996"><time>2024-06-01T17:58:12Z</time></trkpt>
      <trkpt lat="37.791228" lon="-122.419080"><time>2024-06-01T17:58:24Z</time></trkpt>
      <trkpt lat="37.791078" lon="-122.419080"><time>2024-06-01T17:58:48Z</time></trkpt>
      <trkpt lat="37.790988" lon="-122.419200"><time>2024-06-01T17:59:15Z</time></trkpt>
      <trkpt lat="37.791119" lon="-122.419274"><time>2024-06-01T17:59:41Z</time></trkpt>
      <trkpt lat="37.791244" lon="-122.419357"><time>2024-06-01T18:00:07Z</time></trkpt>
      <trkpt lat="37.791306" lon="-122.419493"><time>2024-06-01T18:00:32Z</time></trkpt>
      <trkpt lat="37.791306" lon="-122.419343"><time>2024-06-01T18:00:45Z</time></trkpt>
      <trkpt lat="37.791195" lon="-122.419242"><time>2024-06-01T18:01:06Z</time></trkpt>
      <trkpt lat="37.791345" lon="-122.419235"><time>2024-06-01T18:01:25Z</time></trkpt>
      <trkpt lat="37.791337" lon="-122.419085"><time>2024-06-01T18:01:54Z</time></trkpt>
      <trkpt lat="37.791414" lon="-122.419214"><time>2024-06-01T18:02:12Z</time></trkpt>
      <trkpt lat="37.791367" lon="-122.419071"><time>2024-06-01T18:02:37Z</time></trkpt>
      <trkpt lat="37.791517" lon="-122.419083"><time>2024-06-01T18:02:47Z</time></trkpt>
      <trkpt lat="37.791650" lon="-122.419014"><time>2024-06-01T18:03:03Z</time></trkpt>
      <trkpt lat="37.791522" lon="-122.418935"><time>2024-06-01T18:03:21Z</time></trkpt>
      <trkpt lat="37.791374" lon="-122.418910"><time>2024-06-01T18:03:41Z</time></trkpt>
      <trkpt lat="37.791430" lon="-122.419049"><time>2024-06-01T18:04:06Z</time></trkpt>
      <trkpt lat="37.791280" lon="-122.419049"><time>2024-06-01T18:04:24Z</time></trkpt>
      <trkpt lat="37.791428" lon="-122.419072"><time>2024-06-01T18:04:45Z</time></trkpt>
      <trkpt lat="37.791312" lon="-122.419167"><time>2024-06-01T18:05:02Z</time></trkpt>
      <trkpt lat="37.791340" lon="-122.419315"><time>2024-06-01T18:05:13Z</time></trkpt>
      <trkpt lat="37.791287" lon="-122.419174"><time>2024-06-01T18:05:36Z</time></trkpt>
      <trkpt lat="37.791435" lon="-122.419150"><time>2024-06-01T18:06:06Z</time></trkpt>
      <trkpt lat="37.791584" lon="-122.419167"><time>2024-06-01T18:06:27Z</time></trkpt>
      <trkpt lat="37.791554" lon="-122.419314"><time>2024-06-01T18:06:42Z</time></trkpt>
      <trkpt lat="37.791688" lon="-122.419381"><time>2024-06-01T18:07:08Z</time></trkpt>
      <trkpt lat="37.791830" lon="-122.419427"><time>2024-06-01T18:07:25Z</time></trkpt>
      <trkpt lat="37.791978" lon="-122.419454"><time>2024-06-01T18:07:55Z</time></trkpt>
      <trkpt lat="37.791870" lon="-122.419559"><time>2024-06-01T18:08:22Z</time></trkpt>
      <trkpt lat="37.791948" lon="-122.419430"><time>2024-06-01T18:08:38Z</time></trkpt>
      <trkpt lat="37.792097" lon="-122.419422"><time>2024-06-01T18:09:01Z</time></trkpt>
      <trkpt lat="37.791971" lon="-122.419341"><time>2024-06-01T18:09:14Z</time></trkpt>
      <trkpt lat="37.791829" lon="-122.419388"><time>2024-06-01T18:09:43Z</time></trkpt>
      <trkpt lat="37.791681" lon="-122.419412"><time>2024-06-01T18:09:55Z</time></trkpt>
      <trkpt lat="37.791808" lon="-122.419492"><time>2024-06-01T18:10:20Z</time></trkpt>
      <trkpt lat="37.791677" lon="-122.419419"><time>2024-06-01T18:10:33Z</time></trkpt>
      <trkpt lat="37.791747" lon="-122.419551"><time>2024-06-01T18:10:50Z</time></trkpt>
      <trkpt lat="37.791657" lon="-122.419671"><time>2024-06-01T18:11:18Z</time></trkpt>
      <trkpt lat="37.791599" lon="-122.419809"><time>2024-06-01T18:11:30Z</time></trkpt>
      <trkpt lat="37.791584" lon="-122.419958"><time>2024-06-01T18:11:47Z</time></trkpt>
      <trkpt lat="37.791718" lon="-122.420027"><time>2024-06-01T18:12:15Z</time></trkpt>
      <trkpt lat="37.791637" lon="-122.420153"><time>2024-06-01T18:12:31Z</time></trkpt>
      <trkpt lat="37.791535" lon="-122.420263"><time>2024-06-01T18:12:58Z</time></trkpt>
      <trkpt lat="37.791464" lon="-122.420395"><time>2024-06-01T18:13:22Z</time></trkpt>
      <trkpt lat="37.791538" lon="-122.420264"><time>2024-06-01T18:13:35Z</time></trkpt>
      <trkpt lat="37.791389" lon="-122.420275"><time>2024-06-01T18:14:04Z</time></trkpt>
      <trkpt lat="37.791529" lon="-122.420223"><time>2024-06-01T18:14:27Z</time></trkpt>
      <trkpt lat="37.791611" lon="-122.420098"><time>2024-06-01T18:14:56Z</time></trkpt>
      <trkpt lat="37.791515" lon="-122.420213"><time>2024-06-01T18:15:22Z</time></trkpt>
      <trkpt lat="37.791399" lon="-122.420117"><time>2024-06-01T18:15:39Z</time></trkpt>
      <trkpt lat="37.791510" lon="-122.420218"><time>2024-06-01T18:15:54Z</time></trkpt>
      <trkpt lat="37.791371" lon="-122.420164"><time>2024-06-01T18:16:20Z</time></trkpt>
    </trkseg>
  </trk>
</gpx>
