<?xml version="1.0" encoding="UTF-8"?>
<gpx version="1.1" creator="PythonScript" xmlns="http://www.topografix.com/GPX/1/1">
  <trk>
    <name>Long Synthetic Explorer Trace</name>
    <trkseg>
      <trkpt lat="37.734139" lon="-122.459533"><time>2024-06-01T10:00:15Z</time></trkpt>
      <trkpt lat="37.734223" lon="-122.459409"><time>2024-06-01T10:00:39Z</time></trkpt>
      <trkpt lat="37.734124" lon="-122.459297"><time>2024-06-01T10:00:51Z</time></trkpt>
      <trkpt lat="37.733979" lon="-122.459260"><time>2024-06-01T10:01:20Z</time></trkpt>
      <trkpt lat="37.734123" lon="-122.459301"><time>2024-06-01T10:01:47Z</time></trkpt>
      <trkpt lat="37.734236" lon="-122.459202"><time>2024-06-01T10:01:59Z</time></trkpt>
      <trkpt lat="37.734175" lon="-122.459339"><time>2024-06-01T10:02:13Z</time></trkpt>
      <trkpt lat="37.734286" lon="-122.459238"><time>2024-06-01T10:02:37Z</time></trkpt>
      <trkpt lat="37.734352" lon="-122.459103"><time>2024-06-01T10:02:54Z</time></trkpt>
      <trkpt lat="37.734489" lon="-122.459041"><time>2024-06-01T10:03:21Z</time></trkpt>
      <trkpt lat="37.734614" lon="-122.458959"><time>2024-06-01T10:03:37Z</time></trkpt>
      <trkpt lat="37.734486" lon="-122.458881"><time>2024-06-01T10:03:55Z</time></trkpt>
      <trkpt lat="37.734368" lon="-122.458788"><time>2024-06-01T10:04:24Z</time></trkpt>
      <trkpt lat="37.734243" lon="-122.458871"><time>2024-06-01T10:04:42Z</time></trkpt>
      <trkpt lat="37.734105" lon="-122.458930"><time>2024-06-01T10:04:52Z</time></trkpt>
      <trkpt lat="37.734181" lon="-122.459060"><time>2024-06-01T10:05:10Z</time></trkpt>
      <trkpt lat="37.734192" lon="-122.459209"><time>2024-06-01T10:05:25Z</time></trkpt>
      <trkpt lat="37.734042" lon="-122.459218"><time>2024-06-01T10:05:44Z</time></trkpt>
      <trkpt lat="37.734037" lon="-122.459068"><time>2024-06-01T10:06:10Z</time></trkpt>
      <trkpt lat="37.734177" lon="-122.459123"><time>2024-06-01T10:06:36Z</time></trkpt>
      <trkpt lat="37.734239" lon="-122.458986"><time>2024-06-01T10:07:03Z</time></trkpt>
      <trkpt lat="37.734103" lon="-122.458922"><time>2024-06-01T10:07:13Z</time></trkpt>
      <trkpt lat="37.733953" lon="-122.458915"><time>2024-06-01T10:07:37Z</time></trkpt>
      <trkpt lat="37.733880" lon="-122.459046"><time>2024-06-01T10:07:51Z</time></trkpt>
      <trkpt lat="37.733780" lon="-122.458934"><time>2024-06-01T10:08:04Z</time></trkpt>
      <trkpt lat="37.733641" lon="-122.458878"><time>2024-06-01T10:08:19Z</time></trkpt>
      <trkpt lat="37.733492" lon="-122.458863"><time>2024-06-01T10:08:30Z</time></trkpt>
      <trkpt lat="37.733383" lon="-122.458759"><time>2024-06-01T10:09:00Z</time></trkpt>
      <trkpt lat="37.733382" lon="-122.458909"><time>2024-06-01T10:09:15Z</time></trkpt>
      <trkpt lat="37.733427" lon="-122.459052"><time>2024-06-01T10:09:27Z</time></trkpt>
      <trkpt lat="37.733303" lon="-122.458968"><time>2024-06-01T10:09:43Z</time></trkpt>
      <trkpt lat="37.733274" lon="-122.459115"><time>2024-06-01T10:10:07Z</time></trkpt>
      <trkpt lat="37.733423" lon="-122.459131"><time>2024-06-01T10:10:37Z</time></trkpt>
      <trkpt lat="37.733570" lon="-122.459101"><time>2024-06-01T10:10:51Z</time></trkpt>
      <trkpt lat="37.733497" lon="-122.458970"><time>2024-06-01T10:11:13Z</time></trkpt>
      <trkpt lat="37.733457" lon="-122.459115"><time>2024-06-01T10:11:36Z</time></trkpt>
      <trkpt lat="37.733318" lon="-122.459058"><time>2024-06-01T10:12:05Z</time></trkpt>
      <trkpt lat="37.733198" lon="-122.459148"><time>2024-06-01T10:12:16Z</time></trkpt>
      <trkpt lat="37.733332" lon="-122.459214"><time>2024-06-01T10:12:40Z</time></trkpt>
      <trkpt lat="37.733332" lon="-122.459364"><time>2024-06-01T10:13:00Z</time></trkpt>
      <trkpt lat="37.733243" lon="-122.459243"><time>2024-06-01T10:13:17Z</time></trkpt>
      <trkpt lat="37.733115" lon="-122.459322"><time>2024-06-01T10:13:35Z</time></trkpt>
      <trkpt lat="37.733152" lon="-122.459468"><time>2024-06-01T10:14:04Z</time></trkpt>
      <trkpt lat="37.733002" lon="-122.459457"><time>2024-06-01T10:14:14Z</time></trkpt>
      <trkpt lat="37.733151" lon="-122.459475"><time>2024-06-01T10:14:40Z</time></trkpt>
      <trkpt lat="37.733299" lon="-122.459448"><time>2024-06-01T10:14:57Z</time></trkpt>
      <trkpt lat="37.733402" lon="-122.459557"><time>2024-06-01T10:15:22Z</time></trkpt>
      <trkpt lat="37.733470" lon="-122.459691"><time>2024-06-01T10:15:52Z</time></trkpt>
      <trkpt lat="37.733546" lon="-122.459820"><time>2024-06-01T10:16:15Z</time></trkpt>
      <trkpt lat="37.733528" lon="-122.459969"><time>2024-06-01T10:16:40Z</time></trkpt>
      <trkpt lat="37.733509" lon="-122.460118"><time>2024-06-01T10:16:52Z</time></trkpt>
      <trkpt lat="37.733659" lon="-122.460123"><time>2024-06-01T10:17:20Z</time></trkpt>
      <trkpt lat="37.733673" lon="-122.460273"><time>2024-06-01T10:17:32Z</time></trkpt>
      <trkpt lat="37.733811" lon="-122.460331"><time>2024-06-01T10:17:50Z</time></trkpt>
      <trkpt lat="37.733731" lon="-122.460204"><time>2024-06-01T10:18:07Z</time></trkpt>
      <trkpt lat="37.733710" lon="-122.460353"><time>2024-06-01T10:18:26Z</time></trkpt>
      <trkpt lat="37.733684" lon="-122.460500"><time>2024-06-01T10:18:46Z</time></trkpt>
      <trkpt lat="37.733831" lon="-122.460530"><time>2024-06-01T10:19:09Z</time></trkpt>
      <trkpt lat="37.733968" lon="-122.460591"><time>2024-06-01T10:19:24Z</time></trkpt>
      <trkpt lat="37.733911" lon="-122.460453"><time>2024-06-01T10:19:47Z</time></trkpt>
      <trkpt lat="37.733762" lon="-122.460470"><time>2024-06-01T10:20:05Z</time></trkpt>
      <trkpt lat="37.733860" lon="-122.460357"><time>2024-06-01T10:20:35Z</time></trkpt>
      <trkpt lat="37.733967" lon="-122.460462"><time>2024-06-01T10:20:53Z</time></trkpt>
      <trkpt lat="37.733819" lon="-122.460491"><time>2024-06-01T10:21:22Z</time></trkpt>
      <trkpt lat="37.733932" lon="-122.460391"><time>2024-06-01T10:21:44Z</time></trkpt>
      <trkpt lat="37.733840" lon="-122.460510"><time>2024-06-01T10:21:56Z</time></trkpt>
      <trkpt lat="37.733989" lon="-122.460494"><time>2024-06-01T10:22:17Z</time></trkpt>
      <trkpt lat="37.733861" lon="-122.460416"><time>2024-06-01T10:22:44Z</time></trkpt>
      <trkpt lat="37.733819" lon="-122.460272"><time>2024-06-01T10:23:02Z</time></trkpt>
      <trkpt lat="37.733829" lon="-122.460122"><time>2024-06-01T10:23:27Z</time></trkpt>
      <trkpt lat="37.733681" lon="-122.460100"><time>2024-06-01T10:23:44Z</time></trkpt>
      <trkpt lat="37.733609" lon="-122.460231"><time>2024-06-01T10:23:56Z</time></trkpt>
      <trkpt lat="37.733463" lon="-122.460201"><time>2024-06-01T10:24:07Z</time></trkpt>
      <trkpt lat="37.733393" lon="-122.460334"><time>2024-06-01T10:24:27Z</time></trkpt>
      <trkpt lat="37.733534" lon="-122.460385"><time>2024-06-01T10:24:43Z</time></trkpt>
      <trkpt lat="37.733455" lon="-122.460257"><time>2024-06-01T10:25:06Z</time></trkpt>
      <trkpt lat="37.733517" lon="-122.460394"><time>2024-06-01T10:25:25Z</time></trkpt>
      <trkpt lat="37.733471" lon="-122.460537"><time>2024-06-01T10:25:51Z</time></trkpt>
      <trkpt lat="37.733609" lon="-122.460479"><time>2024-06-01T10:26:15Z</time></trkpt>
      <trkpt lat="37.733759" lon="-122.460493"><time>2024-06-01T10:26:32Z</time></trkpt>
      <trkpt lat="37.733613" lon="-122.460456"><time>2024-06-01T10:27:00Z</time></trkpt>
      <trkpt lat="37.733607" lon="-122.460605"><time>2024-06-01T10:27:15Z</time></trkpt>
      <trkpt lat="37.733529" lon="-122.460734"><time>2024-06-01T10:27:40Z</time></trkpt>
      <trkpt lat="37.733452" lon="-122.460863"><time>2024-06-01T10:27:50Z</time></trkpt>
      <trkpt lat="37.733551" lon="-122.460749"><time>2024-06-01T10:28:14Z</time></trkpt>
      <trkpt lat="37.733692" lon="-122.460799"><time>2024-06-01T10:28:30Z</time></trkpt>
      <trkpt lat="37.733649" lon="-122.460943"><time>2024-06-01T10:28:49Z</time></trkpt>
      <trkpt lat="37.733724" lon="-122.460813"><time>2024-06-01T10:29:17Z</time></trkpt>
      <trkpt lat="37.733589" lon="-122.460877"><time>2024-06-01T10:29:45Z</time></trkpt>
      <trkpt lat="37.733709" lon="-122.460787"><time>2024-06-01T10:30:00Z</time></trkpt>
      <trkpt lat="37.733578" lon="-122.460713"><time>2024-06-01T10:30:23Z</time></trkpt>
      <trkpt lat="37.733429" lon="-122.460732"><time>2024-06-01T10:30:34Z</time></trkpt>
      <trkpt lat="37.733333" lon="-122.460847"><time>2024-06-01T10:31:02Z</time></trkpt>
      <trkpt lat="37.733463" lon="-122.460922"><time>2024-06-01T10:31:20Z</time></trkpt>
      <trkpt lat="37.733611" lon="-122.460946"><time>2024-06-01T10:31:35Z</time></trkpt>
      <trkpt lat="37.733690" lon="-122.461074"><time>2024-06-01T10:31:47Z</time></trkpt>
      <trkpt lat="37.733575" lon="-122.461171"><time>2024-06-01T10:31:57Z</time></trkpt>
      <trkpt lat="37.733699" lon="-122.461086"><time>2024-06-01T10:32:10Z</time></trkpt>
      <trkpt lat="37.733738" lon="-122.460941"><time>2024-06-01T10:32:32Z</time></trkpt>
      <trkpt lat="37.733688" lon="-122.460800"><time>2024-06-01T10:32:44Z</time></trkpt>
      <trkpt lat="37.733618" lon="-122.460933"><time>2024-06-01T10:33:13Z</time></trkpt>
      <trkpt lat="37.733556" lon="-122.461070"><time>2024-06-01T10:33:43Z</time></trkpt>
      <trkpt lat="37.733430" lon="-122.461151"><time>2024-06-01T10:34:11Z</time></trkpt>
      <trkpt lat="37.733510" lon="-122.461278"><time>2024-06-01T10:34:40Z</time></trkpt>
      <trkpt lat="37.733641" lon="-122.461206"><time>2024-06-01T10:34:55Z</time></trkpt>
      <trkpt lat="37.733668" lon="-122.461058"><time>2024-06-01T10:35:13Z</time></trkpt>
      <trkpt lat="37.733699" lon="-122.461205"><time>2024-06-01T10:35:34Z</time></trkpt>
      <trkpt lat="37.733553" lon="-122.461171"><time>2024-06-01T10:36:00Z</time></trkpt>
      <trkpt lat="37.733437" lon="-122.461076"><time>2024-06-01T10:36:15Z</time></trkpt>
      <trkpt lat="37.733345" lon="-122.460958"><time>2024-06-01T10:36:28Z</time></trkpt>
      <trkpt lat="37.733250" lon="-122.461073"><time>2024-06-01T10:36:42Z</time></trkpt>
      <trkpt lat="37.733178" lon="-122.460942"><time>2024-06-01T10:36:52Z</time></trkpt>
      <trkpt lat="37.733035" lon="-122.460898"><time>2024-06-01T10:37:21Z</time></trkpt>
      <trkpt lat="37.732965" lon="-122.461031"><time>2024-06-01T10:37:49Z</time></trkpt>
      <trkpt lat="37.733114" lon="-122.461046"><time>2024-06-01T10:38:19Z</time></trkpt>
      <trkpt lat="37.733033" lon="-122.461172"><time>2024-06-01T10:38:47Z</time></trkpt>
      <trkpt lat="37.733177" lon="-122.461129"><time>2024-06-01T10:39:15Z</time></trkpt>
      <trkpt lat="37.733052" lon="-122.461045"><time>2024-06-01T10:39:27Z</time></trkpt>
      <trkpt lat="37.733118" lon="-122.461180"><time>2024-06-01T10:39:50Z</time></trkpt>
      <trkpt lat="37.733044" lon="-122.461310"><time>2024-06-01T10:40:11Z</time></trkpt>
      <trkpt lat="37.732898" lon="-122.461275"><time>2024-06-01T10:40:30Z</time></trkpt>
      <trkpt lat="37.733009" lon="-122.461173"><time>2024-06-01T10:40:56Z</time></trkpt>
      <trkpt lat="37.733070" lon="-122.461036"><time>2024-06-01T10:41:24Z</time></trkpt>
      <trkpt lat="37.733160" lon="-122.460916"><time>2024-06-01T10:41:52Z</time></trkpt>
      <trkpt lat="37.733306" lon="-122.460880"><time>2024-06-01T10:42:09Z</time></trkpt>
      <trkpt lat="37.733174" lon="-122.460808"><time>2024-06-01T10:42:22Z</time></trkpt>
      <trkpt lat="37.733031" lon="-122.460764"><time>2024-06-01T10:42:39Z</time></trkpt>
      <trkpt lat="37.733164" lon="-122.460834"><time>2024-06-01T10:43:00Z</time></trkpt>
      <trkpt lat="37.733304" lon="-122.460888"><time>2024-06-01T10:43:18Z</time></trkpt>
      <trkpt lat="37.733405" lon="-122.460998"><time>2024-06-01T10:43:33Z</time></trkpt>
      <trkpt lat="37.733305" lon="-122.461110"><time>2024-06-01T10:43:59Z</time></trkpt>
      <trkpt lat="37.733185" lon="-122.461200"><time>2024-06-01T10:44:17Z</time></trkpt>
      <trkpt lat="37.733156" lon="-122.461347"><time>2024-06-01T10:44:31Z</time></trkpt>
      <trkpt lat="37.733268" lon="-122.461446"><time>2024-06-01T10:44:53Z</time></trkpt>
      <trkpt lat="37.733122" lon="-122.461481"><time>2024-06-01T10:45:19Z</time></trkpt>
      <trkpt lat="37.732975" lon="-122.461453"><time>2024-06-01T10:45:33Z</time></trkpt>
      <trkpt lat="37.733086" lon="-122.461352"><time>2024-06-01T10:46:02Z</time></trkpt>
      <trkpt lat="37.732936" lon="-122.461347"><time>2024-06-01T10:46:16Z</time></trkpt>
      <trkpt lat="37.732941" lon="-122.461197"><time>2024-06-01T10:46:44Z</time></trkpt>
      <trkpt lat="37.732945" lon="-122.461347"><time>2024-06-01T10:47:10Z</time></trkpt>
      <trkpt lat="37.732927" lon="-122.461496"><time>2024-06-01T10:47:34Z</time></trkpt>
      <trkpt lat="37.732783" lon="-122.461540"><time>2024-06-01T10:48:04Z</time></trkpt>
      <trkpt lat="37.732933" lon="-122.461545"><time>2024-06-01T10:48:25Z</time></trkpt>
      <trkpt lat="37.732833" lon="-122.461433"><time>2024-06-01T10:48:35Z</time></trkpt>
      <trkpt lat="37.732883" lon="-122.461292"><time>2024-06-01T10:48:58Z</time></trkpt>
      <trkpt lat="37.732938" lon="-122.461152"><time>2024-06-01T10:49:21Z</time></trkpt>
      <trkpt lat="37.732942" lon="-122.461002"><time>2024-06-01T10:49:34Z</time></trkpt>
      <trkpt lat="37.732950" lon="-122.460853"><time>2024-06-01T10:49:47Z</time></trkpt>
      <trkpt lat="37.733078" lon="-122.460773"><time>2024-06-01T10:50:06Z</time></trkpt>
      <trkpt lat="37.733210" lon="-122.460702"><time>2024-06-01T10:50:35Z</time></trkpt>
      <trkpt lat="37.733086" lon="-122.460787"><time>2024-06-01T10:50:48Z</time></trkpt>
      <trkpt lat="37.733130" lon="-122.460644"><time>2024-06-01T10:51:10Z</time></trkpt>
      <trkpt lat="37.733007" lon="-122.460729"><time>2024-06-01T10:51:28Z</time></trkpt>
      <trkpt lat="37.732890" lon="-122.460823"><time>2024-06-01T10:51:51Z</time></trkpt>
      <trkpt lat="37.732804" lon="-122.460701"><time>2024-06-01T10:52:06Z</time></trkpt>
      <trkpt lat="37.732744" lon="-122.460563"><time>2024-06-01T10:52:34Z</time></trkpt>
      <trkpt lat="37.732598" lon="-122.460600"><time>2024-06-01T10:53:01Z</time></trkpt>
      <trkpt lat="37.732495" lon="-122.460492"><time>2024-06-01T10:53:25Z</time></trkpt>
      <trkpt lat="37.732369" lon="-122.460409"><time>2024-06-01T10:53:53Z</time></trkpt>
      <trkpt lat="37.732487" lon="-122.460316"><time>2024-06-01T10:54:04Z</time></trkpt>
      <trkpt lat="37.732348" lon="-122.460373"><time>2024-06-01T10:54:32Z</time></trkpt>
      <trkpt lat="37.732497" lon="-122.460358"><time>2024-06-01T10:54:58Z</time></trkpt>
      <trkpt lat="37.732366" lon="-122.460430"><time>2024-06-01T10:55:24Z</time></trkpt>
      <trkpt lat="37.732394" lon="-122.460283"><time>2024-06-01T10:55:54Z</time></trkpt>
      <trkpt lat="37.732436" lon="-122.460427"><time>2024-06-01T10:56:04Z</time></trkpt>
      <trkpt lat="37.732532" lon="-122.460542"><time>2024-06-01T10:56:20Z</time></trkpt>
      <trkpt lat="37.732637" lon="-122.460649"><time>2024-06-01T10:56:46Z</time></trkpt>
      <trkpt lat="37.732738" lon="-122.460539"><time>2024-06-01T10:56:57Z</time></trkpt>
      <trkpt lat="37.732590" lon="-122.460517"><time>2024-06-01T10:57:17Z</time></trkpt>
      <trkpt lat="37.732721" lon="-122.460443"><time>2024-06-01T10:57:30Z</time></trkpt>
      <trkpt lat="37.732706" lon="-122.460593"><time>2024-06-01T10:57:49Z</time></trkpt>
      <trkpt lat="37.732679" lon="-122.460445"><time>2024-06-01T10:58:08Z</time></trkpt>
      <trkpt lat="37.732585" lon="-122.460328"><time>2024-06-01T10:58:21Z</time></trkpt>
      <trkpt lat="37.732504" lon="-122.460202"><time>2024-06-01T10:58:39Z</time></trkpt>
      <trkpt lat="37.732625" lon="-122.460291"><time>2024-06-01T10:59:07Z</time></trkpt>
      <trkpt lat="37.732587" lon="-122.460436"><time>2024-06-01T10:59:20Z</time></trkpt>
      <trkpt lat="37.732452" lon="-122.460370"><time>2024-06-01T10:59:33Z</time></trkpt>
      <trkpt lat="37.732527" lon="-122.460500"><time>2024-06-01T10:59:55Z</time></trkpt>
      <trkpt lat="37.732500" lon="-122.460648"><time>2024-06-01T11:00:09Z</time></trkpt>
      <trkpt lat="37.732368" lon="-122.460718"><time>2024-06-01T11:00:31Z</time></trkpt>
      <trkpt lat="37.732273" lon="-122.460835"><time>2024-06-01T11:00:41Z</time></trkpt>
      <trkpt lat="37.732413" lon="-122.460781"><time>2024-06-01T11:00:59Z</time></trkpt>
      <trkpt lat="37.732263" lon="-122.460779"><time>2024-06-01T11:01:20Z</time></trkpt>
      <trkpt lat="37.732176" lon="-122.460902"><time>2024-06-01T11:01:42Z</time></trkpt>
      <trkpt lat="37.732249" lon="-122.460770"><time>2024-06-01T11:02:01Z</time></trkpt>
      <trkpt lat="37.732394" lon="-122.460732"><time>2024-06-01T11:02:15Z</time></trkpt>
      <trkpt lat="37.732531" lon="-122.460793"><time>2024-06-01T11:02:44Z</time></trkpt>
      <trkpt lat="37.732418" lon="-122.460892"><time>2024-06-01T11:03:06Z</time></trkpt>
      <trkpt lat="37.732532" lon="-122.460795"><time>2024-06-01T11:03:16Z</time></trkpt>
      <trkpt lat="37.732504" lon="-122.460942"><time>2024-06-01T11:03:31Z</time></trkpt>
      <trkpt lat="37.732362" lon="-122.460991"><time>2024-06-01T11:03:46Z</time></trkpt>
      <trkpt lat="37.732271" lon="-122.460872"><time>2024-06-01T11:04:12Z</time></trkpt>
      <trkpt lat="37.732144" lon="-122.460793"><time>2024-06-01T11:04:41Z</time></trkpt>
      <trkpt lat="37.732035" lon="-122.460896"><time>2024-06-01T11:05:09Z</time></trkpt>
      <trkpt lat="37.732113" lon="-122.460768"><time>2024-06-01T11:05:31Z</time></trkpt>
      <trkpt lat="37.732242" lon="-122.460844"><time>2024-06-01T11:05:45Z</time></trkpt>
      <trkpt lat="37.732126" lon="-122.460750"><time>2024-06-01T11:05:58Z</time></trkpt>
      <trkpt lat="37.732025" lon="-122.460639"><time>2024-06-01T11:06:28Z</time></trkpt>
      <trkpt lat="37.732049" lon="-122.460787"><time>2024-06-01T11:06:55Z</time></trkpt>
      <trkpt lat="37.732147" lon="-122.460674"><time>2024-06-01T11:07:22Z</time></trkpt>
      <trkpt lat="37.732087" lon="-122.460811"><time>2024-06-01T11:07:34Z</time></trkpt>
      <trkpt lat="37.731937" lon="-122.460817"><time>2024-06-01T11:07:45Z</time></trkpt>
      <trkpt lat="37.731861" lon="-122.460946"><time>2024-06-01T11:08:04Z</time></trkpt>
      <trkpt lat="37.731745" lon="-122.461042"><time>2024-06-01T11:08:20Z</time></trkpt>
      <trkpt lat="37.731840" lon="-122.461159"><time>2024-06-01T11:08:47Z</time></trkpt>
      <trkpt lat="37.731703" lon="-122.461098"><time>2024-06-01T11:09:12Z</time></trkpt>
      <trkpt lat="37.731766" lon="-122.461234"><time>2024-06-01T11:09:42Z</time></trkpt>
      <trkpt lat="37.731630" lon="-122.461298"><time>2024-06-01T11:10:03Z</time></trkpt>
      <trkpt lat="37.731567" lon="-122.461434"><time>2024-06-01T11:10:22Z</time></trkpt>
      <trkpt lat="37.731421" lon="-122.461469"><time>2024-06-01T11:10:52Z</time></trkpt>
      <trkpt lat="37.731327" lon="-122.461586"><time>2024-06-01T11:11:03Z</time></trkpt>
      <trkpt lat="37.731185" lon="-122.461635"><time>2024-06-01T11:11:27Z</time></trkpt>
      <trkpt lat="37.731291" lon="-122.461742"><time>2024-06-01T11:11:45Z</time></trkpt>
      <trkpt lat="37.731155" lon="-122.461678"><time>2024-06-01T11:12:07Z</time></trkpt>
      <trkpt lat="37.731071" lon="-122.461553"><time>2024-06-01T11:12:28Z</time></trkpt>
      <trkpt lat="37.730964" lon="-122.461449"><time>2024-06-01T11:12:40Z</time></trkpt>
      <trkpt lat="37.730827" lon="-122.461387"><time>2024-06-01T11:13:05Z</time></trkpt>
      <trkpt lat="37.730969" lon="-122.461436"><time>2024-06-01T11:13:21Z</time></trkpt>
      <trkpt lat="37.730868" lon="-122.461547"><time>2024-06-01T11:13:51Z</time></trkpt>
      <trkpt lat="37.730990" lon="-122.461635"><time>2024-06-01T11:14:16Z</time></trkpt>
      <trkpt lat="37.730945" lon="-122.461778"><time>2024-06-01T11:14:30Z</time></trkpt>
      <trkpt lat="37.731020" lon="-122.461908"><time>2024-06-01T11:14:41Z</time></trkpt>
      <trkpt lat="37.730979" lon="-122.461763"><time>2024-06-01T11:15:01Z</time></trkpt>
      <trkpt lat="37.731051" lon="-122.461632"><time>2024-06-01T11:15:22Z</time></trkpt>
      <trkpt lat="37.730926" lon="-122.461714"><time>2024-06-01T11:15:42Z</time></trkpt>
      <trkpt lat="37.731043" lon="-122.461807"><time>2024-06-01T11:16:01Z</time></trkpt>
      <trkpt lat="37.730921" lon="-122.461721"><time>2024-06-01T11:16:26Z</time></trkpt>
      <trkpt lat="37.730807" lon="-122.461623"><time>2024-06-01T11:16:41Z</time></trkpt>
      <trkpt lat="37.730659" lon="-122.461598"><time>2024-06-01T11:16:59Z</time></trkpt>
      <trkpt lat="37.730655" lon="-122.461448"><time>2024-06-01T11:17:25Z</time></trkpt>
      <trkpt lat="37.730802" lon="-122.461476"><time>2024-06-01T11:17:51Z</time></trkpt>
      <trkpt lat="37.730755" lon="-122.461618"><time>2024-06-01T11:18:13Z</time></trkpt>
      <trkpt lat="37.730606" lon="-122.461637"><time>2024-06-01T11:18:36Z</time></trkpt>
      <trkpt lat="37.730459" lon="-122.461668"><time>2024-06-01T11:19:05Z</time></trkpt>
      <trkpt lat="37.730609" lon="-122.461674"><time>2024-06-01T11:19:18Z</time></trkpt>
      <trkpt lat="37.730464" lon="-122.461638"><time>2024-06-01T11:19:40Z</time></trkpt>
      <trkpt lat="37.730597" lon="-122.461706"><time>2024-06-01T11:20:02Z</time></trkpt>
      <trkpt lat="37.730588" lon="-122.461856"><time>2024-06-01T11:20:22Z</time></trkpt>
      <trkpt lat="37.730698" lon="-122.461753"><time>2024-06-01T11:20:52Z</time></trkpt>
      <trkpt lat="37.730709" lon="-122.461604"><time>2024-06-01T11:21:09Z</time></trkpt>
      <trkpt lat="37.730626" lon="-122.461728"><time>2024-06-01T11:21:27Z</time></trkpt>
      <trkpt lat="37.730745" lon="-122.461638"><time>2024-06-01T11:21:46Z</time></trkpt>
      <trkpt lat="37.730626" lon="-122.461729"><time>2024-06-01T11:22:09Z</time></trkpt>
      <trkpt lat="37.730563" lon="-122.461865"><time>2024-06-01T11:22:27Z</time></trkpt>
      <trkpt lat="37.730417" lon="-122.461831"><time>2024-06-01T11:22:40Z</time></trkpt>
      <trkpt lat="37.730472" lon="-122.461692"><time>2024-06-01T11:23:01Z</time></trkpt>
      <trkpt lat="37.730515" lon="-122.461548"><time>2024-06-01T11:23:15Z</time></trkpt>
      <trkpt lat="37.730366" lon="-122.461527"><time>2024-06-01T11:23:42Z</time></trkpt>
      <trkpt lat="37.730237" lon="-122.461451"><time>2024-06-01T11:23:52Z</time></trkpt>
      <trkpt lat="37.730225" lon="-122.461600"><time>2024-06-01T11:24:07Z</time></trkpt>
      <trkpt lat="37.730116" lon="-122.461497"><time>2024-06-01T11:24:30Z</time></trkpt>
      <trkpt lat="37.730025" lon="-122.461616"><time>2024-06-01T11:24:40Z</time></trkpt>
      <trkpt lat="37.730124" lon="-122.461503"><time>2024-06-01T11:25:02Z</time></trkpt>
      <trkpt lat="37.729993" lon="-122.461576"><time>2024-06-01T11:25:18Z</time></trkpt>
      <trkpt lat="37.729849" lon="-122.461533"><time>2024-06-01T11:25:40Z</time></trkpt>
      <trkpt lat="37.729875" lon="-122.461385"><time>2024-06-01T11:25:53Z</time></trkpt>
      <trkpt lat="37.729781" lon="-122.461268"><time>2024-06-01T11:26:06Z</time></trkpt>
      <trkpt lat="37.729652" lon="-122.461191"><time>2024-06-01T11:26:29Z</time></trkpt>
      <trkpt lat="37.729717" lon="-122.461326"><time>2024-06-01T11:26:56Z</time></trkpt>
      <trkpt lat="37.729679" lon="-122.461181"><time>2024-06-01T11:27:19Z</time></trkpt>
      <trkpt lat="37.729718" lon="-122.461326"><time>2024-06-01T11:27:34Z</time></trkpt>
      <trkpt lat="37.729576" lon="-122.461280"><time>2024-06-01T11:28:02Z</time></trkpt>
      <trkpt lat="37.729490" lon="-122.461404"><time>2024-06-01T11:28:15Z</time></trkpt>
      <trkpt lat="37.729544" lon="-122.461544"><time>2024-06-01T11:28:36Z</time></trkpt>
      <trkpt lat="37.729401" lon="-122.461497"><time>2024-06-01T11:28:55Z</time></trkpt>
      <trkpt lat="37.729291" lon="-122.461395"><time>2024-06-01T11:29:10Z</time></trkpt>
      <trkpt lat="37.729349" lon="-122.461533"><time>2024-06-01T11:29:32Z</time></trkpt>
      <trkpt lat="37.729213" lon="-122.461597"><time>2024-06-01T11:30:00Z</time></trkpt>
      <trkpt lat="37.729242" lon="-122.461745"><time>2024-06-01T11:30:24Z</time></trkpt>
      <trkpt lat="37.729329" lon="-122.461866"><time>2024-06-01T11:30:46Z</time></trkpt>
      <trkpt lat="37.729337" lon="-122.462016"><time>2024-06-01T11:31:05Z</time></trkpt>
      <trkpt lat="37.729444" lon="-122.462122"><time>2024-06-01T11:31:31Z</time></trkpt>
      <trkpt lat="37.729298" lon="-122.462155"><time>2024-06-01T11:31:47Z</time></trkpt>
      <trkpt lat="37.729334" lon="-122.462301"><time>2024-06-01T11:32:16Z</time></trkpt>
      <trkpt lat="37.729272" lon="-122.462437"><time>2024-06-01T11:32:29Z</time></trkpt>
      <trkpt lat="37.729317" lon="-122.462580"><time>2024-06-01T11:32:47Z</time></trkpt>
      <trkpt lat="37.729358" lon="-122.462724"><time>2024-06-01T11:33:03Z</time></trkpt>
      <trkpt lat="37.729383" lon="-122.462872"><time>2024-06-01T11:33:27Z</time></trkpt>
      <trkpt lat="37.729279" lon="-122.462980"><time>2024-06-01T11:33:47Z</time></trkpt>
      <trkpt lat="37.729240" lon="-122.462836"><time>2024-06-01T11:34:17Z</time></trkpt>
      <trkpt lat="37.729106" lon="-122.462903"><time>2024-06-01T11:34:29Z</time></trkpt>
      <trkpt lat="37.729231" lon="-122.462819"><time>2024-06-01T11:34:58Z</time></trkpt>
      <trkpt lat="37.729102" lon="-122.462896"><time>2024-06-01T11:35:13Z</time></trkpt>
      <trkpt lat="37.729170" lon="-122.462762"><time>2024-06-01T11:35:42Z</time></trkpt>
      <trkpt lat="37.729316" lon="-122.462797"><time>2024-06-01T11:36:08Z</time></trkpt>
      <trkpt lat="37.729241" lon="-122.462667"><time>2024-06-01T11:36:24Z</time></trkpt>
      <trkpt lat="37.729328" lon="-122.462789"><time>2024-06-01T11:36:50Z</time></trkpt>
      <trkpt lat="37.729178" lon="-122.462786"><time>2024-06-01T11:37:03Z</time></trkpt>
      <trkpt lat="37.729142" lon="-122.462641"><time>2024-06-01T11:37:18Z</time></trkpt>
      <trkpt lat="37.729250" lon="-122.462745"><time>2024-06-01T11:37:37Z</time></trkpt>
      <trkpt lat="37.729348" lon="-122.462858"><time>2024-06-01T11:37:57Z</time></trkpt>
      <trkpt lat="37.729201" lon="-122.462886"><time>2024-06-01T11:38:07Z</time></trkpt>
      <trkpt lat="37.729351" lon="-122.462890"><time>2024-06-01T11:38:35Z</time></trkpt>
      <trkpt lat="37.729420" lon="-122.463023"><time>2024-06-01T11:38:46Z</time></trkpt>
      <trkpt lat="37.729406" lon="-122.463172"><time>2024-06-01T11:39:05Z</time></trkpt>
      <trkpt lat="37.729529" lon="-122.463258"><time>2024-06-01T11:39:15Z</time></trkpt>
      <trkpt lat="37.729558" lon="-122.463405"><time>2024-06-01T11:39:27Z</time></trkpt>
      <trkpt lat="37.729695" lon="-122.463465"><time>2024-06-01T11:39:54Z</time></trkpt>
      <trkpt lat="37.729818" lon="-122.463551"><time>2024-06-01T11:40:12Z</time></trkpt>
      <trkpt lat="37.729949" lon="-122.463477"><time>2024-06-01T11:40:34Z</time></trkpt>
      <trkpt lat="37.729904" lon="-122.463621"><time>2024-06-01T11:41:02Z</time></trkpt>
      <trkpt lat="37.729963" lon="-122.463483"><time>2024-06-01T11:41:20Z</time></trkpt>
      <trkpt lat="37.729857" lon="-122.463589"><time>2024-06-01T11:41:41Z</time></trkpt>
      <trkpt lat="37.729856" lon="-122.463739"><time>2024-06-01T11:42:02Z</time></trkpt>
      <trkpt lat="37.730002" lon="-122.463773"><time>2024-06-01T11:42:17Z</time></trkpt>
      <trkpt lat="37.729931" lon="-122.463905"><time>2024-06-01T11:42:34Z</time></trkpt>
      <trkpt lat="37.729793" lon="-122.463963"><time>2024-06-01T11:42:48Z</time></trkpt>
      <trkpt lat="37.729940" lon="-122.463930"><time>2024-06-01T11:43:03Z</time></trkpt>
      <trkpt lat="37.730022" lon="-122.463805"><time>2024-06-01T11:43:29Z</time></trkpt>
      <trkpt lat="37.730168" lon="-122.463772"><time>2024-06-01T11:43:59Z</time></trkpt>
      <trkpt lat="37.730180" lon="-122.463922"><time>2024-06-01T11:44:22Z</time></trkpt>
      <trkpt lat="37.730140" lon="-122.464066"><time>2024-06-01T11:44:50Z</time></trkpt>
      <trkpt lat="37.730172" lon="-122.464213"><time>2024-06-01T11:45:06Z</time></trkpt>
      <trkpt lat="37.730116" lon="-122.464074"><time>2024-06-01T11:45:36Z</time></trkpt>
      <trkpt lat="37.730243" lon="-122.463994"><time>2024-06-01T11:46:02Z</time></trkpt>
      <trkpt lat="37.730360" lon="-122.463900"><time>2024-06-01T11:46:31Z</time></trkpt>
      <trkpt lat="37.730254" lon="-122.464006"><time>2024-06-01T11:46:52Z</time></trkpt>
      <trkpt lat="37.730163" lon="-122.464126"><time>2024-06-01T11:47:06Z</time></trkpt>
      <trkpt lat="37.730017" lon="-122.464160"><time>2024-06-01T11:47:31Z</time></trkpt>
      <trkpt lat="37.730167" lon="-122.464159"><time>2024-06-01T11:47:59Z</time></trkpt>
      <trkpt lat="37.730280" lon="-122.464060"><time>2024-06-01T11:48:19Z</time></trkpt>
      <trkpt lat="37.730229" lon="-122.464201"><time>2024-06-01T11:48:42Z</time></trkpt>
      <trkpt lat="37.730092" lon="-122.464261"><time>2024-06-01T11:49:05Z</time></trkpt>
      <trkpt lat="37.730237" lon="-122.464223"><time>2024-06-01T11:49:26Z</time></trkpt>
      <trkpt lat="37.730093" lon="-122.464179"><time>2024-06-01T11:49:45Z</time></trkpt>
      <trkpt lat="37.729947" lon="-122.464149"><time>2024-06-01T11:50:04Z</time></trkpt>
      <trkpt lat="37.730038" lon="-122.464030"><time>2024-06-01T11:50:31Z</time></trkpt>
      <trkpt lat="37.729904" lon="-122.463962"><time>2024-06-01T11:50:55Z</time></trkpt>
      <trkpt lat="37.729781" lon="-122.463876"><time>2024-06-01T11:51:21Z</time></trkpt>
      <trkpt lat="37.729635" lon="-122.463909"><time>2024-06-01T11:51:45Z</time></trkpt>
      <trkpt lat="37.729689" lon="-122.463769"><time>2024-06-01T11:52:02Z</time></trkpt>
      <trkpt lat="37.729563" lon="-122.463850"><time>2024-06-01T11:52:18Z</time></trkpt>
      <trkpt lat="37.729710" lon="-122.463820"><time>2024-06-01T11:52:36Z</time></trkpt>
      <trkpt lat="37.729739" lon="-122.463967"><time>2024-06-01T11:52:59Z</time></trkpt>
      <trkpt lat="37.729698" lon="-122.463823"><time>2024-06-01T11:53:25Z</time></trkpt>
      <trkpt lat="37.729620" lon="-122.463952"><time>2024-06-01T11:53:42Z</time></trkpt>
      <trkpt lat="37.729767" lon="-122.463919"><time>2024-06-01T11:54:09Z</time></trkpt>
      <trkpt lat="37.729692" lon="-122.464049"><time>2024-06-01T11:54:25Z</time></trkpt>
      <trkpt lat="37.729687" lon="-122.463899"><time>2024-06-01T11:54:42Z</time></trkpt>
      <trkpt lat="37.729564" lon="-122.463814"><time>2024-06-01T11:54:55Z</time></trkpt>
      <trkpt lat="37.729678" lon="-122.463717"><time>2024-06-01T11:55:22Z</time></trkpt>
      <trkpt lat="37.729782" lon="-122.463609"><time>2024-06-01T11:55:45Z</time></trkpt>
      <trkpt lat="37.729635" lon="-122.463581"><time>2024-06-01T11:56:02Z</time></trkpt>
      <trkpt lat="37.729781" lon="-122.463613"><time>2024-06-01T11:56:26Z</time></trkpt>
      <trkpt lat="37.729794" lon="-122.463464"><time>2024-06-01T11:56:49Z</time></trkpt>
      <trkpt lat="37.729674" lon="-122.463374"><time>2024-06-01T11:57:17Z</time></trkpt>
      <trkpt lat="37.729524" lon="-122.463384"><time>2024-06-01T11:57:45Z</time></trkpt>
      <trkpt lat="37.729516" lon="-122.463534"><time>2024-06-01T11:58:12Z</time></trkpt>
      <trkpt lat="37.729468" lon="-122.463392"><time>2024-06-01T11:58:30Z</time></trkpt>
      <trkpt lat="37.729371" lon="-122.463506"><time>2024-06-01T11:58:51Z</time></trkpt>
      <trkpt lat="37.729293" lon="-122.463634"><time>2024-06-01T11:59:01Z</time></trkpt>
      <trkpt lat="37.729336" lon="-122.463778"><time>2024-06-01T11:59:15Z</time></trkpt>
      <trkpt lat="37.729228" lon="-122.463882"><time>2024-06-01T11:59:26Z</time></trkpt>
      <trkpt lat="37.729245" lon="-122.464031"><time>2024-06-01T11:59:38Z</time></trkpt>
      <trkpt lat="37.729298" lon="-122.463891"><time>2024-06-01T11:59:53Z</time></trkpt>
      <trkpt lat="37.729445" lon="-122.463857"><time>2024-06-01T12:00:20Z</time></trkpt>
      <trkpt lat="37.729572" lon="-122.463777"><time>2024-06-01T12:00:45Z</time></trkpt>
      <trkpt lat="37.729626" lon="-122.463638"><time>2024-06-01T12:01:15Z</time></trkpt>
      <trkpt lat="37.729742" lon="-122.463733"><time>2024-06-01T12:01:25Z</time></trkpt>
      <trkpt lat="37.729608" lon="-122.463666"><time>2024-06-01T12:01:54Z</time></trkpt>
      <trkpt lat="37.729459" lon="-122.463644"><time>2024-06-01T12:02:07Z</time></trkpt>
      <trkpt lat="37.729310" lon="-122.463631"><time>2024-06-01T12:02:27Z</time></trkpt>
      <trkpt lat="37.729326" lon="-122.463780"><time>2024-06-01T12:02:46Z</time></trkpt>
      <trkpt lat="37.729378" lon="-122.463921"><time>2024-06-01T12:03:03Z</time></trkpt>
      <trkpt lat="37.729467" lon="-122.464042"><time>2024-06-01T12:03:19Z</time></trkpt>
      <trkpt lat="37.729520" lon="-122.464182"><time>2024-06-01T12:03:30Z</time></trkpt>
      <trkpt lat="37.729435" lon="-122.464305"><time>2024-06-01T12:04:00Z</time></trkpt>
      <trkpt lat="37.729306" lon="-122.464382"><time>2024-06-01T12:04:27Z</time></trkpt>
      <trkpt lat="37.729226" lon="-122.464509"><time>2024-06-01T12:04:53Z</time></trkpt>
      <trkpt lat="37.729268" lon="-122.464364"><time>2024-06-01T12:05:16Z</time></trkpt>
      <trkpt lat="37.729329" lon="-122.464228"><time>2024-06-01T12:05:31Z</time></trkpt>
      <trkpt lat="37.729446" lon="-122.464133"><time>2024-06-01T12:05:52Z</time></trkpt>
      <trkpt lat="37.729401" lon="-122.464276"><time>2024-06-01T12:06:09Z</time></trkpt>
      <trkpt lat="37.729251" lon="-122.464270"><time>2024-06-01T12:06:26Z</time></trkpt>
      <trkpt lat="37.729216" lon="-122.464415"><time>2024-06-01T12:06:48Z</time></trkpt>
      <trkpt lat="37.729359" lon="-122.464371"><time>2024-06-01T12:07:12Z</time></trkpt>
      <trkpt lat="37.729237" lon="-122.464283"><time>2024-06-01T12:07:26Z</time></trkpt>
      <trkpt lat="37.729260" lon="-122.464432"><time>2024-06-01T12:07:36Z</time></trkpt>
      <trkpt lat="37.729277" lon="-122.464581"><time>2024-06-01T12:08:03Z</time></trkpt>
      <trkpt lat="37.729136" lon="-122.464530"><time>2024-06-01T12:08:31Z</time></trkpt>
      <trkpt lat="37.729026" lon="-122.464632"><time>2024-06-01T12:08:56Z</time></trkpt>
      <trkpt lat="37.729155" lon="-122.464555"><time>2024-06-01T12:09:10Z</time></trkpt>
      <trkpt lat="37.729290" lon="-122.464622"><time>2024-06-01T12:09:20Z</time></trkpt>
      <trkpt lat="37.729163" lon="-122.464541"><time>2024-06-01T12:09:49Z</time></trkpt>
      <trkpt lat="37.729033" lon="-122.464615"><time>2024-06-01T12:10:06Z</time></trkpt>
      <trkpt lat="37.729179" lon="-122.464645"><time>2024-06-01T12:10:16Z</time></trkpt>
      <trkpt lat="37.729213" lon="-122.464791"><time>2024-06-01T12:10:28Z</time></trkpt>
      <trkpt lat="37.729169" lon="-122.464935"><time>2024-06-01T12:10:51Z</time></trkpt>
      <trkpt lat="37.729197" lon="-122.464787"><time>2024-06-01T12:11:07Z</time></trkpt>
      <trkpt lat="37.729057" lon="-122.464734"><time>2024-06-01T12:11:32Z</time></trkpt>
      <trkpt lat="37.729156" lon="-122.464847"><time>2024-06-01T12:11:58Z</time></trkpt>
      <trkpt lat="37.729257" lon="-122.464957"><time>2024-06-01T12:12:27Z</time></trkpt>
      <trkpt lat="37.729269" lon="-122.464808"><time>2024-06-01T12:12:44Z</time></trkpt>
      <trkpt lat="37.729238" lon="-122.464954"><time>2024-06-01T12:13:05Z</time></trkpt>
      <trkpt lat="37.729295" lon="-122.465093"><time>2024-06-01T12:13:31Z</time></trkpt>
      <trkpt lat="37.729145" lon="-122.465092"><time>2024-06-01T12:13:55Z</time></trkpt>
      <trkpt lat="37.729270" lon="-122.465009"><time>2024-06-01T12:14:11Z</time></trkpt>
      <trkpt lat="37.729420" lon="-122.465009"><time>2024-06-01T12:14:34Z</time></trkpt>
      <trkpt lat="37.729271" lon="-122.465027"><time>2024-06-01T12:14:57Z</time></trkpt>
      <trkpt lat="37.729326" lon="-122.465166"><time>2024-06-01T12:15:11Z</time></trkpt>
      <trkpt lat="37.729337" lon="-122.465017"><time>2024-06-01T12:15:35Z</time></trkpt>
      <trkpt lat="37.729310" lon="-122.464869"><time>2024-06-01T12:15:59Z</time></trkpt>
      <trkpt lat="37.729303" lon="-122.464719"><time>2024-06-01T12:16:18Z</time></trkpt>
      <trkpt lat="37.729401" lon="-122.464832"><time>2024-06-01T12:16:45Z</time></trkpt>
      <trkpt lat="37.729255" lon="-122.464864"><time>2024-06-01T12:17:12Z</time></trkpt>
      <trkpt lat="37.729255" lon="-122.465014"><time>2024-06-01T12:17:37Z</time></trkpt>
      <trkpt lat="37.729403" lon="-122.465042"><time>2024-06-01T12:18:07Z</time></trkpt>
      <trkpt lat="37.729426" lon="-122.465190"><time>2024-06-01T12:18:31Z</time></trkpt>
      <trkpt lat="37.729286" lon="-122.465136"><time>2024-06-01T12:18:43Z</time></trkpt>
      <trkpt lat="37.729288" lon="-122.465286"><time>2024-06-01T12:18:55Z</time></trkpt>
      <trkpt lat="37.729410" lon="-122.465374"><time>2024-06-01T12:19:12Z</time></trkpt>
      <trkpt lat="37.729554" lon="-122.465417"><time>2024-06-01T12:19:25Z</time></trkpt>
      <trkpt lat="37.729657" lon="-122.465525"><time>2024-06-01T12:19:49Z</time></trkpt>
      <trkpt lat="37.729804" lon="-122.465558"><time>2024-06-01T12:20:04Z</time></trkpt>
      <trkpt lat="37.729735" lon="-122.465691"><time>2024-06-01T12:20:18Z</time></trkpt>
      <trkpt lat="37.729592" lon="-122.465735"><time>2024-06-01T12:20:44Z</time></trkpt>
      <trkpt lat="37.729741" lon="-122.465745"><time>2024-06-01T12:20:55Z</time></trkpt>
      <trkpt lat="37.729886" lon="-122.465706"><time>2024-06-01T12:21:08Z</time></trkpt>
      <trkpt lat="37.729750" lon="-122.465769"><time>2024-06-01T12:21:26Z</time></trkpt>
      <trkpt lat="37.729615" lon="-122.465834"><time>2024-06-01T12:21:46Z</time></trkpt>
      <trkpt lat="37.729706" lon="-122.465715"><time>2024-06-01T12:22:13Z</time></trkpt>
      <trkpt lat="37.729832" lon="-122.465796"><time>2024-06-01T12:22:41Z</time></trkpt>
      <trkpt lat="37.729887" lon="-122.465656"><time>2024-06-01T12:22:59Z</time></trkpt>
      <trkpt lat="37.730031" lon="-122.465696"><time>2024-06-01T12:23:16Z</time></trkpt>
      <trkpt lat="37.729903" lon="-122.465774"><time>2024-06-01T12:23:45Z</time></trkpt>
      <trkpt lat="37.729767" lon="-122.465711"><time>2024-06-01T12:24:15Z</time></trkpt>
      <trkpt lat="37.729878" lon="-122.465610"><time>2024-06-01T12:24:34Z</time></trkpt>
      <trkpt lat="37.729755" lon="-122.465524"><time>2024-06-01T12:24:58Z</time></trkpt>
      <trkpt lat="37.729667" lon="-122.465403"><time>2024-06-01T12:25:15Z</time></trkpt>
      <trkpt lat="37.729705" lon="-122.465548"><time>2024-06-01T12:25:45Z</time></trkpt>
      <trkpt lat="37.729660" lon="-122.465405"><time>2024-06-01T12:26:05Z</time></trkpt>
      <trkpt lat="37.729555" lon="-122.465298"><time>2024-06-01T12:26:23Z</time></trkpt>
      <trkpt lat="37.729449" lon="-122.465192"><time>2024-06-01T12:26:33Z</time></trkpt>
      <trkpt lat="37.729538" lon="-122.465312"><time>2024-06-01T12:26:43Z</time></trkpt>
      <trkpt lat="37.729560" lon="-122.465461"><time>2024-06-01T12:26:58Z</time></trkpt>
      <trkpt lat="37.729551" lon="-122.465311"><time>2024-06-01T12:27:15Z</time></trkpt>
      <trkpt lat="37.729401" lon="-122.465317"><time>2024-06-01T12:27:42Z</time></trkpt>
      <trkpt lat="37.729445" lon="-122.465173"><time>2024-06-01T12:28:05Z</time></trkpt>
      <trkpt lat="37.729345" lon="-122.465286"><time>2024-06-01T12:28:15Z</time></trkpt>
      <trkpt lat="37.729494" lon="-122.465268"><time>2024-06-01T12:28:37Z</time></trkpt>
      <trkpt lat="37.729578" lon="-122.465145"><time>2024-06-01T12:28:51Z</time></trkpt>
      <trkpt lat="37.729430" lon="-122.465168"><time>2024-06-01T12:29:20Z</time></trkpt>
      <trkpt lat="37.729282" lon="-122.465146"><time>2024-06-01T12:29:39Z</time></trkpt>
      <trkpt lat="37.729341" lon="-122.465008"><time>2024-06-01T12:30:06Z</time></trkpt>
      <trkpt lat="37.729413" lon="-122.464876"><time>2024-06-01T12:30:35Z</time></trkpt>
      <trkpt lat="37.729337" lon="-122.465006"><time>2024-06-01T12:30:54Z</time></trkpt>
      <trkpt lat="37.729200" lon="-122.464944"><time>2024-06-01T12:31:17Z</time></trkpt>
      <trkpt lat="37.729136" lon="-122.465079"><time>2024-06-01T12:31:39Z</time></trkpt>
      <trkpt lat="37.729248" lon="-122.465179"><time>2024-06-01T12:31:59Z</time></trkpt>
      <trkpt lat="37.729371" lon="-122.465264"><time>2024-06-01T12:32:19Z</time></trkpt>
      <trkpt lat="37.729475" lon="-122.465156"><time>2024-06-01T12:32:42Z</time></trkpt>
      <trkpt lat="37.729396" lon="-122.465029"><time>2024-06-01T12:32:57Z</time></trkpt>
      <trkpt lat="37.729360" lon="-122.464883"><time>2024-06-01T12:33:15Z</time></trkpt>
      <trkpt lat="37.729210" lon="-122.464884"><time>2024-06-01T12:33:29Z</time></trkpt>
      <trkpt lat="37.729060" lon="-122.464893"><time>2024-06-01T12:33:53Z</time></trkpt>
      <trkpt lat="37.728937" lon="-122.464806"><time>2024-06-01T12:34:05Z</time></trkpt>
      <trkpt lat="37.729054" lon="-122.464900"><time>2024-06-01T12:34:31Z</time></trkpt>
      <trkpt lat="37.728952" lon="-122.465010"><time>2024-06-01T12:34:58Z</time></trkpt>
      <trkpt lat="37.729048" lon="-122.464894"><time>2024-06-01T12:35:10Z</time></trkpt>
      <trkpt lat="37.728922" lon="-122.464975"><time>2024-06-01T12:35:39Z</time></trkpt>
      <trkpt lat="37.728942" lon="-122.464827"><time>2024-06-01T12:35:56Z</time></trkpt>
      <trkpt lat="37.729053" lon="-122.464927"><time>2024-06-01T12:36:22Z</time></trkpt>
      <trkpt lat="37.729086" lon="-122.464781"><time>2024-06-01T12:36:42Z</time></trkpt>
      <trkpt lat="37.729014" lon="-122.464649"><time>2024-06-01T12:36:52Z</time></trkpt>
      <trkpt lat="37.728905" lon="-122.464547"><time>2024-06-01T12:37:10Z</time></trkpt>
      <trkpt lat="37.729041" lon="-122.464483"><time>2024-06-01T12:37:28Z</time></trkpt>
      <trkpt lat="37.729189" lon="-122.464459"><time>2024-06-01T12:37:45Z</time></trkpt>
      <trkpt lat="37.729330" lon="-122.464509"><time>2024-06-01T12:37:59Z</time></trkpt>
      <trkpt lat="37.729187" lon="-122.464553"><time>2024-06-01T12:38:27Z</time></trkpt>
      <trkpt lat="37.729151" lon="-122.464408"><time>2024-06-01T12:38:57Z</time></trkpt>
      <trkpt lat="37.729001" lon="-122.464423"><time>2024-06-01T12:39:23Z</time></trkpt>
      <trkpt lat="37.728904" lon="-122.464538"><time>2024-06-01T12:39:46Z</time></trkpt>
      <trkpt lat="37.728877" lon="-122.464685"><time>2024-06-01T12:40:09Z</time></trkpt>
      <trkpt lat="37.728914" lon="-122.464540"><time>2024-06-01T12:40:27Z</time></trkpt>
      <trkpt lat="37.729048" lon="-122.464474"><time>2024-06-01T12:40:38Z</time></trkpt>
      <trkpt lat="37.729008" lon="-122.464618"><time>2024-06-01T12:40:50Z</time></trkpt>
      <trkpt lat="37.729142" lon="-122.464686"><time>2024-06-01T12:41:11Z</time></trkpt>
      <trkpt lat="37.729017" lon="-122.464770"><time>2024-06-01T12:41:41Z</time></trkpt>
      <trkpt lat="37.729025" lon="-122.464620"><time>2024-06-01T12:41:53Z</time></trkpt>
      <trkpt lat="37.728953" lon="-122.464752"><time>2024-06-01T12:42:10Z</time></trkpt>
      <trkpt lat="37.728815" lon="-122.464693"><time>2024-06-01T12:42:31Z</time></trkpt>
      <trkpt lat="37.728931" lon="-122.464599"><time>2024-06-01T12:42:47Z</time></trkpt>
      <trkpt lat="37.729077" lon="-122.464636"><time>2024-06-01T12:43:09Z</time></trkpt>
      <trkpt lat="37.728932" lon="-122.464676"><time>2024-06-01T12:43:38Z</time></trkpt>
      <trkpt lat="37.728872" lon="-122.464814"><time>2024-06-01T12:44:07Z</time></trkpt>
      <trkpt lat="37.729009" lon="-122.464752"><time>2024-06-01T12:44:28Z</time></trkpt>
      <trkpt lat="37.728863" lon="-122.464786"><time>2024-06-01T12:44:44Z</time></trkpt>
      <trkpt lat="37.728939" lon="-122.464657"><time>2024-06-01T12:45:12Z</time></trkpt>
      <trkpt lat="37.728849" lon="-122.464537"><time>2024-06-01T12:45:23Z</time></trkpt>
      <trkpt lat="37.728881" lon="-122.464390"><time>2024-06-01T12:45:48Z</time></trkpt>
      <trkpt lat="37.729026" lon="-122.464427"><time>2024-06-01T12:46:03Z</time></trkpt>
      <trkpt lat="37.728999" lon="-122.464280"><time>2024-06-01T12:46:22Z</time></trkpt>
      <trkpt lat="37.729149" lon="-122.464286"><time>2024-06-01T12:46:36Z</time></trkpt>
      <trkpt lat="37.729005" lon="-122.464246"><time>2024-06-01T12:47:01Z</time></trkpt>
      <trkpt lat="37.729140" lon="-122.464311"><time>2024-06-01T12:47:26Z</time></trkpt>
      <trkpt lat="37.729080" lon="-122.464448"><time>2024-06-01T12:47:40Z</time></trkpt>
      <trkpt lat="37.729214" lon="-122.464515"><time>2024-06-01T12:48:07Z</time></trkpt>
      <trkpt lat="37.729178" lon="-122.464370"><time>2024-06-01T12:48:25Z</time></trkpt>
      <trkpt lat="37.729318" lon="-122.464424"><time>2024-06-01T12:48:38Z</time></trkpt>
      <trkpt lat="37.729468" lon="-122.464412"><time>2024-06-01T12:48:56Z</time></trkpt>
      <trkpt lat="37.729544" lon="-122.464541"><time>2024-06-01T12:49:19Z</time></trkpt>
      <trkpt lat="37.729558" lon="-122.464691"><time>2024-06-01T12:49:33Z</time></trkpt>
      <trkpt lat="37.729706" lon="-122.464718"><time>2024-06-01T12:49:46Z</time></trkpt>
      <trkpt lat="37.729781" lon="-122.464588"><time>2024-06-01T12:50:01Z</time></trkpt>
      <trkpt lat="37.729655" lon="-122.464670"><time>2024-06-01T12:50:24Z</time></trkpt>
      <trkpt lat="37.729556" lon="-122.464557"><time>2024-06-01T12:50:37Z</time></trkpt>
      <trkpt lat="37.729674" lon="-122.464651"><time>2024-06-01T12:51:04Z</time></trkpt>
      <trkpt lat="37.729568" lon="-122.464545"><time>2024-06-01T12:51:24Z</time></trkpt>
      <trkpt lat="37.729640" lon="-122.464676"><time>2024-06-01T12:51:35Z</time></trkpt>
      <trkpt lat="37.729589" lon="-122.464535"><time>2024-06-01T12:51:55Z</time></trkpt>
      <trkpt lat="37.729692" lon="-122.464426"><time>2024-06-01T12:52:05Z</time></trkpt>
      <trkpt lat="37.729834" lon="-122.464378"><time>2024-06-01T12:52:18Z</time></trkpt>
      <trkpt lat="37.729980" lon="-122.464413"><time>2024-06-01T12:52:32Z</time></trkpt>
      <trkpt lat="37.730019" lon="-122.464269"><time>2024-06-01T12:53:00Z</time></trkpt>
      <trkpt lat="37.729991" lon="-122.464416"><time>2024-06-01T12:53:28Z</time></trkpt>
      <trkpt lat="37.729988" lon="-122.464266"><time>2024-06-01T12:53:42Z</time></trkpt>
      <trkpt lat="37.730137" lon="-122.464245"><time>2024-06-01T12:53:55Z</time></trkpt>
      <trkpt lat="37.730144" lon="-122.464095"><time>2024-06-01T12:54:06Z</time></trkpt>
      <trkpt lat="37.730069" lon="-122.464225"><time>2024-06-01T12:54:25Z</time></trkpt>
      <trkpt lat="37.730073" lon="-122.464375"><time>2024-06-01T12:54:47Z</time></trkpt>
      <trkpt lat="37.730075" lon="-122.464225"><time>2024-06-01T12:55:10Z</time></trkpt>
      <trkpt lat="37.729958" lon="-122.464320"><time>2024-06-01T12:55:38Z</time></trkpt>
      <trkpt lat="37.729830" lon="-122.464242"><time>2024-06-01T12:56:05Z</time></trkpt>
      <trkpt lat="37.729794" lon="-122.464096"><time>2024-06-01T12:56:22Z</time></trkpt>
      <trkpt lat="37.729688" lon="-122.463990"><time>2024-06-01T12:56:40Z</time></trkpt>
      <trkpt lat="37.729673" lon="-122.464139"><time>2024-06-01T12:56:56Z</time></trkpt>
      <trkpt lat="37.729556" lon="-122.464045"><time>2024-06-01T12:57:14Z</time></trkpt>
      <trkpt lat="37.729680" lon="-122.464130"><time>2024-06-01T12:57:43Z</time></trkpt>
      <trkpt lat="37.729826" lon="-122.464163"><time>2024-06-01T12:58:02Z</time></trkpt>
      <trkpt lat="37.729686" lon="-122.464214"><time>2024-06-01T12:58:19Z</time></trkpt>
      <trkpt lat="37.729547" lon="-122.464273"><time>2024-06-01T12:58:42Z</time></trkpt>
      <trkpt lat="37.729572" lon="-122.464125"><time>2024-06-01T12:58:58Z</time></trkpt>
      <trkpt lat="37.729721" lon="-122.464145"><time>2024-06-01T12:59:17Z</time></trkpt>
      <trkpt lat="37.729752" lon="-122.463998"><time>2024-06-01T12:59:45Z</time></trkpt>
      <trkpt lat="37.729606" lon="-122.463965"><time>2024-06-01T13:00:14Z</time></trkpt>
      <trkpt lat="37.729587" lon="-122.463816"><time>2024-06-01T13:00:25Z</time></trkpt>
      <trkpt lat="37.729736" lon="-122.463805"><time>2024-06-01T13:00:51Z</time></trkpt>
      <trkpt lat="37.729586" lon="-122.463802"><time>2024-06-01T13:01:11Z</time></trkpt>
      <trkpt lat="37.729540" lon="-122.463659"><time>2024-06-01T13:01:40Z</time></trkpt>
      <trkpt lat="37.729669" lon="-122.463736"><time>2024-06-01T13:02:06Z</time></trkpt>
      <trkpt lat="37.729519" lon="-122.463735"><time>2024-06-01T13:02:32Z</time></trkpt>
      <trkpt lat="37.729453" lon="-122.463601"><time>2024-06-01T13:02:45Z</time></trkpt>
      <trkpt lat="37.729548" lon="-122.463486"><time>2024-06-01T13:02:58Z</time></trkpt>
      <trkpt lat="37.729455" lon="-122.463368"><time>2024-06-01T13:03:17Z</time></trkpt>
      <trkpt lat="37.729317" lon="-122.463426"><time>2024-06-01T13:03:37Z</time></trkpt>
      <trkpt lat="37.729229" lon="-122.463305"><time>2024-06-01T13:04:02Z</time></trkpt>
      <trkpt lat="37.729271" lon="-122.463449"><time>2024-06-01T13:04:32Z</time></trkpt>
      <trkpt lat="37.729420" lon="-122.463466"><time>2024-06-01T13:04:59Z</time></trkpt>
      <trkpt lat="37.729396" lon="-122.463318"><time>2024-06-01T13:05:27Z</time></trkpt>
      <trkpt lat="37.729480" lon="-122.463443"><time>2024-06-01T13:05:52Z</time></trkpt>
      <trkpt lat="37.729371" lon="-122.463340"><time>2024-06-01T13:06:08Z</time></trkpt>
      <trkpt lat="37.729515" lon="-122.463299"><time>2024-06-01T13:06:33Z</time></trkpt>
      <trkpt lat="37.729647" lon="-122.463227"><time>2024-06-01T13:06:55Z</time></trkpt>
      <trkpt lat="37.729523" lon="-122.463312"><time>2024-06-01T13:07:11Z</time></trkpt>
      <trkpt lat="37.729516" lon="-122.463162"><time>2024-06-01T13:07:28Z</time></trkpt>
      <trkpt lat="37.729640" lon="-122.463246"><time>2024-06-01T13:07:58Z</time></trkpt>
      <trkpt lat="37.729709" lon="-122.463113"><time>2024-06-01T13:08:26Z</time></trkpt>
      <trkpt lat="37.729564" lon="-122.463076"><time>2024-06-01T13:08:36Z</time></trkpt>
      <trkpt lat="37.729480" lon="-122.462952"><time>2024-06-01T13:08:53Z</time></trkpt>
      <trkpt lat="37.729330" lon="-122.462960"><time>2024-06-01T13:09:15Z</time></trkpt>
      <trkpt lat="37.729415" lon="-122.463083"><time>2024-06-01T13:09:33Z</time></trkpt>
      <trkpt lat="37.729270" lon="-122.463046"><time>2024-06-01T13:09:45Z</time></trkpt>
      <trkpt lat="37.729158" lon="-122.463146"><time>2024-06-01T13:09:55Z</time></trkpt>
      <trkpt lat="37.729301" lon="-122.463192"><time>2024-06-01T13:10:19Z</time></trkpt>
      <trkpt lat="37.729358" lon="-122.463331"><time>2024-06-01T13:10:43Z</time></trkpt>
      <trkpt lat="37.729500" lon="-122.463282"><time>2024-06-01T13:11:01Z</time></trkpt>
      <trkpt lat="37.729404" lon="-122.463166"><time>2024-06-01T13:11:17Z</time></trkpt>
      <trkpt lat="37.729500" lon="-122.463282"><time>2024-06-01T13:11:40Z</time></trkpt>
      <trkpt lat="37.729587" lon="-122.463160"><time>2024-06-01T13:11:55Z</time></trkpt>
      <trkpt lat="37.729444" lon="-122.463116"><time>2024-06-01T13:12:06Z</time></trkpt>
      <trkpt lat="37.729481" lon="-122.463261"><time>2024-06-01T13:12:16Z</time></trkpt>
      <trkpt lat="37.729455" lon="-122.463114"><time>2024-06-01T13:12:28Z</time></trkpt>
      <trkpt lat="37.729505" lon="-122.462972"><time>2024-06-01T13:12:40Z</time></trkpt>
      <trkpt lat="37.729619" lon="-122.463069"><time>2024-06-01T13:13:07Z</time></trkpt>
      <trkpt lat="37.729542" lon="-122.463198"><time>2024-06-01T13:13:29Z</time></trkpt>
      <trkpt lat="37.729663" lon="-122.463109"><time>2024-06-01T13:13:58Z</time></trkpt>
      <trkpt lat="37.729738" lon="-122.462979"><time>2024-06-01T13:14:13Z</time></trkpt>
      <trkpt lat="37.729629" lon="-122.462876"><time>2024-06-01T13:14:41Z</time></trkpt>
      <trkpt lat="37.729687" lon="-122.463014"><time>2024-06-01T13:15:11Z</time></trkpt>
      <trkpt lat="37.729736" lon="-122.462873"><time>2024-06-01T13:15:36Z</time></trkpt>
      <trkpt lat="37.729880" lon="-122.462915"><time>2024-06-01T13:15:58Z</time></trkpt>
      <trkpt lat="37.729765" lon="-122.462819"><time>2024-06-01T13:16:24Z</time></trkpt>
      <trkpt lat="37.729686" lon="-122.462947"><time>2024-06-01T13:16:34Z</time></trkpt>
      <trkpt lat="37.729540" lon="-122.462980"><time>2024-06-01T13:17:02Z</time></trkpt>
      <trkpt lat="37.729687" lon="-122.462948"><time>2024-06-01T13:17:14Z</time></trkpt>
      <trkpt lat="37.729826" lon="-122.462893"><time>2024-06-01T13:17:42Z</time></trkpt>
      <trkpt lat="37.729855" lon="-122.462746"><time>2024-06-01T13:18:05Z</time></trkpt>
      <trkpt lat="37.729839" lon="-122.462895"><time>2024-06-01T13:18:16Z</time></trkpt>
      <trkpt lat="37.729955" lon="-122.462991"><time>2024-06-01T13:18:43Z</time></trkpt>
      <trkpt lat="37.729843" lon="-122.463090"><time>2024-06-01T13:19:12Z</time></trkpt>
      <trkpt lat="37.729934" lon="-122.462971"><time>2024-06-01T13:19:23Z</time></trkpt>
      <trkpt lat="37.729789" lon="-122.463009"><time>2024-06-01T13:19:49Z</time></trkpt>
      <trkpt lat="37.729643" lon="-122.462974"><time>2024-06-01T13:20:17Z</time></trkpt>
      <trkpt lat="37.729617" lon="-122.462827"><time>2024-06-01T13:20:32Z</time></trkpt>
      <trkpt lat="37.729764" lon="-122.462795"><time>2024-06-01T13:20:47Z</time></trkpt>
      <trkpt lat="37.729664" lon="-122.462907"><time>2024-06-01T13:21:12Z</time></trkpt>
      <trkpt lat="37.729538" lon="-122.462988"><time>2024-06-01T13:21:34Z</time></trkpt>
      <trkpt lat="37.729409" lon="-122.462911"><time>2024-06-01T13:21:52Z</time></trkpt>
      <trkpt lat="37.729472" lon="-122.462774"><time>2024-06-01T13:22:15Z</time></trkpt>
      <trkpt lat="37.729588" lon="-122.462869"><time>2024-06-01T13:22:44Z</time></trkpt>
      <trkpt lat="37.729517" lon="-122.463001"><time>2024-06-01T13:22:59Z</time></trkpt>
      <trkpt lat="37.729370" lon="-122.462971"><time>2024-06-01T13:23:10Z</time></trkpt>
      <trkpt lat="37.729269" lon="-122.462860"><time>2024-06-01T13:23:29Z</time></trkpt>
      <trkpt lat="37.729243" lon="-122.462712"><time>2024-06-01T13:23:40Z</time></trkpt>
      <trkpt lat="37.729140" lon="-122.462604"><time>2024-06-01T13:23:58Z</time></trkpt>
      <trkpt lat="37.729266" lon="-122.462523"><time>2024-06-01T13:24:19Z</time></trkpt>
      <trkpt lat="37.729383" lon="-122.462429"><time>2024-06-01T13:24:39Z</time></trkpt>
      <trkpt lat="37.729442" lon="-122.462568"><time>2024-06-01T13:24:57Z</time></trkpt>
      <trkpt lat="37.729318" lon="-122.462483"><time>2024-06-01T13:25:14Z</time></trkpt>
      <trkpt lat="37.729351" lon="-122.462629"><time>2024-06-01T13:25:33Z</time></trkpt>
      <trkpt lat="37.729357" lon="-122.462479"><time>2024-06-01T13:25:54Z</time></trkpt>
      <trkpt lat="37.729215" lon="-122.462428"><time>2024-06-01T13:26:04Z</time></trkpt>
      <trkpt lat="37.729113" lon="-122.462319"><time>2024-06-01T13:26:17Z</time></trkpt>
      <trkpt lat="37.728971" lon="-122.462272"><time>2024-06-01T13:26:46Z</time></trkpt>
      <trkpt lat="37.729120" lon="-122.462278"><time>2024-06-01T13:27:04Z</time></trkpt>
      <trkpt lat="37.729094" lon="-122.462426"><time>2024-06-01T13:27:24Z</time></trkpt>
      <trkpt lat="37.729242" lon="-122.462447"><time>2024-06-01T13:27:34Z</time></trkpt>
      <trkpt lat="37.729116" lon="-122.462366"><time>2024-06-01T13:27:49Z</time></trkpt>
      <trkpt lat="37.729259" lon="-122.462410"><time>2024-06-01T13:28:03Z</time></trkpt>
      <trkpt lat="37.729386" lon="-122.462329"><time>2024-06-01T13:28:14Z</time></trkpt>
      <trkpt lat="37.729237" lon="-122.462345"><time>2024-06-01T13:28:43Z</time></trkpt>
      <trkpt lat="37.729093" lon="-122.462388"><time>2024-06-01T13:29:13Z</time></trkpt>
      <trkpt lat="37.729032" lon="-122.462252"><time>2024-06-01T13:29:42Z</time></trkpt>
      <trkpt lat="37.728894" lon="-122.462311"><time>2024-06-01T13:30:06Z</time></trkpt>
      <trkpt lat="37.728744" lon="-122.462304"><time>2024-06-01T13:30:29Z</time></trkpt>
      <trkpt lat="37.728846" lon="-122.462414"><time>2024-06-01T13:30:46Z</time></trkpt>
      <trkpt lat="37.728699" lon="-122.462444"><time>2024-06-01T13:31:01Z</time></trkpt>
      <trkpt lat="37.728577" lon="-122.462357"><time>2024-06-01T13:31:24Z</time></trkpt>
      <trkpt lat="37.728653" lon="-122.462228"><time>2024-06-01T13:31:49Z</time></trkpt>
      <trkpt lat="37.728798" lon="-122.462269"><time>2024-06-01T13:32:18Z</time></trkpt>
      <trkpt lat="37.728865" lon="-122.462135"><time>2024-06-01T13:32:43Z</time></trkpt>
      <trkpt lat="37.729015" lon="-122.462133"><time>2024-06-01T13:33:02Z</time></trkpt>
      <trkpt lat="37.728997" lon="-122.462282"><time>2024-06-01T13:33:15Z</time></trkpt>
      <trkpt lat="37.728876" lon="-122.462371"><time>2024-06-01T13:33:45Z</time></trkpt>
      <trkpt lat="37.728944" lon="-122.462237"><time>2024-06-01T13:34:13Z</time></trkpt>
      <trkpt lat="37.728895" lon="-122.462095"><time>2024-06-01T13:34:27Z</time></trkpt>
      <trkpt lat="37.728748" lon="-122.462123"><time>2024-06-01T13:34:54Z</time></trkpt>
      <trkpt lat="37.728631" lon="-122.462217"><time>2024-06-01T13:35:11Z</time></trkpt>
      <trkpt lat="37.728675" lon="-122.462360"><time>2024-06-01T13:35:29Z</time></trkpt>
      <trkpt lat="37.728825" lon="-122.462371"><time>2024-06-01T13:35:54Z</time></trkpt>
      <trkpt lat="37.728765" lon="-122.462509"><time>2024-06-01T13:36:04Z</time></trkpt>
      <trkpt lat="37.728624" lon="-122.462456"><time>2024-06-01T13:36:22Z</time></trkpt>
      <trkpt lat="37.728477" lon="-122.462484"><time>2024-06-01T13:36:45Z</time></trkpt>
      <trkpt lat="37.728372" lon="-122.462376"><time>2024-06-01T13:37:06Z</time></trkpt>
      <trkpt lat="37.728522" lon="-122.462383"><time>2024-06-01T13:37:26Z</time></trkpt>
      <trkpt lat="37.728672" lon="-122.462387"><time>2024-06-01T13:37:41Z</time></trkpt>
      <trkpt lat="37.728677" lon="-122.462237"><time>2024-06-01T13:38:10Z</time></trkpt>
      <trkpt lat="37.728545" lon="-122.462308"><time>2024-06-01T13:38:30Z</time></trkpt>
      <trkpt lat="37.728483" lon="-122.462171"><time>2024-06-01T13:38:47Z</time></trkpt>
      <trkpt lat="37.728486" lon="-122.462321"><time>2024-06-01T13:38:57Z</time></trkpt>
      <trkpt lat="37.728417" lon="-122.462454"><time>2024-06-01T13:39:13Z</time></trkpt>
      <trkpt lat="37.728509" lon="-122.462572"><time>2024-06-01T13:39:32Z</time></trkpt>
      <trkpt lat="37.728626" lon="-122.462478"><time>2024-06-01T13:39:57Z</time></trkpt>
      <trkpt lat="37.728548" lon="-122.462606"><time>2024-06-01T13:40:20Z</time></trkpt>
      <trkpt lat="37.728445" lon="-122.462498"><time>2024-06-01T13:40:39Z</time></trkpt>
      <trkpt lat="37.728333" lon="-122.462397"><time>2024-06-01T13:40:51Z</time></trkpt>
      <trkpt lat="37.728326" lon="-122.462547"><time>2024-06-01T13:41:11Z</time></trkpt>
      <trkpt lat="37.728375" lon="-122.462689"><time>2024-06-01T13:41:33Z</time></trkpt>
      <trkpt lat="37.728471" lon="-122.462805"><time>2024-06-01T13:42:00Z</time></trkpt>
      <trkpt lat="37.728589" lon="-122.462713"><time>2024-06-01T13:42:24Z</time></trkpt>
      <trkpt lat="37.728628" lon="-122.462568"><time>2024-06-01T13:42:38Z</time></trkpt>
      <trkpt lat="37.728592" lon="-122.462713"><time>2024-06-01T13:42:51Z</time></trkpt>
      <trkpt lat="37.728580" lon="-122.462564"><time>2024-06-01T13:43:04Z</time></trkpt>
      <trkpt lat="37.728578" lon="-122.462414"><time>2024-06-01T13:43:28Z</time></trkpt>
      <trkpt lat="37.728553" lon="-122.462266"><time>2024-06-01T13:43:45Z</time></trkpt>
      <trkpt lat="37.728474" lon="-122.462139"><time>2024-06-01T13:43:59Z</time></trkpt>
      <trkpt lat="37.728596" lon="-122.462226"><time>2024-06-01T13:44:18Z</time></trkpt>
      <trkpt lat="37.728705" lon="-122.462329"><time>2024-06-01T13:44:48Z</time></trkpt>
      <trkpt lat="37.728717" lon="-122.462478"><time>2024-06-01T13:45:03Z</time></trkpt>
      <trkpt lat="37.728862" lon="-122.462442"><time>2024-06-01T13:45:29Z</time></trkpt>
      <trkpt lat="37.728738" lon="-122.462525"><time>2024-06-01T13:45:44Z</time></trkpt>
      <trkpt lat="37.728885" lon="-122.462500"><time>2024-06-01T13:46:10Z</time></trkpt>
      <trkpt lat="37.728992" lon="-122.462605"><time>2024-06-01T13:46:40Z</time></trkpt>
      <trkpt lat="37.728876" lon="-122.462700"><time>2024-06-01T13:47:05Z</time></trkpt>
      <trkpt lat="37.728748" lon="-122.462623"><time>2024-06-01T13:47:23Z</time></trkpt>
      <trkpt lat="37.728715" lon="-122.462769"><time>2024-06-01T13:47:45Z</time></trkpt>
      <trkpt lat="37.728865" lon="-122.462765"><time>2024-06-01T13:47:57Z</time></trkpt>
      <trkpt lat="37.728924" lon="-122.462903"><time>2024-06-01T13:48:15Z</time></trkpt>
      <trkpt lat="37.728809" lon="-122.462807"><time>2024-06-01T13:48:25Z</time></trkpt>
      <trkpt lat="37.728663" lon="-122.462773"><time>2024-06-01T13:48:47Z</time></trkpt>
      <trkpt lat="37.728674" lon="-122.462623"><time>2024-06-01T13:49:10Z</time></trkpt>
      <trkpt lat="37.728731" lon="-122.462762"><time>2024-06-01T13:49:39Z</time></trkpt>
      <trkpt lat="37.728813" lon="-122.462637"><time>2024-06-01T13:50:08Z</time></trkpt>
      <trkpt lat="37.728678" lon="-122.462703"><time>2024-06-01T13:50:36Z</time></trkpt>
      <trkpt lat="37.728629" lon="-122.462844"><time>2024-06-01T13:50:47Z</time></trkpt>
      <trkpt lat="37.728579" lon="-122.462703"><time>2024-06-01T13:51:14Z</time></trkpt>
      <trkpt lat="37.728451" lon="-122.462625"><time>2024-06-01T13:51:26Z</time></trkpt>
      <trkpt lat="37.728526" lon="-122.462755"><time>2024-06-01T13:51:50Z</time></trkpt>
      <trkpt lat="37.728644" lon="-122.462663"><time>2024-06-01T13:52:12Z</time></trkpt>
      <trkpt lat="37.728495" lon="-122.462643"><time>2024-06-01T13:52:24Z</time></trkpt>
      <trkpt lat="37.728346" lon="-122.462653"><time>2024-06-01T13:52:49Z</time></trkpt>
      <trkpt lat="37.728246" lon="-122.462540"><time>2024-06-01T13:53:11Z</time></trkpt>
      <trkpt lat="37.728175" lon="-122.462672"><time>2024-06-01T13:53:26Z</time></trkpt>
      <trkpt lat="37.728054" lon="-122.462584"><time>2024-06-01T13:53:42Z</time></trkpt>
      <trkpt lat="37.727992" lon="-122.462720"><time>2024-06-01T13:54:12Z</time></trkpt>
      <trkpt lat="37.727842" lon="-122.462720"><time>2024-06-01T13:54:27Z</time></trkpt>
      <trkpt lat="37.727783" lon="-122.462582"><time>2024-06-01T13:54:55Z</time></trkpt>
      <trkpt lat="37.727915" lon="-122.462655"><time>2024-06-01T13:55:17Z</time></trkpt>
      <trkpt lat="37.728023" lon="-122.462759"><time>2024-06-01T13:55:35Z</time></trkpt>
      <trkpt lat="37.728038" lon="-122.462908"><time>2024-06-01T13:55:53Z</time></trkpt>
      <trkpt lat="37.728092" lon="-122.463048"><time>2024-06-01T13:56:07Z</time></trkpt>
      <trkpt lat="37.728232" lon="-122.462994"><time>2024-06-01T13:56:35Z</time></trkpt>
      <trkpt lat="37.728118" lon="-122.462896"><time>2024-06-01T13:57:02Z</time></trkpt>
      <trkpt lat="37.728116" lon="-122.462746"><time>2024-06-01T13:57:15Z</time></trkpt>
      <trkpt lat="37.728171" lon="-122.462607"><time>2024-06-01T13:57:29Z</time></trkpt>
      <trkpt lat="37.728292" lon="-122.462518"><time>2024-06-01T13:57:44Z</time></trkpt>
      <trkpt lat="37.728254" lon="-122.462374"><time>2024-06-01T13:57:59Z</time></trkpt>
      <trkpt lat="37.728125" lon="-122.462451"><time>2024-06-01T13:58:15Z</time></trkpt>
      <trkpt lat="37.728270" lon="-122.462490"><time>2024-06-01T13:58:37Z</time></trkpt>
      <trkpt lat="37.728403" lon="-122.462561"><time>2024-06-01T13:59:07Z</time></trkpt>
      <trkpt lat="37.728543" lon="-122.462508"><time>2024-06-01T13:59:31Z</time></trkpt>
      <trkpt lat="37.728689" lon="-122.462476"><time>2024-06-01T13:59:52Z</time></trkpt>
      <trkpt lat="37.728766" lon="-122.462605"><time>2024-06-01T14:00:06Z</time></trkpt>
      <trkpt lat="37.728760" lon="-122.462754"><time>2024-06-01T14:00:35Z</time></trkpt>
      <trkpt lat="37.728857" lon="-122.462869"><time>2024-06-01T14:01:03Z</time></trkpt>
      <trkpt lat="37.729004" lon="-122.462836"><time>2024-06-01T14:01:30Z</time></trkpt>
      <trkpt lat="37.728946" lon="-122.462975"><time>2024-06-01T14:01:49Z</time></trkpt>
      <trkpt lat="37.728974" lon="-122.462827"><time>2024-06-01T14:02:16Z</time></trkpt>
      <trkpt lat="37.728877" lon="-122.462713"><time>2024-06-01T14:02:32Z</time></trkpt>
      <trkpt lat="37.728804" lon="-122.462844"><time>2024-06-01T14:02:49Z</time></trkpt>
      <trkpt lat="37.728932" lon="-122.462923"><time>2024-06-01T14:03:04Z</time></trkpt>
      <trkpt lat="37.728860" lon="-122.462791"><time>2024-06-01T14:03:33Z</time></trkpt>
      <trkpt lat="37.728723" lon="-122.462852"><time>2024-06-01T14:03:44Z</time></trkpt>
      <trkpt lat="37.728574" lon="-122.462867"><time>2024-06-01T14:04:09Z</time></trkpt>
      <trkpt lat="37.728680" lon="-122.462973"><time>2024-06-01T14:04:30Z</time></trkpt>
      <trkpt lat="37.728669" lon="-122.463123"><time>2024-06-01T14:04:57Z</time></trkpt>
      <trkpt lat="37.728524" lon="-122.463158"><time>2024-06-01T14:05:09Z</time></trkpt>
      <trkpt lat="37.728450" lon="-122.463028"><time>2024-06-01T14:05:28Z</time></trkpt>
      <trkpt lat="37.728301" lon="-122.463047"><time>2024-06-01T14:05:58Z</time></trkpt>
      <trkpt lat="37.728193" lon="-122.463151"><time>2024-06-01T14:06:26Z</time></trkpt>
      <trkpt lat="37.728193" lon="-122.463301"><time>2024-06-01T14:06:54Z</time></trkpt>
      <trkpt lat="37.728109" lon="-122.463425"><time>2024-06-01T14:07:06Z</time></trkpt>
      <trkpt lat="37.728201" lon="-122.463307"><time>2024-06-01T14:07:36Z</time></trkpt>
      <trkpt lat="37.728193" lon="-122.463157"><time>2024-06-01T14:08:03Z</time></trkpt>
      <trkpt lat="37.728219" lon="-122.463305"><time>2024-06-01T14:08:22Z</time></trkpt>
      <trkpt lat="37.728282" lon="-122.463169"><time>2024-06-01T14:08:40Z</time></trkpt>
      <trkpt lat="37.728424" lon="-122.463118"><time>2024-06-01T14:09:09Z</time></trkpt>
      <trkpt lat="37.728572" lon="-122.463142"><time>2024-06-01T14:09:39Z</time></trkpt>
      <trkpt lat="37.728665" lon="-122.463260"><time>2024-06-01T14:10:00Z</time></trkpt>
      <trkpt lat="37.728743" lon="-122.463132"><time>2024-06-01T14:10:30Z</time></trkpt>
      <trkpt lat="37.728812" lon="-122.462999"><time>2024-06-01T14:10:56Z</time></trkpt>
      <trkpt lat="37.728822" lon="-122.463149"><time>2024-06-01T14:11:11Z</time></trkpt>
      <trkpt lat="37.728822" lon="-122.463299"><time>2024-06-01T14:11:37Z</time></trkpt>
      <trkpt lat="37.728813" lon="-122.463448"><time>2024-06-01T14:11:56Z</time></trkpt>
      <trkpt lat="37.728665" lon="-122.463422"><time>2024-06-01T14:12:07Z</time></trkpt>
      <trkpt lat="37.728542" lon="-122.463336"><time>2024-06-01T14:12:36Z</time></trkpt>
      <trkpt lat="37.728542" lon="-122.463486"><time>2024-06-01T14:12:53Z</time></trkpt>
      <trkpt lat="37.728398" lon="-122.463445"><time>2024-06-01T14:13:14Z</time></trkpt>
      <trkpt lat="37.728494" lon="-122.463560"><time>2024-06-01T14:13:33Z</time></trkpt>
      <trkpt lat="37.728634" lon="-122.463614"><time>2024-06-01T14:14:00Z</time></trkpt>
      <trkpt lat="37.728544" lon="-122.463734"><time>2024-06-01T14:14:20Z</time></trkpt>
      <trkpt lat="37.728492" lon="-122.463875"><time>2024-06-01T14:14:34Z</time></trkpt>
      <trkpt lat="37.728525" lon="-122.464021"><time>2024-06-01T14:14:47Z</time></trkpt>
      <trkpt lat="37.728491" lon="-122.463875"><time>2024-06-01T14:15:02Z</time></trkpt>
      <trkpt lat="37.728342" lon="-122.463889"><time>2024-06-01T14:15:17Z</time></trkpt>
      <trkpt lat="37.728317" lon="-122.464037"><time>2024-06-01T14:15:33Z</time></trkpt>
      <trkpt lat="37.728244" lon="-122.463905"><time>2024-06-01T14:15:45Z</time></trkpt>
      <trkpt lat="37.728165" lon="-122.463778"><time>2024-06-01T14:16:14Z</time></trkpt>
      <trkpt lat="37.728315" lon="-122.463779"><time>2024-06-01T14:16:41Z</time></trkpt>
      <trkpt lat="37.728218" lon="-122.463894"><time>2024-06-01T14:16:52Z</time></trkpt>
      <trkpt lat="37.728105" lon="-122.463796"><time>2024-06-01T14:17:11Z</time></trkpt>
      <trkpt lat="37.728133" lon="-122.463943"><time>2024-06-01T14:17:39Z</time></trkpt>
      <trkpt lat="37.728037" lon="-122.463828"><time>2024-06-01T14:18:01Z</time></trkpt>
      <trkpt lat="37.728117" lon="-122.463955"><time>2024-06-01T14:18:15Z</time></trkpt>
      <trkpt lat="37.728218" lon="-122.464066"><time>2024-06-01T14:18:28Z</time></trkpt>
      <trkpt lat="37.728110" lon="-122.464171"><time>2024-06-01T14:18:49Z</time></trkpt>
      <trkpt lat="37.728056" lon="-122.464311"><time>2024-06-01T14:19:15Z</time></trkpt>
      <trkpt lat="37.728154" lon="-122.464197"><time>2024-06-01T14:19:38Z</time></trkpt>
      <trkpt lat="37.728254" lon="-122.464085"><time>2024-06-01T14:20:04Z</time></trkpt>
      <trkpt lat="37.728397" lon="-122.464130"><time>2024-06-01T14:20:18Z</time></trkpt>
      <trkpt lat="37.728283" lon="-122.464228"><time>2024-06-01T14:20:40Z</time></trkpt>
      <trkpt lat="37.728133" lon="-122.464239"><time>2024-06-01T14:21:10Z</time></trkpt>
      <trkpt lat="37.728006" lon="-122.464160"><time>2024-06-01T14:21:35Z</time></trkpt>
      <trkpt lat="37.728139" lon="-122.464230"><time>2024-06-01T14:22:05Z</time></trkpt>
      <trkpt lat="37.728271" lon="-122.464300"><time>2024-06-01T14:22:25Z</time></trkpt>
      <trkpt lat="37.728163" lon="-122.464404"><time>2024-06-01T14:22:52Z</time></trkpt>
      <trkpt lat="37.728014" lon="-122.464420"><time>2024-06-01T14:23:07Z</time></trkpt>
      <trkpt lat="37.728154" lon="-122.464365"><time>2024-06-01T14:23:23Z</time></trkpt>
      <trkpt lat="37.728008" lon="-122.464398"><time>2024-06-01T14:23:44Z</time></trkpt>
      <trkpt lat="37.727862" lon="-122.464361"><time>2024-06-01T14:24:08Z</time></trkpt>
      <trkpt lat="37.727972" lon="-122.464464"><time>2024-06-01T14:24:19Z</time></trkpt>
      <trkpt lat="37.727823" lon="-122.464483"><time>2024-06-01T14:24:48Z</time></trkpt>
      <trkpt lat="37.727721" lon="-122.464373"><time>2024-06-01T14:25:12Z</time></trkpt>
      <trkpt lat="37.727857" lon="-122.464436"><time>2024-06-01T14:25:23Z</time></trkpt>
      <trkpt lat="37.727998" lon="-122.464488"><time>2024-06-01T14:25:46Z</time></trkpt>
      <trkpt lat="37.727980" lon="-122.464637"><time>2024-06-01T14:26:06Z</time></trkpt>
      <trkpt lat="37.727856" lon="-122.464721"><time>2024-06-01T14:26:18Z</time></trkpt>
      <trkpt lat="37.727963" lon="-122.464826"><time>2024-06-01T14:26:30Z</time></trkpt>
      <trkpt lat="37.727842" lon="-122.464738"><time>2024-06-01T14:26:42Z</time></trkpt>
      <trkpt lat="37.727727" lon="-122.464835"><time>2024-06-01T14:26:58Z</time></trkpt>
      <trkpt lat="37.727751" lon="-122.464983"><time>2024-06-01T14:27:25Z</time></trkpt>
      <trkpt lat="37.727790" lon="-122.464838"><time>2024-06-01T14:27:52Z</time></trkpt>
      <trkpt lat="37.727907" lon="-122.464744"><time>2024-06-01T14:28:10Z</time></trkpt>
      <trkpt lat="37.727792" lon="-122.464648"><time>2024-06-01T14:28:20Z</time></trkpt>
      <trkpt lat="37.727651" lon="-122.464699"><time>2024-06-01T14:28:48Z</time></trkpt>
      <trkpt lat="37.727795" lon="-122.464740"><time>2024-06-01T14:29:08Z</time></trkpt>
      <trkpt lat="37.727733" lon="-122.464604"><time>2024-06-01T14:29:37Z</time></trkpt>
      <trkpt lat="37.727587" lon="-122.464570"><time>2024-06-01T14:29:52Z</time></trkpt>
      <trkpt lat="37.727455" lon="-122.464642"><time>2024-06-01T14:30:15Z</time></trkpt>
      <trkpt lat="37.727336" lon="-122.464733"><time>2024-06-01T14:30:34Z</time></trkpt>
      <trkpt lat="37.727431" lon="-122.464850"><time>2024-06-01T14:30:48Z</time></trkpt>
      <trkpt lat="37.727423" lon="-122.465000"><time>2024-06-01T14:31:13Z</time></trkpt>
      <trkpt lat="37.727441" lon="-122.465149"><time>2024-06-01T14:31:24Z</time></trkpt>
      <trkpt lat="37.727583" lon="-122.465196"><time>2024-06-01T14:31:52Z</time></trkpt>
      <trkpt lat="37.727453" lon="-122.465120"><time>2024-06-01T14:32:14Z</time></trkpt>
      <trkpt lat="37.727377" lon="-122.464991"><time>2024-06-01T14:32:31Z</time></trkpt>
      <trkpt lat="37.727249" lon="-122.464913"><time>2024-06-01T14:32:57Z</time></trkpt>
      <trkpt lat="37.727137" lon="-122.465013"><time>2024-06-01T14:33:27Z</time></trkpt>
      <trkpt lat="37.727287" lon="-122.465009"><time>2024-06-01T14:33:42Z</time></trkpt>
      <trkpt lat="37.727173" lon="-122.465106"><time>2024-06-01T14:34:03Z</time></trkpt>
      <trkpt lat="37.727053" lon="-122.465015"><time>2024-06-01T14:34:15Z</time></trkpt>
      <trkpt lat="37.727203" lon="-122.465017"><time>2024-06-01T14:34:38Z</time></trkpt>
      <trkpt lat="37.727235" lon="-122.465164"><time>2024-06-01T14:35:05Z</time></trkpt>
      <trkpt lat="37.727101" lon="-122.465096"><time>2024-06-01T14:35:22Z</time></trkpt>
      <trkpt lat="37.727157" lon="-122.464956"><time>2024-06-01T14:35:33Z</time></trkpt>
      <trkpt lat="37.727261" lon="-122.465064"><time>2024-06-01T14:35:48Z</time></trkpt>
      <trkpt lat="37.727335" lon="-122.465194"><time>2024-06-01T14:36:07Z</time></trkpt>
      <trkpt lat="37.727360" lon="-122.465342"><time>2024-06-01T14:36:27Z</time></trkpt>
      <trkpt lat="37.727212" lon="-122.465320"><time>2024-06-01T14:36:42Z</time></trkpt>
      <trkpt lat="37.727085" lon="-122.465240"><time>2024-06-01T14:37:03Z</time></trkpt>
      <trkpt lat="37.726965" lon="-122.465330"><time>2024-06-01T14:37:20Z</time></trkpt>
      <trkpt lat="37.726957" lon="-122.465180"><time>2024-06-01T14:37:39Z</time></trkpt>
      <trkpt lat="37.726812" lon="-122.465142"><time>2024-06-01T14:38:09Z</time></trkpt>
      <trkpt lat="37.726909" lon="-122.465256"><time>2024-06-01T14:38:21Z</time></trkpt>
      <trkpt lat="37.726815" lon="-122.465372"><time>2024-06-01T14:38:33Z</time></trkpt>
      <trkpt lat="37.726775" lon="-122.465517"><time>2024-06-01T14:38:46Z</time></trkpt>
      <trkpt lat="37.726747" lon="-122.465664"><time>2024-06-01T14:39:04Z</time></trkpt>
      <trkpt lat="37.726717" lon="-122.465517"><time>2024-06-01T14:39:17Z</time></trkpt>
      <trkpt lat="37.726570" lon="-122.465486"><time>2024-06-01T14:39:32Z</time></trkpt>
      <trkpt lat="37.726719" lon="-122.465506"><time>2024-06-01T14:39:43Z</time></trkpt>
      <trkpt lat="37.726569" lon="-122.465491"><time>2024-06-01T14:40:06Z</time></trkpt>
      <trkpt lat="37.726434" lon="-122.465426"><time>2024-06-01T14:40:30Z</time></trkpt>
      <trkpt lat="37.726387" lon="-122.465284"><time>2024-06-01T14:40:54Z</time></trkpt>
      <trkpt lat="37.726405" lon="-122.465433"><time>2024-06-01T14:41:22Z</time></trkpt>
      <trkpt lat="37.726382" lon="-122.465581"><time>2024-06-01T14:41:43Z</time></trkpt>
      <trkpt lat="37.726531" lon="-122.465602"><time>2024-06-01T14:42:13Z</time></trkpt>
      <trkpt lat="37.726524" lon="-122.465452"><time>2024-06-01T14:42:30Z</time></trkpt>
      <trkpt lat="37.726374" lon="-122.465450"><time>2024-06-01T14:42:52Z</time></trkpt>
      <trkpt lat="37.726522" lon="-122.465426"><time>2024-06-01T14:43:14Z</time></trkpt>
      <trkpt lat="37.726408" lon="-122.465523"><time>2024-06-01T14:43:42Z</time></trkpt>
      <trkpt lat="37.726458" lon="-122.465664"><time>2024-06-01T14:44:00Z</time></trkpt>
      <trkpt lat="37.726498" lon="-122.465809"><time>2024-06-01T14:44:30Z</time></trkpt>
      <trkpt lat="37.726646" lon="-122.465785"><time>2024-06-01T14:44:41Z</time></trkpt>
      <trkpt lat="37.726525" lon="-122.465874"><time>2024-06-01T14:44:54Z</time></trkpt>
      <trkpt lat="37.726626" lon="-122.465763"><time>2024-06-01T14:45:08Z</time></trkpt>
      <trkpt lat="37.726482" lon="-122.465722"><time>2024-06-01T14:45:34Z</time></trkpt>
      <trkpt lat="37.726386" lon="-122.465838"><time>2024-06-01T14:45:57Z</time></trkpt>
      <trkpt lat="37.726530" lon="-122.465797"><time>2024-06-01T14:46:22Z</time></trkpt>
      <trkpt lat="37.726550" lon="-122.465648"><time>2024-06-01T14:46:48Z</time></trkpt>
      <trkpt lat="37.726504" lon="-122.465506"><time>2024-06-01T14:47:11Z</time></trkpt>
      <trkpt lat="37.726390" lon="-122.465602"><time>2024-06-01T14:47:27Z</time></trkpt>
      <trkpt lat="37.726488" lon="-122.465489"><time>2024-06-01T14:47:53Z</time></trkpt>
      <trkpt lat="37.726339" lon="-122.465500"><time>2024-06-01T14:48:16Z</time></trkpt>
      <trkpt lat="37.726484" lon="-122.465534"><time>2024-06-01T14:48:30Z</time></trkpt>
      <trkpt lat="37.726407" lon="-122.465663"><time>2024-06-01T14:48:43Z</time></trkpt>
      <trkpt lat="37.726327" lon="-122.465536"><time>2024-06-01T14:48:54Z</time></trkpt>
      <trkpt lat="37.726418" lon="-122.465655"><time>2024-06-01T14:49:09Z</time></trkpt>
      <trkpt lat="37.726271" lon="-122.465622"><time>2024-06-01T14:49:24Z</time></trkpt>
      <trkpt lat="37.726142" lon="-122.465697"><time>2024-06-01T14:49:35Z</time></trkpt>
      <trkpt lat="37.726289" lon="-122.465723"><time>2024-06-01T14:50:02Z</time></trkpt>
      <trkpt lat="37.726216" lon="-122.465592"><time>2024-06-01T14:50:23Z</time></trkpt>
      <trkpt lat="37.726237" lon="-122.465443"><time>2024-06-01T14:50:48Z</time></trkpt>
      <trkpt lat="37.726216" lon="-122.465295"><time>2024-06-01T14:51:07Z</time></trkpt>
      <trkpt lat="37.726302" lon="-122.465172"><time>2024-06-01T14:51:34Z</time></trkpt>
      <trkpt lat="37.726307" lon="-122.465322"><time>2024-06-01T14:52:01Z</time></trkpt>
      <trkpt lat="37.726383" lon="-122.465451"><time>2024-06-01T14:52:25Z</time></trkpt>
      <trkpt lat="37.726457" lon="-122.465320"><time>2024-06-01T14:52:44Z</time></trkpt>
      <trkpt lat="37.726534" lon="-122.465449"><time>2024-06-01T14:52:57Z</time></trkpt>
      <trkpt lat="37.726551" lon="-122.465598"><time>2024-06-01T14:53:17Z</time></trkpt>
      <trkpt lat="37.726581" lon="-122.465745"><time>2024-06-01T14:53:43Z</time></trkpt>
      <trkpt lat="37.726719" lon="-122.465687"><time>2024-06-01T14:54:03Z</time></trkpt>
      <trkpt lat="37.726625" lon="-122.465804"><time>2024-06-01T14:54:25Z</time></trkpt>
      <trkpt lat="37.726729" lon="-122.465913"><time>2024-06-01T14:54:44Z</time></trkpt>
      <trkpt lat="37.726755" lon="-122.465766"><time>2024-06-01T14:55:10Z</time></trkpt>
      <trkpt lat="37.726806" lon="-122.465625"><time>2024-06-01T14:55:28Z</time></trkpt>
      <trkpt lat="37.726951" lon="-122.465584"><time>2024-06-01T14:55:41Z</time></trkpt>
      <trkpt lat="37.726946" lon="-122.465734"><time>2024-06-01T14:55:56Z</time></trkpt>
      <trkpt lat="37.726887" lon="-122.465871"><time>2024-06-01T14:56:26Z</time></trkpt>
      <trkpt lat="37.726738" lon="-122.465891"><time>2024-06-01T14:56:38Z</time></trkpt>
      <trkpt lat="37.726862" lon="-122.465807"><time>2024-06-01T14:56:57Z</time></trkpt>
      <trkpt lat="37.726740" lon="-122.465720"><time>2024-06-01T14:57:11Z</time></trkpt>
      <trkpt lat="37.726615" lon="-122.465636"><time>2024-06-01T14:57:25Z</time></trkpt>
      <trkpt lat="37.726590" lon="-122.465784"><time>2024-06-01T14:57:36Z</time></trkpt>
      <trkpt lat="37.726731" lon="-122.465835"><time>2024-06-01T14:57:46Z</time></trkpt>
      <trkpt lat="37.726878" lon="-122.465805"><time>2024-06-01T14:58:09Z</time></trkpt>
      <trkpt lat="37.726756" lon="-122.465718"><time>2024-06-01T14:58:38Z</time></trkpt>
      <trkpt lat="37.726757" lon="-122.465568"><time>2024-06-01T14:59:03Z</time></trkpt>
      <trkpt lat="37.726871" lon="-122.465470"><time>2024-06-01T14:59:31Z</time></trkpt>
      <trkpt lat="37.726742" lon="-122.465394"><time>2024-06-01T14:59:50Z</time></trkpt>
      <trkpt lat="37.726890" lon="-122.465414"><time>2024-06-01T15:00:10Z</time></trkpt>
      <trkpt lat="37.726889" lon="-122.465264"><time>2024-06-01T15:00:29Z</time></trkpt>
      <trkpt lat="37.726805" lon="-122.465388"><time>2024-06-01T15:00:57Z</time></trkpt>
      <trkpt lat="37.726840" lon="-122.465534"><time>2024-06-01T15:01:26Z</time></trkpt>
      <trkpt lat="37.726697" lon="-122.465582"><time>2024-06-01T15:01:51Z</time></trkpt>
      <trkpt lat="37.726822" lon="-122.465666"><time>2024-06-01T15:02:02Z</time></trkpt>
      <trkpt lat="37.726971" lon="-122.465655"><time>2024-06-01T15:02:24Z</time></trkpt>
      <trkpt lat="37.726838" lon="-122.465724"><time>2024-06-01T15:02:47Z</time></trkpt>
      <trkpt lat="37.726845" lon="-122.465874"><time>2024-06-01T15:03:12Z</time></trkpt>
      <trkpt lat="37.726711" lon="-122.465940"><time>2024-06-01T15:03:41Z</time></trkpt>
      <trkpt lat="37.726859" lon="-122.465922"><time>2024-06-01T15:04:01Z</time></trkpt>
      <trkpt lat="37.726990" lon="-122.465994"><time>2024-06-01T15:04:30Z</time></trkpt>
      <trkpt lat="37.727130" lon="-122.465939"><time>2024-06-01T15:04:48Z</time></trkpt>
      <trkpt lat="37.727280" lon="-122.465937"><time>2024-06-01T15:05:02Z</time></trkpt>
      <trkpt lat="37.727189" lon="-122.465818"><time>2024-06-01T15:05:16Z</time></trkpt>
      <trkpt lat="37.727172" lon="-122.465669"><time>2024-06-01T15:05:37Z</time></trkpt>
      <trkpt lat="37.727313" lon="-122.465619"><time>2024-06-01T15:05:57Z</time></trkpt>
      <trkpt lat="37.727384" lon="-122.465487"><time>2024-06-01T15:06:11Z</time></trkpt>
      <trkpt lat="37.727521" lon="-122.465547"><time>2024-06-01T15:06:30Z</time></trkpt>
      <trkpt lat="37.727371" lon="-122.465550"><time>2024-06-01T15:06:57Z</time></trkpt>
      <trkpt lat="37.727520" lon="-122.465570"><time>2024-06-01T15:07:26Z</time></trkpt>
      <trkpt lat="37.727607" lon="-122.465448"><time>2024-06-01T15:07:46Z</time></trkpt>
      <trkpt lat="37.727461" lon="-122.465482"><time>2024-06-01T15:07:58Z</time></trkpt>
      <trkpt lat="37.727422" lon="-122.465337"><time>2024-06-01T15:08:22Z</time></trkpt>
      <trkpt lat="37.727452" lon="-122.465190"><time>2024-06-01T15:08:45Z</time></trkpt>
      <trkpt lat="37.727599" lon="-122.465219"><time>2024-06-01T15:09:03Z</time></trkpt>
      <trkpt lat="37.727748" lon="-122.465200"><time>2024-06-01T15:09:19Z</time></trkpt>
      <trkpt lat="37.727806" lon="-122.465338"><time>2024-06-01T15:09:36Z</time></trkpt>
      <trkpt lat="37.727849" lon="-122.465482"><time>2024-06-01T15:09:55Z</time></trkpt>
      <trkpt lat="37.727820" lon="-122.465335"><time>2024-06-01T15:10:09Z</time></trkpt>
      <trkpt lat="37.727681" lon="-122.465276"><time>2024-06-01T15:10:21Z</time></trkpt>
      <trkpt lat="37.727569" lon="-122.465177"><time>2024-06-01T15:10:35Z</time></trkpt>
      <trkpt lat="37.727719" lon="-122.465185"><time>2024-06-01T15:10:54Z</time></trkpt>
      <trkpt lat="37.727580" lon="-122.465128"><time>2024-06-01T15:11:24Z</time></trkpt>
      <trkpt lat="37.727484" lon="-122.465243"><time>2024-06-01T15:11:48Z</time></trkpt>
      <trkpt lat="37.727634" lon="-122.465247"><time>2024-06-01T15:12:02Z</time></trkpt>
      <trkpt lat="37.727778" lon="-122.465207"><time>2024-06-01T15:12:21Z</time></trkpt>
      <trkpt lat="37.727628" lon="-122.465200"><time>2024-06-01T15:12:37Z</time></trkpt>
      <trkpt lat="37.727608" lon="-122.465052"><time>2024-06-01T15:12:56Z</time></trkpt>
      <trkpt lat="37.727526" lon="-122.464927"><time>2024-06-01T15:13:12Z</time></trkpt>
      <trkpt lat="37.727597" lon="-122.465059"><time>2024-06-01T15:13:33Z</time></trkpt>
      <trkpt lat="37.727534" lon="-122.465195"><time>2024-06-01T15:14:00Z</time></trkpt>
      <trkpt lat="37.727386" lon="-122.465223"><time>2024-06-01T15:14:26Z</time></trkpt>
      <trkpt lat="37.727349" lon="-122.465368"><time>2024-06-01T15:14:50Z</time></trkpt>
      <trkpt lat="37.727213" lon="-122.465305"><time>2024-06-01T15:15:19Z</time></trkpt>
      <trkpt lat="37.727239" lon="-122.465452"><time>2024-06-01T15:15:39Z</time></trkpt>
      <trkpt lat="37.727378" lon="-122.465510"><time>2024-06-01T15:15:57Z</time></trkpt>
      <trkpt lat="37.727415" lon="-122.465655"><time>2024-06-01T15:16:09Z</time></trkpt>
      <trkpt lat="37.727502" lon="-122.465777"><time>2024-06-01T15:16:23Z</time></trkpt>
      <trkpt lat="37.727448" lon="-122.465917"><time>2024-06-01T15:16:52Z</time></trkpt>
      <trkpt lat="37.727597" lon="-122.465937"><time>2024-06-01T15:17:11Z</time></trkpt>
      <trkpt lat="37.727598" lon="-122.465787"><time>2024-06-01T15:17:29Z</time></trkpt>
      <trkpt lat="37.727478" lon="-122.465697"><time>2024-06-01T15:17:54Z</time></trkpt>
      <trkpt lat="37.727590" lon="-122.465597"><time>2024-06-01T15:18:08Z</time></trkpt>
      <trkpt lat="37.727691" lon="-122.465486"><time>2024-06-01T15:18:24Z</time></trkpt>
      <trkpt lat="37.727758" lon="-122.465352"><time>2024-06-01T15:18:43Z</time></trkpt>
      <trkpt lat="37.727816" lon="-122.465214"><time>2024-06-01T15:18:59Z</time></trkpt>
      <trkpt lat="37.727887" lon="-122.465082"><time>2024-06-01T15:19:11Z</time></trkpt>
      <trkpt lat="37.728037" lon="-122.465086"><time>2024-06-01T15:19:38Z</time></trkpt>
      <trkpt lat="37.728156" lon="-122.464995"><time>2024-06-01T15:20:00Z</time></trkpt>
      <trkpt lat="37.728305" lon="-122.465011"><time>2024-06-01T15:20:25Z</time></trkpt>
      <trkpt lat="37.728236" lon="-122.465144"><time>2024-06-01T15:20:37Z</time></trkpt>
      <trkpt lat="37.728117" lon="-122.465053"><time>2024-06-01T15:20:58Z</time></trkpt>
      <trkpt lat="37.727968" lon="-122.465038"><time>2024-06-01T15:21:23Z</time></trkpt>
      <trkpt lat="37.728000" lon="-122.465184"><time>2024-06-01T15:21:42Z</time></trkpt>
      <trkpt lat="37.728150" lon="-122.465192"><time>2024-06-01T15:22:07Z</time></trkpt>
      <trkpt lat="37.728189" lon="-122.465336"><time>2024-06-01T15:22:31Z</time></trkpt>
      <trkpt lat="37.728075" lon="-122.465433"><time>2024-06-01T15:22:51Z</time></trkpt>
      <trkpt lat="37.728129" lon="-122.465293"><time>2024-06-01T15:23:15Z</time></trkpt>
      <trkpt lat="37.727986" lon="-122.465339"><time>2024-06-01T15:23:29Z</time></trkpt>
      <trkpt lat="37.728013" lon="-122.465191"><time>2024-06-01T15:23:50Z</time></trkpt>
      <trkpt lat="37.727893" lon="-122.465281"><time>2024-06-01T15:24:00Z</time></trkpt>
      <trkpt lat="37.727791" lon="-122.465172"><time>2024-06-01T15:24:24Z</time></trkpt>
      <trkpt lat="37.727939" lon="-122.465190"><time>2024-06-01T15:24:48Z</time></trkpt>
      <trkpt lat="37.728086" lon="-122.465157"><time>2024-06-01T15:25:18Z</time></trkpt>
      <trkpt lat="37.728108" lon="-122.465306"><time>2024-06-01T15:25:43Z</time></trkpt>
      <trkpt lat="37.728213" lon="-122.465198"><time>2024-06-01T15:26:08Z</time></trkpt>
      <trkpt lat="37.728321" lon="-122.465094"><time>2024-06-01T15:26:22Z</time></trkpt>
      <trkpt lat="37.728430" lon="-122.465196"><time>2024-06-01T15:26:41Z</time></trkpt>
      <trkpt lat="37.728298" lon="-122.465267"><time>2024-06-01T15:27:07Z</time></trkpt>
      <trkpt lat="37.728321" lon="-122.465415"><time>2024-06-01T15:27:25Z</time></trkpt>
      <trkpt lat="37.728296" lon="-122.465267"><time>2024-06-01T15:27:52Z</time></trkpt>
      <trkpt lat="37.728161" lon="-122.465333"><time>2024-06-01T15:28:04Z</time></trkpt>
      <trkpt lat="37.728011" lon="-122.465328"><time>2024-06-01T15:28:24Z</time></trkpt>
      <trkpt lat="37.727998" lon="-122.465179"><time>2024-06-01T15:28:50Z</time></trkpt>
      <trkpt lat="37.727850" lon="-122.465151"><time>2024-06-01T15:29:16Z</time></trkpt>
      <trkpt lat="37.727999" lon="-122.465132"><time>2024-06-01T15:29:27Z</time></trkpt>
      <trkpt lat="37.727886" lon="-122.465033"><time>2024-06-01T15:29:40Z</time></trkpt>
      <trkpt lat="37.727873" lon="-122.465183"><time>2024-06-01T15:29:55Z</time></trkpt>
      <trkpt lat="37.727771" lon="-122.465293"><time>2024-06-01T15:30:25Z</time></trkpt>
      <trkpt lat="37.727845" lon="-122.465423"><time>2024-06-01T15:30:39Z</time></trkpt>
      <trkpt lat="37.727933" lon="-122.465545"><time>2024-06-01T15:30:56Z</time></trkpt>
      <trkpt lat="37.727926" lon="-122.465694"><time>2024-06-01T15:31:15Z</time></trkpt>
      <trkpt lat="37.727871" lon="-122.465555"><time>2024-06-01T15:31:35Z</time></trkpt>
      <trkpt lat="37.728014" lon="-122.465509"><time>2024-06-01T15:31:59Z</time></trkpt>
      <trkpt lat="37.728161" lon="-122.465481"><time>2024-06-01T15:32:25Z</time></trkpt>
      <trkpt lat="37.728289" lon="-122.465402"><time>2024-06-01T15:32:43Z</time></trkpt>
      <trkpt lat="37.728308" lon="-122.465550"><time>2024-06-01T15:33:12Z</time></trkpt>
      <trkpt lat="37.728158" lon="-122.465541"><time>2024-06-01T15:33:24Z</time></trkpt>
      <trkpt lat="37.728041" lon="-122.465634"><time>2024-06-01T15:33:39Z</time></trkpt>
      <trkpt lat="37.728191" lon="-122.465639"><time>2024-06-01T15:33:57Z</time></trkpt>
      <trkpt lat="37.728309" lon="-122.465731"><time>2024-06-01T15:34:22Z</time></trkpt>
      <trkpt lat="37.728432" lon="-122.465817"><time>2024-06-01T15:34:47Z</time></trkpt>
      <trkpt lat="37.728445" lon="-122.465966"><time>2024-06-01T15:35:07Z</time></trkpt>
      <trkpt lat="37.728476" lon="-122.466113"><time>2024-06-01T15:35:19Z</time></trkpt>
      <trkpt lat="37.728613" lon="-122.466052"><time>2024-06-01T15:35:35Z</time></trkpt>
      <trkpt lat="37.728665" lon="-122.465911"><time>2024-06-01T15:36:02Z</time></trkpt>
      <trkpt lat="37.728555" lon="-122.465809"><time>2024-06-01T15:36:27Z</time></trkpt>
      <trkpt lat="37.728405" lon="-122.465818"><time>2024-06-01T15:36:45Z</time></trkpt>
      <trkpt lat="37.728517" lon="-122.465718"><time>2024-06-01T15:37:05Z</time></trkpt>
      <trkpt lat="37.728532" lon="-122.465569"><time>2024-06-01T15:37:24Z</time></trkpt>
      <trkpt lat="37.728404" lon="-122.465489"><time>2024-06-01T15:37:47Z</time></trkpt>
      <trkpt lat="37.728283" lon="-122.465577"><time>2024-06-01T15:38:10Z</time></trkpt>
      <trkpt lat="37.728427" lon="-122.465619"><time>2024-06-01T15:38:26Z</time></trkpt>
      <trkpt lat="37.728334" lon="-122.465501"><time>2024-06-01T15:38:51Z</time></trkpt>
      <trkpt lat="37.728483" lon="-122.465524"><time>2024-06-01T15:39:12Z</time></trkpt>
      <trkpt lat="37.728389" lon="-122.465641"><time>2024-06-01T15:39:22Z</time></trkpt>
      <trkpt lat="37.728508" lon="-122.465732"><time>2024-06-01T15:39:49Z</time></trkpt>
      <trkpt lat="37.728620" lon="-122.465832"><time>2024-06-01T15:40:06Z</time></trkpt>
      <trkpt lat="37.728470" lon="-122.465842"><time>2024-06-01T15:40:31Z</time></trkpt>
      <trkpt lat="37.728619" lon="-122.465859"><time>2024-06-01T15:40:53Z</time></trkpt>
      <trkpt lat="37.728676" lon="-122.465998"><time>2024-06-01T15:41:19Z</time></trkpt>
      <trkpt lat="37.728808" lon="-122.466069"><time>2024-06-01T15:41:49Z</time></trkpt>
      <trkpt lat="37.728917" lon="-122.465965"><time>2024-06-01T15:42:02Z</time></trkpt>
      <trkpt lat="37.728767" lon="-122.465975"><time>2024-06-01T15:42:28Z</time></trkpt>
      <trkpt lat="37.728779" lon="-122.465826"><time>2024-06-01T15:42:49Z</time></trkpt>
      <trkpt lat="37.728729" lon="-122.465967"><time>2024-06-01T15:43:11Z</time></trkpt>
      <trkpt lat="37.728748" lon="-122.465818"><time>2024-06-01T15:43:29Z</time></trkpt>
      <trkpt lat="37.728675" lon="-122.465949"><time>2024-06-01T15:43:49Z</time></trkpt>
      <trkpt lat="37.728593" lon="-122.465823"><time>2024-06-01T15:44:15Z</time></trkpt>
      <trkpt lat="37.728740" lon="-122.465857"><time>2024-06-01T15:44:35Z</time></trkpt>
      <trkpt lat="37.728762" lon="-122.465708"><time>2024-06-01T15:44:46Z</time></trkpt>
      <trkpt lat="37.728872" lon="-122.465606"><time>2024-06-01T15:45:14Z</time></trkpt>
      <trkpt lat="37.728984" lon="-122.465507"><time>2024-06-01T15:45:32Z</time></trkpt>
      <trkpt lat="37.729013" lon="-122.465654"><time>2024-06-01T15:45:53Z</time></trkpt>
      <trkpt lat="37.729048" lon="-122.465800"><time>2024-06-01T15:46:19Z</time></trkpt>
      <trkpt lat="37.728898" lon="-122.465784"><time>2024-06-01T15:46:36Z</time></trkpt>
      <trkpt lat="37.728748" lon="-122.465782"><time>2024-06-01T15:46:52Z</time></trkpt>
      <trkpt lat="37.728892" lon="-122.465827"><time>2024-06-01T15:47:22Z</time></trkpt>
      <trkpt lat="37.728781" lon="-122.465928"><time>2024-06-01T15:47:48Z</time></trkpt>
      <trkpt lat="37.728797" lon="-122.466077"><time>2024-06-01T15:48:09Z</time></trkpt>
      <trkpt lat="37.728716" lon="-122.466203"><time>2024-06-01T15:48:35Z</time></trkpt>
      <trkpt lat="37.728641" lon="-122.466333"><time>2024-06-01T15:49:01Z</time></trkpt>
      <trkpt lat="37.728594" lon="-122.466476"><time>2024-06-01T15:49:26Z</time></trkpt>
      <trkpt lat="37.728456" lon="-122.466533"><time>2024-06-01T15:49:48Z</time></trkpt>
      <trkpt lat="37.728494" lon="-122.466388"><time>2024-06-01T15:50:16Z</time></trkpt>
      <trkpt lat="37.728368" lon="-122.466469"><time>2024-06-01T15:50:39Z</time></trkpt>
      <trkpt lat="37.728517" lon="-122.466449"><time>2024-06-01T15:51:04Z</time></trkpt>
      <trkpt lat="37.728387" lon="-122.466525"><time>2024-06-01T15:51:25Z</time></trkpt>
      <trkpt lat="37.728281" lon="-122.466419"><time>2024-06-01T15:51:50Z</time></trkpt>
      <trkpt lat="37.728142" lon="-122.466474"><time>2024-06-01T15:52:00Z</time></trkpt>
      <trkpt lat="37.728082" lon="-122.466612"><time>2024-06-01T15:52:12Z</time></trkpt>
      <trkpt lat="37.728041" lon="-122.466468"><time>2024-06-01T15:52:24Z</time></trkpt>
      <trkpt lat="37.727996" lon="-122.466611"><time>2024-06-01T15:52:52Z</time></trkpt>
      <trkpt lat="37.728028" lon="-122.466464"><time>2024-06-01T15:53:18Z</time></trkpt>
      <trkpt lat="37.728167" lon="-122.466520"><time>2024-06-01T15:53:43Z</time></trkpt>
      <trkpt lat="37.728290" lon="-122.466433"><time>2024-06-01T15:54:13Z</time></trkpt>
      <trkpt lat="37.728284" lon="-122.466283"><time>2024-06-01T15:54:43Z</time></trkpt>
      <trkpt lat="37.728417" lon="-122.466352"><time>2024-06-01T15:55:11Z</time></trkpt>
      <trkpt lat="37.728562" lon="-122.466388"><time>2024-06-01T15:55:25Z</time></trkpt>
      <trkpt lat="37.728418" lon="-122.466349"><time>2024-06-01T15:55:45Z</time></trkpt>
      <trkpt lat="37.728348" lon="-122.466482"><time>2024-06-01T15:56:01Z</time></trkpt>
      <trkpt lat="37.728459" lon="-122.466583"><time>2024-06-01T15:56:11Z</time></trkpt>
      <trkpt lat="37.728311" lon="-122.466610"><time>2024-06-01T15:56:39Z</time></trkpt>
      <trkpt lat="37.728396" lon="-122.466486"><time>2024-06-01T15:57:00Z</time></trkpt>
      <trkpt lat="37.728330" lon="-122.466621"><time>2024-06-01T15:57:24Z</time></trkpt>
      <trkpt lat="37.728472" lon="-122.466670"><time>2024-06-01T15:57:47Z</time></trkpt>
      <trkpt lat="37.728333" lon="-122.466727"><time>2024-06-01T15:58:05Z</time></trkpt>
      <trkpt lat="37.728481" lon="-122.466707"><time>2024-06-01T15:58:22Z</time></trkpt>
      <trkpt lat="37.728334" lon="-122.466732"><time>2024-06-01T15:58:46Z</time></trkpt>
      <trkpt lat="37.728479" lon="-122.466697"><time>2024-06-01T15:59:15Z</time></trkpt>
      <trkpt lat="37.728371" lon="-122.466593"><time>2024-06-01T15:59:29Z</time></trkpt>
      <trkpt lat="37.728230" lon="-122.466642"><time>2024-06-01T15:59:54Z</time></trkpt>
      <trkpt lat="37.728283" lon="-122.466502"><time>2024-06-01T16:00:22Z</time></trkpt>
      <trkpt lat="37.728133" lon="-122.466502"><time>2024-06-01T16:00:38Z</time></trkpt>
      <trkpt lat="37.728207" lon="-122.466372"><time>2024-06-01T16:00:56Z</time></trkpt>
      <trkpt lat="37.728325" lon="-122.466279"><time>2024-06-01T16:01:06Z</time></trkpt>
      <trkpt lat="37.728350" lon="-122.466132"><time>2024-06-01T16:01:26Z</time></trkpt>
      <trkpt lat="37.728497" lon="-122.466106"><time>2024-06-01T16:01:54Z</time></trkpt>
      <trkpt lat="37.728499" lon="-122.465956"><time>2024-06-01T16:02:05Z</time></trkpt>
      <trkpt lat="37.728643" lon="-122.465996"><time>2024-06-01T16:02:17Z</time></trkpt>
      <trkpt lat="37.728719" lon="-122.465866"><time>2024-06-01T16:02:44Z</time></trkpt>
      <trkpt lat="37.728868" lon="-122.465856"><time>2024-06-01T16:02:54Z</time></trkpt>
      <trkpt lat="37.728775" lon="-122.465739"><time>2024-06-01T16:03:15Z</time></trkpt>
      <trkpt lat="37.728898" lon="-122.465654"><time>2024-06-01T16:03:45Z</time></trkpt>
      <trkpt lat="37.728821" lon="-122.465525"><time>2024-06-01T16:04:13Z</time></trkpt>
      <trkpt lat="37.728815" lon="-122.465675"><time>2024-06-01T16:04:34Z</time></trkpt>
      <trkpt lat="37.728792" lon="-122.465824"><time>2024-06-01T16:04:58Z</time></trkpt>
      <trkpt lat="37.728927" lon="-122.465889"><time>2024-06-01T16:05:22Z</time></trkpt>
      <trkpt lat="37.728961" lon="-122.465743"><time>2024-06-01T16:05:34Z</time></trkpt>
      <trkpt lat="37.728851" lon="-122.465844"><time>2024-06-01T16:05:49Z</time></trkpt>
      <trkpt lat="37.728998" lon="-122.465871"><time>2024-06-01T16:06:18Z</time></trkpt>
      <trkpt lat="37.729147" lon="-122.465849"><time>2024-06-01T16:06:44Z</time></trkpt>
      <trkpt lat="37.729053" lon="-122.465966"><time>2024-06-01T16:07:08Z</time></trkpt>
      <trkpt lat="37.729087" lon="-122.465820"><time>2024-06-01T16:07:31Z</time></trkpt>
      <trkpt lat="37.728947" lon="-122.465767"><time>2024-06-01T16:08:01Z</time></trkpt>
      <trkpt lat="37.728807" lon="-122.465823"><time>2024-06-01T16:08:15Z</time></trkpt>
      <trkpt lat="37.728820" lon="-122.465972"><time>2024-06-01T16:08:43Z</time></trkpt>
      <trkpt lat="37.728674" lon="-122.466008"><time>2024-06-01T16:09:11Z</time></trkpt>
      <trkpt lat="37.728662" lon="-122.465858"><time>2024-06-01T16:09:26Z</time></trkpt>
      <trkpt lat="37.728767" lon="-122.465965"><time>2024-06-01T16:09:46Z</time></trkpt>
      <trkpt lat="37.728916" lon="-122.465981"><time>2024-06-01T16:10:06Z</time></trkpt>
      <trkpt lat="37.729037" lon="-122.466070"><time>2024-06-01T16:10:30Z</time></trkpt>
      <trkpt lat="37.729134" lon="-122.466184"><time>2024-06-01T16:10:51Z</time></trkpt>
      <trkpt lat="37.729144" lon="-122.466334"><time>2024-06-01T16:11:07Z</time></trkpt>
      <trkpt lat="37.729046" lon="-122.466447"><time>2024-06-01T16:11:30Z</time></trkpt>
      <trkpt lat="37.729144" lon="-122.466333"><time>2024-06-01T16:11:42Z</time></trkpt>
      <trkpt lat="37.729286" lon="-122.466380"><time>2024-06-01T16:12:00Z</time></trkpt>
      <trkpt lat="37.729198" lon="-122.466502"><time>2024-06-01T16:12:22Z</time></trkpt>
      <trkpt lat="37.729064" lon="-122.466569"><time>2024-06-01T16:12:42Z</time></trkpt>
      <trkpt lat="37.729027" lon="-122.466424"><time>2024-06-01T16:13:01Z</time></trkpt>
      <trkpt lat="37.728911" lon="-122.466328"><time>2024-06-01T16:13:15Z</time></trkpt>
      <trkpt lat="37.728968" lon="-122.466189"><time>2024-06-01T16:13:29Z</time></trkpt>
      <trkpt lat="37.729052" lon="-122.466065"><time>2024-06-01T16:13:53Z</time></trkpt>
      <trkpt lat="37.729178" lon="-122.465984"><time>2024-06-01T16:14:06Z</time></trkpt>
      <trkpt lat="37.729253" lon="-122.466114"><time>2024-06-01T16:14:35Z</time></trkpt>
      <trkpt lat="37.729199" lon="-122.465974"><time>2024-06-01T16:14:58Z</time></trkpt>
      <trkpt lat="37.729337" lon="-122.466033"><time>2024-06-01T16:15:10Z</time></trkpt>
      <trkpt lat="37.729271" lon="-122.465898"><time>2024-06-01T16:15:27Z</time></trkpt>
      <trkpt lat="37.729189" lon="-122.466024"><time>2024-06-01T16:15:42Z</time></trkpt>
      <trkpt lat="37.729101" lon="-122.466145"><time>2024-06-01T16:16:01Z</time></trkpt>
      <trkpt lat="37.728991" lon="-122.466043"><time>2024-06-01T16:16:16Z</time></trkpt>
      <trkpt lat="37.729140" lon="-122.466050"><time>2024-06-01T16:16:44Z</time></trkpt>
      <trkpt lat="37.729009" lon="-122.466123"><time>2024-06-01T16:17:03Z</time></trkpt>
      <trkpt lat="37.729136" lon="-122.466205"><time>2024-06-01T16:17:21Z</time></trkpt>
      <trkpt lat="37.728988" lon="-122.466229"><time>2024-06-01T16:17:46Z</time></trkpt>
      <trkpt lat="37.728934" lon="-122.466089"><time>2024-06-01T16:18:08Z</time></trkpt>
      <trkpt lat="37.729014" lon="-122.465962"><time>2024-06-01T16:18:29Z</time></trkpt>
      <trkpt lat="37.729080" lon="-122.465827"><time>2024-06-01T16:18:52Z</time></trkpt>
      <trkpt lat="37.728944" lon="-122.465764"><time>2024-06-01T16:19:08Z</time></trkpt>
      <trkpt lat="37.728797" lon="-122.465733"><time>2024-06-01T16:19:37Z</time></trkpt>
      <trkpt lat="37.728662" lon="-122.465668"><time>2024-06-01T16:19:50Z</time></trkpt>
      <trkpt lat="37.728641" lon="-122.465817"><time>2024-06-01T16:20:06Z</time></trkpt>
      <trkpt lat="37.728790" lon="-122.465829"><time>2024-06-01T16:20:18Z</time></trkpt>
      <trkpt lat="37.728744" lon="-122.465686"><time>2024-06-01T16:20:39Z</time></trkpt>
      <trkpt lat="37.728595" lon="-122.465671"><time>2024-06-01T16:20:57Z</time></trkpt>
      <trkpt lat="37.728477" lon="-122.465579"><time>2024-06-01T16:21:18Z</time></trkpt>
      <trkpt lat="37.728622" lon="-122.465543"><time>2024-06-01T16:21:43Z</time></trkpt>
      <trkpt lat="37.728616" lon="-122.465393"><time>2024-06-01T16:22:09Z</time></trkpt>
      <trkpt lat="37.728582" lon="-122.465247"><time>2024-06-01T16:22:38Z</time></trkpt>
      <trkpt lat="37.728730" lon="-122.465272"><time>2024-06-01T16:23:08Z</time></trkpt>
      <trkpt lat="37.728588" lon="-122.465225"><time>2024-06-01T16:23:28Z</time></trkpt>
      <trkpt lat="37.728491" lon="-122.465340"><time>2024-06-01T16:23:54Z</time></trkpt>
      <trkpt lat="37.728343" lon="-122.465315"><time>2024-06-01T16:24:15Z</time></trkpt>
      <trkpt lat="37.728490" lon="-122.465287"><time>2024-06-01T16:24:29Z</time></trkpt>
      <trkpt lat="37.728594" lon="-122.465395"><time>2024-06-01T16:24:43Z</time></trkpt>
      <trkpt lat="37.728519" lon="-122.465525"><time>2024-06-01T16:25:08Z</time></trkpt>
      <trkpt lat="37.728623" lon="-122.465417"><time>2024-06-01T16:25:19Z</time></trkpt>
      <trkpt lat="37.728766" lon="-122.465374"><time>2024-06-01T16:25:39Z</time></trkpt>
      <trkpt lat="37.728631" lon="-122.465309"><time>2024-06-01T16:26:01Z</time></trkpt>
      <trkpt lat="37.728525" lon="-122.465416"><time>2024-06-01T16:26:23Z</time></trkpt>
      <trkpt lat="37.728599" lon="-122.465285"><time>2024-06-01T16:26:51Z</time></trkpt>
      <trkpt lat="37.728657" lon="-122.465147"><time>2024-06-01T16:27:11Z</time></trkpt>
      <trkpt lat="37.728782" lon="-122.465230"><time>2024-06-01T16:27:21Z</time></trkpt>
      <trkpt lat="37.728773" lon="-122.465380"><time>2024-06-01T16:27:38Z</time></trkpt>
      <trkpt lat="37.728919" lon="-122.465417"><time>2024-06-01T16:27:51Z</time></trkpt>
      <trkpt lat="37.728808" lon="-122.465316"><time>2024-06-01T16:28:05Z</time></trkpt>
      <trkpt lat="37.728734" lon="-122.465446"><time>2024-06-01T16:28:18Z</time></trkpt>
      <trkpt lat="37.728593" lon="-122.465498"><time>2024-06-01T16:28:41Z</time></trkpt>
      <trkpt lat="37.728701" lon="-122.465394"><time>2024-06-01T16:28:57Z</time></trkpt>
      <trkpt lat="37.728642" lon="-122.465256"><time>2024-06-01T16:29:16Z</time></trkpt>
      <trkpt lat="37.728745" lon="-122.465146"><time>2024-06-01T16:29:27Z</time></trkpt>
      <trkpt lat="37.728895" lon="-122.465155"><time>2024-06-01T16:29:53Z</time></trkpt>
      <trkpt lat="37.728790" lon="-122.465262"><time>2024-06-01T16:30:03Z</time></trkpt>
      <trkpt lat="37.728680" lon="-122.465364"><time>2024-06-01T16:30:29Z</time></trkpt>
      <trkpt lat="37.728830" lon="-122.465358"><time>2024-06-01T16:30:45Z</time></trkpt>
      <trkpt lat="37.728889" lon="-122.465220"><time>2024-06-01T16:31:07Z</time></trkpt>
      <trkpt lat="37.728895" lon="-122.465370"><time>2024-06-01T16:31:27Z</time></trkpt>
      <trkpt lat="37.729017" lon="-122.465456"><time>2024-06-01T16:31:43Z</time></trkpt>
      <trkpt lat="37.729150" lon="-122.465387"><time>2024-06-01T16:31:58Z</time></trkpt>
      <trkpt lat="37.729300" lon="-122.465391"><time>2024-06-01T16:32:26Z</time></trkpt>
      <trkpt lat="37.729421" lon="-122.465479"><time>2024-06-01T16:32:56Z</time></trkpt>
      <trkpt lat="37.729553" lon="-122.465551"><time>2024-06-01T16:33:08Z</time></trkpt>
      <trkpt lat="37.729403" lon="-122.465561"><time>2024-06-01T16:33:37Z</time></trkpt>
      <trkpt lat="37.729257" lon="-122.465525"><time>2024-06-01T16:33:49Z</time></trkpt>
      <trkpt lat="37.729338" lon="-122.465399"><time>2024-06-01T16:34:12Z</time></trkpt>
      <trkpt lat="37.729469" lon="-122.465325"><time>2024-06-01T16:34:37Z</time></trkpt>
      <trkpt lat="37.729320" lon="-122.465302"><time>2024-06-01T16:34:53Z</time></trkpt>
      <trkpt lat="37.729389" lon="-122.465169"><time>2024-06-01T16:35:17Z</time></trkpt>
      <trkpt lat="37.729373" lon="-122.465318"><time>2024-06-01T16:35:41Z</time></trkpt>
      <trkpt lat="37.729510" lon="-122.465379"><time>2024-06-01T16:36:02Z</time></trkpt>
      <trkpt lat="37.729436" lon="-122.465248"><time>2024-06-01T16:36:27Z</time></trkpt>
      <trkpt lat="37.729290" lon="-122.465217"><time>2024-06-01T16:36:39Z</time></trkpt>
      <trkpt lat="37.729144" lon="-122.465253"><time>2024-06-01T16:36:58Z</time></trkpt>
      <trkpt lat="37.729012" lon="-122.465323"><time>2024-06-01T16:37:08Z</time></trkpt>
      <trkpt lat="37.729162" lon="-122.465321"><time>2024-06-01T16:37:31Z</time></trkpt>
      <trkpt lat="37.729248" lon="-122.465198"><time>2024-06-01T16:37:50Z</time></trkpt>
      <trkpt lat="37.729112" lon="-122.465263"><time>2024-06-01T16:38:07Z</time></trkpt>
      <trkpt lat="37.729258" lon="-122.465225"><time>2024-06-01T16:38:18Z</time></trkpt>
      <trkpt lat="37.729250" lon="-122.465375"><time>2024-06-01T16:38:28Z</time></trkpt>
      <trkpt lat="37.729372" lon="-122.465287"><time>2024-06-01T16:38:55Z</time></trkpt>
      <trkpt lat="37.729328" lon="-122.465431"><time>2024-06-01T16:39:13Z</time></trkpt>
      <trkpt lat="37.729184" lon="-122.465472"><time>2024-06-01T16:39:43Z</time></trkpt>
      <trkpt lat="37.729052" lon="-122.465401"><time>2024-06-01T16:40:04Z</time></trkpt>
      <trkpt lat="37.729123" lon="-122.465268"><time>2024-06-01T16:40:23Z</time></trkpt>
      <trkpt lat="37.729060" lon="-122.465405"><time>2024-06-01T16:40:48Z</time></trkpt>
      <trkpt lat="37.729147" lon="-122.465282"><time>2024-06-01T16:41:18Z</time></trkpt>
      <trkpt lat="37.728998" lon="-122.465262"><time>2024-06-01T16:41:35Z</time></trkpt>
      <trkpt lat="37.729133" lon="-122.465196"><time>2024-06-01T16:41:45Z</time></trkpt>
      <trkpt lat="37.728990" lon="-122.465150"><time>2024-06-01T16:42:07Z</time></trkpt>
      <trkpt lat="37.728989" lon="-122.465000"><time>2024-06-01T16:42:36Z</time></trkpt>
      <trkpt lat="37.729124" lon="-122.464934"><time>2024-06-01T16:42:47Z</time></trkpt>
      <trkpt lat="37.729271" lon="-122.464904"><time>2024-06-01T16:43:01Z</time></trkpt>
      <trkpt lat="37.729311" lon="-122.465048"><time>2024-06-01T16:43:28Z</time></trkpt>
      <trkpt lat="37.729178" lon="-122.465117"><time>2024-06-01T16:43:47Z</time></trkpt>
      <trkpt lat="37.729089" lon="-122.465238"><time>2024-06-01T16:44:00Z</time></trkpt>
      <trkpt lat="37.729126" lon="-122.465384"><time>2024-06-01T16:44:19Z</time></trkpt>
      <trkpt lat="37.729270" lon="-122.465342"><time>2024-06-01T16:44:29Z</time></trkpt>
      <trkpt lat="37.729402" lon="-122.465412"><time>2024-06-01T16:44:44Z</time></trkpt>
      <trkpt lat="37.729324" lon="-122.465540"><time>2024-06-01T16:45:06Z</time></trkpt>
      <trkpt lat="37.729465" lon="-122.465491"><time>2024-06-01T16:45:28Z</time></trkpt>
      <trkpt lat="37.729424" lon="-122.465347"><time>2024-06-01T16:45:45Z</time></trkpt>
      <trkpt lat="37.729299" lon="-122.465264"><time>2024-06-01T16:46:09Z</time></trkpt>
      <trkpt lat="37.729155" lon="-122.465304"><time>2024-06-01T16:46:27Z</time></trkpt>
      <trkpt lat="37.729303" lon="-122.465330"><time>2024-06-01T16:46:37Z</time></trkpt>
      <trkpt lat="37.729316" lon="-122.465479"><time>2024-06-01T16:47:01Z</time></trkpt>
      <trkpt lat="37.729297" lon="-122.465628"><time>2024-06-01T16:47:29Z</time></trkpt>
      <trkpt lat="37.729333" lon="-122.465773"><time>2024-06-01T16:47:56Z</time></trkpt>
      <trkpt lat="37.729442" lon="-122.465670"><time>2024-06-01T16:48:08Z</time></trkpt>
      <trkpt lat="37.729382" lon="-122.465807"><time>2024-06-01T16:48:30Z</time></trkpt>
      <trkpt lat="37.729331" lon="-122.465948"><time>2024-06-01T16:48:52Z</time></trkpt>
      <trkpt lat="37.729233" lon="-122.466062"><time>2024-06-01T16:49:20Z</time></trkpt>
      <trkpt lat="37.729092" lon="-122.466114"><time>2024-06-01T16:49:35Z</time></trkpt>
      <trkpt lat="37.728951" lon="-122.466166"><time>2024-06-01T16:49:57Z</time></trkpt>
      <trkpt lat="37.728802" lon="-122.466176"><time>2024-06-01T16:50:24Z</time></trkpt>
      <trkpt lat="37.728887" lon="-122.466299"><time>2024-06-01T16:50:35Z</time></trkpt>
      <trkpt lat="37.729014" lon="-122.466220"><time>2024-06-01T16:51:00Z</time></trkpt>
      <trkpt lat="37.728906" lon="-122.466116"><time>2024-06-01T16:51:20Z</time></trkpt>
      <trkpt lat="37.729011" lon="-122.466223"><time>2024-06-01T16:51:48Z</time></trkpt>
      <trkpt lat="37.728930" lon="-122.466096"><time>2024-06-01T16:51:58Z</time></trkpt>
      <trkpt lat="37.728783" lon="-122.466067"><time>2024-06-01T16:52:12Z</time></trkpt>
      <trkpt lat="37.728929" lon="-122.466032"><time>2024-06-01T16:52:37Z</time></trkpt>
      <trkpt lat="37.728858" lon="-122.465899"><time>2024-06-01T16:52:48Z</time></trkpt>
      <trkpt lat="37.728806" lon="-122.465759"><time>2024-06-01T16:53:04Z</time></trkpt>
      <trkpt lat="37.728725" lon="-122.465885"><time>2024-06-01T16:53:31Z</time></trkpt>
      <trkpt lat="37.728858" lon="-122.465816"><time>2024-06-01T16:53:45Z</time></trkpt>
      <trkpt lat="37.728869" lon="-122.465965"><time>2024-06-01T16:54:00Z</time></trkpt>
      <trkpt lat="37.728959" lon="-122.466086"><time>2024-06-01T16:54:19Z</time></trkpt>
      <trkpt lat="37.729029" lon="-122.466218"><time>2024-06-01T16:54:48Z</time></trkpt>
      <trkpt lat="37.728923" lon="-122.466111"><time>2024-06-01T16:55:02Z</time></trkpt>
      <trkpt lat="37.728867" lon="-122.465972"><time>2024-06-01T16:55:20Z</time></trkpt>
      <trkpt lat="37.728721" lon="-122.466006"><time>2024-06-01T16:55:42Z</time></trkpt>
      <trkpt lat="37.728591" lon="-122.466081"><time>2024-06-01T16:56:00Z</time></trkpt>
      <trkpt lat="37.728443" lon="-122.466057"><time>2024-06-01T16:56:10Z</time></trkpt>
      <trkpt lat="37.728419" lon="-122.465909"><time>2024-06-01T16:56:20Z</time></trkpt>
      <trkpt lat="37.728271" lon="-122.465881"><time>2024-06-01T16:56:33Z</time></trkpt>
      <trkpt lat="37.728268" lon="-122.465731"><time>2024-06-01T16:56:45Z</time></trkpt>
      <trkpt lat="37.728394" lon="-122.465814"><time>2024-06-01T16:57:12Z</time></trkpt>
      <trkpt lat="37.728285" lon="-122.465917"><time>2024-06-01T16:57:35Z</time></trkpt>
      <trkpt lat="37.728246" lon="-122.466062"><time>2024-06-01T16:57:58Z</time></trkpt>
      <trkpt lat="37.728252" lon="-122.466212"><time>2024-06-01T16:58:18Z</time></trkpt>
      <trkpt lat="37.728338" lon="-122.466335"><time>2024-06-01T16:58:41Z</time></trkpt>
      <trkpt lat="37.728475" lon="-122.466396"><time>2024-06-01T16:58:55Z</time></trkpt>
      <trkpt lat="37.728476" lon="-122.466246"><time>2024-06-01T16:59:22Z</time></trkpt>
      <trkpt lat="37.728602" lon="-122.466328"><time>2024-06-01T16:59:49Z</time></trkpt>
      <trkpt lat="37.728452" lon="-122.466332"><time>2024-06-01T17:00:10Z</time></trkpt>
      <trkpt lat="37.728323" lon="-122.466256"><time>2024-06-01T17:00:27Z</time></trkpt>
      <trkpt lat="37.728173" lon="-122.466261"><time>2024-06-01T17:00:43Z</time></trkpt>
      <trkpt lat="37.728025" lon="-122.466237"><time>2024-06-01T17:01:12Z</time></trkpt>
      <trkpt lat="37.728006" lon="-122.466386"><time>2024-06-01T17:01:25Z</time></trkpt>
      <trkpt lat="37.727911" lon="-122.466269"><time>2024-06-01T17:01:41Z</time></trkpt>
      <trkpt lat="37.727767" lon="-122.466310"><time>2024-06-01T17:02:03Z</time></trkpt>
      <trkpt lat="37.727786" lon="-122.466459"><time>2024-06-01T17:02:19Z</time></trkpt>
      <trkpt lat="37.727646" lon="-122.466406"><time>2024-06-01T17:02:31Z</time></trkpt>
      <trkpt lat="37.727777" lon="-122.466480"><time>2024-06-01T17:02:42Z</time></trkpt>
      <trkpt lat="37.727659" lon="-122.466387"><time>2024-06-01T17:02:55Z</time></trkpt>
      <trkpt lat="37.727679" lon="-122.466238"><time>2024-06-01T17:03:10Z</time></trkpt>
      <trkpt lat="37.727681" lon="-122.466088"><time>2024-06-01T17:03:40Z</time></trkpt>
      <trkpt lat="37.727765" lon="-122.465964"><time>2024-06-01T17:03:55Z</time></trkpt>
      <trkpt lat="37.727641" lon="-122.466048"><time>2024-06-01T17:04:16Z</time></trkpt>
      <trkpt lat="37.727788" lon="-122.466081"><time>2024-06-01T17:04:39Z</time></trkpt>
      <trkpt lat="37.727688" lon="-122.466193"><time>2024-06-01T17:04:53Z</time></trkpt>
      <trkpt lat="37.727802" lon="-122.466096"><time>2024-06-01T17:05:08Z</time></trkpt>
      <trkpt lat="37.727774" lon="-122.466243"><time>2024-06-01T17:05:35Z</time></trkpt>
      <trkpt lat="37.727732" lon="-122.466099"><time>2024-06-01T17:05:50Z</time></trkpt>
      <trkpt lat="37.727880" lon="-122.466078"><time>2024-06-01T17:06:18Z</time></trkpt>
      <trkpt lat="37.727787" lon="-122.466195"><time>2024-06-01T17:06:36Z</time></trkpt>
      <trkpt lat="37.727681" lon="-122.466088"><time>2024-06-01T17:06:53Z</time></trkpt>
      <trkpt lat="37.727628" lon="-122.466228"><time>2024-06-01T17:07:20Z</time></trkpt>
      <trkpt lat="37.727725" lon="-122.466343"><time>2024-06-01T17:07:47Z</time></trkpt>
      <trkpt lat="37.727732" lon="-122.466193"><time>2024-06-01T17:08:05Z</time></trkpt>
      <trkpt lat="37.727748" lon="-122.466044"><time>2024-06-01T17:08:25Z</time></trkpt>
      <trkpt lat="37.727724" lon="-122.465896"><time>2024-06-01T17:08:49Z</time></trkpt>
      <trkpt lat="37.727583" lon="-122.465946"><time>2024-06-01T17:09:19Z</time></trkpt>
      <trkpt lat="37.727704" lon="-122.466035"><time>2024-06-01T17:09:29Z</time></trkpt>
      <trkpt lat="37.727607" lon="-122.465920"><time>2024-06-01T17:09:54Z</time></trkpt>
      <trkpt lat="37.727643" lon="-122.465774"><time>2024-06-01T17:10:14Z</time></trkpt>
      <trkpt lat="37.727748" lon="-122.465881"><time>2024-06-01T17:10:35Z</time></trkpt>
      <trkpt lat="37.727609" lon="-122.465939"><time>2024-06-01T17:11:04Z</time></trkpt>
      <trkpt lat="37.727664" lon="-122.466078"><time>2024-06-01T17:11:15Z</time></trkpt>
      <trkpt lat="37.727591" lon="-122.465947"><time>2024-06-01T17:11:40Z</time></trkpt>
      <trkpt lat="37.727447" lon="-122.465903"><time>2024-06-01T17:12:02Z</time></trkpt>
      <trkpt lat="37.727312" lon="-122.465839"><time>2024-06-01T17:12:19Z</time></trkpt>
      <trkpt lat="37.727179" lon="-122.465770"><time>2024-06-01T17:12:35Z</time></trkpt>
      <trkpt lat="37.727262" lon="-122.465645"><time>2024-06-01T17:13:02Z</time></trkpt>
      <trkpt lat="37.727367" lon="-122.465538"><time>2024-06-01T17:13:20Z</time></trkpt>
      <trkpt lat="37.727376" lon="-122.465688"><time>2024-06-01T17:13:41Z</time></trkpt>
      <trkpt lat="37.727242" lon="-122.465756"><time>2024-06-01T17:13:57Z</time></trkpt>
      <trkpt lat="37.727194" lon="-122.465898"><time>2024-06-01T17:14:20Z</time></trkpt>
      <trkpt lat="37.727342" lon="-122.465872"><time>2024-06-01T17:14:42Z</time></trkpt>
      <trkpt lat="37.727488" lon="-122.465838"><time>2024-06-01T17:14:54Z</time></trkpt>
      <trkpt lat="37.727579" lon="-122.465957"><time>2024-06-01T17:15:24Z</time></trkpt>
      <trkpt lat="37.727644" lon="-122.465821"><time>2024-06-01T17:15:50Z</time></trkpt>
      <trkpt lat="37.727654" lon="-122.465971"><time>2024-06-01T17:16:20Z</time></trkpt>
      <trkpt lat="37.727743" lon="-122.465850"><time>2024-06-01T17:16:47Z</time></trkpt>
      <trkpt lat="37.727594" lon="-122.465869"><time>2024-06-01T17:17:04Z</time></trkpt>
      <trkpt lat="37.727484" lon="-122.465767"><time>2024-06-01T17:17:22Z</time></trkpt>
      <trkpt lat="37.727619" lon="-122.465831"><time>2024-06-01T17:17:50Z</time></trkpt>
      <trkpt lat="37.727590" lon="-122.465978"><time>2024-06-01T17:18:02Z</time></trkpt>
      <trkpt lat="37.727576" lon="-122.466127"><time>2024-06-01T17:18:24Z</time></trkpt>
      <trkpt lat="37.727724" lon="-122.466148"><time>2024-06-01T17:18:49Z</time></trkpt>
      <trkpt lat="37.727640" lon="-122.466272"><time>2024-06-01T17:19:12Z</time></trkpt>
      <trkpt lat="37.727577" lon="-122.466408"><time>2024-06-01T17:19:32Z</time></trkpt>
      <trkpt lat="37.727482" lon="-122.466524"><time>2024-06-01T17:19:58Z</time></trkpt>
      <trkpt lat="37.727477" lon="-122.466374"><time>2024-06-01T17:20:13Z</time></trkpt>
      <trkpt lat="37.727531" lon="-122.466514"><time>2024-06-01T17:20:28Z</time></trkpt>
      <trkpt lat="37.727391" lon="-122.466460"><time>2024-06-01T17:20:52Z</time></trkpt>
      <trkpt lat="37.727442" lon="-122.466601"><time>2024-06-01T17:21:22Z</time></trkpt>
      <trkpt lat="37.727293" lon="-122.466619"><time>2024-06-01T17:21:47Z</time></trkpt>
      <trkpt lat="37.727143" lon="-122.466610"><time>2024-06-01T17:22:14Z</time></trkpt>
      <trkpt lat="37.727200" lon="-122.466749"><time>2024-06-01T17:22:28Z</time></trkpt>
      <trkpt lat="37.727310" lon="-122.466851"><time>2024-06-01T17:22:43Z</time></trkpt>
      <trkpt lat="37.727203" lon="-122.466746"><time>2024-06-01T17:23:03Z</time></trkpt>
      <trkpt lat="37.727335" lon="-122.466816"><time>2024-06-01T17:23:31Z</time></trkpt>
      <trkpt lat="37.727408" lon="-122.466947"><time>2024-06-01T17:23:43Z</time></trkpt>
      <trkpt lat="37.727426" lon="-122.467096"><time>2024-06-01T17:24:12Z</time></trkpt>
      <trkpt lat="37.727352" lon="-122.467226"><time>2024-06-01T17:24:29Z</time></trkpt>
      <trkpt lat="37.727267" lon="-122.467350"><time>2024-06-01T17:24:39Z</time></trkpt>
      <trkpt lat="37.727352" lon="-122.467473"><time>2024-06-01T17:24:57Z</time></trkpt>
      <trkpt lat="37.727500" lon="-122.467446"><time>2024-06-01T17:25:19Z</time></trkpt>
      <trkpt lat="37.727641" lon="-122.467397"><time>2024-06-01T17:25:40Z</time></trkpt>
      <trkpt lat="37.727493" lon="-122.467374"><time>2024-06-01T17:26:09Z</time></trkpt>
      <trkpt lat="37.727522" lon="-122.467227"><time>2024-06-01T17:26:23Z</time></trkpt>
      <trkpt lat="37.727633" lon="-122.467126"><time>2024-06-01T17:26:43Z</time></trkpt>
      <trkpt lat="37.727764" lon="-122.467199"><time>2024-06-01T17:26:59Z</time></trkpt>
      <trkpt lat="37.727906" lon="-122.467153"><time>2024-06-01T17:27:12Z</time></trkpt>
      <trkpt lat="37.727785" lon="-122.467242"><time>2024-06-01T17:27:24Z</time></trkpt>
      <trkpt lat="37.727933" lon="-122.467269"><time>2024-06-01T17:27:36Z</time></trkpt>
      <trkpt lat="37.728036" lon="-122.467378"><time>2024-06-01T17:27:52Z</time></trkpt>
      <trkpt lat="37.728094" lon="-122.467240"><time>2024-06-01T17:28:11Z</time></trkpt>
      <trkpt lat="37.728228" lon="-122.467172"><time>2024-06-01T17:28:29Z</time></trkpt>
      <trkpt lat="37.728378" lon="-122.467167"><time>2024-06-01T17:28:58Z</time></trkpt>
      <trkpt lat="37.728486" lon="-122.467271"><time>2024-06-01T17:29:24Z</time></trkpt>
      <trkpt lat="37.728628" lon="-122.467319"><time>2024-06-01T17:29:43Z</time></trkpt>
      <trkpt lat="37.728775" lon="-122.467290"><time>2024-06-01T17:30:00Z</time></trkpt>
      <trkpt lat="37.728698" lon="-122.467162"><time>2024-06-01T17:30:22Z</time></trkpt>
      <trkpt lat="37.728814" lon="-122.467067"><time>2024-06-01T17:30:34Z</time></trkpt>
      <trkpt lat="37.728908" lon="-122.466950"><time>2024-06-01T17:30:46Z</time></trkpt>
      <trkpt lat="37.728825" lon="-122.467075"><time>2024-06-01T17:31:14Z</time></trkpt>
      <trkpt lat="37.728801" lon="-122.466927"><time>2024-06-01T17:31:32Z</time></trkpt>
      <trkpt lat="37.728677" lon="-122.467011"><time>2024-06-01T17:31:53Z</time></trkpt>
      <trkpt lat="37.728538" lon="-122.466954"><time>2024-06-01T17:32:22Z</time></trkpt>
      <trkpt lat="37.728410" lon="-122.467032"><time>2024-06-01T17:32:46Z</time></trkpt>
      <trkpt lat="37.728489" lon="-122.467159"><time>2024-06-01T17:32:58Z</time></trkpt>
      <trkpt lat="37.728356" lon="-122.467228"><time>2024-06-01T17:33:19Z</time></trkpt>
      <trkpt lat="37.728499" lon="-122.467275"><time>2024-06-01T17:33:46Z</time></trkpt>
      <trkpt lat="37.728523" lon="-122.467423"><time>2024-06-01T17:34:08Z</time></trkpt>
      <trkpt lat="37.728656" lon="-122.467354"><time>2024-06-01T17:34:22Z</time></trkpt>
      <trkpt lat="37.728797" lon="-122.467305"><time>2024-06-01T17:34:45Z</time></trkpt>
      <trkpt lat="37.728765" lon="-122.467158"><time>2024-06-01T17:35:05Z</time></trkpt>
      <trkpt lat="37.728911" lon="-122.467191"><time>2024-06-01T17:35:26Z</time></trkpt>
      <trkpt lat="37.729049" lon="-122.467250"><time>2024-06-01T17:35:54Z</time></trkpt>
      <trkpt lat="37.729045" lon="-122.467100"><time>2024-06-01T17:36:15Z</time></trkpt>
      <trkpt lat="37.729109" lon="-122.466964"><time>2024-06-01T17:36:45Z</time></trkpt>
      <trkpt lat="37.729250" lon="-122.467016"><time>2024-06-01T17:37:09Z</time></trkpt>
      <trkpt lat="37.729389" lon="-122.466960"><time>2024-06-01T17:37:23Z</time></trkpt>
      <trkpt lat="37.729316" lon="-122.467091"><time>2024-06-01T17:37:41Z</time></trkpt>
      <trkpt lat="37.729186" lon="-122.467165"><time>2024-06-01T17:38:03Z</time></trkpt>
      <trkpt lat="37.729050" lon="-122.467229"><time>2024-06-01T17:38:13Z</time></trkpt>
      <trkpt lat="37.728921" lon="-122.467306"><time>2024-06-01T17:38:32Z</time></trkpt>
      <trkpt lat="37.728788" lon="-122.467376"><time>2024-06-01T17:38:54Z</time></trkpt>
      <trkpt lat="37.728663" lon="-122.467294"><time>2024-06-01T17:39:05Z</time></trkpt>
      <trkpt lat="37.728597" lon="-122.467429"><time>2024-06-01T17:39:22Z</time></trkpt>
      <trkpt lat="37.728711" lon="-122.467332"><time>2024-06-01T17:39:41Z</time></trkpt>
      <trkpt lat="37.728854" lon="-122.467379"><time>2024-06-01T17:39:51Z</time></trkpt>
      <trkpt lat="37.728996" lon="-122.467330"><time>2024-06-01T17:40:03Z</time></trkpt>
      <trkpt lat="37.728861" lon="-122.467265"><time>2024-06-01T17:40:27Z</time></trkpt>
      <trkpt lat="37.729010" lon="-122.467254"><time>2024-06-01T17:40:48Z</time></trkpt>
      <trkpt lat="37.729069" lon="-122.467116"><time>2024-06-01T17:41:06Z</time></trkpt>
      <trkpt lat="37.729202" lon="-122.467186"><time>2024-06-01T17:41:28Z</time></trkpt>
      <trkpt lat="37.729303" lon="-122.467075"><time>2024-06-01T17:41:57Z</time></trkpt>
      <trkpt lat="37.729160" lon="-122.467121"><time>2024-06-01T17:42:27Z</time></trkpt>
      <trkpt lat="37.729082" lon="-122.467249"><time>2024-06-01T17:42:56Z</time></trkpt>
      <trkpt lat="37.729128" lon="-122.467392"><time>2024-06-01T17:43:19Z</time></trkpt>
      <trkpt lat="37.728992" lon="-122.467457"><time>2024-06-01T17:43:36Z</time></trkpt>
      <trkpt lat="37.728944" lon="-122.467315"><time>2024-06-01T17:44:02Z</time></trkpt>
      <trkpt lat="37.729093" lon="-122.467325"><time>2024-06-01T17:44:26Z</time></trkpt>
      <trkpt lat="37.729242" lon="-122.467310"><time>2024-06-01T17:44:56Z</time></trkpt>
      <trkpt lat="37.729124" lon="-122.467403"><time>2024-06-01T17:45:08Z</time></trkpt>
      <trkpt lat="37.729272" lon="-122.467427"><time>2024-06-01T17:45:28Z</time></trkpt>
      <trkpt lat="37.729381" lon="-122.467323"><time>2024-06-01T17:45:56Z</time></trkpt>
      <trkpt lat="37.729371" lon="-122.467473"><time>2024-06-01T17:46:23Z</time></trkpt>
      <trkpt lat="37.729302" lon="-122.467340"><time>2024-06-01T17:46:46Z</time></trkpt>
      <trkpt lat="37.729182" lon="-122.467250"><time>2024-06-01T17:47:12Z</time></trkpt>
      <trkpt lat="37.729032" lon="-122.467262"><time>2024-06-01T17:47:41Z</time></trkpt>
      <trkpt lat="37.729149" lon="-122.467169"><time>2024-06-01T17:47:51Z</time></trkpt>
      <trkpt lat="37.729282" lon="-122.467240"><time>2024-06-01T17:48:03Z</time></trkpt>
      <trkpt lat="37.729215" lon="-122.467105"><time>2024-06-01T17:48:14Z</time></trkpt>
      <trkpt lat="37.729162" lon="-122.466965"><time>2024-06-01T17:48:27Z</time></trkpt>
      <trkpt lat="37.729213" lon="-122.467106"><time>2024-06-01T17:48:44Z</time></trkpt>
      <trkpt lat="37.729073" lon="-122.467053"><time>2024-06-01T17:48:56Z</time></trkpt>
      <trkpt lat="37.728933" lon="-122.466997"><time>2024-06-01T17:49:21Z</time></trkpt>
      <trkpt lat="37.728852" lon="-122.466871"><time>2024-06-01T17:49:36Z</time></trkpt>
      <trkpt lat="37.728724" lon="-122.466950"><time>2024-06-01T17:49:50Z</time></trkpt>
      <trkpt lat="37.728582" lon="-122.466902"><time>2024-06-01T17:50:01Z</time></trkpt>
      <trkpt lat="37.728699" lon="-122.466996"><time>2024-06-01T17:50:11Z</time></trkpt>
      <trkpt lat="37.728662" lon="-122.466851"><time>2024-06-01T17:50:28Z</time></trkpt>
      <trkpt lat="37.728757" lon="-122.466966"><time>2024-06-01T17:50:45Z</time></trkpt>
      <trkpt lat="37.728850" lon="-122.466848"><time>2024-06-01T17:51:02Z</time></trkpt>
      <trkpt lat="37.728986" lon="-122.466911"><time>2024-06-01T17:51:31Z</time></trkpt>
      <trkpt lat="37.728939" lon="-122.467054"><time>2024-06-01T17:51:47Z</time></trkpt>
      <trkpt lat="37.728822" lon="-122.467147"><time>2024-06-01T17:52:12Z</time></trkpt>
      <trkpt lat="37.728870" lon="-122.467005"><time>2024-06-01T17:52:25Z</time></trkpt>
      <trkpt lat="37.728870" lon="-122.466855"><time>2024-06-01T17:52:48Z</time></trkpt>
      <trkpt lat="37.729016" lon="-122.466820"><time>2024-06-01T17:53:00Z</time></trkpt>
      <trkpt lat="37.729166" lon="-122.466824"><time>2024-06-01T17:53:17Z</time></trkpt>
      <trkpt lat="37.729177" lon="-122.466974"><time>2024-06-01T17:53:38Z</time></trkpt>
      <trkpt lat="37.729316" lon="-122.466919"><time>2024-06-01T17:54:06Z</time></trkpt>
      <trkpt lat="37.729466" lon="-122.466934"><time>2024-06-01T17:54:30Z</time></trkpt>
      <trkpt lat="37.729460" lon="-122.466784"><time>2024-06-01T17:54:43Z</time></trkpt>
      <trkpt lat="37.729557" lon="-122.466898"><time>2024-06-01T17:55:04Z</time></trkpt>
      <trkpt lat="37.729693" lon="-122.466962"><time>2024-06-01T17:55:24Z</time></trkpt>
      <trkpt lat="37.729778" lon="-122.467086"><time>2024-06-01T17:55:45Z</time></trkpt>
      <trkpt lat="37.729663" lon="-122.467182"><time>2024-06-01T17:56:09Z</time></trkpt>
      <trkpt lat="37.729789" lon="-122.467100"><time>2024-06-01T17:56:34Z</time></trkpt>
      <trkpt lat="37.729924" lon="-122.467034"><time>2024-06-01T17:57:02Z</time></trkpt>
      <trkpt lat="37.729774" lon="-122.467047"><time>2024-06-01T17:57:21Z</time></trkpt>
      <trkpt lat="37.729654" lon="-122.466957"><time>2024-06-01T17:57:47Z</time></trkpt>
      <trkpt lat="37.729543" lon="-122.467057"><time>2024-06-01T17:57:59Z</time></trkpt>
      <trkpt lat="37.729628" lon="-122.467180"><time>2024-06-01T17:58:24Z</time></trkpt>
      <trkpt lat="37.729693" lon="-122.467316"><time>2024-06-01T17:58:43Z</time></trkpt>
      <trkpt lat="37.729746" lon="-122.467176"><time>2024-06-01T17:59:02Z</time></trkpt>
      <trkpt lat="37.729597" lon="-122.467158"><time>2024-06-01T17:59:28Z</time></trkpt>
      <trkpt lat="37.729679" lon="-122.467032"><time>2024-06-01T17:59:41Z</time></trkpt>
      <trkpt lat="37.729813" lon="-122.466965"><time>2024-06-01T18:00:10Z</time></trkpt>
      <trkpt lat="37.729952" lon="-122.466910"><time>2024-06-01T18:00:21Z</time></trkpt>
      <trkpt lat="37.729918" lon="-122.467056"><time>2024-06-01T18:00:35Z</time></trkpt>
      <trkpt lat="37.729947" lon="-122.467203"><time>2024-06-01T18:01:03Z</time></trkpt>
      <trkpt lat="37.729828" lon="-122.467294"><time>2024-06-01T18:01:28Z</time></trkpt>
      <trkpt lat="37.729805" lon="-122.467146"><time>2024-06-01T18:01:48Z</time></trkpt>
      <trkpt lat="37.729926" lon="-122.467059"><time>2024-06-01T18:02:03Z</time></trkpt>
      <trkpt lat="37.730053" lon="-122.466978"><time>2024-06-01T18:02:13Z</time></trkpt>
      <trkpt lat="37.729915" lon="-122.466918"><time>2024-06-01T18:02:42Z</time></trkpt>
      <trkpt lat="37.729791" lon="-122.467002"><time>2024-06-01T18:03:03Z</time></trkpt>
      <trkpt lat="37.729684" lon="-122.467108"><time>2024-06-01T18:03:13Z</time></trkpt>
      <trkpt lat="37.729756" lon="-122.466976"><time>2024-06-01T18:03:36Z</time></trkpt>
      <trkpt lat="37.729683" lon="-122.467107"><time>2024-06-01T18:03:56Z</time></trkpt>
      <trkpt lat="37.729829" lon="-122.467142"><time>2024-06-01T18:04:07Z</time></trkpt>
      <trkpt lat="37.729682" lon="-122.467114"><time>2024-06-01T18:04:33Z</time></trkpt>
      <trkpt lat="37.729568" lon="-122.467212"><time>2024-06-01T18:04:45Z</time></trkpt>
      <trkpt lat="37.729501" lon="-122.467346"><time>2024-06-01T18:05:01Z</time></trkpt>
      <trkpt lat="37.729600" lon="-122.467459"><time>2024-06-01T18:05:16Z</time></trkpt>
      <trkpt lat="37.729708" lon="-122.467355"><time>2024-06-01T18:05:40Z</time></trkpt>
      <trkpt lat="37.729837" lon="-122.467280"><time>2024-06-01T18:06:04Z</time></trkpt>
      <trkpt lat="37.729824" lon="-122.467429"><time>2024-06-01T18:06:16Z</time></trkpt>
      <trkpt lat="37.729937" lon="-122.467528"><time>2024-06-01T18:06:43Z</time></trkpt>
      <trkpt lat="37.729789" lon="-122.467553"><time>2024-06-01T18:07:07Z</time></trkpt>
      <trkpt lat="37.729829" lon="-122.467698"><time>2024-06-01T18:07:33Z</time></trkpt>
      <trkpt lat="37.729955" lon="-122.467779"><time>2024-06-01T18:07:48Z</time></trkpt>
      <trkpt lat="37.730105" lon="-122.467782"><time>2024-06-01T18:08:14Z</time></trkpt>
      <trkpt lat="37.730187" lon="-122.467908"><time>2024-06-01T18:08:43Z</time></trkpt>
      <trkpt lat="37.730110" lon="-122.468036"><time>2024-06-01T18:09:08Z</time></trkpt>
      <trkpt lat="37.730259" lon="-122.468019"><time>2024-06-01T18:09:30Z</time></trkpt>
      <trkpt lat="37.730116" lon="-122.467973"><time>2024-06-01T18:09:50Z</time></trkpt>
      <trkpt lat="37.730030" lon="-122.467851"><time>2024-06-01T18:10:05Z</time></trkpt>
      <trkpt lat="37.729997" lon="-122.467704"><time>2024-06-01T18:10:17Z</time></trkpt>
      <trkpt lat="37.729892" lon="-122.467597"><time>2024-06-01T18:10:31Z</time></trkpt>
      <trkpt lat="37.729995" lon="-122.467706"><time>2024-06-01T18:10:49Z</time></trkpt>
      <trkpt lat="37.729848" lon="-122.467735"><time>2024-06-01T18:11:11Z</time></trkpt>
      <trkpt lat="37.729868" lon="-122.467883"><time>2024-06-01T18:11:34Z</time></trkpt>
      <trkpt lat="37.729856" lon="-122.468033"><time>2024-06-01T18:12:01Z</time></trkpt>
      <trkpt lat="37.729790" lon="-122.468168"><time>2024-06-01T18:12:14Z</time></trkpt>
      <trkpt lat="37.729643" lon="-122.468195"><time>2024-06-01T18:12:34Z</time></trkpt>
      <trkpt lat="37.729615" lon="-122.468048"><time>2024-06-01T18:13:04Z</time></trkpt>
      <trkpt lat="37.729556" lon="-122.467910"><time>2024-06-01T18:13:23Z</time></trkpt>
      <trkpt lat="37.729483" lon="-122.468041"><time>2024-06-01T18:13:52Z</time></trkpt>
      <trkpt lat="37.729408" lon="-122.468171"><time>2024-06-01T18:14:13Z</time></trkpt>
      <trkpt lat="37.729403" lon="-122.468321"><time>2024-06-01T18:14:30Z</time></trkpt>
      <trkpt lat="37.729440" lon="-122.468466"><time>2024-06-01T18:14:43Z</time></trkpt>
      <trkpt lat="37.729332" lon="-122.468362"><time>2024-06-01T18:15:10Z</time></trkpt>
      <trkpt lat="37.729482" lon="-122.468363"><time>2024-06-01T18:15:29Z</time></trkpt>
      <trkpt lat="37.729345" lon="-122.468304"><time>2024-06-01T18:15:50Z</time></trkpt>
      <trkpt lat="37.729287" lon="-122.468442"><time>2024-06-01T18:16:18Z</time></trkpt>
      <trkpt lat="37.729138" lon="-122.468420"><time>2024-06-01T18:16:44Z</time></trkpt>
      <trkpt lat="37.729089" lon="-122.468562"><time>2024-06-01T18:17:13Z</time></trkpt>
      <trkpt lat="37.729205" lon="-122.468466"><time>2024-06-01T18:17:38Z</time></trkpt>
      <trkpt lat="37.729325" lon="-122.468557"><time>2024-06-01T18:18:02Z</time></trkpt>
      <trkpt lat="37.729218" lon="-122.468663"><time>2024-06-01T18:18:22Z</time></trkpt>
      <trkpt lat="37.729166" lon="-122.468522"><time>2024-06-01T18:18:45Z</time></trkpt>
      <trkpt lat="37.729019" lon="-122.468493"><time>2024-06-01T18:19:15Z</time></trkpt>
      <trkpt lat="37.729017" lon="-122.468643"><time>2024-06-01T18:19:32Z</time></trkpt>
      <trkpt lat="37.729129" lon="-122.468543"><time>2024-06-01T18:20:02Z</time></trkpt>
      <trkpt lat="37.729021" lon="-122.468647"><time>2024-06-01T18:20:27Z</time></trkpt>
      <trkpt lat="37.729006" lon="-122.468796"><time>2024-06-01T18:20:54Z</time></trkpt>
      <trkpt lat="37.728925" lon="-122.468922"><time>2024-06-01T18:21:06Z</time></trkpt>
      <trkpt lat="37.728920" lon="-122.469072"><time>2024-06-01T18:21:32Z</time></trkpt>
      <trkpt lat="37.729038" lon="-122.469166"><time>2024-06-01T18:22:02Z</time></trkpt>
      <trkpt lat="37.728955" lon="-122.469040"><time>2024-06-01T18:22:28Z</time></trkpt>
      <trkpt lat="37.729095" lon="-122.468988"><time>2024-06-01T18:22:40Z</time></trkpt>
      <trkpt lat="37.729157" lon="-122.469124"><time>2024-06-01T18:23:10Z</time></trkpt>
      <trkpt lat="37.729014" lon="-122.469168"><time>2024-06-01T18:23:23Z</time></trkpt>
      <trkpt lat="37.729066" lon="-122.469309"><time>2024-06-01T18:23:49Z</time></trkpt>
      <trkpt lat="37.728921" lon="-122.469272"><time>2024-06-01T18:24:11Z</time></trkpt>
      <trkpt lat="37.728773" lon="-122.469245"><time>2024-06-01T18:24:29Z</time></trkpt>
      <trkpt lat="37.728828" lon="-122.469385"><time>2024-06-01T18:24:51Z</time></trkpt>
      <trkpt lat="37.728801" lon="-122.469533"><time>2024-06-01T18:25:18Z</time></trkpt>
      <trkpt lat="37.728833" lon="-122.469679"><time>2024-06-01T18:25:33Z</time></trkpt>
      <trkpt lat="37.728717" lon="-122.469774"><time>2024-06-01T18:26:01Z</time></trkpt>
      <trkpt lat="37.728793" lon="-122.469904"><time>2024-06-01T18:26:15Z</time></trkpt>
      <trkpt lat="37.728667" lon="-122.469986"><time>2024-06-01T18:26:38Z</time></trkpt>
      <trkpt lat="37.728553" lon="-122.469888"><time>2024-06-01T18:26:55Z</time></trkpt>
    </trkseg>
  </trk>
</gpx>